Date,AAPL,AMZN,GE,GOOGL,INTC,IBM,MSFT,NFLX,NVDA,T,TSLA,VZ,^GSPC
2015-10-15,25.842853546142578,562.4400024414062,23.732568740844727,693.02001953125,28.637126922607422,120.1921615600586,42.722469329833984,101.08999633789062,26.745176315307617,25.2342586517334,44.262001037597656,35.77238082885742,2023.8599853515625
2015-10-16,25.65340805053711,570.760009765625,24.536916732788086,695.3200073242188,28.890701293945312,120.43240356445312,43.17686462402344,98.98999786376953,27.16443634033203,25.490447998046875,45.402000427246094,35.796417236328125,2033.1099853515625
2015-10-19,25.812820434570312,573.1500244140625,24.54538917541504,699.9500122070312,29.371631622314453,119.49547576904297,43.276832580566406,101.69000244140625,27.115684509277344,25.339746475219727,45.619998931884766,35.796417236328125,2033.6600341796875
2015-10-20,26.284116744995117,560.8800048828125,24.367578506469727,680.0,29.240463256835938,112.6246109008789,43.413150787353516,98.98999786376953,27.076679229736328,25.430158615112305,42.60599899291992,36.22884750366211,2030.77001953125
2015-10-21,26.281808853149414,555.77001953125,24.426851272583008,671.7999877929688,29.179256439208984,112.84881591796875,42.89513397216797,97.95999908447266,26.72567367553711,25.317138671875,42.018001556396484,35.924537658691406,2018.93994140625
2015-10-22,26.68379783630371,563.9099731445312,25.044931411743164,681.1400146484375,30.07990837097168,115.38738250732422,43.649436950683594,97.31999969482422,27.690961837768555,25.588397979736328,42.34400177001953,36.7493782043457,2052.510009765625
2015-10-23,27.51087760925293,599.030029296875,24.98566246032715,719.3300170898438,30.51711654663086,115.8598403930664,48.04800796508789,100.04000091552734,27.876209259033203,25.422630310058594,41.81800079345703,36.96560287475586,2075.14990234375
2015-10-26,26.63296890258789,608.6099853515625,25.019533157348633,731.1199951171875,30.246049880981445,115.0429916381836,49.30213928222656,103.04000091552734,27.749454498291016,25.362340927124023,43.051998138427734,37.12575912475586,2071.179931640625
2015-10-27,26.464319229125977,611.010009765625,24.94332504272461,732.8200073242188,30.141109466552734,110.39838409423828,48.793212890625,103.06999969482422,27.729957580566406,25.023279190063477,42.06999969482422,36.97360610961914,2065.889892578125
2015-10-28,27.554773330688477,617.0999755859375,24.88405990600586,736.9199829101562,30.350976943969727,112.77674865722656,49.0567626953125,105.80000305175781,27.9542179107666,25.181507110595703,42.59199905395508,37.221858978271484,2090.35009765625
2015-10-29,27.845867156982422,626.5499877929688,24.84172248840332,744.8499755859375,29.75636863708496,112.55253601074219,48.493316650390625,105.12000274658203,26.988929748535156,25.27946662902832,42.32600021362305,37.15779113769531,2089.409912109375
2015-10-30,27.607912063598633,625.9000244140625,24.48611831665039,737.3900146484375,29.607723236083984,112.17613220214844,47.8389778137207,108.37999725341797,27.66170310974121,25.24932289123535,41.38600158691406,37.54218292236328,2079.360107421875
2015-11-02,27.99604034423828,628.3499755859375,24.89252281188965,747.739990234375,29.82632827758789,112.40837097167969,48.38425827026367,107.63999938964844,27.983469009399414,25.324676513671875,42.757999420166016,37.46210861206055,2104.050048828125
2015-11-03,28.31716537475586,625.3099975585938,25.053396224975586,748.8200073242188,30.00121307373047,113.61756896972656,49.21126937866211,109.73999786376953,27.7884578704834,25.339746475219727,41.66999816894531,37.197845458984375,2109.7900390625
2015-11-04,28.18548011779785,640.9500122070312,25.011064529418945,755.3099975585938,30.071659088134766,113.41741180419922,49.438472747802734,114.05000305175781,27.330196380615234,25.226720809936523,46.32600021362305,36.949581146240234,2102.31005859375
2015-11-05,28.0555477142334,655.6500244140625,25.095727920532227,760.6699829101562,29.939565658569336,112.02397918701172,49.420284271240234,113.5,27.0181827545166,25.121231079101562,46.354000091552734,36.99762725830078,2099.929931640625
2015-11-06,28.088027954101562,659.3699951171875,25.332799911499023,761.5999755859375,29.79866600036621,111.7491683959961,49.911033630371094,114.05999755859375,30.762313842773438,24.9856014251709,46.47200012207031,36.66128158569336,2099.199951171875
2015-11-09,27.974346160888672,655.489990234375,25.188861846923828,754.77001953125,29.3671932220459,109.37272644042969,49.22035217285156,109.86000061035156,30.62580680847168,24.744489669799805,45.066001892089844,36.27690505981445,2078.580078125
2015-11-10,27.09267234802246,659.6799926757812,25.502134323120117,758.260009765625,29.243913650512695,109.5020751953125,48.62963104248047,112.69999694824219,30.040786743164062,24.706811904907227,43.29999923706055,36.11674118041992,2081.719970703125
2015-11-11,26.939544677734375,673.25,25.967815399169922,765.25,28.93571662902832,109.1383285522461,48.75687026977539,112.86000061035156,29.74827766418457,24.804767608642578,43.816001892089844,36.29291534423828,2075.0
2015-11-12,26.849056243896484,665.5999755859375,25.536006927490234,756.530029296875,28.530649185180664,107.53787994384766,48.45695877075195,108.91999816894531,29.641021728515625,24.631465911865234,42.5880012512207,35.900516510009766,2045.969970703125
2015-11-13,26.064838409423828,642.3499755859375,25.637609481811523,740.0700073242188,28.275279998779297,106.49514770507812,48.020748138427734,103.6500015258789,29.055999755859375,24.34514045715332,41.4379997253418,35.4200325012207,2023.0400390625
2015-11-16,26.491756439208984,647.8099975585938,25.70534324645996,750.4199829101562,28.266475677490234,108.07946014404297,48.86592102050781,111.3499984741211,29.641021728515625,24.895183563232422,42.86199951171875,36.06869125366211,2053.18994140625
2015-11-17,26.37806510925293,643.2999877929688,25.671476364135742,745.97998046875,28.741985321044922,108.16838073730469,48.46336364746094,117.0999984741211,29.641021728515625,25.06095314025879,42.79999923706055,36.10072326660156,2050.43994140625
2015-11-18,27.21332359313965,663.5399780273438,25.84081268310547,760.010009765625,29.19988250732422,109.78498077392578,49.268489837646484,120.62999725341797,30.370182037353516,25.271930694580078,44.2140007019043,36.34097671508789,2083.580078125
2015-11-19,27.559030532836914,661.27001953125,25.62914276123047,759.9400024414062,30.20374298095703,110.52861785888672,49.35083770751953,120.22000122070312,30.458263397216797,25.33220863342285,44.36000061035156,36.64527130126953,2081.239990234375
2015-11-20,27.67967987060547,668.4500122070312,25.9593505859375,777.0,30.520742416381836,111.95125579833984,49.579559326171875,123.83999633789062,30.722524642944336,25.362340927124023,44.00199890136719,36.34897232055664,2089.169921875
2015-11-23,27.320056915283203,678.989990234375,25.90007781982422,776.7000122070312,30.362241744995117,111.91893768310547,49.579559326171875,125.02999877929688,30.262523651123047,25.211654663085938,43.54999923706055,36.028648376464844,2086.590087890625
2015-11-24,27.58223533630371,671.1500244140625,25.9593505859375,769.6300048828125,30.25657844543457,112.03208923339844,49.634456634521484,123.30999755859375,30.507205963134766,25.158906936645508,43.650001525878906,36.188804626464844,2089.139892578125
2015-11-25,27.38501739501953,675.3400268554688,25.70534324645996,769.260009765625,30.335824966430664,111.5470962524414,49.12210464477539,124.16000366210938,30.468053817749023,25.204118728637695,45.928001403808594,35.972591400146484,2088.8701171875
2015-11-27,27.33397674560547,673.260009765625,25.70534324645996,771.969970703125,30.34463119506836,111.91893768310547,49.341678619384766,125.44000244140625,30.722524642944336,25.294532775878906,46.321998596191406,36.22084045410156,2090.110107421875
2015-11-30,27.44766616821289,664.7999877929688,25.349733352661133,762.8499755859375,30.617612838745117,112.69488525390625,49.7259521484375,123.33000183105469,31.045509338378906,25.369884490966797,46.051998138427734,36.39701843261719,2080.409912109375
2015-12-01,27.22492218017578,679.0599975585938,25.544479370117188,783.7899780273438,30.899394989013672,114.1983642578125,50.52193832397461,125.37000274658203,32.05360412597656,25.44523048400879,47.4379997253418,36.50112533569336,2102.6298828125
2015-12-02,26.978988647460938,676.010009765625,25.375137329101562,777.8499755859375,30.670440673828125,112.92123413085938,50.512779235839844,128.92999267578125,31.80892562866211,25.28700065612793,46.39799880981445,35.972591400146484,2079.510009765625
2015-12-03,26.728410720825195,666.25,25.425939559936523,768.2000122070312,29.97479820251465,112.29073333740234,49.58871841430664,126.80999755859375,31.740406036376953,24.940397262573242,46.54199981689453,35.684295654296875,2049.6201171875
2015-12-04,27.617036819458008,672.6400146484375,25.815410614013672,779.2100219726562,30.767311096191406,113.51126861572266,51.15322494506836,130.92999267578125,33.03234100341797,25.701417922973633,46.07600021362305,36.605228424072266,2091.68994140625
2015-12-07,27.443025588989258,669.8300170898438,25.71381187438965,772.989990234375,30.81134033203125,112.79998779296875,51.061737060546875,125.36000061035156,32.405948638916016,25.82197380065918,46.22600173950195,36.88551330566406,2077.070068359375
2015-12-08,27.43142318725586,677.3300170898438,25.5614013671875,775.1400146484375,30.59999656677246,111.58753967285156,51.043434143066406,126.9800033569336,32.84637451171875,25.505510330200195,45.34400177001953,36.59722900390625,2063.590087890625
2015-12-09,26.825855255126953,664.7899780273438,25.798477172851562,762.5499877929688,30.652841567993164,110.4235610961914,50.30235290527344,124.19999694824219,32.01445770263672,25.294532775878906,44.90399932861328,36.32494354248047,2047.6199951171875
2015-12-10,26.953466415405273,662.3200073242188,25.950878143310547,760.0399780273438,30.617612838745117,110.56097412109375,50.56767272949219,122.91000366210938,32.27871322631836,25.369884490966797,45.41400146484375,36.29291534423828,2052.22998046875
2015-12-11,26.259735107421875,640.1500244140625,25.620670318603516,750.4199829101562,30.177324295043945,108.77459716796875,49.46062469482422,118.91000366210938,31.799137115478516,24.99313735961914,43.40399932861328,35.89250946044922,2012.3699951171875
2015-12-14,26.097322463989258,657.9099731445312,25.620670318603516,762.5399780273438,30.35343360900879,109.8739013671875,50.4487419128418,120.66999816894531,31.87743377685547,25.317138671875,43.715999603271484,36.39701843261719,2021.93994140625
2015-12-15,25.63561248779297,658.6400146484375,25.671476364135742,760.0900268554688,30.978647232055664,111.37735748291016,50.50363540649414,118.5999984741211,32.2689323425293,25.475374221801758,44.21799850463867,36.47709655761719,2043.4100341796875
2015-12-16,25.832822799682617,675.77001953125,26.230283737182617,776.5900268554688,31.084318161010742,112.58981323242188,51.35451126098633,122.63999938964844,32.46467208862305,25.91992950439453,46.902000427246094,37.24587631225586,2073.070068359375
2015-12-17,25.285263061523438,670.6500244140625,26.06748390197754,769.8300170898438,30.74089241027832,110.53671264648438,50.96108627319336,122.51000213623047,31.975305557250977,25.64113998413086,46.678001403808594,36.91754913330078,2041.8900146484375
2015-12-18,24.60080909729004,664.1400146484375,25.837100982666016,756.8499755859375,29.82508659362793,109.04133605957031,49.524662017822266,118.0199966430664,31.456579208374023,25.317138671875,46.09199905395508,36.485111236572266,2005.550048828125
2015-12-21,24.90243148803711,664.510009765625,25.939495086669922,760.7999877929688,30.150907516479492,109.52633666992188,50.16511535644531,116.62999725341797,32.20042037963867,25.686344146728516,46.512001037597656,36.75739288330078,2021.1500244140625
2015-12-22,24.87923240661621,663.1500244140625,26.01628875732422,767.1300048828125,30.58238983154297,111.49051666259766,50.64086151123047,116.23999786376953,32.22977828979492,25.927461624145508,45.9900016784668,37.10974884033203,2038.969970703125
2015-12-23,25.199411392211914,663.7000122070312,26.40879249572754,768.510009765625,30.82013511657715,111.98357391357422,51.07087326049805,118.16000366210938,32.35702133178711,26.20625114440918,45.939998626708984,37.598236083984375,2064.2900390625
2015-12-24,25.064844131469727,662.7899780273438,26.3064022064209,765.8400268554688,30.802536010742188,111.7491683959961,50.93364334106445,117.33000183105469,32.46467208862305,26.11583137512207,46.11399841308594,37.40605163574219,2060.989990234375
2015-12-28,24.78410530090332,675.2000122070312,26.366127014160156,782.239990234375,30.75851058959961,111.23184204101562,51.1898307800293,117.11000061035156,32.43531799316406,26.19118881225586,45.790000915527344,37.43806838989258,2056.5
2015-12-29,25.229576110839844,693.969970703125,26.69037628173828,793.9600219726562,31.207595825195312,112.98589324951172,51.7387809753418,119.12000274658203,32.96383285522461,26.319278717041016,47.4379997253418,37.80644989013672,2078.360107421875
2015-12-30,24.900110244750977,689.0700073242188,26.49411964416504,790.2999877929688,30.81134033203125,112.6302490234375,51.51919174194336,116.70999908447266,32.68000030517578,26.17611312866211,47.61800003051758,37.45409393310547,2063.360107421875
2015-12-31,24.422157287597656,675.8900146484375,26.57944679260254,778.010009765625,30.335824966430664,111.23995971679688,50.75981521606445,114.37999725341797,32.2591438293457,25.927461624145508,48.00199890136719,37.01364517211914,2043.93994140625
2016-01-04,24.443037033081055,636.989990234375,26.204008102416992,759.4400024414062,29.93076515197754,109.89006042480469,50.137657165527344,109.95999908447266,31.681690216064453,25.882251739501953,44.68199920654297,36.73336410522461,2012.6600341796875
2016-01-05,23.83051300048828,633.7899780273438,26.22960662841797,761.530029296875,29.789871215820312,109.80924224853516,50.36639404296875,107.66000366210938,32.19063186645508,26.063091278076172,44.68600082397461,37.237876892089844,2016.7099609375
2016-01-06,23.364160537719727,632.6500244140625,25.811504364013672,759.3300170898438,29.129444122314453,109.25958251953125,49.45146942138672,117.68000030517578,30.859546661376953,26.024885177612305,43.80799865722656,36.901451110839844,1990.260009765625
2016-01-07,22.378082275390625,607.9400024414062,24.719314575195312,741.0,28.03752326965332,107.39240264892578,47.73141860961914,114.55999755859375,29.636131286621094,25.604637145996094,43.130001068115234,36.698787689208984,1943.0899658203125
2016-01-08,22.496408462524414,607.0499877929688,24.275617599487305,730.9099731445312,27.746936798095703,106.3981704711914,47.877811431884766,111.38999938964844,28.99995231628418,25.6275577545166,42.20000076293945,36.34208679199219,1922.030029296875
2016-01-11,22.860675811767578,617.739990234375,24.386537551879883,733.0700073242188,28.23125457763672,107.69147491455078,47.85036087036133,114.97000122070312,29.048891067504883,25.940841674804688,41.56999969482422,36.55287170410156,1923.6700439453125
2016-01-12,23.19246482849121,617.8900146484375,24.437734603881836,745.3400268554688,28.777206420898438,107.42469787597656,48.28952407836914,116.58000183105469,29.538259506225586,25.902629852294922,41.99399948120117,36.42315673828125,1938.6800537109375
2016-01-13,22.59617805480957,581.8099975585938,24.096426010131836,719.5700073242188,28.099166870117188,106.02632141113281,47.246517181396484,106.55999755859375,28.637821197509766,25.78038215637207,40.0620002746582,35.79084396362305,1890.280029296875
2016-01-14,23.090370178222656,593.0,24.79610824584961,731.3900146484375,28.830045700073242,107.43280792236328,48.59144973754883,107.05999755859375,28.060365676879883,26.208271026611328,41.236000061035156,36.374515533447266,1921.8399658203125
2016-01-15,22.535858154296875,570.1799926757812,24.309741973876953,710.489990234375,26.2059268951416,105.1048355102539,46.651824951171875,104.04000091552734,26.533536911010742,25.971405029296875,40.99800109863281,36.017826080322266,1880.3299560546875
2016-01-19,22.426809310913086,574.47998046875,24.309741973876953,719.0800170898438,26.24114418029785,103.55288696289062,46.258399963378906,107.88999938964844,26.74885368347168,26.36872100830078,40.944000244140625,36.374515533447266,1881.3299560546875
2016-01-20,22.45697021484375,571.77001953125,23.89163589477539,718.5599975585938,26.05623435974121,98.50093841552734,46.46882629394531,107.73999786376953,26.895666122436523,25.902629852294922,39.7400016784668,36.00971984863281,1859.3299560546875
2016-01-21,22.343280792236328,575.02001953125,24.39506721496582,726.6699829101562,26.117874145507812,99.34967041015625,46.185203552246094,102.3499984741211,27.208864212036133,26.391647338867188,39.99399948120117,37.185176849365234,1868.989990234375
2016-01-22,23.53120994567871,596.3800048828125,24.096426010131836,745.4600219726562,26.355628967285156,99.01825714111328,47.841209411621094,100.72000122070312,27.84504508972168,26.850101470947266,40.5099983215332,38.133663177490234,1906.9000244140625
2016-01-25,23.07181739807129,596.530029296875,23.925769805908203,733.6199951171875,26.06503677368164,98.67876434326172,47.38374710083008,99.12000274658203,27.815683364868164,26.743131637573242,39.2760009765625,38.125553131103516,1877.0799560546875
2016-01-26,23.199426651000977,601.25,24.15615463256836,733.7899780273438,26.36443328857422,99.09100341796875,47.73141860961914,97.83000183105469,28.0897274017334,27.04876708984375,38.71200180053711,39.11456298828125,1903.6300048828125
2016-01-27,21.675073623657227,583.3499755859375,23.89163589477539,717.5800170898438,26.24995994567871,97.77344512939453,46.862247467041016,91.1500015258789,27.756956100463867,27.10988998413086,37.61399841308594,39.746891021728516,1882.949951171875
2016-01-28,21.83051872253418,635.3499755859375,24.07082176208496,748.2999877929688,26.390850067138672,98.79193115234375,47.63077163696289,94.41000366210938,27.45354652404785,27.14809799194336,37.939998626708984,39.73066329956055,1893.3599853515625
2016-01-29,22.584577560424805,587.0,24.83024024963379,761.3499755859375,27.315454483032227,100.86929321289062,50.402992248535156,91.83999633789062,28.66718101501465,27.553068161010742,38.2400016784668,40.5089111328125,1940.239990234375
2016-02-01,22.373441696166992,574.8099975585938,24.437734603881836,770.77001953125,27.13933753967285,100.9016342163086,50.05531311035156,94.08999633789062,28.676965713500977,27.644760131835938,39.38800048828125,41.149330139160156,1939.3800048828125
2016-02-02,21.921010971069336,552.0999755859375,24.096426010131836,780.9099731445312,26.24114418029785,99.37393188476562,48.49081039428711,91.48999786376953,27.463335037231445,27.553068161010742,36.555999755859375,40.46026611328125,1903.030029296875
2016-02-03,22.354887008666992,531.0700073242188,24.46333122253418,749.3800048828125,26.063488006591797,100.8127212524414,47.722267150878906,90.73999786376953,27.600358963012695,28.057357788085938,34.69599914550781,41.03583526611328,1912.530029296875
2016-02-04,22.534503936767578,536.260009765625,24.898500442504883,730.030029296875,26.44546890258789,103.18106842041016,47.575889587402344,89.70999908447266,27.610145568847656,27.912187576293945,35.066001892089844,40.881813049316406,1915.449951171875
2016-02-05,21.932649612426758,502.1300048828125,24.35240936279297,703.760009765625,25.79698944091797,103.92473602294922,45.89243698120117,82.79000091552734,25.867996215820312,28.179615020751953,32.52000045776367,41.3195686340332,1880.050048828125
2016-02-08,22.163597106933594,488.1000061035156,24.03668975830078,704.1599731445312,25.6015567779541,103.68790435791016,45.20622634887695,83.31999969482422,24.68372344970703,28.35536003112793,29.597999572753906,41.13311767578125,1853.43994140625
2016-02-09,22.158931732177734,482.07000732421875,24.13055419921875,701.02001953125,25.59267234802246,101.31169128417969,45.08729553222656,86.12999725341797,24.947980880737305,28.003877639770508,29.649999618530273,40.65482711791992,1852.2099609375
2016-02-10,21.990966796875,490.4800109863281,24.147621154785156,706.8499755859375,25.077444076538086,98.1434097290039,45.480716705322266,88.44999694824219,24.88925552368164,27.835783004760742,28.733999252319336,40.51701354980469,1851.8599853515625
2016-02-11,21.857999801635742,503.82000732421875,23.422334671020508,706.3599853515625,25.06855583190918,96.23263549804688,45.46241760253906,86.3499984741211,24.76202392578125,27.667675018310547,30.0939998626709,40.03873062133789,1829.0799560546875
2016-02-12,21.925649642944336,507.0799865722656,24.113489151000977,706.8900146484375,25.441661834716797,98.83749389648438,46.20351028442383,87.4000015258789,25.182876586914062,27.86634063720703,30.20800018310547,40.622398376464844,1864.780029296875
2016-02-16,22.54383659362793,521.0999755859375,24.62545394897461,717.6400146484375,25.56602668762207,100.22564697265625,47.078922271728516,89.05000305175781,26.416088104248047,28.003877639770508,31.034000396728516,40.727783203125,1895.5799560546875
2016-02-17,22.889087677001953,534.0999755859375,25.035018920898438,731.969970703125,26.178966522216797,102.96932983398438,48.304500579833984,94.76000213623047,27.071842193603516,27.996232986450195,33.736000061035156,40.79264450073242,1926.8199462890625
2016-02-18,22.45518684387207,525.0,24.813167572021484,717.510009765625,26.134552001953125,108.15453338623047,48.09255599975586,90.48999786376953,29.401235580444336,28.263668060302734,33.354000091552734,41.29524612426758,1917.8299560546875
2016-02-19,22.40386962890625,534.9000244140625,24.761972427368164,722.1099853515625,25.50383949279785,108.66897583007812,47.75160217285156,89.2300033569336,29.792726516723633,27.9427490234375,33.316001892089844,41.23040771484375,1917.780029296875
2016-02-22,22.599817276000977,559.5,25.094755172729492,729.0499877929688,26.072368621826172,109.23241424560547,48.51644515991211,91.93000030517578,30.849760055541992,28.16433334350586,35.54800033569336,41.400634765625,1945.5
2016-02-23,22.08894157409668,552.9400024414062,24.932628631591797,717.2899780273438,25.583791732788086,108.11372375488281,47.1618537902832,89.12000274658203,30.928058624267578,28.07264518737793,35.44200134277344,41.0439453125,1921.27001953125
2016-02-24,22.417861938476562,554.0399780273438,24.710779190063477,720.9000244140625,25.930234909057617,108.44032287597656,47.327720642089844,91.61000061035156,31.14337921142578,28.34771728515625,35.79999923706055,41.19797134399414,1929.800048828125
2016-02-25,22.571828842163086,555.1500244140625,25.148883819580078,729.1199951171875,26.31222152709961,109.82852172851562,48.00962829589844,94.52999877929688,31.211896896362305,28.55402374267578,37.486000061035156,41.433067321777344,1951.699951171875
2016-02-26,22.60681915283203,555.22998046875,25.295146942138672,724.8599853515625,26.472110748291016,107.81157684326172,47.272422790527344,94.79000091552734,31.00636100769043,28.37064552307129,38.06800079345703,41.360107421875,1948.050048828125
2016-02-29,22.555503845214844,552.52001953125,25.07145118713379,717.219970703125,26.285568237304688,106.99502563476562,46.88541030883789,93.41000366210938,30.804990768432617,28.23310661315918,38.38600158691406,41.12501525878906,1932.22998046875
2016-03-01,23.45128059387207,579.0399780273438,25.7081298828125,742.1699829101562,26.978464126586914,109.72235107421875,48.451942443847656,98.30000305175781,32.17038345336914,28.569307327270508,37.27000045776367,41.716800689697266,1978.3499755859375
2016-03-02,23.502601623535156,580.2100219726562,25.96624183654785,739.47998046875,27.129478454589844,111.29833221435547,48.79289245605469,97.61000061035156,32.357032775878906,28.798526763916016,37.667999267578125,42.2518310546875,1986.449951171875
2016-03-03,23.677560806274414,577.489990234375,26.000659942626953,731.5900268554688,27.165008544921875,112.52316284179688,48.23999786376953,97.93000030517578,32.0721549987793,29.027755737304688,39.14799880981445,42.06538772583008,1993.4000244140625
2016-03-04,24.02980613708496,575.1400146484375,26.207151412963867,730.219970703125,27.209423065185547,112.52316284179688,47.94511795043945,101.58000183105469,31.97393035888672,28.98191261291504,40.20800018310547,42.00053787231445,1999.989990234375
2016-03-07,23.76387596130371,562.7999877929688,26.06088638305664,712.7999877929688,27.48480796813965,114.44210815429688,47.02363204956055,95.48999786376953,31.76763916015625,29.134723663330078,41.05799865722656,42.32479476928711,2001.760009765625
2016-03-08,23.567920684814453,560.260009765625,25.862995147705078,713.530029296875,27.147241592407227,113.56021118164062,47.59495544433594,96.2300033569336,31.188081741333008,29.104167938232422,40.52000045776367,42.527462005615234,1979.260009765625
2016-03-09,23.58891487121582,559.469970703125,25.85439109802246,725.4099731445312,27.422626495361328,114.65442657470703,48.69153594970703,98.0,31.168434143066406,29.02012062072754,41.74399948120117,42.43018341064453,1989.260009765625
2016-03-10,23.60057830810547,558.9299926757812,25.75975227355957,732.1699829101562,27.76018714904785,114.47478485107422,47.96355438232422,97.36000061035156,31.119325637817383,29.272262573242188,41.0359992980957,42.41396713256836,1989.5699462890625
2016-03-11,23.854848861694336,569.6099853515625,26.103904724121094,744.8699951171875,28.21323585510254,116.24674224853516,48.903465270996094,97.66000366210938,31.649763107299805,29.31047248840332,41.5,42.584197998046875,2022.18994140625
2016-03-14,23.91550064086914,573.3699951171875,26.04368019104004,750.239990234375,27.920085906982422,116.58966827392578,48.9956169128418,98.12999725341797,31.728351593017578,29.279911041259766,43.029998779296875,42.592308044433594,2019.6400146484375
2016-03-15,24.39605140686035,577.02001953125,26.05228614807129,750.5700073242188,28.11551856994629,116.73667907714844,49.38264083862305,97.86000061035156,31.571182250976562,29.432723999023438,43.667999267578125,42.69770050048828,2015.9300537109375
2016-03-16,24.720304489135742,574.27001953125,25.9576416015625,757.3599853515625,28.15104866027832,118.23101043701172,50.082977294921875,99.3499984741211,32.51418685913086,29.62375259399414,44.38600158691406,43.13545608520508,2027.219970703125
2016-03-17,24.680644989013672,559.4400024414062,26.637340545654297,758.47998046875,28.408666610717773,120.06826782226562,50.36863327026367,99.72000122070312,32.23914337158203,29.89118194580078,45.2760009765625,43.47593688964844,2040.5899658203125
2016-03-18,24.708641052246094,552.0800170898438,26.602924346923828,755.4099731445312,29.030488967895508,120.10913848876953,49.29049301147461,101.12000274658203,33.21162796020508,29.463294982910156,46.54800033569336,43.15978240966797,2049.580078125
2016-03-21,24.706308364868164,553.97998046875,26.749187469482422,762.1599731445312,28.728464126586914,121.36663818359375,49.631446838378906,101.05999755859375,33.30984878540039,29.738359451293945,47.66400146484375,43.32191467285156,2051.60009765625
2016-03-22,24.895261764526367,560.47998046875,26.72338104248047,760.0499877929688,28.710702896118164,120.93383026123047,49.82495880126953,99.83999633789062,33.25091552734375,29.516773223876953,46.847999572753906,43.13545608520508,2049.800048828125
2016-03-23,24.757627487182617,569.6300048828125,26.731983184814453,757.5599975585938,28.426429748535156,118.7291030883789,49.732810974121094,99.58999633789062,33.820655822753906,29.448007583618164,44.51599884033203,42.89226150512695,2036.7099609375
2016-03-24,24.65032196044922,582.9500122070312,26.766395568847656,754.8400268554688,28.31983184814453,120.81135559082031,49.95397186279297,98.36000061035156,33.8697624206543,29.707792282104492,45.54999923706055,43.419193267822266,2035.93994140625
2016-03-28,24.538349151611328,579.8699951171875,27.09334373474121,753.280029296875,28.337600708007812,121.17880249023438,49.33656311035156,101.20999908447266,34.21357727050781,29.852970123291016,46.051998138427734,43.28948974609375,2037.050048828125
2016-03-29,25.11920928955078,593.8599853515625,27.084733963012695,765.8900146484375,28.763994216918945,121.9382095336914,50.414710998535156,104.12999725341797,34.76366424560547,30.143325805664062,46.0260009765625,43.81642150878906,2055.010009765625
2016-03-30,25.55776596069336,598.6900024414062,27.385873794555664,768.3400268554688,29.05714225769043,121.18698120117188,50.728023529052734,102.19000244140625,35.127113342285156,30.08220100402832,45.37799835205078,43.808311462402344,2063.949951171875
2016-03-31,25.4247989654541,593.6400146484375,27.35145378112793,762.9000244140625,28.737346649169922,123.66936492919922,50.893882751464844,102.2300033569336,34.999412536621094,29.929378509521484,45.95399856567383,43.84074401855469,2059.739990234375
2016-04-01,25.65807342529297,598.5,27.471908569335938,769.6699829101562,28.826181411743164,124.54308319091797,51.20720291137695,105.69999694824219,35.510215759277344,29.83769416809082,47.518001556396484,43.78398513793945,2072.780029296875
2016-04-04,25.921674728393555,593.1900024414062,26.86964225769043,765.1199951171875,28.426429748535156,124.17559051513672,51.07819366455078,104.3499984741211,35.16640090942383,30.07457160949707,49.39799880981445,44.116363525390625,2066.1298828125
2016-04-05,25.616086959838867,586.1400146484375,26.654544830322266,758.5700073242188,28.337600708007812,122.48528289794922,50.27649688720703,104.94000244140625,35.11729049682617,29.944664001464844,51.09400177001953,43.848846435546875,2045.1700439453125
2016-04-06,25.884349822998047,602.0800170898438,26.585716247558594,768.0700073242188,28.49750518798828,122.50165557861328,50.792518615722656,104.83000183105469,35.16640090942383,29.890520095825195,53.08399963378906,43.84475326538086,2066.659912109375
2016-04-07,25.319826126098633,591.4299926757812,26.353418350219727,760.1199951171875,28.02668571472168,121.05633544921875,50.184349060058594,104.44999694824219,34.802955627441406,29.85183334350586,51.439998626708984,42.59952926635742,2041.9100341796875
2016-04-08,25.34781837463379,594.5999755859375,26.491073608398438,759.469970703125,28.097749710083008,121.95455169677734,50.147483825683594,103.80999755859375,35.02888488769531,29.78221893310547,50.013999938964844,42.74699020385742,2047.5999755859375
2016-04-11,25.431795120239258,595.9299926757812,26.422245025634766,757.5399780273438,28.13328742980957,121.87288665771484,50.046119689941406,102.68000030517578,35.244991302490234,29.69713020324707,49.98400115966797,42.280033111572266,2041.989990234375
2016-04-12,25.763046264648438,603.1699829101562,26.50828742980957,764.3200073242188,28.30207061767578,122.18318176269531,50.35942459106445,106.9800033569336,35.2056999206543,29.913719177246094,49.56399917602539,42.558570861816406,2061.719970703125
2016-04-13,26.13629150390625,614.8200073242188,26.654544830322266,771.9099731445312,28.54191780090332,123.48971557617188,51.00445556640625,109.6500015258789,36.08977127075195,29.58883285522461,50.90599822998047,42.01789093017578,2082.419921875
2016-04-14,26.150287628173828,620.75,26.68896484375,775.3900146484375,28.248767852783203,123.4325180053711,51.013675689697266,110.41999816894531,36.18800354003906,29.720327377319336,50.37200164794922,42.07522964477539,2082.780029296875
2016-04-15,25.625417709350586,625.8900146484375,26.69757080078125,780.0,27.946735382080078,123.88980865478516,51.280914306640625,111.51000213623047,36.472869873046875,29.766740798950195,50.902000427246094,42.06703567504883,2080.72998046875
2016-04-18,25.072551727294922,635.3499755859375,26.72338104248047,787.6799926757812,28.11551856994629,124.55125427246094,52.02731704711914,108.4000015258789,36.315704345703125,29.898252487182617,50.7760009765625,42.37833786010742,2094.340087890625
2016-04-19,24.939584732055664,627.9000244140625,26.80081558227539,776.25,28.071104049682617,117.58592224121094,51.96281051635742,94.33999633789062,35.66737747192383,30.107105255126953,49.4739990234375,42.665077209472656,2100.800048828125
2016-04-20,24.990907669067383,632.989990234375,26.80081558227539,774.9199829101562,28.426429748535156,119.30887603759766,51.22562789916992,96.7699966430664,35.804908752441406,29.95240592956543,49.99399948120117,42.39472579956055,2102.39990234375
2016-04-21,24.720304489135742,631.0,26.654544830322266,780.0,28.3997802734375,121.91373443603516,51.40071105957031,94.9800033569336,35.76560592651367,29.28713607788086,49.65800094604492,40.985660552978516,2091.47998046875
2016-04-22,24.652652740478516,620.5,26.46526336669922,737.77001953125,28.10663414001465,121.2604751586914,47.71474838256836,95.9000015258789,35.628089904785156,29.4495792388916,50.75,41.41166305541992,2091.580078125
2016-04-25,24.512693405151367,626.2000122070312,26.396432876586914,742.2100219726562,27.884553909301758,121.51361846923828,48.018836975097656,93.55999755859375,35.804908752441406,29.557880401611328,50.36399841308594,41.58369064331055,2087.7900390625
2016-04-26,24.342395782470703,616.8800048828125,26.585716247558594,725.3699951171875,27.8934383392334,121.73408508300781,47.40144348144531,92.43000030517578,35.83436965942383,29.465057373046875,50.74800109863281,41.32154083251953,2091.699951171875
2016-04-27,22.819101333618164,606.5700073242188,26.61153221130371,721.4600219726562,28.20435333251953,122.86911010742188,46.940696716308594,91.04000091552734,36.64968490600586,29.95240592956543,50.29399871826172,42.3455696105957,2095.14990234375
2016-04-28,22.121606826782227,602.0,26.585716247558594,705.0599975585938,27.635822296142578,120.09278106689453,45.98234558105469,90.27999877929688,35.5593376159668,29.890520095825195,49.54199981689453,41.796695709228516,2075.81005859375
2016-04-29,21.867334365844727,659.5900268554688,26.456666946411133,707.8800048828125,26.89851188659668,119.17002868652344,45.95469665527344,90.02999877929688,34.901187896728516,30.029760360717773,48.152000427246094,41.73115539550781,2065.300048828125
2016-05-02,21.844005584716797,683.8499755859375,26.577112197875977,714.4099731445312,27.19165802001953,118.6229476928711,46.63661193847656,93.11000061035156,35.36286926269531,30.246356964111328,48.36000061035156,42.04245376586914,2081.429931640625
2016-05-03,22.203250885009766,671.3200073242188,26.353418350219727,708.4400024414062,26.969581604003906,117.69206237792969,45.87176513671875,91.54000091552734,34.94048309326172,30.09937858581543,46.4640007019043,41.518150329589844,2063.3701171875
2016-05-04,21.972309112548828,670.9000244140625,25.871606826782227,711.3699951171875,26.74557876586914,117.79005432128906,45.95469665527344,90.79000091552734,34.144805908203125,30.076173782348633,44.512001037597656,41.64923095703125,2051.1201171875
2016-05-05,21.88312530517578,659.0900268554688,25.716733932495117,714.7100219726562,26.790380477905273,119.60285186767578,46.019203186035156,89.37000274658203,34.35110092163086,29.967876434326172,42.305999755859375,41.64923095703125,2050.6298828125
2016-05-06,21.761085510253906,673.9500122070312,25.914615631103516,725.1799926757812,26.915817260742188,121.43310546875,46.433876037597656,90.83999633789062,34.704734802246094,30.161264419555664,42.986000061035156,41.87861633300781,2057.139892578125
2016-05-09,21.777507781982422,679.75,25.699525833129883,729.1300048828125,26.700773239135742,122.64002990722656,46.139007568359375,90.54000091552734,34.65561294555664,30.060697555541992,41.784000396728516,41.845855712890625,2058.68994140625
2016-05-10,21.925369262695312,703.0700073242188,26.224363327026367,739.3800048828125,27.00541877746582,124.82916259765625,47.01441955566406,92.88999938964844,35.323577880859375,30.408803939819336,41.737998962402344,42.22269058227539,2084.389892578125
2016-05-11,21.711790084838867,713.22998046875,26.103904724121094,730.5499877929688,26.93373680114746,123.98009490966797,47.04206085205078,90.0199966430664,35.42179870605469,30.30824089050293,41.79199981689453,41.90319061279297,2064.4599609375
2016-05-12,21.202499389648438,717.9299926757812,25.888811111450195,728.0700073242188,26.66493797302246,123.88860321044922,47.4659423828125,87.73999786376953,34.94048309326172,30.59446144104004,41.45600128173828,42.165348052978516,2064.110107421875
2016-05-13,21.244749069213867,709.9199829101562,25.50164222717285,724.8300170898438,26.799335479736328,122.9563217163086,47.06970977783203,87.87999725341797,40.254730224609375,30.2850341796875,41.52199935913086,41.73115539550781,2046.6099853515625
2016-05-16,22.033329010009766,710.6599731445312,25.776962280273438,730.2999877929688,27.22941780090332,124.40465545654297,47.76082992553711,89.12000274658203,41.44331359863281,30.385601043701172,41.65800094604492,41.96873092651367,2066.659912109375
2016-05-17,21.941797256469727,695.27001953125,25.56186866760254,720.1900024414062,26.8620548248291,123.18939208984375,46.869998931884766,88.62999725341797,41.53171920776367,30.254091262817383,40.93199920654297,41.69839096069336,2047.2099609375
2016-05-18,22.192920684814453,697.4500122070312,25.475826263427734,721.780029296875,26.871017456054688,122.64002990722656,47.148380279541016,90.5,42.59260940551758,29.74353790283203,42.23400115966797,41.280582427978516,2047.6300048828125
2016-05-19,22.108427047729492,698.52001953125,25.26073455810547,715.3099975585938,26.5484561920166,120.634033203125,46.69369125366211,89.55000305175781,42.77924728393555,29.73579978942871,43.04199981689453,40.65797805786133,2040.0400390625
2016-05-20,22.347820281982422,702.7999877929688,25.432809829711914,721.7100219726562,27.014375686645508,122.56511688232422,46.972068786621094,92.48999786376953,43.545440673828125,29.74353790283203,44.055999755859375,40.68255615234375,2052.320068359375
2016-05-23,22.631807327270508,696.75,25.37258529663086,717.25,27.08605194091797,122.16557312011719,46.42460250854492,94.88999938964844,43.614200592041016,29.642976760864258,43.24399948120117,40.256553649902344,2048.0400390625
2016-05-24,22.9768123626709,704.2000122070312,25.682321548461914,733.030029296875,27.829734802246094,123.44743347167969,47.87218475341797,97.88999938964844,44.67292404174805,29.78221893310547,43.582000732421875,40.61701965332031,2076.06005859375
2016-05-25,23.3804874420166,708.3499755859375,25.888811111450195,738.0999755859375,28.125415802001953,126.26078796386719,48.36397933959961,100.19999694824219,44.48579406738281,29.875041961669922,43.91600036621094,40.83819580078125,2090.5400390625
2016-05-26,23.565898895263672,714.9099731445312,25.828582763671875,736.9299926757812,28.215017318725586,126.88509368896484,48.15055465698242,102.80999755859375,44.95852279663086,30.045225143432617,45.02399826049805,41.092166900634766,2090.10009765625
2016-05-27,23.551815032958984,712.239990234375,25.914615631103516,747.5999755859375,28.286693572998047,127.21804809570312,48.54956817626953,103.30000305175781,45.20473861694336,30.161264419555664,44.608001708984375,41.46900177001953,2099.06005859375
2016-05-31,23.436817169189453,722.7899780273438,26.00926399230957,748.8499755859375,28.304615020751953,127.9671401977539,49.180572509765625,102.56999969482422,46.01232147216797,30.2850341796875,44.645999908447266,41.69839096069336,2096.949951171875
2016-06-01,23.108234405517578,719.4400024414062,25.906017303466797,748.4600219726562,28.36733627319336,126.94334411621094,49.04136657714844,101.51000213623047,46.100955963134766,29.96013069152832,43.9119987487793,41.3133544921875,2099.330078125
2016-06-02,22.934566497802734,728.239990234375,25.85439109802246,744.27001953125,28.456937789916992,127.76736450195312,48.69804763793945,101.25,46.425960540771484,30.045225143432617,43.79199981689453,41.59188461303711,2105.260009765625
2016-06-03,22.981502532958984,725.5399780273438,25.75975227355957,735.8599853515625,28.33149528503418,127.25965118408203,48.05775451660156,99.58999633789062,45.77595138549805,30.331445693969727,43.79800033569336,41.71477508544922,2099.1298828125
2016-06-06,23.14813804626465,726.72998046875,25.914615631103516,730.0599975585938,28.3852596282959,127.1264419555664,48.37327194213867,100.73999786376953,45.53959274291992,30.432008743286133,44.13600158691406,41.5427360534668,2109.409912109375
2016-06-07,23.242015838623047,723.739990234375,25.93183135986328,731.0900268554688,28.564455032348633,127.62589263916016,48.34543228149414,99.88999938964844,45.62822723388672,30.780115127563477,46.46799850463867,42.39472579956055,2112.1298828125
2016-06-08,23.22089195251465,726.6400146484375,26.078088760375977,742.9299926757812,28.57341957092285,128.1835479736328,48.28974151611328,97.86000061035156,45.48049545288086,30.834260940551758,47.104000091552734,42.206302642822266,2119.1201171875
2016-06-09,23.387529373168945,727.6500244140625,26.017864227294922,742.52001953125,28.61821746826172,127.7007827758789,47.90000534057617,97.08999633789062,46.662330627441406,31.01218605041504,45.87200164794922,42.558570861816406,2115.47998046875
2016-06-10,23.19508171081543,717.9099731445312,25.845794677734375,733.1900024414062,28.70781707763672,126.8267822265625,47.77009963989258,93.75,45.50019454956055,31.197837829589844,43.757999420166016,43.14841842651367,2096.070068359375
2016-06-13,22.845378875732422,715.239990234375,25.665111541748047,731.8800048828125,28.824289321899414,125.91952514648438,46.52666091918945,93.8499984741211,46.081268310546875,31.089540481567383,43.57400131225586,43.06647872924805,2079.06005859375
2016-06-14,22.8735408782959,719.2999877929688,26.189943313598633,733.25,28.79741668701172,125.73641204833984,46.239009857177734,94.12000274658203,46.16989517211914,31.23651695251465,42.992000579833984,43.41056823730469,2075.320068359375
2016-06-15,22.79844093322754,714.260009765625,26.318998336791992,732.1900024414062,28.322538375854492,125.42011260986328,46.10909652709961,94.29000091552734,46.64262390136719,31.16690444946289,43.540000915527344,43.28767776489258,2071.5
2016-06-16,22.894670486450195,717.510009765625,26.569782257080078,724.25,28.394214630126953,125.73641204833984,46.75865173339844,95.44000244140625,46.82974624633789,31.32161521911621,43.58599853515625,43.79560089111328,2077.989990234375
2016-06-17,22.37363624572754,706.3900146484375,26.535099029541016,704.25,28.456937789916992,126.510498046875,46.517391204833984,94.44999694824219,46.01232147216797,31.507261276245117,43.09400177001953,44.0577392578125,2071.219970703125
2016-06-20,22.31966209411621,714.010009765625,26.73454475402832,706.1300048828125,28.824289321899414,127.85893249511719,46.46171569824219,93.80000305175781,46.839603424072266,31.545942306518555,43.939998626708984,44.041358947753906,2083.25
2016-06-21,22.509761810302734,715.8200073242188,26.829933166503906,708.8800048828125,28.95870018005371,128.22515869140625,47.500999450683594,90.98999786376953,46.55399703979492,31.770273208618164,43.922000885009766,44.31989669799805,2088.89990234375
2016-06-22,22.425273895263672,710.5999755859375,26.69118881225586,710.469970703125,28.93181610107422,127.28461456298828,47.31542205810547,90.01000213623047,46.514591217041016,31.948209762573242,39.332000732421875,44.26255798339844,2085.449951171875
2016-06-23,22.55435562133789,722.0800170898438,27.046720504760742,714.8699951171875,29.559019088745117,129.30723571777344,48.16911315917969,91.66000366210938,47.755516052246094,32.39686584472656,39.279998779296875,44.78684997558594,2113.320068359375
2016-06-24,21.920677185058594,698.9600219726562,25.85871124267578,685.2000122070312,28.268775939941406,122.01575469970703,46.239009857177734,88.44000244140625,45.03730773925781,32.11838912963867,38.630001068115234,44.59024429321289,2037.4100341796875
2016-06-27,21.601484298706055,691.3599853515625,25.42513084411621,681.1400146484375,27.525096893310547,119.44376373291016,44.93989944458008,85.33000183105469,44.55474090576172,32.512901306152344,39.709999084472656,44.84419631958008,2000.5400390625
2016-06-28,21.965269088745117,707.9500122070312,25.962766647338867,691.260009765625,27.946216583251953,121.27497100830078,45.87710952758789,87.97000122070312,45.20473861694336,32.50516891479492,40.358001708984375,44.90974044799805,2036.0899658203125
2016-06-29,22.15536880493164,715.5999755859375,26.49173927307129,695.1900024414062,28.609254837036133,123.57225799560547,46.89784240722656,91.05999755859375,45.943382263183594,32.90741729736328,42.03799819946289,45.106353759765625,2070.77001953125
2016-06-30,22.437009811401367,715.6199951171875,27.298198699951172,703.530029296875,29.388774871826172,126.3357162475586,47.48244094848633,91.4800033569336,46.29792785644531,33.425697326660156,42.45600128173828,45.74534225463867,2098.860107421875
2016-07-01,22.505069732666016,725.6799926757812,27.306867599487305,710.25,29.34398078918457,126.81014251708984,47.47316360473633,96.66999816894531,45.95322036743164,33.62683868408203,43.29999923706055,46.064842224121094,2102.949951171875
2016-07-05,22.29384422302246,728.0999755859375,27.27218246459961,704.8900146484375,29.281251907348633,126.2524642944336,47.48244094848633,97.91000366210938,46.63276672363281,33.534000396728516,42.79600143432617,46.31060791015625,2088.550048828125
2016-07-06,22.42057991027832,737.6099853515625,27.523658752441406,708.969970703125,29.541101455688477,126.8267822265625,47.677310943603516,94.5999984741211,46.92823028564453,33.71392059326172,42.88800048828125,46.554710388183594,2099.72998046875
2016-07-07,22.51680564880371,736.5700073242188,27.593027114868164,707.260009765625,29.747169494628906,127.01825714111328,47.677310943603516,95.0999984741211,48.149452209472656,33.08812713623047,43.1879997253418,45.826534271240234,2097.89990234375
2016-07-08,22.690481185913086,745.8099975585938,27.922555923461914,717.780029296875,30.463972091674805,128.56643676757812,48.531005859375,97.05999755859375,50.07975769042969,33.330631256103516,43.35599899291992,46.2568244934082,2129.89990234375
2016-07-11,22.76089096069336,753.780029296875,27.93121910095215,727.2000122070312,30.804454803466797,129.29061889648438,48.800113677978516,94.66999816894531,51.2320442199707,33.252403259277344,44.95600128173828,46.281639099121094,2137.159912109375
2016-07-12,22.864160537719727,748.2100219726562,27.974580764770508,732.510009765625,31.30621337890625,130.7139129638672,49.37543487548828,95.97000122070312,52.000221252441406,33.17417907714844,44.93000030517578,45.901004791259766,2152.139892578125
2016-07-13,22.735071182250977,742.6300048828125,28.061296463012695,729.47998046875,31.368938446044922,131.52964782714844,49.65380859375,96.43000030517578,51.980533599853516,33.314979553222656,44.50600051879883,46.339569091796875,2152.429931640625
2016-07-14,23.185693740844727,741.2000122070312,28.29543113708496,735.7999877929688,31.5391788482666,133.41078186035156,49.86723709106445,98.0199966430664,52.51234817504883,33.45577621459961,44.305999755859375,46.20716857910156,2163.75
2016-07-15,23.1833438873291,735.4400024414062,28.512224197387695,735.6300048828125,31.42269515991211,132.99459838867188,49.83012390136719,98.38999938964844,51.901737213134766,33.549644470214844,44.08000183105469,46.20716857910156,2161.739990234375
2016-07-18,23.429779052734375,736.0700073242188,28.53823471069336,753.2000122070312,31.40477752685547,133.06117248535156,50.071380615234375,98.80999755859375,52.16764450073242,33.51836395263672,45.25,46.281639099121094,2166.889892578125
2016-07-19,23.439165115356445,739.9500122070312,28.55558204650879,753.4099731445312,31.494375228881836,132.828125,49.26408004760742,85.83999633789062,52.70931625366211,33.45577621459961,45.051998138427734,46.09131622314453,2163.780029296875
2016-07-20,23.460289001464844,745.719970703125,28.425498962402344,757.0800170898438,31.97821617126465,134.3097381591797,51.880855560302734,87.91000366210938,53.39871597290039,33.40884780883789,45.672000885009766,46.025115966796875,2173.02001953125
2016-07-21,23.335901260375977,744.4299926757812,28.260746002197266,754.4099731445312,30.705894470214844,133.5522918701172,51.778785705566406,85.98999786376953,52.41387176513672,33.260223388671875,44.099998474121094,45.8182487487793,2165.169921875
2016-07-22,23.155181884765625,744.8599853515625,27.801151275634766,759.280029296875,31.055328369140625,134.90069580078125,52.49330139160156,85.88999938964844,53.841896057128906,33.72172927856445,44.45399856567383,46.42231369018555,2175.030029296875
2016-07-25,22.845378875732422,739.6099853515625,27.436941146850586,757.52001953125,31.082210540771484,135.3834686279297,52.641754150390625,87.66000366210938,54.83659744262695,33.5887565612793,46.00199890136719,46.231990814208984,2168.47998046875
2016-07-26,22.688135147094727,735.5900268554688,27.289527893066406,757.6500244140625,31.440614700317383,134.94232177734375,52.66959762573242,91.41000366210938,55.77220916748047,33.15071487426758,45.902000427246094,45.354854583740234,2169.179931640625
2016-07-27,24.162023544311523,736.6699829101562,27.12476348876953,761.969970703125,31.20764923095703,134.700927734375,52.14067840576172,92.04000091552734,55.21084976196289,33.44795227050781,45.698001861572266,45.776878356933594,2166.580078125
2016-07-28,24.488248825073242,752.6099853515625,27.098751068115234,765.8400268554688,31.153894424438477,134.31802368164062,52.159236907958984,91.6500015258789,55.32902526855469,33.307167053222656,46.12200164794922,45.39622497558594,2170.06005859375
2016-07-29,24.457744598388672,758.8099975585938,27.003366470336914,791.3400268554688,31.234529495239258,133.69378662109375,52.59536361694336,91.25,56.235084533691406,33.8625373840332,46.95800018310547,45.85134506225586,2173.60009765625
2016-08-01,24.889585494995117,767.739990234375,27.012035369873047,800.9400024414062,31.225566864013672,134.3846435546875,52.5025749206543,94.37000274658203,55.87069320678711,33.7764892578125,46.00199890136719,45.098331451416016,2170.840087890625
2016-08-02,24.521116256713867,760.5800170898438,26.92531967163086,800.1199951171875,30.96573257446289,133.6604766845703,52.5025749206543,93.55999755859375,55.191139221191406,33.76084899902344,45.439998626708984,44.6845817565918,2157.030029296875
2016-08-03,24.828569412231445,754.6400146484375,26.99468994140625,798.9199829101562,30.920595169067383,133.73541259765625,52.864471435546875,93.0999984741211,55.338871002197266,33.745208740234375,45.15800094604492,44.601837158203125,2163.7900390625
2016-08-04,24.98194694519043,760.77001953125,27.029376983642578,797.25,31.218517303466797,134.4678497314453,53.25419998168945,93.44000244140625,56.363121032714844,33.698265075683594,46.12200164794922,44.62665557861328,2164.25
2016-08-05,25.361852645874023,765.97998046875,27.12476348876953,806.9299926757812,31.579635620117188,136.0909881591797,53.783119201660156,97.02999877929688,57.31842803955078,33.76084899902344,46.00600051879883,44.38669204711914,2182.8701171875
2016-08-08,25.57186508178711,766.5599975585938,27.116092681884766,805.22998046875,31.63380241394043,136.04061889648438,53.875911712646484,95.11000061035156,57.850250244140625,33.5809326171875,45.231998443603516,44.345314025878906,2180.889892578125
2016-08-09,25.67569351196289,768.3099975585938,27.142105102539062,807.47998046875,31.52545928955078,135.81394958496094,54.00582504272461,93.98999786376953,57.99797821044922,33.698265075683594,45.816001892089844,44.40324020385742,2181.739990234375
2016-08-10,25.484561920166016,768.5599975585938,27.116092681884766,808.489990234375,31.173377990722656,136.07418823242188,53.838802337646484,93.93000030517578,57.62372970581055,33.79214096069336,45.130001068115234,44.52735900878906,2175.489990234375
2016-08-11,25.46803855895996,771.239990234375,27.13343620300293,808.2000122070312,31.308794021606445,137.29156494140625,54.0986213684082,95.88999938964844,58.795711517333984,33.940757751464844,44.981998443603516,44.5687370300293,2185.7900390625
2016-08-12,25.52703285217285,772.5599975585938,27.090076446533203,807.0499877929688,31.209489822387695,135.9650421142578,53.764564514160156,96.58999633789062,62.085113525390625,33.85470962524414,45.12200164794922,44.39496994018555,2184.050048828125
2016-08-15,25.83379554748535,768.489990234375,27.090076446533203,805.9600219726562,31.516437530517578,135.9062957763672,53.93159103393555,95.30999755859375,62.02602767944336,33.651336669921875,45.11800003051758,44.361854553222656,2190.14990234375
2016-08-16,25.81019401550293,764.0399780273438,27.046720504760742,801.1900024414062,31.787273406982422,134.9156036376953,53.63279342651367,95.12000274658203,61.651771545410156,32.822174072265625,44.72200012207031,43.65848922729492,2178.14990234375
2016-08-17,25.77243995666504,764.6300048828125,27.13343620300293,805.4199829101562,31.61574363708496,134.69732666015625,53.744842529296875,96.37000274658203,60.2237434387207,32.74395751953125,44.64799880981445,43.99776077270508,2182.219970703125
2016-08-18,25.739404678344727,764.4600219726562,27.254838943481445,802.75,31.570608139038086,135.4697265625,53.78219985961914,96.16000366210938,61.15934753417969,32.38413619995117,44.70199966430664,43.749515533447266,2187.02001953125
2016-08-19,25.805471420288086,757.3099975585938,27.098751068115234,799.6500244140625,31.81435203552246,134.36151123046875,53.80086898803711,95.87000274658203,61.31692886352539,32.07905960083008,45.0,43.40196990966797,2183.8701171875
2016-08-22,25.604902267456055,759.47998046875,27.159456253051758,796.9500122070312,31.922691345214844,134.32791137695312,53.84755325317383,95.26000213623047,61.572994232177734,32.0008430480957,44.58599853515625,43.484718322753906,2182.639892578125
2016-08-23,25.685131072998047,762.4500122070312,27.081409454345703,796.5900268554688,31.958799362182617,134.5461883544922,54.052974700927734,95.94000244140625,62.07125473022461,31.953901290893555,44.96799850463867,43.55091857910156,2186.89990234375
2016-08-24,25.491634368896484,757.25,27.072734832763672,793.5999755859375,31.73310661315918,133.5303497314453,54.1089973449707,95.18000030517578,61.114192962646484,31.96954917907715,44.52399826049805,43.468162536621094,2175.43994140625
2016-08-25,25.383092880249023,759.219970703125,27.064067840576172,791.2999877929688,31.678939819335938,133.17776489257812,54.31441116333008,97.31999969482422,60.709659576416016,32.125999450683594,44.19200134277344,43.65021514892578,2172.469970703125
2016-08-26,25.23443031311035,769.0,27.081409454345703,793.219970703125,31.832412719726562,132.91749572753906,54.183692932128906,97.58000183105469,61.20298385620117,31.82093048095703,43.99800109863281,43.0875244140625,2169.0400390625
2016-08-29,25.206117630004883,771.2899780273438,27.19413948059082,795.8200073242188,32.094215393066406,134.09283447265625,54.249053955078125,97.30000305175781,61.16353225708008,32.07124710083008,43.040000915527344,43.44334030151367,2180.3798828125
2016-08-30,25.012622833251953,767.5800170898438,27.202808380126953,791.9199829101562,32.229644775390625,133.82420349121094,54.052974700927734,97.44999694824219,60.808319091796875,31.98518943786621,42.268001556396484,43.253021240234375,2176.1201171875
2016-08-31,25.03622055053711,769.1599731445312,27.090076446533203,789.8499755859375,32.40116882324219,133.3876495361328,53.6514778137207,97.44999694824219,60.52218246459961,31.977371215820312,42.402000427246094,43.30267333984375,2170.949951171875
2016-09-01,25.184879302978516,770.6199951171875,27.055391311645508,791.4000244140625,32.51853561401367,133.94174194335938,53.772857666015625,97.37999725341797,62.30805969238281,32.03995132446289,40.15399932861328,43.49299621582031,2170.860107421875
2016-09-02,25.420846939086914,772.4400024414062,27.13343620300293,796.8699951171875,32.57270812988281,133.9501190185547,53.84755325317383,97.37999725341797,61.696319580078125,32.03213119506836,39.555999755859375,43.75778579711914,2179.97998046875
2016-09-06,25.413766860961914,788.8699951171875,26.92531967163086,808.02001953125,33.015071868896484,134.6217803955078,53.79153823852539,100.08999633789062,62.27845764160156,32.25114822387695,40.566001892089844,44.27911376953125,2186.47998046875
2016-09-07,25.569503784179688,784.47998046875,26.933990478515625,807.989990234375,32.91576385498047,135.70477294921875,53.83821487426758,99.1500015258789,61.360843658447266,32.282440185546875,40.34199905395508,44.444602966308594,2186.159912109375
2016-09-08,24.89935874938965,784.0599975585938,26.916645050048828,802.8400268554688,32.89769744873047,133.4884033203125,53.62345886230469,99.66000366210938,61.80485153198242,32.21986389160156,39.47200012207031,44.35359191894531,2181.300048828125
2016-09-09,24.33539390563965,760.1400146484375,26.110183715820312,788.47998046875,31.99491310119629,130.70947265625,52.48432540893555,96.5,58.72645950317383,31.06217384338379,38.89400100708008,42.880645751953125,2127.81005859375
2016-09-12,24.880481719970703,771.489990234375,26.439706802368164,798.8200073242188,32.57270812988281,132.89230346679688,53.268653869628906,99.05000305175781,59.94005584716797,31.844392776489258,39.65999984741211,43.50127029418945,2159.0400390625
2016-09-13,25.472759246826172,761.010009765625,25.88472557067871,788.719970703125,32.14839172363281,130.8101806640625,52.78311538696289,96.08999633789062,59.07178497314453,31.265548706054688,39.209999084472656,42.5744743347168,2127.02001953125
2016-09-14,26.37415885925293,761.0900268554688,25.75465202331543,790.4600219726562,32.15741729736328,129.33258056640625,52.531009674072266,97.01000213623047,59.59471893310547,31.20296859741211,39.28200149536133,42.607574462890625,2125.77001953125
2016-09-15,27.270835876464844,769.6900024414062,26.007469177246094,801.22998046875,33.00603485107422,130.68429565429688,53.39936447143555,97.33999633789062,61.854190826416016,31.641016006469727,40.08399963378906,43.01304244995117,2147.260009765625
2016-09-16,27.11745834350586,778.52001953125,25.946279525756836,797.969970703125,34.00813674926758,129.1562957763672,53.45539474487305,99.4800033569336,62.002197265625,31.44546127319336,41.08000183105469,42.930301666259766,2139.159912109375
2016-09-19,26.801259994506836,775.0999755859375,25.72772789001465,795.3900146484375,33.54771423339844,130.02102661132812,53.15660858154297,98.05999755859375,62.82112121582031,31.33594512939453,41.268001556396484,42.36760330200195,2139.1201171875
2016-09-20,26.79890251159668,780.219970703125,25.93753433227539,799.780029296875,33.5296630859375,129.66842651367188,53.044551849365234,98.25,62.24885559082031,31.257726669311523,40.928001403808594,42.425537109375,2139.760009765625
2016-09-21,26.794179916381836,789.739990234375,26.094892501831055,805.030029296875,33.80952835083008,130.5751495361328,53.93158721923828,94.87999725341797,63.99524688720703,31.734880447387695,41.04399871826172,42.922027587890625,2163.1201171875
2016-09-22,27.046667098999023,804.7000122070312,26.260990142822266,815.9500122070312,33.89979553222656,131.0620880126953,53.98761749267578,95.83000183105469,64.15312194824219,32.157283782958984,41.2859992980957,43.319210052490234,2177.179931640625
2016-09-23,26.595964431762695,805.75,26.129859924316406,814.9600219726562,33.574798583984375,130.11341857910156,53.62345886230469,95.94000244140625,64.08406066894531,32.29025650024414,41.4900016784668,43.49299621582031,2164.68994140625
2016-09-26,26.63608169555664,799.1599731445312,25.823888778686523,802.6500244140625,33.08729553222656,129.27383422851562,53.12860107421875,94.55999755859375,63.4821891784668,32.18075180053711,41.79800033569336,43.153717041015625,2146.10009765625
2016-09-27,26.68563461303711,816.1099853515625,26.121116638183594,810.72998046875,33.56576919555664,131.6162109375,54.1089973449707,97.06999969482422,65.65284729003906,32.43106460571289,41.1619987487793,43.43507385253906,2159.929931640625
2016-09-28,26.888566970825195,828.719970703125,26.13860511779785,810.0599975585938,33.80049133300781,132.89230346679688,54.183692932128906,97.4800033569336,65.8896713256836,31.953901290893555,41.25400161743164,43.079246520996094,2171.3701171875
2016-09-29,26.47090721130371,829.0499877929688,25.81514549255371,802.6400146484375,33.692161560058594,132.7412109375,53.595458984375,96.66999816894531,66.50141143798828,31.86004066467285,40.13999938964844,43.12889099121094,2151.1298828125
2016-09-30,26.676198959350586,837.3099975585938,25.893827438354492,804.0599975585938,34.08035659790039,133.36245727539062,53.78219985961914,98.55000305175781,67.60646057128906,31.766172409057617,40.805999755859375,43.01304244995117,2168.27001953125
2016-10-03,26.551132202148438,836.739990234375,25.91131019592285,800.3800048828125,33.999107360839844,132.3214111328125,53.61412811279297,102.62999725341797,67.53738403320312,31.89131736755371,42.7400016784668,42.930301666259766,2161.199951171875
2016-10-04,26.66440200805664,834.030029296875,25.788921356201172,802.7899780273438,33.89077377319336,131.35595703125,53.4460563659668,102.33999633789062,67.38941955566406,31.210790634155273,42.28200149536133,42.41725158691406,2150.489990234375
2016-10-05,26.676198959350586,844.3599853515625,25.788921356201172,801.22998046875,34.29703903198242,131.87644958496094,53.81954574584961,106.27999877929688,67.32032775878906,31.00493621826172,41.69200134277344,42.072021484375,2159.72998046875
2016-10-06,26.87441062927246,841.6599731445312,25.587854385375977,803.0800170898438,34.3692512512207,131.7085418701172,53.91291809082031,105.06999969482422,66.44219207763672,30.965347290039062,40.20000076293945,42.063655853271484,2160.77001953125
2016-10-07,26.914525985717773,839.4299926757812,25.4217529296875,800.7100219726562,34.39633560180664,130.69268798828125,53.968936920166016,104.81999969482422,65.95873260498047,30.775327682495117,39.321998596191406,41.77910614013672,2153.739990234375
2016-10-10,27.38410186767578,841.7100219726562,25.229433059692383,814.1699829101562,34.3241081237793,131.8260498046875,54.19303512573242,103.33000183105469,66.20539855957031,30.88616943359375,40.189998626708984,42.00506591796875,2163.659912109375
2016-10-11,27.443092346191406,831.0,25.281885147094727,809.5700073242188,33.64702606201172,129.953857421875,53.39936447143555,100.58999633789062,65.2483139038086,30.95743179321289,40.02000045776367,41.76237106323242,2136.72998046875
2016-10-12,27.688499450683594,834.0900268554688,25.264404296875,811.77001953125,33.52063751220703,129.53408813476562,53.32467269897461,99.5,65.54432678222656,31.139537811279297,40.301998138427734,42.097129821777344,2139.179931640625
2016-10-13,27.603553771972656,829.280029296875,25.15074920654297,804.0800170898438,33.376197814941406,129.05555725097656,53.147274017333984,100.2300033569336,64.47871398925781,31.17120361328125,40.04800033569336,42.088768005371094,2132.550048828125
2016-10-14,27.756927490234375,822.9600219726562,25.255659103393555,804.5999755859375,33.80952835083008,129.66842651367188,53.61412811279297,101.47000122070312,65.11018371582031,31.052446365356445,39.301998138427734,42.08039474487305,2132.97998046875
2016-10-17,27.73805046081543,812.9500122070312,25.220691680908203,806.8400268554688,33.66508102416992,129.93710327148438,53.42738342285156,99.80000305175781,64.73526000976562,31.092029571533203,38.79199981689453,42.205928802490234,2126.5
2016-10-18,27.71917724609375,817.6500244140625,25.33433723449707,821.489990234375,34.08035659790039,126.53689575195312,53.83821487426758,118.79000091552734,65.72193145751953,31.163286209106445,39.81999969482422,42.072021484375,2139.60009765625
2016-10-19,27.636587142944336,817.6900024414062,25.404273986816406,826.8400268554688,32.05810546875,126.99027252197266,53.71683120727539,121.87000274658203,65.58378601074219,31.179121017456055,40.71200180053711,42.16408157348633,2144.2900390625
2016-10-20,27.622434616088867,810.3200073242188,25.413013458251953,821.6300048828125,31.985881805419922,127.20854187011719,53.45539474487305,123.3499984741211,66.82699584960938,30.601144790649414,39.81999969482422,41.126304626464844,2141.340087890625
2016-10-21,27.513885498046875,818.989990234375,25.33433723449707,824.0599975585938,31.73310661315918,125.62178802490234,55.70565414428711,127.5,66.63953399658203,29.68271827697754,40.018001556396484,40.339599609375,2141.159912109375
2016-10-24,27.76165008544922,838.0900268554688,25.281885147094727,835.739990234375,31.832412719726562,126.41094970703125,56.95684051513672,127.33000183105469,69.76725006103516,29.183910369873047,40.551998138427734,40.34796905517578,2151.330078125
2016-10-25,27.903230667114258,835.1799926757812,25.045852661132812,828.5499877929688,31.68796157836914,126.6712417602539,56.9474983215332,126.51000213623047,70.91182708740234,29.057235717773438,40.46799850463867,40.038307189941406,2143.159912109375
2016-10-26,27.275554656982422,822.5900268554688,25.238178253173828,822.0999755859375,31.52545928955078,127.45203399658203,56.61135482788086,126.97000122070312,71.19793701171875,28.843461990356445,40.448001861572266,39.8625602722168,2139.429931640625
2016-10-27,27.013629913330078,818.3599853515625,25.028369903564453,817.3499755859375,31.42616081237793,128.74496459960938,56.11648941040039,126.47000122070312,69.73766326904297,28.914716720581055,40.801998138427734,40.6241455078125,2133.0400390625
2016-10-28,26.834291458129883,776.3200073242188,25.544145584106445,819.5599975585938,31.362966537475586,128.1236572265625,55.9017333984375,126.56999969482422,69.61927032470703,28.90679359436035,39.99399948120117,40.34796905517578,2126.409912109375
2016-10-31,26.791818618774414,789.8200073242188,25.439239501953125,809.9000244140625,31.48031997680664,129.0303497314453,55.94841766357422,124.87000274658203,70.21127319335938,29.128488540649414,39.54600143432617,40.25590896606445,2126.14990234375
2016-11-01,26.30808448791504,785.4099731445312,25.246912002563477,805.47998046875,31.164344787597656,128.27476501464844,55.83638000488281,123.30000305175781,68.12940216064453,28.946392059326172,38.15800094604492,39.88766098022461,2111.719970703125
2016-11-02,26.331680297851562,765.5599975585938,24.905977249145508,788.4199829101562,31.236560821533203,127.56954193115234,55.49089813232422,122.33999633789062,67.84327697753906,28.79595375061035,37.604000091552734,39.28507995605469,2097.93994140625
2016-11-03,26.0494441986084,767.030029296875,24.722393035888672,782.1900024414062,30.86362648010254,127.92214965820312,55.28548049926758,122.13999938964844,67.05392456054688,29.00181007385254,37.48400115966797,39.22649383544922,2088.659912109375
2016-11-04,25.81463050842285,755.0499877929688,24.862268447875977,781.0999755859375,30.57254981994629,127.97254943847656,54.81862258911133,122.02999877929688,66.66912841796875,28.89888572692871,38.11199951171875,39.40224075317383,2085.179931640625
2016-11-07,26.187002182006836,784.9299926757812,25.622821807861328,802.030029296875,31.5549373626709,130.73468017578125,56.415279388427734,124.58000183105469,70.31979370117188,29.14432716369629,38.641998291015625,39.72027587890625,2131.52001953125
2016-11-08,26.341171264648438,787.75,25.71898078918457,811.97998046875,31.600427627563477,131.4547576904297,56.46196746826172,124.33999633789062,70.21127319335938,29.286834716796875,38.987998962402344,39.87929153442383,2139.56005859375
2016-11-09,26.298480987548828,771.8800048828125,25.902570724487305,805.5900268554688,31.609514236450195,131.14976501464844,56.181846618652344,122.19000244140625,69.02726745605469,29.643123626708984,38.012001037597656,40.0550422668457,2163.260009765625
2016-11-10,25.565595626831055,742.3800048828125,26.58444595336914,780.2899780273438,31.382118225097656,135.73292541503906,54.80929183959961,115.41999816894531,66.86646270751953,28.954309463500977,37.06999969482422,39.07584762573242,2167.47998046875
2016-11-11,25.717388153076172,739.010009765625,26.846702575683594,771.75,31.482179641723633,136.6224822998047,55.10807800292969,114.77999877929688,86.79715728759766,28.90679359436035,37.71200180053711,39.07584762573242,2164.449951171875
2016-11-14,25.0722599029541,719.0700073242188,26.671865463256836,753.219970703125,31.363914489746094,134.03012084960938,54.26772689819336,113.37999725341797,82.52487182617188,28.60593605041504,36.290000915527344,38.649009704589844,2164.199951171875
2016-11-15,25.404314041137695,743.239990234375,26.881675720214844,775.1599731445312,31.755054473876953,134.4198455810547,55.3393669128418,113.58999633789062,85.04087829589844,29.11265754699707,36.75400161743164,39.64495086669922,2180.389892578125
2016-11-16,26.087387084960938,746.489990234375,26.8729305267334,779.97998046875,31.69138526916504,134.94505310058594,56.07258224487305,115.19000244140625,90.4083480834961,29.41352081298828,36.7859992980957,40.11362838745117,2176.93994140625
2016-11-17,26.077896118164062,756.4000244140625,26.91663932800293,786.1599731445312,31.855119705200195,135.3771209716797,57.00320053100586,115.02999877929688,91.158203125,29.619373321533203,37.731998443603516,40.038307189941406,2187.1201171875
2016-11-18,26.103992462158203,760.1599731445312,26.81174087524414,775.969970703125,31.791446685791016,135.87696838378906,56.7306022644043,115.20999908447266,92.11528778076172,29.738140106201172,37.00400161743164,40.230796813964844,2181.89990234375
2016-11-21,26.50008201599121,780.0,26.986572265625,784.7999877929688,31.8187313079834,137.89320373535156,57.21001052856445,117.95999908447266,91.74034881591797,29.880651473999023,36.90399932861328,40.43165588378906,2198.179931640625
2016-11-22,26.516681671142578,785.3300170898438,27.25757598876953,785.0,32.2735481262207,137.80850219726562,57.454410552978516,118.04000091552734,92.40141296386719,30.52196502685547,38.23400115966797,41.419227600097656,2202.93994140625
2016-11-23,26.38149070739746,780.1199951171875,27.397449493408203,779.0,32.01885223388672,137.2239532470703,56.77760314941406,117.69000244140625,92.85596466064453,30.66447639465332,38.62799835205078,42.03854751586914,2204.719970703125
2016-11-25,26.514312744140625,780.3699951171875,27.48487091064453,780.22998046875,32.237159729003906,138.20664978027344,56.899803161621094,117.41000366210938,93.0437240600586,31.04452133178711,39.33000183105469,42.40679168701172,2213.35009765625
2016-11-28,26.46213150024414,766.77001953125,27.31877326965332,785.7899780273438,32.30083084106445,139.37574768066406,56.97500228881836,116.93000030517578,92.99430847167969,31.305805206298828,39.2239990234375,42.783416748046875,2201.719970703125
2016-11-29,26.436044692993164,762.52001953125,27.143932342529297,789.4400024414062,32.1189079284668,138.5370635986328,57.42621612548828,117.51000213623047,92.14450073242188,31.258289337158203,37.91400146484375,42.649497985839844,2204.659912109375
2016-11-30,26.21309471130371,750.5700073242188,26.890417098999023,775.8800048828125,31.56403160095215,137.42726135253906,56.645992279052734,117.0,91.10694122314453,30.585315704345703,37.880001068115234,41.76237106323242,2198.81005859375
2016-12-01,25.968799591064453,743.6500244140625,27.441162109375,764.3300170898438,30.70899200439453,135.39407348632812,55.64956283569336,117.22000122070312,86.60101318359375,30.783246994018555,36.375999450683594,41.737247467041016,2191.080078125
2016-12-02,26.066043853759766,740.3400268554688,27.397449493408203,764.4600219726562,31.072843551635742,135.5635223388672,55.696563720703125,120.80999755859375,87.40140533447266,30.569477081298828,36.29399871826172,41.687042236328125,2191.949951171875
2016-12-05,25.878671646118164,759.3599853515625,27.19638442993164,778.219970703125,31.28204917907715,135.4110107421875,56.608394622802734,119.16000366210938,90.79072570800781,30.585315704345703,37.36000061035156,41.63682556152344,2204.7099609375
2016-12-06,26.077896118164062,764.719970703125,27.248838424682617,776.1799926757812,31.582233428955078,135.84304809570312,56.354591369628906,124.56999969482422,92.28284454345703,31.15536880493164,37.16999816894531,42.1473503112793,2212.22998046875
2016-12-07,26.334060668945312,770.4199829101562,27.624744415283203,791.469970703125,32.29174041748047,139.6044921875,57.689422607421875,125.38999938964844,93.94292449951172,32.02628707885742,38.630001068115234,43.00101089477539,2241.35009765625
2016-12-08,26.592580795288086,767.3300170898438,27.56355094909668,795.1699829101562,32.47365951538086,140.0873565673828,57.351009368896484,123.23999786376953,92.37179565429688,31.9946231842041,38.45800018310547,42.79178237915039,2246.18994140625
2016-12-09,27.02661895751953,768.6599731445312,27.782100677490234,809.4500122070312,32.528236389160156,141.07008361816406,58.25344467163086,122.87999725341797,90.7314682006836,31.970876693725586,38.43600082397461,43.09306716918945,2259.530029296875
2016-12-12,26.87245750427246,760.1199951171875,27.852039337158203,807.9000244140625,32.719261169433594,140.20599365234375,58.441444396972656,122.83000183105469,88.52790832519531,32.5567626953125,38.486000061035156,43.31903076171875,2256.9599609375
2016-12-13,27.32072639465332,774.3400268554688,27.74713134765625,815.3400268554688,33.47425079345703,142.56956481933594,59.20286560058594,123.77999877929688,90.08914947509766,32.746788024902344,39.630001068115234,43.821189880371094,2271.719970703125
2016-12-14,27.32072639465332,768.8200073242188,27.537322998046875,817.8900146484375,33.24684143066406,142.7559356689453,58.920860290527344,123.44000244140625,95.30657196044922,32.54093551635742,39.737998962402344,43.210235595703125,2253.280029296875
2016-12-15,27.470144271850586,761.0,27.3275203704834,815.6500244140625,33.465152740478516,142.3408203125,58.82685470581055,125.0,97.5397720336914,32.85763168334961,39.51599884033203,43.36089324951172,2262.030029296875
2016-12-16,27.50572395324707,757.77001953125,27.75587272644043,809.8400268554688,33.028541564941406,141.24801635742188,58.56364440917969,124.22000122070312,99.2196273803711,32.99223327636719,40.49800109863281,43.745872497558594,2258.070068359375
2016-12-19,27.66463279724121,766.0,27.904489517211914,812.5,33.556114196777344,141.20559692382812,59.80447769165039,125.44999694824219,100.42516326904297,33.34851837158203,40.54600143432617,44.281497955322266,2262.530029296875
2016-12-20,27.738157272338867,771.219970703125,28.192974090576172,815.2000122070312,33.847206115722656,141.9850311279297,59.729278564453125,125.12000274658203,103.92318725585938,33.62563705444336,41.757999420166016,44.457252502441406,2270.760009765625
2016-12-21,27.764249801635742,770.5999755859375,28.088069915771484,812.2000122070312,33.63798141479492,141.7562713623047,59.729278564453125,126.5,104.57536315917969,33.538536071777344,41.540000915527344,44.33171081542969,2265.179931640625
2016-12-22,27.581623077392578,766.3400268554688,28.034854888916016,809.6799926757812,33.59250259399414,141.52752685546875,59.73868942260742,125.58000183105469,105.8401870727539,33.823570251464844,41.689998626708984,44.900821685791016,2260.9599609375
2016-12-23,27.63616943359375,760.5900268554688,28.087718963623047,807.7999877929688,33.62889099121094,141.23104858398438,59.4472770690918,125.58999633789062,108.4785385131836,33.83148956298828,42.667999267578125,44.92592239379883,2263.7900390625
2016-12-27,27.81168556213379,771.4000244140625,28.105337142944336,809.9299926757812,33.7198600769043,141.59530639648438,59.48487091064453,128.35000610351562,115.92915344238281,33.76814651489258,43.90599822998047,44.8924560546875,2268.8798828125
2016-12-28,27.693099975585938,772.1300048828125,27.92913246154785,804.5700073242188,33.31962203979492,140.79051208496094,59.2122688293457,125.88999938964844,107.95484161376953,33.665218353271484,43.948001861572266,44.72506332397461,2249.919921875
2016-12-29,27.68597984313965,765.1500244140625,27.937936782836914,802.8800048828125,33.34690475463867,141.13783264160156,59.12767028808594,125.33000183105469,110.1089859008789,33.776058197021484,42.93600082397461,44.976139068603516,2249.260009765625
2016-12-30,27.470144271850586,749.8699951171875,27.841026306152344,792.4500122070312,32.992149353027344,140.62109375,58.413238525390625,123.80000305175781,105.47456359863281,33.67313766479492,42.737998962402344,44.67485427856445,2238.830078125
2017-01-03,27.54841423034668,753.6699829101562,27.920318603515625,808.010009765625,33.292320251464844,141.6376953125,58.82685470581055,127.48999786376953,100.80065155029297,34.061092376708984,43.39799880981445,45.67915725708008,2257.830078125
2017-01-04,27.517581939697266,757.1799926757812,27.92913246154785,807.77001953125,33.1194953918457,143.39129638671875,58.56364440917969,129.41000366210938,103.15242767333984,33.863155364990234,45.39799880981445,45.62894058227539,2270.75
2017-01-05,27.657520294189453,780.4500122070312,27.77054214477539,813.02001953125,33.06491470336914,142.91690063476562,58.56364440917969,131.80999755859375,100.53385925292969,33.76814651489258,45.349998474121094,45.7293701171875,2269.0
2017-01-06,27.965856552124023,795.989990234375,27.84983253479004,825.2100219726562,33.183170318603516,143.62005615234375,59.07126235961914,131.07000732421875,101.87773132324219,33.0953483581543,45.801998138427734,45.05056381225586,2276.97998046875
2017-01-09,28.22200584411621,796.9199829101562,27.71767807006836,827.1799926757812,33.30142593383789,142.02737426757812,58.88325500488281,130.9499969482422,106.0081787109375,32.67884826660156,46.25600051879883,44.55997085571289,2268.89990234375
2017-01-10,28.250471115112305,795.9000244140625,27.638385772705078,826.010009765625,33.23774719238281,140.22291564941406,58.86444854736328,129.88999938964844,105.20777893066406,32.686859130859375,45.9739990234375,44.627628326416016,2268.89990234375
2017-01-11,28.40226173400879,799.02001953125,27.726486206054688,829.8599853515625,33.610694885253906,142.11207580566406,59.400264739990234,130.5,103.91329193115234,32.526668548583984,45.94599914550781,44.373878479003906,2275.320068359375
2017-01-12,28.28367042541504,813.6400146484375,27.656005859375,829.530029296875,33.392391204833984,142.2815399169922,58.85504913330078,129.17999267578125,102.21369934082031,32.8470458984375,45.917999267578125,44.55997085571289,2270.43994140625
2017-01-13,28.233861923217773,817.1400146484375,27.629575729370117,830.9400024414062,33.465152740478516,141.76470947265625,58.93966293334961,133.6999969482422,102.20381927490234,32.80699920654297,47.54999923706055,44.45000457763672,2274.639892578125
2017-01-17,28.461563110351562,809.719970703125,27.550277709960938,827.4600219726562,33.47425079345703,142.23068237304688,58.779850006103516,132.88999938964844,99.91132354736328,32.92714309692383,47.11600112915039,44.6107177734375,2267.889892578125
2017-01-18,28.459182739257812,807.47998046875,27.51503562927246,829.02001953125,33.437870025634766,141.30728149414062,58.751651763916016,133.25999450683594,101.7294921875,32.67884826660156,47.672000885009766,44.19624710083008,2271.889892578125
2017-01-19,28.409378051757812,809.0399780273438,27.497419357299805,824.3699951171875,33.265037536621094,141.31576538085938,58.56364440917969,138.41000366210938,103.91329193115234,32.839046478271484,48.75199890136719,44.28928756713867,2263.68994140625
2017-01-20,28.461563110351562,808.3300170898438,26.8983097076416,828.1699829101562,33.60158920288086,144.48414611816406,58.977256774902344,138.60000610351562,102.77693939208984,33.1994743347168,48.94599914550781,44.593807220458984,2271.31005859375
2017-01-23,28.480531692504883,817.8800048828125,26.21109390258789,844.4299926757812,33.446964263916016,144.89080810546875,59.1840705871582,137.38999938964844,103.84413146972656,33.63999557495117,49.784000396728516,44.33158874511719,2265.199951171875
2017-01-24,28.45444107055664,822.4400024414062,26.431352615356445,849.530029296875,34.220149993896484,149.01649475097656,59.71048355102539,140.11000061035156,106.05757904052734,33.12738037109375,50.922000885009766,42.39455795288086,2280.070068359375
2017-01-25,28.907455444335938,836.52001953125,26.757339477539062,858.4500122070312,34.38387680053711,151.04119873046875,59.860877990722656,139.52000427246094,106.51212310791016,33.15140914916992,50.89400100708008,42.0985107421875,2298.3701171875
2017-01-26,28.92168617248535,839.1500244140625,26.713287353515625,856.97998046875,34.165565490722656,151.35467529296875,60.415496826171875,138.9600067138672,108.35008239746094,33.45577621459961,50.50199890136719,41.5487060546875,2296.679931640625
2017-01-27,28.924057006835938,835.77001953125,26.44015884399414,845.030029296875,34.54761505126953,150.20252990722656,61.834938049316406,142.4499969482422,110.44493103027344,33.64799880981445,50.59000015258789,41.954708099365234,2294.68994140625
2017-01-30,28.848155975341797,830.3800048828125,26.3961124420166,823.8300170898438,34.03821563720703,148.93177795410156,61.223915100097656,141.22000122070312,108.71569061279297,33.49582290649414,50.125999450683594,41.760169982910156,2280.89990234375
2017-01-31,28.781749725341797,823.47998046875,26.167037963867188,820.1900024414062,33.4924430847168,147.847412109375,60.77271270751953,140.7100067138672,107.88563537597656,33.76814651489258,50.38600158691406,41.455657958984375,2278.8701171875
2017-02-01,30.53687858581543,832.3499755859375,26.158226013183594,815.239990234375,33.21955490112305,147.6525421142578,59.766883850097656,140.77999877929688,112.59911346435547,33.688053131103516,49.847999572753906,40.93122482299805,2279.550048828125
2017-02-02,30.484697341918945,839.9500122070312,26.149415969848633,818.260009765625,33.36509704589844,147.8982391357422,59.3814697265625,139.1999969482422,114.02202606201172,32.983211517333984,50.310001373291016,40.83816909790039,2280.85009765625
2017-02-03,30.615150451660156,810.2000122070312,26.167037963867188,820.1300048828125,33.45671081542969,148.94869995117188,59.860877990722656,140.25,113.02399444580078,33.03927993774414,50.26599884033203,41.0919303894043,2297.419921875
2017-02-06,30.902137756347656,807.6400146484375,26.131797790527344,821.6199951171875,33.22767639160156,148.9826202392578,59.82328414916992,140.97000122070312,115.91925048828125,32.88710403442383,51.55400085449219,40.626708984375,2292.56005859375
2017-02-07,31.19623374938965,812.5,26.043691635131836,829.22998046875,33.30096435546875,151.18524169921875,59.62587356567383,144.0,117.71768951416016,32.935150146484375,51.49599838256836,40.635169982910156,2293.080078125
2017-02-08,31.317195892333984,819.7100219726562,25.929155349731445,829.8800048828125,33.328460693359375,150.42530822753906,59.54127883911133,144.74000549316406,117.20384216308594,33.00724411010742,52.41600036621094,40.914306640625,2294.669921875
2017-02-09,31.543493270874023,821.3599853515625,26.07012367248535,830.0599975585938,32.485618591308594,151.31332397460938,60.21809387207031,144.13999938964844,115.00029754638672,33.08733367919922,53.84000015258789,41.28649139404297,2307.8701171875
2017-02-10,31.47203254699707,827.4600219726562,26.18465805053711,834.8499755859375,32.37568664550781,152.5684814453125,60.16169738769531,144.82000732421875,112.27301025390625,33.14340591430664,53.84600067138672,41.430274963378906,2316.10009765625
2017-02-13,31.750734329223633,836.530029296875,26.466594696044922,838.9600219726562,32.79710006713867,153.14910888671875,60.8385124206543,143.1999969482422,107.09513092041016,32.558712005615234,56.119998931884766,41.066558837890625,2328.25
2017-02-14,32.162845611572266,836.3900146484375,26.67804527282715,840.030029296875,32.91619873046875,153.80662536621094,61.065494537353516,140.82000732421875,107.4903793334961,32.63880157470703,56.19599914550781,40.8297119140625,2337.580078125
2017-02-15,32.27956771850586,842.7000122070312,26.739715576171875,837.3200073242188,33.026126861572266,155.13006591796875,61.02766036987305,142.27000427246094,107.70777130126953,32.935150146484375,55.95199966430664,40.669010162353516,2349.25
2017-02-16,32.241451263427734,844.1400146484375,26.827821731567383,842.1699829101562,33.35593032836914,154.91659545898438,61.018192291259766,142.00999450683594,105.97854614257812,33.03927993774414,53.790000915527344,40.99043273925781,2347.219970703125
2017-02-17,32.32958984375,845.0700073242188,26.757339477539062,846.5499877929688,33.42006301879883,154.26768493652344,61.11277770996094,142.22000122070312,105.95878601074219,33.22350311279297,54.44599914550781,41.60791015625,2351.159912109375
2017-02-21,32.56303405761719,856.4400024414062,26.889497756958008,849.27001953125,33.45671081542969,153.91761779785156,60.98983383178711,142.60000610351562,109.75324249267578,33.42372512817383,55.47800064086914,41.810916900634766,2365.3798828125
2017-02-22,32.66069412231445,855.6099853515625,26.72209358215332,851.3599853515625,33.04444885253906,154.6775360107422,60.86688232421875,143.86000061035156,109.58503723144531,33.31161117553711,54.70199966430664,42.013919830322266,2362.820068359375
2017-02-23,32.52253341674805,852.1900024414062,26.668441772460938,851.0,33.145233154296875,155.10447692871094,61.11277770996094,142.77999877929688,99.42398071289062,33.599945068359375,51.198001861572266,42.555274963378906,2363.81005859375
2017-02-24,32.553504943847656,845.239990234375,26.819459915161133,847.8099975585938,33.46586990356445,154.8483123779297,61.11277770996094,143.25,100.38369750976562,33.92833709716797,51.400001525878906,42.80057907104492,2367.340087890625
2017-02-27,32.61781311035156,848.6400146484375,26.597373962402344,849.6699829101562,33.447547912597656,153.18328857421875,60.74394989013672,143.41000366210938,103.30241394042969,33.49582290649414,49.24599838256836,42.242305755615234,2369.75
2017-02-28,32.63211441040039,845.0399780273438,26.481887817382812,844.9299926757812,33.16355514526367,153.5419158935547,60.50750732421875,142.1300048828125,100.40348815917969,33.471797943115234,49.99800109863281,41.98009490966797,2363.639892578125
2017-03-01,33.29908752441406,853.0800170898438,26.819459915161133,856.75,32.91619873046875,155.36065673828125,61.4154167175293,142.64999389648438,101.69959259033203,33.672027587890625,50.00400161743164,42.132347106933594,2395.9599609375
2017-03-02,33.101375579833984,848.9099731445312,26.819459915161133,849.8499755859375,32.89787673950195,154.1481475830078,60.535884857177734,139.52999877929688,97.94979858398438,33.6960563659668,50.09600067138672,42.27613830566406,2381.919921875
2017-03-03,33.29670715332031,849.8800048828125,26.757278442382812,849.0800170898438,32.88871383666992,153.73831176757812,60.76285171508789,139.13999938964844,97.38584899902344,33.64799880981445,50.31399917602539,42.36918640136719,2383.1201171875
2017-03-06,33.19189453125,846.6099853515625,26.65067481994629,847.27001953125,32.586395263671875,154.096923828125,60.781768798828125,141.94000244140625,96.6338882446289,33.60795593261719,50.242000579833984,42.31843185424805,2375.31005859375
2017-03-07,33.23477554321289,846.02001953125,26.526302337646484,851.1500244140625,32.79710006713867,154.02008056640625,60.904720306396484,141.42999267578125,97.69255065917969,33.543880462646484,49.71799850463867,41.81937026977539,2368.389892578125
2017-03-08,33.11090850830078,850.5,26.47300148010254,853.6400146484375,32.6322021484375,153.2259521484375,61.46269226074219,140.32000732421875,97.51446533203125,33.45577621459961,49.374000549316406,41.582542419433594,2362.97998046875
2017-03-09,33.034671783447266,853.0,26.348634719848633,857.8400268554688,32.815425872802734,151.28768920898438,61.2168083190918,140.52999877929688,97.49466705322266,33.59193801879883,48.97999954223633,41.68403244018555,2364.8701171875
2017-03-10,33.144256591796875,852.4600219726562,26.899412155151367,861.4099731445312,32.89787673950195,151.8427276611328,61.40593719482422,140.88999938964844,98.06855010986328,33.920326232910156,48.737998962402344,41.74325180053711,2372.60009765625
2017-03-13,33.15854263305664,854.5900268554688,26.526302337646484,864.5800170898438,32.210784912109375,150.67291259765625,61.1978874206543,143.52000427246094,100.76956176757812,33.936344146728516,49.23400115966797,41.84475326538086,2373.469970703125
2017-03-14,33.10852813720703,852.530029296875,26.24203109741211,865.9099731445312,32.229103088378906,150.04107666015625,60.9141731262207,143.19000244140625,100.70028686523438,33.712074279785156,51.599998474121094,41.751708984375,2365.449951171875
2017-03-15,33.45869445800781,852.969970703125,26.437469482421875,868.3900146484375,32.15581512451172,150.11793518066406,61.2357177734375,145.25,101.46214294433594,34.112552642822266,51.145999908447266,42.41148376464844,2385.260009765625
2017-03-16,33.51346969604492,853.4199829101562,26.428586959838867,870.0,32.19245529174805,151.33892822265625,61.13168716430664,144.38999938964844,102.70877075195312,33.992408752441406,52.40999984741211,42.32688522338867,2381.3798828125
2017-03-17,33.346736907958984,852.3099975585938,26.544071197509766,872.3699951171875,32.31156539916992,149.98129272460938,61.349205017089844,145.11000061035156,104.94479370117188,34.12857437133789,52.29999923706055,42.62294387817383,2378.25
2017-03-20,33.6968994140625,856.969970703125,26.419702529907227,867.9099731445312,32.45814514160156,150.0240020751953,61.40593719482422,145.8300018310547,108.28894805908203,33.97639083862305,52.38399887084961,42.496063232421875,2373.469970703125
2017-03-21,33.31100082397461,843.2000122070312,26.108779907226562,850.1400146484375,32.10084915161133,148.46995544433594,60.72502899169922,142.4199981689453,104.7864990234375,33.70406723022461,50.13600158691406,42.42839431762695,2344.02001953125
2017-03-22,33.68737030029297,848.0599975585938,26.23314666748047,849.7999877929688,32.403167724609375,149.23843383789062,61.500518798828125,142.64999389648438,106.923583984375,33.35966110229492,51.00199890136719,42.04775619506836,2348.449951171875
2017-03-23,33.568260192871094,847.3800048828125,26.313098907470703,839.6500244140625,32.31156539916992,149.2725830078125,61.349205017089844,141.83999633789062,105.9539794921875,33.35966110229492,50.95600128173828,41.98854064941406,2345.9599609375
2017-03-24,33.50156784057617,845.6099853515625,26.401935577392578,835.1400146484375,32.210784912109375,148.42726135253906,61.4532470703125,142.02000427246094,106.32994842529297,33.383689880371094,52.63199996948242,42.02238082885742,2343.97998046875
2017-03-27,33.55874252319336,846.8200073242188,26.1531925201416,838.510009765625,32.42150115966797,148.3760223388672,61.56672286987305,144.05999755859375,107.1016845703125,33.23150634765625,54.04399871826172,41.565616607666016,2341.590087890625
2017-03-28,34.25430679321289,856.0,26.313098907470703,840.6300048828125,32.61387252807617,149.0078887939453,61.74641036987305,145.1699981689453,106.54762268066406,33.287574768066406,55.4900016784668,41.700958251953125,2358.570068359375
2017-03-29,34.33052444458008,874.3200073242188,26.366397857666016,849.8699951171875,32.586395263671875,148.52120971679688,61.91664123535156,146.47000122070312,106.20132446289062,33.1994743347168,55.47600173950195,41.55715560913086,2361.1298828125
2017-03-30,34.28526306152344,876.3400268554688,26.53518295288086,849.47998046875,32.75130081176758,148.452880859375,62.14361572265625,148.05999755859375,108.23948669433594,33.4477653503418,55.58399963378906,41.49794387817383,2368.06005859375
2017-03-31,34.2209587097168,886.5399780273438,26.47300148010254,847.7999877929688,33.04444885253906,148.69195556640625,62.28547668457031,147.80999755859375,107.77445983886719,33.279563903808594,55.65999984741211,41.23573303222656,2362.719970703125
2017-04-03,34.23048400878906,891.510009765625,26.544071197509766,856.75,33.12690734863281,148.99935913085938,61.99230194091797,146.9199981689453,107.23028564453125,33.29558563232422,59.70399856567383,41.59944534301758,2358.840087890625
2017-04-04,34.48536682128906,906.8300170898438,26.668441772460938,852.5700073242188,33.236839294433594,149.0164337158203,62.16253662109375,145.5,99.71089935302734,33.39169692993164,60.7400016784668,41.70941162109375,2360.159912109375
2017-04-05,34.30671310424805,909.280029296875,26.624025344848633,848.9099731445312,33.18186569213867,147.61607360839844,62.00175857543945,143.6199951171875,98.9688720703125,33.247520446777344,59.0,41.464115142822266,2352.949951171875
2017-04-06,34.2209587097168,898.280029296875,26.588489532470703,845.0999755859375,33.0078125,147.24893188476562,62.16253662109375,143.74000549316406,99.69114685058594,32.9071044921875,59.7400016784668,41.45341491699219,2357.489990234375
2017-04-07,34.14472579956055,894.8800048828125,26.64179229736328,842.0999755859375,33.0078125,146.98423767089844,62.11524200439453,143.11000061035156,99.26568603515625,32.899009704589844,60.507999420166016,41.65027618408203,2355.5400390625
2017-04-10,34.10423278808594,907.0399780273438,26.659555435180664,841.7000122070312,32.79710006713867,146.18157958984375,61.97336959838867,143.85000610351562,96.73284912109375,32.72879409790039,62.47800064086914,41.54756546020508,2357.159912109375
2017-04-11,33.737396240234375,902.3599853515625,26.686206817626953,839.8800048828125,32.74213409423828,145.65219116210938,61.92609405517578,144.35000610351562,97.07911682128906,32.672061920166016,61.742000579833984,41.68452072143555,2353.780029296875
2017-04-12,33.77788162231445,896.22998046875,26.446352005004883,841.4600219726562,32.641361236572266,145.7205047607422,61.689666748046875,143.8300018310547,96.27772521972656,32.874691009521484,59.36800003051758,41.87282943725586,2344.929931640625
2017-04-13,33.5992317199707,884.6699829101562,26.259794235229492,840.1799926757812,32.29323959350586,144.75564575195312,61.424861907958984,142.9199981689453,94.47705078125,32.64775085449219,60.79999923706055,41.61604309082031,2328.949951171875
2017-04-17,33.7850341796875,901.989990234375,26.33086585998535,855.1300048828125,32.50395202636719,146.09622192382812,61.92609405517578,147.25,98.17735290527344,32.66394805908203,60.28799819946289,41.77867126464844,2349.010009765625
2017-04-18,33.63496780395508,903.780029296875,26.508535385131836,853.989990234375,32.769622802734375,145.19967651367188,61.84098815917969,143.36000061035156,98.2367172241211,32.6234245300293,60.04999923706055,42.129615783691406,2342.18994140625
2017-04-19,33.5110969543457,899.2000122070312,26.65067481994629,856.510009765625,32.89787673950195,138.0613250732422,61.50997543334961,139.75999450683594,98.62258911132812,32.6234245300293,61.104000091552734,41.88994216918945,2338.169921875
2017-04-20,33.93033981323242,902.0599975585938,26.890531539916992,860.0800170898438,33.145233154296875,138.5821990966797,61.94501495361328,141.17999267578125,100.1858139038086,32.712589263916016,60.50199890136719,41.43629455566406,2355.840087890625
2017-04-21,33.88985061645508,898.530029296875,26.25090789794922,858.9500122070312,33.27348709106445,136.94277954101562,62.79616928100586,142.8699951171875,100.60134887695312,32.36405944824219,61.119998931884766,40.44339370727539,2348.68994140625
2017-04-24,34.21619415283203,907.4099731445312,26.25090789794922,878.9299926757812,33.66741180419922,137.2587127685547,63.864830017089844,143.8300018310547,101.85787200927734,32.437007904052734,61.60599899291992,40.272216796875,2374.14990234375
2017-04-25,34.42819595336914,907.6199951171875,26.162078857421875,888.8400268554688,33.777347564697266,136.9513397216797,64.23368072509766,152.16000366210938,103.62889862060547,32.37216567993164,62.757999420166016,39.97262954711914,2388.610107421875
2017-04-26,34.2257194519043,909.2899780273438,25.99329376220703,889.1400146484375,33.83230972290039,136.66952514648438,64.14855194091797,150.1699981689453,102.91654205322266,32.777427673339844,62.034000396728516,40.53755569458008,2387.449951171875
2017-04-27,34.25191879272461,918.3800048828125,25.83338737487793,891.4400024414062,34.29039001464844,136.8915557861328,64.5646743774414,153.0800018310547,104.51934051513672,32.34785461425781,61.72600173950195,39.94695281982422,2388.77001953125
2017-04-28,34.21857452392578,924.989990234375,25.753435134887695,924.52001953125,33.11774826049805,136.86593627929688,64.7443618774414,152.1999969482422,103.19357299804688,32.12090301513672,62.81399917602539,39.29643249511719,2384.199951171875
2017-05-01,34.916526794433594,948.22998046875,25.709020614624023,932.8200073242188,33.26432800292969,135.62782287597656,65.6427993774414,155.35000610351562,105.50874328613281,31.691328048706055,64.56600189208984,39.270755767822266,2388.330078125
2017-05-02,35.1380500793457,946.9400024414062,25.753435134887695,937.0900268554688,33.86896514892578,135.84983825683594,65.53877258300781,156.4499969482422,102.38227081298828,31.569753646850586,63.77799987792969,39.29643249511719,2391.169921875
2017-05-03,35.03086471557617,941.030029296875,25.966638565063477,948.4500122070312,34.13015365600586,135.4485321044922,65.33071899414062,155.58999633789062,103.14409637451172,31.123966217041016,62.20399856567383,39.50185775756836,2388.1298828125
2017-05-04,34.90461349487305,937.530029296875,25.939985275268555,954.719970703125,34.01017379760742,135.80714416503906,65.07535552978516,157.25,102.74834442138672,30.807859420776367,59.09199905395508,39.270755767822266,2389.52001953125
2017-05-05,35.483455657958984,934.1500244140625,25.9577579498291,950.280029296875,33.98248291015625,132.39169311523438,65.25505828857422,156.60000610351562,102.75823974609375,31.25365447998047,61.66999816894531,39.96406555175781,2399.2900390625
2017-05-08,36.44820022583008,949.0399780273438,25.824501037597656,958.6900024414062,33.724063873291016,131.94329833984375,65.19829559326172,156.3800048828125,101.67979431152344,31.261751174926758,61.4379997253418,39.9127197265625,2399.3798828125
2017-05-09,36.681640625,952.8200073242188,25.700138092041016,956.7100219726562,33.56715774536133,131.1501007080078,65.29289245605469,157.4600067138672,101.84800720214844,30.978071212768555,64.25199890136719,39.732967376708984,2396.919921875
2017-05-10,36.50775146484375,948.9500122070312,25.495811462402344,954.8400268554688,33.23489761352539,130.40863037109375,65.54822540283203,160.27999877929688,120.00334167480469,31.164487838745117,65.04399871826172,39.69873046875,2399.6298828125
2017-05-11,36.8234748840332,947.6199951171875,25.646833419799805,955.8900146484375,32.9395637512207,129.89129638671875,64.7443618774414,158.5399932861328,125.15807342529297,31.15638542175293,64.62000274658203,39.39057922363281,2394.43994140625
2017-05-12,37.337745666503906,961.3499755859375,25.113819122314453,955.1400146484375,32.791900634765625,129.6498565673828,64.668701171875,160.80999755859375,126.53333282470703,31.19691276550293,64.96199798583984,39.23651885986328,2390.89990234375
2017-05-15,37.242069244384766,957.969970703125,25.033864974975586,959.219970703125,32.884193420410156,130.63279724121094,64.71598815917969,160.02000427246094,132.88525390625,31.27796173095703,63.17599868774414,38.84278106689453,2402.320068359375
2017-05-16,37.187049865722656,966.0700073242188,24.909496307373047,964.6099853515625,33.05954360961914,132.50375366210938,66.0190658569336,159.41000366210938,135.35870361328125,30.953752517700195,63.402000427246094,38.782867431640625,2400.669921875
2017-05-17,35.9384765625,944.760009765625,24.34983253479004,942.1699829101562,32.339656829833984,130.13270568847656,64.18335723876953,153.1999969482422,126.36514282226562,30.36207389831543,61.22200012207031,38.072425842285156,2357.030029296875
2017-05-18,36.48622131347656,958.489990234375,24.41202163696289,950.5,32.50578689575195,130.00338745117188,64.402099609375,155.6999969482422,131.6584014892578,30.75922966003418,62.61199951171875,38.551761627197266,2365.719970703125
2017-05-19,36.610599517822266,959.8400268554688,24.91838264465332,954.6500244140625,32.67190933227539,131.03805541992188,64.38309478759766,157.02000427246094,134.69898986816406,30.994285583496094,62.16600036621094,38.877010345458984,2381.72998046875
2017-05-22,36.833045959472656,970.6699829101562,25.033864974975586,964.0700073242188,33.01340103149414,131.60707092285156,65.10595703125,157.16000366210938,137.57127380371094,31.00238609313965,62.06999969482422,38.928375244140625,2394.02001953125
2017-05-23,36.787601470947266,971.5399780273438,25.12270164489746,970.5499877929688,33.09646224975586,131.08111572265625,65.32472229003906,157.9499969482422,135.7191619873047,31.05101776123047,60.77199935913086,38.928375244140625,2398.419921875
2017-05-24,36.677581787109375,980.3499755859375,24.722944259643555,977.6099853515625,33.336429595947266,131.49501037597656,65.41033172607422,157.75,137.24441528320312,30.92133140563965,62.04399871826172,38.551761627197266,2404.389892578125
2017-05-25,36.80434036254883,993.3800048828125,24.420900344848633,991.8599853515625,33.46563720703125,132.0899200439453,66.21880340576172,163.0500030517578,136.93739318847656,30.986181259155273,63.36600112915039,38.782867431640625,2415.070068359375
2017-05-26,36.74216079711914,995.780029296875,24.385364532470703,993.27001953125,33.46563720703125,131.4777374267578,66.54217529296875,162.42999267578125,140.48312377929688,30.897024154663086,65.02799987792969,38.79142761230469,2415.820068359375
2017-05-30,36.75651168823242,996.7000122070312,24.305416107177734,996.1699829101562,33.391815185546875,130.8224639892578,66.97021484375,163.22000122070312,143.484130859375,31.245540618896484,67.0199966430664,39.54465866088867,2412.909912109375
2017-05-31,36.53884506225586,994.6199951171875,24.323184967041016,987.0900268554688,33.32720184326172,131.59848022460938,66.42803955078125,163.07000732421875,142.96914672851562,31.229333877563477,68.2020034790039,39.92127227783203,2411.800048828125
2017-06-01,36.639305114746094,995.9500122070312,24.625225067138672,988.2899780273438,33.336429595947266,131.63294982910156,66.67533874511719,162.99000549316406,142.97903442382812,31.504913330078125,68.0739974975586,39.80999755859375,2430.06005859375
2017-06-02,37.18227005004883,1006.72998046875,24.76736068725586,996.1199951171875,33.52101516723633,131.09835815429688,68.25424194335938,165.17999267578125,142.2659149169922,31.504913330078125,67.97000122070312,39.75007629394531,2439.070068359375
2017-06-05,36.818695068359375,1011.3400268554688,24.8561954498291,1003.8800048828125,33.53947448730469,131.40878295898438,68.74884796142578,165.05999755859375,146.5941162109375,31.456275939941406,69.46399688720703,39.69016647338867,2436.10009765625
2017-06-06,36.94308090209961,1003.0,24.81178092956543,996.6799926757812,33.34566116333008,131.37428283691406,68.97712707519531,165.1699981689453,145.93051147460938,31.39143180847168,70.56999969482422,39.75007629394531,2429.330078125
2017-06-07,37.16313171386719,1010.0700073242188,24.589691162109375,1001.5,33.46563720703125,130.17579650878906,68.85347747802734,165.61000061035156,147.69351196289062,31.415746688842773,71.93000030517578,39.80144500732422,2433.139892578125
2017-06-08,37.07223892211914,1010.27001953125,24.50973892211914,1004.280029296875,33.66868591308594,131.1414794921875,68.43497467041016,165.8800048828125,158.41001892089844,31.205018997192383,74.0,39.536094665527344,2433.7900390625
2017-06-09,35.63469314575195,978.3099975585938,24.820659637451172,970.1199951171875,32.9580192565918,132.86590576171875,66.88460540771484,158.02999877929688,148.1688995361328,31.440074920654297,71.46399688720703,39.98975372314453,2431.77001953125
2017-06-12,34.783180236816406,964.9099731445312,25.709020614624023,961.8099975585938,32.97648620605469,133.79708862304688,66.3709716796875,151.44000244140625,148.53536987304688,31.66700553894043,71.802001953125,40.39205551147461,2429.389892578125
2017-06-13,35.06303787231445,980.7899780273438,25.273723602294922,970.5,33.114925384521484,132.99520874023438,67.19847869873047,152.72000122070312,149.95167541503906,31.35091209411621,75.19000244140625,39.76720428466797,2440.35009765625
2017-06-14,34.72098922729492,976.469970703125,25.48693084716797,967.9299926757812,32.791900634765625,132.6158447265625,66.83705139160156,152.1999969482422,150.26864624023438,31.383333206176758,76.13200378417969,39.96406555175781,2437.919921875
2017-06-15,34.51288986206055,964.1699829101562,25.93464469909668,960.1799926757812,32.58885192871094,132.96937561035156,66.4851303100586,151.75999450683594,150.91241455078125,31.4805908203125,75.06800079345703,39.92127227783203,2432.4599609375
2017-06-16,34.02973556518555,987.7100219726562,26.214508056640625,958.6199951171875,32.496559143066406,133.9695281982422,66.58024597167969,152.3800048828125,150.1696014404297,31.57785415649414,74.27999877929688,39.9127197265625,2433.14990234375
2017-06-19,35.003238677978516,995.1699829101562,26.033720016479492,975.219970703125,32.773441314697266,133.50392150878906,67.40772247314453,153.39999389648438,155.8150634765625,31.537330627441406,73.95999908447266,39.861358642578125,2453.4599609375
2017-06-20,34.68510818481445,992.5900268554688,25.428071975708008,968.989990234375,32.17353057861328,133.59878540039062,66.49463653564453,152.0500030517578,155.58724975585938,31.334701538085938,74.447998046875,39.32210922241211,2437.030029296875
2017-06-21,34.89081573486328,1002.22998046875,25.111692428588867,978.5900268554688,31.915103912353516,132.59860229492188,66.83705139160156,155.02999877929688,157.9445037841797,30.92133140563965,75.27999877929688,38.868465423583984,2435.610107421875
2017-06-22,34.83341979980469,1001.2999877929688,24.903778076171875,976.6199951171875,31.712064743041992,133.12454223632812,66.82752990722656,154.88999938964844,156.85501098632812,30.880807876586914,76.52200317382812,38.877010345458984,2434.5
2017-06-23,34.98888397216797,1003.739990234375,24.921865463256836,986.0900268554688,31.555160522460938,132.87454223632812,67.73111724853516,158.02000427246094,152.35845947265625,30.75922966003418,76.69000244140625,38.85134506225586,2438.300048828125
2017-06-26,34.87886047363281,993.97998046875,24.958017349243164,972.0900268554688,31.44441032409668,133.84017944335938,67.08433532714844,157.5,150.6945037841797,30.92133140563965,75.49800109863281,39.159481048583984,2439.070068359375
2017-06-27,34.378944396972656,976.780029296875,24.5964412689209,948.0900268554688,31.056777954101562,133.4263458251953,65.82881927490234,151.02999877929688,145.1778106689453,30.556604385375977,72.4739990234375,38.380577087402344,2419.3798828125
2017-06-28,34.881248474121094,990.3300170898438,24.478925704956055,961.010009765625,31.56439208984375,133.9178009033203,66.3900146484375,153.41000366210938,150.29835510253906,30.751127243041992,74.24800109863281,38.380577087402344,2440.68994140625
2017-06-29,34.36698913574219,975.9299926757812,24.42469024658203,937.8200073242188,30.955251693725586,132.8917999267578,65.14400482177734,150.08999633789062,145.27682495117188,30.491758346557617,72.1500015258789,38.01251220703125,2419.699951171875
2017-06-30,34.44831466674805,968.0,24.415651321411133,929.6799926757812,31.139841079711914,132.6331024169922,65.5625,149.41000366210938,143.1771240234375,30.58091926574707,72.3219985961914,38.22650146484375,2423.409912109375
2017-07-03,34.32392883300781,953.6599731445312,24.81338882446289,919.4600219726562,30.88141632080078,134.14195251464844,64.83963775634766,146.1699981689453,137.99713134765625,30.888914108276367,70.52400207519531,38.517520904541016,2429.010009765625
2017-07-05,34.465057373046875,971.4000244140625,24.722991943359375,932.260009765625,31.693599700927734,132.49513244628906,65.7051773071289,147.61000061035156,141.6815643310547,30.897024154663086,65.41799926757812,38.21794891357422,2432.5400390625
2017-07-06,34.1397590637207,965.1400146484375,23.782886505126953,927.6900024414062,31.038326263427734,131.3656768798828,65.22010040283203,146.25,142.1074676513672,30.52753448486328,61.76599884033203,37.738834381103516,2409.75
2017-07-07,34.4865837097168,978.760009765625,23.638254165649414,940.8099975585938,31.269052505493164,131.86573791503906,66.06661987304688,150.17999267578125,145.3560791015625,30.36332130432129,62.64400100708008,37.70415115356445,2425.179931640625
2017-07-10,34.69706726074219,996.469970703125,23.538820266723633,951.0,31.056777954101562,132.2795867919922,66.56121826171875,152.6699981689453,152.2296905517578,30.240161895751953,63.209999084472656,37.46135330200195,2427.429931640625
2017-07-11,34.80949020385742,994.1300048828125,23.84616470336914,953.530029296875,31.305971145629883,132.08128356933594,66.57071685791016,154.3300018310547,154.38885498046875,30.051311492919922,65.44400024414062,37.1925163269043,2425.530029296875
2017-07-12,34.85972595214844,1006.510009765625,24.026947021484375,967.6599731445312,31.610536575317383,132.52102661132812,67.674072265625,158.75,160.9553985595703,30.240161895751953,65.90399932861328,37.47869110107422,2443.25
2017-07-13,35.34528732299805,1000.6300048828125,24.216777801513672,968.8499755859375,31.6013126373291,132.46066284179688,68.26376342773438,158.2100067138672,159.0933837890625,29.731088638305664,64.68199920654297,37.712825775146484,2447.830078125
2017-07-14,35.649051666259766,1001.8099975585938,24.207746505737305,976.9099731445312,32.007408142089844,132.9866180419922,69.22443389892578,161.1199951171875,163.37205505371094,29.804990768432617,65.55599975585938,37.77352523803711,2459.27001953125
2017-07-17,35.773433685302734,1010.0399780273438,24.2439022064209,975.9600219726562,31.81359100341797,131.9260711669922,69.7665786743164,161.6999969482422,162.6787567138672,29.87888526916504,63.91400146484375,37.86023712158203,2459.139892578125
2017-07-18,35.89781188964844,1024.449951171875,24.30717658996582,986.9500122070312,31.868955612182617,132.77967834472656,69.71900939941406,183.60000610351562,164.37245178222656,29.550460815429688,65.64800262451172,37.60009002685547,2460.610107421875
2017-07-19,36.12265396118164,1026.8699951171875,24.352375030517578,992.77001953125,31.896650314331055,127.20118713378906,70.25165557861328,183.86000061035156,163.52064514160156,29.6654052734375,65.052001953125,37.678131103515625,2473.830078125
2017-07-20,35.959999084472656,1028.699951171875,24.126386642456055,992.1900024414062,32.0720100402832,127.31329345703125,70.59407043457031,183.60000610351562,165.8976593017578,29.98563003540039,65.98400115966797,38.345848083496094,2473.449951171875
2017-07-21,35.94325637817383,1025.6700439453125,23.421306610107422,993.8400268554688,32.05353927612305,126.8132095336914,70.1850814819336,188.5399932861328,166.491943359375,29.977413177490234,65.68000030517578,38.35452651977539,2472.5400390625
2017-07-24,36.37859344482422,1038.949951171875,22.98741340637207,998.3099975585938,31.841279983520508,125.87344360351562,70.0043716430664,187.91000366210938,164.56056213378906,29.74751853942871,68.50399780273438,37.90359115600586,2469.909912109375
2017-07-25,36.534061431884766,1039.8699951171875,22.99645233154297,969.030029296875,31.998170852661133,126.04586791992188,70.5655517578125,186.97000122070312,163.76824951171875,29.73930549621582,67.91999816894531,38.137725830078125,2477.1298828125
2017-07-26,36.70628356933594,1052.800048828125,23.13204574584961,965.3099975585938,32.0720100402832,125.33023071289062,70.43236541748047,189.0800018310547,165.6599578857422,31.225448608398438,68.7699966430664,38.50194549560547,2477.830078125
2017-07-27,36.01262664794922,1046.0,23.31283187866211,952.510009765625,32.275054931640625,125.08018493652344,69.58586120605469,182.67999267578125,160.19281005859375,32.35853576660156,66.89199829101562,41.458953857421875,2475.419921875
2017-07-28,35.75908279418945,1020.0399780273438,23.077804565429688,958.3300170898438,32.58885192871094,124.40766906738281,69.47171020507812,184.0399932861328,162.81739807128906,32.02188491821289,67.01399993896484,41.571685791015625,2472.10009765625
2017-07-31,35.57490539550781,987.780029296875,23.150123596191406,945.5,32.73652267456055,124.73529052734375,69.14833068847656,181.66000366210938,160.9553985595703,32.02188491821289,64.69400024414062,41.970577239990234,2470.300048828125
2017-08-01,35.8906364440918,996.1900024414062,22.99645233154297,946.5599975585938,33.548702239990234,125.27850341796875,69.0342025756836,182.02999877929688,162.91647338867188,31.92336082458496,63.91400146484375,42.3954963684082,2476.35009765625
2017-08-02,37.58650207519531,995.8900146484375,23.068767547607422,947.6400146484375,33.81635665893555,124.54560089111328,68.7298355102539,180.74000549316406,162.81739807128906,31.42250633239746,65.1780014038086,41.80581283569336,2477.570068359375
2017-08-03,37.210975646972656,986.9199829101562,23.285715103149414,940.2999877929688,33.930728912353516,124.96810150146484,68.62519836425781,179.22999572753906,164.887451171875,31.43071174621582,69.41799926757812,42.152687072753906,2472.159912109375
2017-08-04,37.40711212158203,987.5800170898438,23.303794860839844,945.7899780273438,33.754051208496094,125.15780639648438,69.12931823730469,180.27000427246094,165.61044311523438,31.55387306213379,71.38200378417969,42.412837982177734,2476.830078125
2017-08-07,37.98595428466797,992.27001953125,23.16819953918457,945.75,33.87494659423828,123.7006607055664,68.86299896240234,181.3300018310547,170.7012939453125,31.627775192260742,71.03399658203125,42.369476318359375,2480.909912109375
2017-08-08,38.28972625732422,989.8400268554688,23.10492706298828,944.1900024414062,33.8563346862793,123.82264709472656,69.23394012451172,178.36000061035156,168.67088317871094,31.49640464782715,73.04399871826172,42.14400863647461,2474.919921875
2017-08-09,38.524131774902344,982.010009765625,23.24051856994629,940.0800170898438,34.023712158203125,123.5263900756836,68.9295654296875,175.77999877929688,170.4635772705078,31.49640464782715,72.70600128173828,41.81449508666992,2474.02001953125
2017-08-10,37.29706573486328,956.9199829101562,22.869897842407227,923.5900268554688,33.60527420043945,123.58736419677734,67.92134857177734,169.13999938964844,163.16407775878906,31.356815338134766,71.08000183105469,41.64105987548828,2438.2099609375
2017-08-11,37.81575012207031,967.989990234375,22.779502868652344,930.0900268554688,33.35422134399414,123.58736419677734,68.95809936523438,171.39999389648438,154.4680633544922,31.28292465209961,71.5739974975586,41.67574691772461,2441.320068359375
2017-08-14,38.38486099243164,983.2999877929688,22.92413330078125,938.9299926757812,33.79125213623047,124.00560760498047,69.9948501586914,171.0,166.7890625,31.611356735229492,72.76000213623047,42.30009841918945,2465.840087890625
2017-08-15,38.80508041381836,982.739990234375,22.72526741027832,938.0800170898438,33.47509765625,123.78778076171875,70.01398468017578,168.5,165.3826446533203,31.33218765258789,72.46600341796875,42.03995132446289,2464.610107421875
2017-08-16,38.64900207519531,978.1799926757812,22.689109802246094,944.27001953125,33.298423767089844,124.16243743896484,70.4251480102539,169.97999572753906,163.57017517089844,31.389671325683594,72.58200073242188,41.979248046875,2468.110107421875
2017-08-17,37.90699768066406,960.5700073242188,22.372726440429688,927.6599731445312,32.70330047607422,122.59407043457031,69.2298812866211,166.08999633789062,159.92535400390625,30.87238883972168,70.38400268554688,41.52832794189453,2430.010009765625
2017-08-18,37.820560455322266,958.469970703125,22.191936492919922,926.1799926757812,32.55453109741211,121.7227783203125,69.31593322753906,166.5399932861328,159.95506286621094,30.683534622192383,69.49199676513672,41.35489273071289,2425.550048828125
2017-08-21,37.75091552734375,953.2899780273438,22.137697219848633,920.8699951171875,32.47084426879883,122.27169036865234,68.99082946777344,166.75999450683594,157.62757873535156,30.855968475341797,67.5719985961914,41.7451171875,2428.3701171875
2017-08-22,38.368045806884766,966.9000244140625,22.237136840820312,940.4000244140625,32.21977996826172,122.86418151855469,69.95661163330078,169.33999633789062,161.13677978515625,31.184396743774414,68.2699966430664,41.927215576171875,2452.510009765625
2017-08-23,38.41606903076172,958.0,22.047304153442383,942.5800170898438,32.22908020019531,123.84877014160156,69.535888671875,169.05999755859375,164.35853576660156,31.135129928588867,70.55400085449219,41.86651611328125,2444.0400390625
2017-08-24,38.245574951171875,952.4500122070312,21.9659481048584,936.8900146484375,32.27557373046875,124.54580688476562,69.50718688964844,168.1300048828125,163.7538299560547,30.93807601928711,70.58599853515625,41.89253616333008,2438.969970703125
2017-08-25,38.38726043701172,945.260009765625,22.137697219848633,930.5,32.23837661743164,125.24287414550781,69.63147735595703,165.9499969482422,162.38580322265625,31.192609786987305,69.61000061035156,42.2133903503418,2443.050048828125
2017-08-28,38.773868560791016,946.02001953125,22.11962127685547,928.1300048828125,32.21977996826172,124.171142578125,69.64105224609375,167.1199951171875,163.53573608398438,31.15155601501465,69.13200378417969,42.152687072753906,2444.239990234375
2017-08-29,39.11965560913086,954.0599975585938,22.092500686645508,935.75,32.29416275024414,124.72008514404297,69.85140991210938,168.80999755859375,163.26808166503906,31.077648162841797,69.47200012207031,42.06596374511719,2446.300048828125
2017-08-30,39.22531509399414,967.5900268554688,21.9478702545166,943.6300048828125,32.44294357299805,124.21473693847656,70.76937866210938,174.69000244140625,164.23956298828125,30.929859161376953,70.63600158691406,41.727779388427734,2457.590087890625
2017-08-31,39.38139724731445,980.5999755859375,22.191936492919922,955.239990234375,32.610321044921875,124.6242446899414,71.4961166381836,174.7100067138672,167.96688842773438,30.757434844970703,71.18000030517578,41.59770202636719,2471.64990234375
2017-09-01,39.393409729003906,978.25,22.72526741027832,951.989990234375,32.62892150878906,125.53909301757812,70.70245361328125,174.74000549316406,168.97801208496094,30.773862838745117,71.08000183105469,41.55434036254883,2476.550048828125
2017-09-05,38.92034912109375,965.27001953125,22.372726440429688,941.47998046875,32.56383514404297,124.6329574584961,70.38690185546875,174.52000427246094,164.46759033203125,30.453641891479492,69.91799926757812,41.0687370300293,2457.85009765625
2017-09-06,38.87952423095703,967.7999877929688,22.526397705078125,942.02001953125,33.251922607421875,125.3125991821289,70.18609619140625,179.25,164.3684539794922,30.02667999267578,68.90599822998047,40.678504943847656,2465.5400390625
2017-09-07,38.72344207763672,979.469970703125,21.712841033935547,949.8900146484375,33.04736328125,124.51097106933594,71.08493041992188,179.0,165.1317596435547,29.23023796081543,70.12200164794922,40.06282424926758,2465.10009765625
2017-09-08,38.09190368652344,965.9000244140625,21.53205108642578,941.4099731445312,32.72190475463867,124.1188735961914,70.7406997680664,176.4199981689453,162.26686096191406,29.22202491760254,68.68000030517578,39.98478698730469,2461.429931640625
2017-09-11,38.78107833862305,977.9600219726562,21.44165802001953,943.2899780273438,33.261226654052734,126.21875762939453,71.48654174804688,181.74000549316406,167.53070068359375,29.34519386291504,72.73799896240234,40.149539947509766,2488.110107421875
2017-09-12,38.62739562988281,982.5800170898438,21.6134090423584,946.6500244140625,33.55878829956055,127.0029296875,71.41004943847656,185.14999389648438,168.13539123535156,29.77215003967285,72.55000305175781,40.57445526123047,2496.47998046875
2017-09-13,38.33683395385742,999.5999755859375,21.794198989868164,950.4400024414062,33.781951904296875,127.203369140625,71.91683959960938,183.63999938964844,168.88877868652344,30.0102596282959,73.24600219726562,40.97334289550781,2498.3701171875
2017-09-14,38.007850646972656,992.2100219726562,21.929794311523438,940.1300048828125,33.92143249511719,126.81124877929688,71.4961166381836,182.6300048828125,167.92724609375,29.8214168548584,75.52799987792969,40.91264343261719,2495.6201171875
2017-09-15,38.39206314086914,986.7899780273438,21.856355667114258,935.2899780273438,34.40496063232422,126.18389129638672,72.012451171875,182.35000610351562,178.54408264160156,30.461849212646484,75.96199798583984,41.50231170654297,2500.22998046875
2017-09-18,38.10150146484375,974.1900024414062,22.340431213378906,929.75,34.40496063232422,125.94864654541016,71.8690414428711,184.6199951171875,185.91941833496094,30.724590301513672,77.0,41.701759338378906,2503.8701171875
2017-09-19,38.115909576416016,969.8599853515625,22.102962493896484,936.8599853515625,34.61882781982422,125.80923461914062,72.13677978515625,185.67999267578125,185.7211456298828,31.373247146606445,75.0199966430664,42.785709381103516,2506.64990234375
2017-09-20,37.477169036865234,973.2100219726562,22.212560653686523,947.5399780273438,34.47005081176758,127.10749816894531,71.65866088867188,185.50999450683594,184.2242889404297,31.55387306213379,74.78199768066406,42.907108306884766,2508.239990234375
2017-09-21,36.83361053466797,964.6500244140625,22.605304718017578,947.5499877929688,34.5909309387207,126.5672836303711,70.96060943603516,188.77999877929688,179.18844604492188,31.381450653076172,73.2959976196289,42.4388427734375,2500.60009765625
2017-09-22,36.47341537475586,955.0999755859375,22.714902877807617,943.260009765625,34.57233428955078,126.45401763916016,71.15187072753906,187.35000610351562,177.44374084472656,31.68524932861328,70.21800231933594,43.27132797241211,2502.219970703125
2017-09-25,36.15164566040039,939.7899780273438,22.93410301208496,934.280029296875,34.55373001098633,127.09877014160156,70.05221557617188,178.5500030517578,169.5133056640625,32.120418548583984,68.99800109863281,43.27132797241211,2496.659912109375
2017-09-26,36.77357864379883,938.5999755859375,22.769702911376953,937.4299926757812,34.84199905395508,127.70000457763672,70.05221557617188,179.3800048828125,170.46498107910156,31.791996002197266,69.05000305175781,42.93313217163086,2496.840087890625
2017-09-27,37.03532409667969,950.8699951171875,22.25823211669922,959.9000244140625,34.907081604003906,126.91581726074219,70.61638641357422,181.97000122070312,174.2021942138672,31.83304214477539,68.19400024414062,42.93313217163086,2507.0400390625
2017-09-28,36.80720138549805,956.4000244140625,22.13949203491211,964.8099975585938,35.1767463684082,126.91581726074219,70.6355209350586,180.6999969482422,174.15260314941406,32.05473709106445,67.91999816894531,42.84641647338867,2510.06005859375
2017-09-29,37.00890350341797,961.3499755859375,22.084692001342773,973.719970703125,35.409217834472656,126.41046142578125,71.22836303710938,181.35000610351562,177.21575927734375,32.16147232055664,68.22000122070312,42.91579055786133,2519.360107421875
2017-10-02,36.934471130371094,959.1900024414062,22.440902709960938,967.469970703125,36.3018798828125,127.7871322631836,71.34310913085938,177.00999450683594,177.44374084472656,32.112205505371094,68.30599975585938,42.803062438964844,2529.1201171875
2017-10-03,37.095359802246094,957.0999755859375,22.65096664428711,972.0800170898438,36.61803436279297,127.89165496826172,71.00843811035156,179.19000244140625,177.810546875,32.41600036621094,69.62799835205078,43.22796630859375,2534.580078125
2017-10-04,36.855228424072266,965.4500122070312,22.358699798583984,966.780029296875,36.580841064453125,127.63028717041016,71.41960906982422,184.4499969482422,179.29750061035156,32.43242645263672,71.00199890136719,43.27132797241211,2537.739990234375
2017-10-05,37.313873291015625,980.8499755859375,22.41349983215332,985.1900024414062,36.75751495361328,127.83940124511719,72.6435546875,194.38999938964844,179.1983642578125,32.44063949584961,71.06600189208984,43.15858840942383,2552.070068359375
2017-10-06,37.29225540161133,989.5800170898438,22.276498794555664,993.6400146484375,36.850502014160156,127.63028717041016,72.67225646972656,198.02000427246094,179.72377014160156,32.08314514160156,71.3759994506836,42.83389663696289,2549.330078125
2017-10-09,37.421932220458984,990.989990234375,21.39968490600586,992.3099975585938,37.064369201660156,128.4231719970703,72.94955444335938,196.8699951171875,183.7781982421875,31.842039108276367,68.58799743652344,43.04450225830078,2544.72998046875
2017-10-10,37.436336517333984,987.2000122070312,21.33574867248535,987.7999877929688,36.869102478027344,129.39031982421875,72.94955444335938,195.0800018310547,187.2874298095703,32.00831604003906,71.11799621582031,43.12348556518555,2550.639892578125
2017-10-11,37.59242630004883,995.0,21.070880889892578,1005.6500244140625,36.543643951416016,128.6235809326172,73.0738525390625,194.9499969482422,189.27993774414062,31.750581741333008,70.91999816894531,42.877769470214844,2555.239990234375
2017-10-12,37.46036148071289,1000.9299926757812,21.052614212036133,1005.6500244140625,36.44135665893555,128.1094970703125,73.74319458007812,195.86000061035156,189.36911010742188,29.813465118408203,71.13600158691406,42.430206298828125,2550.929931640625
2017-10-13,37.698089599609375,1002.9400024414062,20.988679885864258,1007.8699951171875,36.8876953125,128.17050170898438,74.09700775146484,199.49000549316406,192.898193359375,29.680442810058594,71.11399841308594,42.000205993652344,2553.169921875
2017-10-16,38.39206314086914,1006.3400268554688,21.33574867248535,1009.3499755859375,36.97138214111328,127.93522644042969,74.24999237060547,202.67999267578125,196.20919799804688,30.071189880371094,70.12000274658203,42.20204544067383,2557.639892578125
2017-10-17,38.53373718261719,1009.1300048828125,21.180482864379883,1011.0,36.99928283691406,127.68257141113281,74.192626953125,199.47999572753906,196.03074645996094,30.121078491210938,71.1500015258789,42.474090576171875,2559.360107421875
2017-10-18,38.36324691772461,997.0,21.116548538208008,1012.739990234375,37.4270133972168,139.00094604492188,74.21175384521484,195.5399932861328,195.86219787597656,29.688753128051758,71.93000030517578,42.6934814453125,2561.260009765625
2017-10-19,37.45555114746094,986.6099853515625,21.536684036254883,1001.8400268554688,37.27824020385742,140.1946563720703,74.49862670898438,195.1300048828125,196.080322265625,29.6721248626709,70.36199951171875,43.184913635253906,2562.10009765625
2017-10-20,37.520389556884766,982.9099731445312,21.765026092529297,1005.0700073242188,37.594390869140625,141.21408081054688,75.35921478271484,194.16000366210938,195.18812561035156,29.54742431640625,69.0199966430664,43.46574020385742,2575.2099609375
2017-10-23,37.50117874145508,966.2999877929688,20.385873794555664,985.5399780273438,37.966339111328125,139.01840209960938,75.37834167480469,192.47000122070312,194.91058349609375,29.30631446838379,67.40399932861328,42.99185562133789,2564.97998046875
2017-10-24,37.7244987487793,975.9000244140625,19.993133544921875,988.489990234375,38.077919006347656,135.82064819335938,75.40701293945312,196.02000427246094,196.95265197753906,28.98207664489746,67.46800231933594,42.947975158691406,2569.1298828125
2017-10-25,37.558807373046875,972.9099731445312,19.63692855834961,991.4600219726562,37.91984176635742,133.7469024658203,75.18709564208984,193.77000427246094,191.97628784179688,27.84308433532715,65.16799926757812,42.68470764160156,2557.14990234375
2017-10-26,37.79893493652344,972.4299926757812,19.4725284576416,991.4199829101562,38.44986343383789,133.83404541015625,75.31138610839844,195.2100067138672,193.98866271972656,28.001047134399414,65.23400115966797,42.90409851074219,2560.39990234375
2017-10-27,39.15326690673828,1100.949951171875,18.988454818725586,1033.6700439453125,41.285945892333984,133.9037322998047,80.14027404785156,199.5399932861328,200.10501098632812,28.242143630981445,64.17400360107422,42.88654708862305,2581.070068359375
2017-10-30,40.0345573425293,1110.8499755859375,18.64138412475586,1033.1300048828125,41.258052825927734,134.49624633789062,80.2167739868164,198.3699951171875,202.06781005859375,27.884647369384766,64.01599884033203,41.9738883972168,2572.830078125
2017-10-31,40.591651916503906,1105.280029296875,18.413047790527344,1033.0400390625,42.29949951171875,134.23483276367188,79.5378646850586,196.42999267578125,205.01194763183594,27.97610855102539,66.30599975585938,42.00898361206055,2575.260009765625
2017-11-01,40.07537841796875,1103.6800537109375,18.285181045532227,1042.5999755859375,43.433929443359375,134.20872497558594,79.5378646850586,198.0,205.39857482910156,27.892963409423828,64.21600341796875,41.9738883972168,2579.360107421875
2017-11-02,40.36833953857422,1094.219970703125,18.212108612060547,1042.969970703125,43.79658126831055,133.61624145507812,80.3697738647461,199.32000732421875,204.1495361328125,27.577035903930664,59.85200119018555,41.6491813659668,2579.85009765625
2017-11-03,41.422508239746094,1111.5999755859375,18.3947811126709,1049.989990234375,43.08988571166992,132.073974609375,80.45582580566406,200.00999450683594,206.87562561035156,27.68511962890625,61.21799850463867,41.614078521728516,2587.840087890625
2017-11-06,41.84273910522461,1120.6600341796875,18.38564682006836,1042.6800537109375,43.681983947753906,131.42921447753906,80.7713851928711,200.1300048828125,207.80746459960938,27.319307327270508,60.555999755859375,39.95548629760742,2591.1298828125
2017-11-07,41.977203369140625,1123.1700439453125,18.458711624145508,1052.3900146484375,43.75680923461914,131.87356567382812,80.58012390136719,195.88999938964844,210.18655395507812,27.493896484375,61.209999084472656,39.990577697753906,2590.639892578125
2017-11-08,42.32059860229492,1132.8800048828125,18.376510620117188,1058.2900390625,43.681983947753906,132.06527709960938,80.85743713378906,196.44000244140625,207.341552734375,27.801509857177734,60.87799835205078,39.894046783447266,2594.3798828125
2017-11-09,42.23414993286133,1129.1300048828125,18.257774353027344,1047.719970703125,43.30782699584961,132.26768493652344,80.40801239013672,193.89999389648438,203.53494262695312,28.26708984375,60.597999572753906,39.55180358886719,2584.6201171875
2017-11-10,42.09436798095703,1125.3499755859375,18.71445083618164,1044.1500244140625,42.63436508178711,131.2644500732422,80.19766235351562,192.02000427246094,214.2608642578125,28.449993133544922,60.597999572753906,39.38507080078125,2582.300048828125
2017-11-13,41.92567443847656,1129.1700439453125,17.371835708618164,1041.199951171875,42.793373107910156,130.59564208984375,80.2550277709961,195.0800018310547,210.7814178466797,28.408416748046875,63.08000183105469,39.27097702026367,2584.840087890625
2017-11-14,41.29186248779297,1136.8399658203125,16.34888458251953,1041.6400146484375,42.89626693725586,131.02685546875,80.3697738647461,195.7100067138672,212.31790161132812,28.0343017578125,61.7400016784668,38.80587387084961,2578.8701171875
2017-11-15,40.74721145629883,1126.68994140625,16.677690505981445,1036.4100341796875,42.52211380004883,129.4516143798828,79.7451171875,192.1199951171875,208.15438842773438,28.109127044677734,62.2599983215332,38.709346771240234,2564.6201171875
2017-11-16,41.23402404785156,1137.2900390625,16.668556213378906,1048.469970703125,42.69983673095703,131.229248046875,79.95652770996094,195.50999450683594,209.77024841308594,28.699411392211914,62.5,39.28853225708008,2585.639892578125
2017-11-17,41.00507736206055,1129.8800048828125,16.632022857666016,1035.8900146484375,41.74575424194336,131.0972442626953,79.18772888183594,193.1999969482422,209.5224151611328,28.691091537475586,63.0099983215332,39.858951568603516,2578.85009765625
2017-11-20,40.964115142822266,1126.31005859375,16.421955108642578,1034.6600341796875,41.73640060424805,132.45248413085938,79.3126449584961,194.10000610351562,212.21876525878906,28.799171447753906,61.74800109863281,40.54344940185547,2582.139892578125
2017-11-21,41.725650787353516,1139.489990234375,16.284954071044922,1050.300048828125,42.03571701049805,133.71969604492188,80.45626068115234,196.22999572753906,214.17164611816406,28.541446685791016,63.5620002746582,40.52590560913086,2599.030029296875
2017-11-22,42.16425704956055,1156.1600341796875,16.57722282409668,1051.9200439453125,41.764461517333984,133.5613250732422,79.87005615234375,196.32000732421875,213.2093963623047,28.99039077758789,62.52000045776367,41.333251953125,2597.080078125
2017-11-24,42.16667556762695,1186.0,16.613754272460938,1056.52001953125,41.858001708984375,133.62290954589844,80.01419067382812,195.75,215.22314453125,28.940507888793945,63.11000061035156,41.254276275634766,2602.419921875
2017-11-27,41.954593658447266,1195.8299560546875,16.549821853637695,1072.010009765625,41.614803314208984,133.7461395263672,80.60041809082031,195.0500030517578,212.4257354736328,28.832427978515625,63.36199951171875,41.82469940185547,2601.419921875
2017-11-28,41.70878219604492,1193.5999755859375,16.81468963623047,1063.2900390625,41.839298248291016,134.17733764648438,81.57103729248047,199.17999267578125,209.02320861816406,29.447654724121094,63.5099983215332,42.84267044067383,2627.0400390625
2017-11-29,40.8436279296875,1161.27001953125,16.878629684448242,1037.3800048828125,41.10969924926758,135.1277618408203,80.09107208251953,188.14999389648438,194.84759521484375,30.328914642333984,61.507999420166016,43.790435791015625,2626.070068359375
2017-11-30,41.414772033691406,1176.75,16.705089569091797,1036.1700439453125,41.94218063354492,135.4973602294922,80.88871002197266,187.5800018310547,199.103271484375,30.245784759521484,61.77000045776367,44.65922546386719,2647.580078125
2017-12-01,41.22197341918945,1162.3499755859375,16.33062171936035,1025.0699462890625,41.79252624511719,136.1925811767578,80.97521209716797,186.82000732421875,196.09750366210938,30.345548629760742,61.305999755859375,44.97515106201172,2642.219970703125
2017-12-04,40.92073059082031,1133.949951171875,16.394556045532227,1011.8699951171875,41.614803314208984,137.6886444091797,77.91919708251953,184.0399932861328,185.1656951904297,30.98571014404297,61.040000915527344,45.387603759765625,2639.43994140625
2017-12-05,40.882164001464844,1141.5699462890625,16.22101402282715,1019.5999755859375,40.63265609741211,136.71182250976562,78.40929412841797,184.2100067138672,186.23707580566406,30.38711929321289,60.7400016784668,44.685550689697266,2629.570068359375
2017-12-06,40.730350494384766,1152.3499755859375,16.24382781982422,1032.719970703125,40.64201354980469,135.61178588867188,79.55290985107422,185.3000030517578,187.74490356445312,30.021310806274414,62.652000427246094,44.474937438964844,2629.27001953125
2017-12-07,40.8050651550293,1159.7900390625,16.289819717407227,1044.5699462890625,40.29592514038086,135.14535522460938,79.27420806884766,185.1999969482422,190.45306396484375,30.071189880371094,62.24800109863281,44.246768951416016,2636.97998046875
2017-12-08,40.817100524902344,1162.0,16.289819717407227,1049.3800048828125,40.5484733581543,136.236572265625,80.87911224365234,188.5399932861328,189.95704650878906,30.536771774291992,63.0260009765625,44.83473205566406,2651.5
2017-12-11,41.61238479614258,1168.9200439453125,16.23463249206543,1051.969970703125,40.838443756103516,136.76458740234375,81.90739440917969,186.22000122070312,193.1016845703125,30.67810821533203,65.78199768066406,45.49291229248047,2659.989990234375
2017-12-12,41.37862014770508,1165.0799560546875,16.473779678344727,1048.77001953125,40.52976608276367,137.93504333496094,82.24374389648438,185.72999572753906,189.31224060058594,31.675762176513672,68.20600128173828,46.67761993408203,2664.110107421875
2017-12-13,41.515987396240234,1164.1300048828125,16.33580780029297,1051.3900146484375,40.539119720458984,135.44456481933594,82.02272033691406,187.86000061035156,184.68955993652344,31.625883102416992,67.80599975585938,46.41436004638672,2662.85009765625
2017-12-14,41.503936767578125,1174.260009765625,16.225431442260742,1057.469970703125,40.464290618896484,135.52378845214844,81.38843536376953,189.55999755859375,184.9772491455078,31.376468658447266,67.5780029296875,45.93169403076172,2652.010009765625
2017-12-15,41.92567443847656,1179.1400146484375,16.39099884033203,1072.0,41.680274963378906,134.20375061035156,83.46424102783203,190.1199951171875,190.02650451660156,31.792163848876953,68.69000244140625,46.22128677368164,2675.81005859375
2017-12-18,42.51611328125,1190.5799560546875,16.33580780029297,1085.0899658203125,43.270416259765625,134.93414306640625,83.01256561279297,190.4199981689453,196.3157501220703,31.975067138671875,67.77400207519531,46.730281829833984,2690.159912109375
2017-12-19,42.06303787231445,1187.3800048828125,16.179441452026367,1079.780029296875,44.0000114440918,134.84613037109375,82.4840087890625,187.02000427246094,194.54006958007812,31.63419532775879,66.22000122070312,46.36170196533203,2681.469970703125
2017-12-20,42.01725387573242,1177.6199951171875,16.050668716430664,1073.56005859375,44.48640060424805,134.5997314453125,82.18610382080078,188.82000732421875,195.22451782226562,32.04988098144531,65.7959976196289,46.30904769897461,2679.25
2017-12-21,42.17631149291992,1174.760009765625,16.069067001342773,1070.8499755859375,43.738101959228516,133.32369995117188,82.16687774658203,188.6199951171875,194.32180786132812,32.32424545288086,66.33200073242188,46.5196533203125,2684.570068359375
2017-12-22,42.17631149291992,1168.3599853515625,16.09665870666504,1068.8599853515625,43.681983947753906,134.20375061035156,82.17647552490234,189.94000244140625,193.70680236816406,32.37413024902344,65.04000091552734,46.67761993408203,2683.340087890625
2017-12-26,41.10630416870117,1176.760009765625,16.14742660522461,1065.8499755859375,43.102046966552734,134.49415588378906,82.07077026367188,187.75999450683594,195.8594207763672,32.473899841308594,63.45800018310547,46.703948974609375,2680.5
2017-12-27,41.11353302001953,1182.260009765625,16.101102828979492,1060.199951171875,43.13010787963867,134.7581329345703,82.3686752319336,186.24000549316406,195.59158325195312,32.33256149291992,62.327999114990234,46.75659942626953,2682.6201171875
2017-12-28,41.22921371459961,1186.0999755859375,16.082578659057617,1055.949951171875,43.23300552368164,135.55897521972656,82.37828826904297,192.7100067138672,195.8197479248047,32.573665618896484,63.071998596191406,46.88823699951172,2687.5400390625
2017-12-29,40.78336715698242,1169.469970703125,16.165952682495117,1053.4000244140625,43.17687225341797,135.01336669921875,82.205322265625,191.9600067138672,191.9509735107422,32.32424545288086,62.27000045776367,46.449462890625,2673.610107421875
2018-01-02,41.513580322265625,1189.010009765625,16.65695571899414,1073.2099609375,43.82228088378906,135.74375915527344,82.59931945800781,201.07000732421875,197.754150390625,32.04157638549805,64.10600280761719,46.97599411010742,2695.81005859375
2018-01-03,41.506343841552734,1204.199951171875,16.81444549560547,1091.52001953125,42.33503341674805,139.47511291503906,82.98372650146484,205.0500030517578,210.76910400390625,31.3016414642334,63.45000076293945,46.01066970825195,2713.06005859375
2018-01-04,41.69913864135742,1209.5899658203125,17.166486740112305,1095.760009765625,41.558677673339844,142.29995727539062,83.71411895751953,205.6300048828125,211.88011169433594,31.592626571655273,62.92399978637695,46.15985107421875,2723.989990234375
2018-01-05,42.173892974853516,1229.1400146484375,17.175750732421875,1110.2900390625,41.8486442565918,142.9951934814453,84.75201416015625,209.99000549316406,213.67562866210938,31.70902442932129,63.316001892089844,46.0545539855957,2743.14990234375
2018-01-08,42.01725387573242,1246.8699951171875,16.934879302978516,1114.2099609375,41.8486442565918,143.8576202392578,84.83848571777344,212.0500030517578,220.22280883789062,31.80047607421875,67.28199768066406,45.97557067871094,2747.7099609375
2018-01-09,42.01243209838867,1252.699951171875,17.194276809692383,1112.7900390625,40.801025390625,144.17440795898438,84.78083801269531,209.30999755859375,220.16326904296875,31.581451416015625,66.73799896240234,45.80693054199219,2751.2900390625
2018-01-10,42.0027961730957,1254.3299560546875,17.537050247192383,1110.1400146484375,39.75341033935547,144.48239135742188,84.39643859863281,212.52000427246094,221.8893585205078,30.84855842590332,66.95999908447266,45.87793731689453,2748.22998046875
2018-01-11,42.24137878417969,1276.6800537109375,17.62042808532715,1112.050048828125,40.60459899902344,144.5000457763672,84.64628601074219,217.24000549316406,222.2861785888672,30.730623245239258,67.58999633789062,46.25071334838867,2767.56005859375
2018-01-12,42.677581787109375,1305.199951171875,17.379560470581055,1130.6500244140625,40.44558334350586,143.5671844482422,86.1070327758789,221.22999572753906,221.1949462890625,31.08443832397461,67.24400329589844,46.02882766723633,2786.239990234375
2018-01-16,42.46068572998047,1304.8599853515625,16.870031356811523,1130.699951171875,40.352046966552734,144.1920166015625,84.90576171875,221.52999877929688,218.3479766845703,30.93280029296875,68.01200103759766,45.85131072998047,2776.419921875
2018-01-17,43.16197967529297,1295.0,16.073312759399414,1139.0999755859375,41.52126693725586,148.4161376953125,86.6259765625,217.5,222.92103576660156,31.042312622070312,69.43199920654297,45.90456771850586,2802.56005859375
2018-01-18,43.20053482055664,1293.3199462890625,15.535993576049805,1135.969970703125,41.605445861816406,148.82972717285156,86.5875473022461,220.3300018310547,222.64328002929688,31.29503631591797,68.91400146484375,45.75367736816406,2798.030029296875
2018-01-19,43.00774383544922,1294.5799560546875,15.063519477844238,1143.5,41.9234733581543,142.88954162597656,86.49143981933594,220.4600067138672,228.2678680419922,31.345582962036133,70.00399780273438,46.073204040527344,2810.300048828125
2018-01-22,42.6558952331543,1327.31005859375,14.980143547058105,1164.1600341796875,42.793373107910156,143.09197998046875,88.03866577148438,227.5800018310547,231.81922912597656,31.901559829711914,70.31199645996094,47.44892120361328,2832.969970703125
2018-01-23,42.665523529052734,1362.5400390625,15.647162437438965,1176.1700439453125,43.08333969116211,146.30410766601562,88.3173828125,250.2899932861328,236.9974365234375,31.328725814819336,70.55799865722656,47.244781494140625,2839.1298828125
2018-01-24,41.985931396484375,1357.510009765625,15.230277061462402,1171.2900390625,42.568878173828125,145.5296630859375,88.240478515625,261.29998779296875,233.91233825683594,31.185518264770508,69.1780014038086,48.12346267700195,2837.5400390625
2018-01-25,41.23643493652344,1377.949951171875,14.989407539367676,1182.1400146484375,42.372459411621094,145.61764526367188,88.73062133789062,269.70001220703125,234.45791625976562,31.547754287719727,67.52799987792969,48.18558883666992,2839.25
2018-01-26,41.332828521728516,1402.050048828125,14.943085670471191,1187.56005859375,46.84354782104492,147.26329040527344,90.39317321777344,274.6000061035156,241.38206481933594,31.859447479248047,68.56999969482422,48.56724548339844,2872.8701171875
2018-01-29,40.4773063659668,1417.6800537109375,15.082047462463379,1186.47998046875,46.75000762939453,146.78807067871094,90.25862121582031,284.5899963378906,244.87388610839844,31.387691497802734,69.90599822998047,48.04358673095703,2853.530029296875
2018-01-30,40.23872375488281,1437.8199462890625,14.776330947875977,1177.3699951171875,45.63690948486328,143.98959350585938,89.12462615966797,278.79998779296875,240.77691650390625,31.53932762145996,69.16400146484375,47.83945083618164,2822.429931640625
2018-01-31,40.349578857421875,1450.8900146484375,14.980143547058105,1182.219970703125,45.0289192199707,144.06002807617188,91.3061294555664,270.29998779296875,243.832275390625,31.547754287719727,70.86199951171875,47.99032974243164,2823.81005859375
2018-02-01,40.433929443359375,1390.0,14.841178894042969,1181.5899658203125,44.570587158203125,142.9159698486328,90.58537292480469,265.07000732421875,238.57472229003906,32.98825454711914,69.8499984741211,48.19446563720703,2821.97998046875
2018-02-02,38.67949676513672,1429.949951171875,14.489141464233398,1119.199951171875,43.16752624511719,139.95028686523438,88.20204162597656,267.42999267578125,231.6505889892578,32.07004165649414,68.75,47.022891998291016,2762.1298828125
2018-02-05,37.71310043334961,1390.0,13.812859535217285,1062.3900146484375,41.64286804199219,134.2301483154297,84.56941986083984,254.25999450683594,211.98924255371094,30.85698699951172,66.6259994506836,44.821739196777344,2648.93994140625
2018-02-06,39.28919982910156,1442.8399658203125,14.146368980407715,1084.4300537109375,42.29264831542969,136.70298767089844,87.76958465576172,265.7200012207031,223.77415466308594,31.025468826293945,66.79399871826172,45.11463928222656,2695.139892578125
2018-02-07,38.4481315612793,1416.780029296875,14.127840995788574,1055.4100341796875,42.56575012207031,135.3917694091797,86.11664581298828,264.55999755859375,226.96835327148438,31.10970687866211,69.0,45.27439498901367,2681.659912109375
2018-02-08,37.39017868041992,1350.5,13.38670825958252,1007.7100219726562,40.258541107177734,131.16160583496094,81.69598388671875,250.10000610351562,215.7786407470703,29.964046478271484,63.04600143432617,43.52590560913086,2581.0
2018-02-09,37.847511291503906,1339.5999755859375,13.840652465820312,1046.27001953125,41.38859558105469,132.86790466308594,84.74239349365234,249.47000122070312,230.22207641601562,30.3684024810791,62.08399963378906,44.27145767211914,2619.550048828125
2018-02-12,39.3719596862793,1386.22998046875,13.72948169708252,1054.56005859375,42.217315673828125,134.54750061035156,85.65534210205078,257.95001220703125,226.2045440673828,30.63796615600586,63.145999908447266,44.4755973815918,2656.0
2018-02-13,39.76638412475586,1414.510009765625,13.5905179977417,1054.1400146484375,41.868873596191406,133.96986389160156,86.32807159423828,258.2699890136719,230.76771545410156,30.83171844482422,64.73200225830078,44.448970794677734,2662.93994140625
2018-02-14,40.499568939208984,1451.050048828125,13.803594589233398,1072.699951171875,42.735260009765625,137.53350830078125,87.67982482910156,266.0,239.4873504638672,30.671659469604492,64.46199798583984,43.94305419921875,2698.6298828125
2018-02-15,41.85947799682617,1461.760009765625,13.757272720336914,1091.3599853515625,43.24378967285156,138.64439392089844,89.4660415649414,280.2699890136719,244.52670288085938,31.168672561645508,66.81400299072266,44.14719772338867,2731.199951171875
2018-02-16,41.723968505859375,1448.68994140625,13.942557334899902,1095.5,42.9047737121582,138.79547119140625,88.82879638671875,278.5199890136719,241.88796997070312,31.286609649658203,67.0979995727539,44.51110076904297,2732.219970703125
2018-02-20,41.58362579345703,1468.3499755859375,13.655366897583008,1103.5899658203125,43.62047576904297,137.8889923095703,89.52397918701172,278.54998779296875,247.08602905273438,30.97492790222168,66.9540023803711,43.419403076171875,2716.260009765625
2018-02-21,41.39488220214844,1482.9200439453125,13.4237642288208,1113.75,43.26262283325195,136.8225555419922,88.33636474609375,281.0400085449219,239.57662963867188,30.587421417236328,66.66000366210938,42.567344665527344,2701.330078125
2018-02-22,41.740909576416016,1485.3399658203125,13.544198036193848,1109.9000244140625,43.130775451660156,136.12937927246094,88.56810760498047,278.1400146484375,240.3607635498047,30.722206115722656,69.23400115966797,42.48746109008789,2703.9599609375
2018-02-23,42.466835021972656,1500.0,13.539340019226074,1128.0899658203125,44.948299407958984,138.20892333984375,90.81778717041016,285.92999267578125,244.11285400390625,30.93280029296875,70.41000366210938,42.86023712158203,2747.300048828125
2018-02-26,43.306488037109375,1521.949951171875,13.688841819763184,1143.699951171875,46.24787521362305,140.9282989501953,92.13089752197266,294.1600036621094,244.758056640625,31.556177139282227,71.48400115966797,43.570281982421875,2779.60009765625
2018-02-27,43.16615295410156,1511.97998046875,13.548684120178223,1117.510009765625,47.001251220703125,139.124267578125,90.95297241210938,290.6099853515625,244.2418975830078,31.059165954589844,70.197998046875,42.63835144042969,2744.280029296875
2018-02-28,43.1008186340332,1512.449951171875,13.184271812438965,1103.9200439453125,46.41738510131836,138.4844207763672,90.53778839111328,291.3800048828125,240.21188354492188,30.57900047302246,68.61199951171875,42.3720817565918,2713.830078125
2018-03-01,42.34584045410156,1493.449951171875,13.100174903869629,1071.4100341796875,45.05188751220703,136.68923950195312,89.64949798583984,290.3900146484375,230.49423217773438,30.326278686523438,66.18599700927734,42.567344665527344,2677.669921875
2018-03-02,42.638641357421875,1500.25,13.193614959716797,1084.1400146484375,46.125450134277344,137.29360961914062,89.84260559082031,301.04998779296875,234.79222106933594,30.621118545532227,67.02400207519531,42.83361053466797,2691.25
2018-03-05,42.786251068115234,1523.6099853515625,13.473933219909668,1094.760009765625,46.8505744934082,139.47972106933594,90.41226959228516,315.0,233.90882873535156,30.91596031188965,66.66999816894531,43.23300552368164,2720.93994140625
2018-03-06,42.74995040893555,1537.6400146484375,13.679497718811035,1100.9000244140625,47.75462341308594,138.3866424560547,90.1032943725586,325.2200012207031,240.37069702148438,31.059165954589844,65.63999938964844,43.39276885986328,2728.1201171875
2018-03-07,42.353111267089844,1545.0,13.558029174804688,1115.0400390625,48.329078674316406,140.697265625,90.62467956542969,321.1600036621094,240.05307006835938,31.092859268188477,66.45999908447266,43.34839630126953,2726.800048828125
2018-03-08,42.815284729003906,1551.8599853515625,13.567371368408203,1129.3800048828125,47.78287887573242,138.82212829589844,91.17503356933594,317.0,239.39794921875,31.26133918762207,65.81999969482422,43.49927520751953,2738.969970703125
2018-03-09,43.55088806152344,1578.8900146484375,13.959816932678223,1160.8399658203125,49.14836883544922,141.57705688476562,93.2123031616211,331.44000244140625,243.51727294921875,31.210798263549805,65.43399810791016,43.49927520751953,2786.570068359375
2018-03-12,43.971927642822266,1598.3900146484375,14.109318733215332,1165.9300537109375,48.51742172241211,142.42129516601562,93.43436431884766,321.29998779296875,247.91453552246094,31.471933364868164,69.10199737548828,43.312889099121094,2783.02001953125
2018-03-13,43.5484733581543,1588.1800537109375,13.483277320861816,1139.9100341796875,48.76226806640625,141.5859375,91.15573120117188,315.8800048828125,245.87969970703125,31.49721336364746,68.36799621582031,43.17975997924805,2765.31005859375
2018-03-14,43.178245544433594,1591.0,13.33377456665039,1148.8900146484375,48.837608337402344,140.51953125,90.61502075195312,321.54998779296875,246.90208435058594,31.193944931030273,65.32599639892578,43.002254486083984,2749.47998046875
2018-03-15,43.229061126708984,1582.3199462890625,13.417869567871094,1150.6099853515625,47.91471862792969,141.84364318847656,90.93365478515625,321.0899963378906,247.49765014648438,31.202377319335938,65.12000274658203,42.86023712158203,2747.330078125
2018-03-16,43.076622009277344,1571.6800537109375,13.371149063110352,1134.4200439453125,48.18781661987305,142.42129516601562,91.33917236328125,318.45001220703125,248.62921142578125,31.168672561645508,64.2699966430664,43.099884033203125,2752.010009765625
2018-03-19,42.4184455871582,1544.9300537109375,13.146894454956055,1100.0699462890625,47.86763381958008,139.83522033691406,89.6881103515625,313.4800109863281,239.2192840576172,30.81487274169922,62.71200180053711,42.87799835205078,2712.919921875
2018-03-20,42.403926849365234,1586.510009765625,12.74510669708252,1095.800048828125,48.54567337036133,138.81320190429688,89.91983795166016,317.5,247.7358856201172,30.612688064575195,62.11000061035156,42.32770538330078,2716.93994140625
2018-03-21,41.44327926635742,1581.8599853515625,12.969361305236816,1094.0,48.55508804321289,139.24868774414062,89.29225158691406,316.4800109863281,246.72341918945312,30.326278686523438,63.305999755859375,41.96380615234375,2711.929931640625
2018-03-22,40.857696533203125,1544.9200439453125,12.474133491516113,1053.1500244140625,47.86763381958008,135.16070556640625,86.6949691772461,306.70001220703125,240.06297302246094,29.79556655883789,61.81999969482422,41.60877990722656,2643.68994140625
2018-03-23,39.911563873291016,1495.56005859375,12.212504386901855,1026.550048828125,46.483306884765625,132.31690979003906,84.1749496459961,300.94000244140625,231.24864196777344,29.23116111755371,60.30799865722656,41.085121154785156,2588.260009765625
2018-03-26,41.80624771118164,1555.8599853515625,12.044313430786133,1054.0899658203125,49.42147445678711,136.2982177734375,90.54744720458984,320.3500061035156,242.67356872558594,29.22273826599121,60.83599853515625,41.77741622924805,2658.550048828125
2018-03-27,40.734283447265625,1497.050048828125,12.5582275390625,1006.9400024414062,48.20664978027344,135.000732421875,86.38600158691406,300.69000244140625,223.85365295410156,29.399642944335938,55.83599853515625,41.99043273925781,2612.6201171875
2018-03-28,40.284210205078125,1431.4200439453125,12.78248405456543,1005.1799926757812,46.70931625366211,135.5428466796875,86.30875396728516,285.7699890136719,219.71449279785156,29.95562171936035,51.555999755859375,42.60284423828125,2605.0
2018-03-29,40.59878158569336,1447.3399658203125,12.595603942871094,1037.1400146484375,49.04478073120117,136.35154724121094,88.12395477294922,295.3500061035156,229.87879943847656,30.031442642211914,53.22600173950195,42.443084716796875,2640.8701171875
2018-04-02,40.33260726928711,1371.989990234375,12.259224891662598,1012.6300048828125,46.06894302368164,133.3655548095703,85.46875,280.2900085449219,219.41668701171875,29.56812286376953,50.49599838256836,41.8572998046875,2581.8798828125
2018-04-03,40.74638748168945,1392.050048828125,12.268567085266113,1018.6799926757812,46.8505744934082,133.17007446289062,86.61772155761719,283.6700134277344,223.68492126464844,29.79556655883789,53.50600051879883,42.1590576171875,2614.449951171875
2018-04-04,41.525550842285156,1410.5699462890625,12.408726692199707,1029.7099609375,47.07659149169922,136.96473693847656,89.14742279052734,288.94000244140625,224.56834411621094,30.22519302368164,57.38800048828125,42.54072189331055,2644.68994140625
2018-04-05,41.813499450683594,1451.75,12.548884391784668,1032.6400146484375,47.44386291503906,136.88478088378906,89.19568634033203,293.9700012207031,219.7442626953125,30.444210052490234,61.14400100708008,42.81586456298828,2662.840087890625
2018-04-06,40.74397277832031,1405.22998046875,12.20315933227539,1009.9500122070312,45.94652557373047,133.8099365234375,87.11980438232422,288.8500061035156,212.6669464111328,30.01459312438965,59.86000061035156,42.14131164550781,2604.469970703125
2018-04-09,41.14806365966797,1406.0799560546875,11.988250732421875,1020.0900268554688,46.662235260009766,135.6939239501953,87.64118194580078,289.92999267578125,213.818359375,30.04876708984375,57.93199920654297,42.16827392578125,2613.159912109375
2018-04-10,41.922393798828125,1436.219970703125,12.193816184997559,1036.5,48.281986236572266,138.0933837890625,89.67845916748047,298.07000732421875,226.22598266601562,30.595579147338867,60.939998626708984,43.38155746459961,2656.8701171875
2018-04-11,41.72639083862305,1427.050048828125,12.119064331054688,1025.06005859375,48.12189865112305,138.0667266845703,88.69361877441406,303.6700134277344,224.56834411621094,30.11711883544922,60.18600082397461,42.761436462402344,2642.18994140625
2018-04-12,42.13775634765625,1448.5,12.315286636352539,1037.2900390625,49.647483825683594,140.4750518798828,90.35432434082031,309.25,232.86656188964844,30.04022979736328,58.816001892089844,42.90523147583008,2663.989990234375
2018-04-13,42.28050994873047,1430.7900390625,12.604948997497559,1036.0400390625,48.837608337402344,139.26646423339844,89.8715591430664,311.6499938964844,229.78944396972656,30.023136138916016,60.06800079345703,42.83333969116211,2656.300048828125
2018-04-16,42.54427719116211,1441.5,12.455446243286133,1046.0999755859375,49.34613800048828,140.31509399414062,90.92399597167969,307.7799987792969,229.77955627441406,30.450328826904297,58.242000579833984,43.48940658569336,2677.840087890625
2018-04-17,43.129852294921875,1503.8299560546875,12.885265350341797,1079.3599853515625,50.4196891784668,142.99896240234375,92.75848388671875,336.05999755859375,235.78482055664062,30.21109962463379,57.53799819946289,43.90282440185547,2706.389892578125
2018-04-18,43.03306198120117,1527.8399658203125,12.7637939453125,1075.3900146484375,50.48561477661133,132.22802734375,93.1157455444336,334.5199890136719,234.62350463867188,30.082944869995117,58.66999816894531,43.69611358642578,2708.639892578125
2018-04-19,41.813499450683594,1556.9100341796875,13.0721435546875,1089.449951171875,49.176631927490234,131.25936889648438,92.797119140625,332.70001220703125,227.34762573242188,29.749732971191406,60.01599884033203,43.52535629272461,2693.1298828125
2018-04-20,40.10030746459961,1527.489990234375,13.586061477661133,1077.3199462890625,48.52683639526367,128.7710418701172,91.72537994384766,327.7699890136719,227.0200958251953,29.621572494506836,58.04800033569336,43.04903030395508,2670.139892578125
2018-04-23,39.98416519165039,1517.8599853515625,13.567371368408203,1073.81005859375,48.12189865112305,129.6241912841797,92.06330871582031,318.69000244140625,222.22579956054688,29.809539794921875,56.67399978637695,43.732059478759766,2670.2900390625
2018-04-24,39.42761993408203,1460.0899658203125,13.716876029968262,1022.6400146484375,48.451499938964844,129.35757446289062,89.9101791381836,307.0199890136719,219.56558227539062,29.903520584106445,56.69200134277344,44.639774322509766,2634.56005859375
2018-04-25,39.59941482543945,1460.1700439453125,13.128207206726074,1022.989990234375,48.385581970214844,129.69528198242188,89.12810516357422,305.760009765625,215.0591278076172,30.074399948120117,56.13800048828125,45.026222229003906,2639.39990234375
2018-04-26,39.737342834472656,1517.9599609375,13.436558723449707,1043.31005859375,49.958255767822266,130.38845825195312,91.0108871459961,313.9800109863281,223.55587768554688,28.280189514160156,57.09600067138672,44.72065353393555,2666.93994140625
2018-04-27,39.277591705322266,1572.6199951171875,13.436558723449707,1031.449951171875,49.656898498535156,130.1751708984375,92.51712036132812,311.760009765625,224.65769958496094,28.228925704956055,58.816001892089844,46.347354888916016,2669.909912109375
2018-04-30,39.98899841308594,1566.1300048828125,13.146894454956055,1018.5800170898438,48.61159133911133,128.82437133789062,90.29638671875,312.4599914550781,223.2382354736328,27.938434600830078,58.779998779296875,44.35218048095703,2648.050048828125
2018-05-01,40.918182373046875,1582.260009765625,13.128207206726074,1040.75,50.22193908691406,128.8599090576172,91.72537994384766,313.29998779296875,225.46168518066406,27.801733016967773,59.98400115966797,43.875858306884766,2654.800048828125
2018-05-02,42.72575378417969,1569.6800537109375,13.249679565429688,1026.050048828125,49.26137924194336,126.59375,90.28675079345703,313.3599853515625,224.63780212402344,27.391632080078125,60.22999954223633,42.91421890258789,2635.669921875
2018-05-03,42.80318069458008,1572.0799560546875,13.016079902648926,1026.300048828125,49.23312759399414,126.18494415283203,90.82743835449219,311.69000244140625,231.26846313476562,27.289100646972656,56.88999938964844,42.99510192871094,2629.72998046875
2018-05-04,44.48249816894531,1580.949951171875,13.174928665161133,1051.0,49.990848541259766,127.8912353515625,91.87986755371094,320.0899963378906,237.2936248779297,27.459978103637695,58.81800079345703,43.309661865234375,2663.419921875
2018-05-07,44.804325103759766,1600.1400146484375,13.146894454956055,1059.4599609375,50.51178741455078,127.27803802490234,92.9033203125,326.260009765625,246.84251403808594,27.37453842163086,60.55400085449219,42.896244049072266,2672.6298828125
2018-05-08,45.01968765258789,1592.3900146484375,13.33377456665039,1058.5899658203125,50.79594039916992,127.08252716064453,92.50746154785156,326.8900146484375,248.54981994628906,27.084047317504883,60.39400100708008,42.25814437866211,2671.919921875
2018-05-09,45.33667755126953,1608.0,13.660810470581055,1088.949951171875,51.468414306640625,128.14280700683594,93.59850311279297,330.29998779296875,253.89007568359375,26.827730178833008,61.369998931884766,41.682960510253906,2697.7900390625
2018-05-10,45.98516845703125,1609.0799560546875,13.726218223571777,1105.469970703125,52.074588775634766,129.60748291015625,94.53506469726562,329.6000061035156,258.2079162597656,27.237836837768555,61.00400161743164,42.419918060302734,2723.070068359375
2018-05-11,45.81027603149414,1602.9100341796875,13.642121315002441,1103.3800048828125,51.780975341796875,129.5176239013672,94.33230590820312,326.4599914550781,252.64930725097656,27.588132858276367,60.21200180053711,43.69611358642578,2727.719970703125
2018-05-14,45.70339584350586,1601.5400390625,13.744904518127441,1106.5999755859375,51.99882125854492,129.661376953125,94.65093994140625,328.5299987792969,253.47317504882812,27.502696990966797,58.39400100708008,43.57927322387695,2730.1298828125
2018-05-15,45.288028717041016,1576.1199951171875,13.744904518127441,1084.8699951171875,51.07060623168945,129.15821838378906,93.96542358398438,326.1300048828125,243.74559020996094,27.417259216308594,56.83599853515625,42.950172424316406,2711.449951171875
2018-05-16,45.71067810058594,1587.280029296875,14.043912887573242,1084.0899658203125,51.752559661865234,129.95790100097656,94.20783233642578,328.19000244140625,244.1922607421875,27.596677780151367,57.29600143432617,43.01307678222656,2722.4599609375
2018-05-17,45.42162322998047,1581.760009765625,14.043912887573242,1081.260009765625,51.91357421875,129.84109497070312,93.26722717285156,325.2200012207031,245.87969970703125,27.280555725097656,56.90800094604492,43.00409698486328,2720.1298828125
2018-05-18,45.25644302368164,1574.3699951171875,13.987848281860352,1069.6400146484375,50.67280578613281,129.4636993408203,93.44176483154297,324.17999267578125,244.12278747558594,27.383085250854492,55.36399841308594,42.90523147583008,2712.969970703125
2018-05-21,45.577083587646484,1585.4599609375,14.258822441101074,1084.010009765625,51.4494743347168,130.7306671142578,94.64422607421875,331.82000732421875,242.4353485107422,27.844451904296875,56.89799880981445,43.52535629272461,2733.010009765625
2018-05-22,45.462913513183594,1581.4000244140625,14.286853790283203,1075.31005859375,51.57259750366211,130.37123107910156,94.54724884033203,331.6199951171875,240.90670776367188,27.707748413085938,55.00199890136719,43.86687469482422,2724.43994140625
2018-05-23,45.75441360473633,1601.8599853515625,13.249679565429688,1085.9599609375,52.29243850708008,129.9938507080078,95.67211151123047,344.7200012207031,245.86289978027344,27.622314453125,55.81399917602539,43.66914749145508,2733.2900390625
2018-05-24,45.70339584350586,1603.0699462890625,13.642121315002441,1085.449951171875,51.856746673583984,129.45472717285156,95.33271026611328,349.2900085449219,246.0118865966797,28.006784439086914,55.56999969482422,43.714080810546875,2727.760009765625
2018-05-25,45.8078498840332,1610.1500244140625,13.670154571533203,1084.0799560546875,52.51028823852539,129.06832885742188,95.38119506835938,351.2900085449219,247.5911102294922,27.77609634399414,55.77000045776367,43.60623550415039,2721.330078125
2018-05-29,45.64267349243164,1612.8699951171875,13.249679565429688,1068.0699462890625,52.39662551879883,126.89382934570312,95.04179382324219,349.7300109863281,246.90579223632812,27.622314453125,56.75199890136719,43.31864547729492,2689.860107421875
2018-05-30,45.545509338378906,1624.8900146484375,13.240333557128906,1077.469970703125,52.73759841918945,128.15182495117188,95.95331573486328,353.5400085449219,251.27601623535156,27.827363967895508,58.34400177001953,43.678138732910156,2724.010009765625
2018-05-31,45.3924674987793,1629.6199951171875,13.156240463256836,1100.0,52.28296661376953,126.97467803955078,95.8466567993164,351.6000061035156,250.4813995361328,27.613767623901367,56.94599914550781,42.84231948852539,2705.27001953125
2018-06-01,46.2110710144043,1641.5400390625,13.174928665161133,1135.0,54.06361770629883,127.54976654052734,97.73760986328125,359.92999267578125,255.87460327148438,27.741926193237305,58.36399841308594,42.96814727783203,2734.6201171875
2018-06-04,46.59730529785156,1665.27001953125,12.810515403747559,1153.0400390625,53.82683181762695,128.5291748046875,98.5909652709961,361.80999755859375,263.0556335449219,27.690658569335938,59.347999572753906,42.97713088989258,2746.8701171875
2018-06-05,46.95680618286133,1696.3499755859375,12.894609451293945,1151.02001953125,53.542686462402344,129.1222381591797,99.09520721435547,365.79998779296875,263.274169921875,27.921348571777344,58.22600173950195,43.111942291259766,2748.800048828125
2018-06-06,47.11955642700195,1695.75,12.74510669708252,1146.949951171875,54.01626205444336,130.02980041503906,99.38612365722656,367.45001220703125,263.3536071777344,28.519418716430664,63.900001525878906,43.507381439208984,2772.35009765625
2018-06-07,46.993247985839844,1689.300048828125,12.875921249389648,1134.4200439453125,52.927032470703125,130.61386108398438,97.82488250732422,361.3999938964844,261.11883544921875,28.88680648803711,63.21799850463867,44.04661178588867,2770.3701171875
2018-06-08,46.56572723388672,1683.989990234375,13.016079902648926,1132.7099609375,52.14088821411133,131.31468200683594,98.55216217041016,360.57000732421875,260.5030212402344,28.90389060974121,63.53200149536133,44.19939422607422,2779.030029296875
2018-06-11,46.45155715942383,1689.1199951171875,13.062801361083984,1140.9000244140625,51.63889694213867,131.7100830078125,97.98973083496094,361.45001220703125,258.854248046875,29.202924728393555,66.41999816894531,44.307247161865234,2782.0
2018-06-12,46.70661163330078,1698.75,13.062801361083984,1148.18994140625,51.92304611206055,131.97064208984375,98.24186706542969,363.8299865722656,260.8009948730469,29.348173141479492,68.55400085449219,43.86687469482422,2786.85009765625
2018-06-13,46.32281494140625,1704.8599853515625,12.978704452514648,1144.22998046875,52.121952056884766,131.50343322753906,97.79578399658203,379.92999267578125,260.6222839355469,27.528329849243164,68.95600128173828,42.59967041015625,2775.6298828125
2018-06-14,46.347110748291016,1723.8599853515625,12.74510669708252,1160.1099853515625,52.605003356933594,130.47007751464844,98.34852600097656,392.8699951171875,265.1017150878906,27.784643173217773,71.54399871826172,42.97713088989258,2782.489990234375
2018-06-15,45.871009826660156,1715.969970703125,12.542170524597168,1159.27001953125,52.197723388671875,130.6407928466797,97.09759521484375,391.9800109863281,263.4628601074219,28.322912216186523,71.63400268554688,43.19282531738281,2779.659912109375
2018-06-18,45.846710205078125,1723.7900390625,12.447867393493652,1183.5799560546875,50.40760040283203,129.82308959960938,97.80548858642578,390.3999938964844,263.2939758300781,27.502696990966797,74.16600036621094,42.65359115600586,2773.75
2018-06-19,45.10584259033203,1734.780029296875,12.212112426757812,1178.68994140625,50.13292694091797,129.30194091796875,97.80548858642578,404.9800109863281,258.4073486328125,27.67357635498047,70.51000213623047,43.5882682800293,2762.590087890625
2018-06-20,45.30259704589844,1750.0799560546875,12.146100044250488,1184.0699462890625,50.634910583496094,128.1608123779297,98.78490447998047,416.760009765625,260.5328369140625,27.340364456176758,72.44400024414062,43.21978759765625,2767.320068359375
2018-06-21,45.04997253417969,1730.219970703125,12.032937049865723,1169.43994140625,49.432029724121094,126.92078399658203,98.07701110839844,415.44000244140625,255.36807250976562,26.998607635498047,69.50199890136719,43.705101013183594,2749.760009765625
2018-06-22,44.918792724609375,1715.6700439453125,12.306412696838379,1169.2900390625,49.725643157958984,126.94774627685547,97.3691177368164,411.0899963378906,249.24978637695312,27.075504302978516,66.72599792480469,44.72065353393555,2754.8798828125
2018-06-25,44.250797271728516,1663.1500244140625,12.023507118225098,1139.280029296875,48.03023910522461,124.71031951904297,95.4103012084961,384.4800109863281,237.49996948242188,27.09259033203125,66.60199737548828,44.57685852050781,2717.070068359375
2018-06-26,44.79977035522461,1691.0899658203125,12.957097053527832,1132.6199951171875,47.045196533203125,124.97093200683594,96.07939910888672,399.3900146484375,240.35052490234375,27.01569938659668,68.4000015258789,44.307247161865234,2723.06005859375
2018-06-27,44.73418426513672,1660.510009765625,13.164562225341797,1116.93994140625,46.18328857421875,123.53324127197266,94.5860366821289,390.3900146484375,234.1229705810547,27.04132843017578,68.9000015258789,44.31623458862305,2699.6298828125
2018-06-28,45.0596923828125,1701.449951171875,13.041969299316406,1126.780029296875,46.64738464355469,125.8335189819336,95.64302062988281,395.4200134277344,239.22817993164062,27.502696990966797,69.98600006103516,45.70926284790039,2716.31005859375
2018-06-29,44.96494674682617,1699.800048828125,12.834505081176758,1129.18994140625,47.08308792114258,125.52800750732422,95.62362670898438,391.42999267578125,235.29498291015625,27.434349060058594,68.58999633789062,45.214962005615234,2718.3701171875
2018-07-02,45.4677734375,1713.780029296875,12.60818099975586,1142.1099853515625,47.54719161987305,125.67179107666016,96.98123931884766,398.17999267578125,240.5988006591797,27.519784927368164,67.01399993896484,45.31382369995117,2726.7099609375
2018-07-03,44.6758918762207,1693.9599609375,12.60818099975586,1116.280029296875,46.85577392578125,125.41122436523438,96.05030822753906,390.5199890136719,235.23541259765625,27.946975708007812,62.172000885009766,45.565460205078125,2713.219970703125
2018-07-05,45.03539276123047,1699.72998046875,12.664759635925293,1141.2900390625,48.068115234375,127.08251190185547,96.73880767822266,398.3900146484375,241.0854949951172,27.852994918823242,61.832000732421875,46.08673095703125,2736.610107421875
2018-07-06,45.65966796875,1710.6300048828125,13.060829162597656,1155.0799560546875,48.65536117553711,128.02601623535156,98.0964126586914,408.25,245.65432739257812,27.921348571777344,61.779998779296875,46.26647186279297,2759.820068359375
2018-07-09,46.29366683959961,1739.02001953125,13.155132293701172,1167.280029296875,49.11947250366211,129.74224853515625,98.7655029296875,418.9700012207031,247.5613250732422,27.89531707763672,63.70199966430664,46.13010025024414,2784.169921875
2018-07-10,46.23780822753906,1743.0699462890625,13.36259651184082,1167.1400146484375,49.40361404418945,130.02980041503906,99.0273208618164,415.6300048828125,251.53421020507812,28.198999404907227,64.49400329589844,46.67558670043945,2793.840087890625
2018-07-11,45.63780975341797,1755.0,13.192853927612305,1171.4599609375,48.49434280395508,130.2364501953125,98.89157104492188,418.6499938964844,245.85299682617188,27.65237045288086,63.79199981689453,46.67558670043945,2774.02001953125
2018-07-12,46.402976989746094,1796.6199951171875,13.192853927612305,1201.260009765625,49.58356857299805,131.59327697753906,101.0346450805664,413.5,249.52789306640625,27.9647274017334,63.34199905395508,46.58467483520508,2798.2900390625
2018-07-13,46.47584533691406,1813.030029296875,13.098551750183105,1204.4200439453125,49.460445404052734,131.0990447998047,102.23709106445312,395.79998779296875,247.630859375,27.478837966918945,63.77399826049805,46.739227294921875,2801.31005859375
2018-07-16,46.37383270263672,1822.489990234375,13.10798168182373,1196.510009765625,49.26154327392578,130.70372009277344,101.73282623291016,400.4800109863281,246.5184326171875,27.67839813232422,62.02000045776367,46.90287780761719,2798.429931640625
2018-07-17,46.50499725341797,1843.9300537109375,12.90994644165039,1213.0799560546875,49.015281677246094,128.9335479736328,102.74134826660156,379.4800109863281,251.9712371826172,27.556930541992188,64.53800201416016,46.757415771484375,2809.550048828125
2018-07-18,46.24993896484375,1842.9200439453125,12.966529846191406,1212.9100341796875,48.98686599731445,129.8590545654297,101.93647003173828,375.1300048828125,249.9947052001953,27.51354217529297,64.7699966430664,46.49375534057617,2815.6201171875
2018-07-19,46.60945129394531,1812.969970703125,12.947667121887207,1199.0999755859375,49.23312759399414,134.1002197265625,101.23828887939453,364.2300109863281,250.32247924804688,27.131772994995117,64.0459976196289,46.13919448852539,2804.489990234375
2018-07-20,46.50257873535156,1813.699951171875,12.372425079345703,1197.8800048828125,49.16682434082031,131.50343322753906,103.0516357421875,361.04998779296875,249.19021606445312,26.984272003173828,62.715999603271484,46.02099609375,2801.830078125
2018-07-23,46.54385757446289,1802.0,12.249833106994629,1211.0,49.545692443847656,130.9193572998047,104.70018005371094,362.6600036621094,247.72023010253906,26.897506713867188,60.63999938964844,46.13919448852539,2806.97998046875
2018-07-24,46.88151168823242,1829.239990234375,12.372425079345703,1258.1500244140625,49.42255783081055,131.53036499023438,104.39954376220703,357.32000732421875,247.02499389648438,27.48751449584961,59.486000061035156,46.83013916015625,2820.39990234375
2018-07-25,47.323604583740234,1863.6099853515625,12.362994194030762,1275.93994140625,49.65934753417969,131.7460174560547,107.47354888916016,362.8699951171875,250.16358947753906,26.246755599975586,61.74800109863281,46.2846565246582,2846.070068359375
2018-07-26,47.17543029785156,1808.0,12.400717735290527,1285.5,49.40361404418945,131.826904296875,106.3001937866211,363.0899963378906,253.1134490966797,26.333526611328125,61.33000183105469,46.530128479003906,2837.43994140625
2018-07-27,46.390830993652344,1817.27001953125,12.315844535827637,1252.8900146484375,45.16035842895508,130.42514038085938,104.4189453125,355.2099914550781,250.3125762939453,26.966915130615234,59.43600082397461,47.28470993041992,2818.820068359375
2018-07-30,46.130916595458984,1779.219970703125,12.410144805908203,1230.0400390625,45.16983413696289,130.7306671142578,102.17890930175781,334.9599914550781,242.47601318359375,27.765165328979492,58.034000396728516,47.721107482910156,2802.60009765625
2018-07-31,46.22322082519531,1777.43994140625,12.853365898132324,1227.219970703125,45.558162689208984,130.2274627685547,102.8674087524414,337.45001220703125,243.20106506347656,27.739133834838867,59.62799835205078,46.948333740234375,2816.2900390625
2018-08-01,48.94623947143555,1797.1700439453125,12.485587120056152,1232.989990234375,46.23065185546875,128.94253540039062,103.06134796142578,338.3800048828125,244.80015563964844,27.67839813232422,60.167999267578125,47.030155181884766,2813.360107421875
2018-08-02,50.37697219848633,1834.3299560546875,12.419576644897461,1241.1300048828125,46.86524200439453,128.45730590820312,104.3122787475586,344.5,248.92201232910156,27.63501739501953,69.90799713134766,47.2574462890625,2827.219970703125
2018-08-03,50.5227165222168,1823.2900390625,12.391284942626953,1238.1600341796875,47.0073127746582,132.71646118164062,104.76805114746094,343.0899963378906,250.3920135498047,27.999433517456055,69.63400268554688,47.52109146118164,2840.35009765625
2018-08-06,50.78506088256836,1847.75,12.353565216064453,1237.6700439453125,46.97872543334961,131.21585083007812,104.85531616210938,350.9200134277344,252.30894470214844,27.860612869262695,68.39800262451172,47.712013244628906,2850.39990234375
2018-08-07,50.308956146240234,1862.47998046875,12.410144805908203,1255.8399658203125,47.359893798828125,132.0964813232422,105.58259582519531,351.8299865722656,255.20916748046875,28.112232208251953,75.91400146484375,47.6938362121582,2858.449951171875
2018-08-08,50.34297180175781,1886.52001953125,12.306412696838379,1261.3299560546875,47.60764694213867,131.98861694335938,106.17412567138672,347.6099853515625,256.66925048828125,28.077526092529297,74.06800079345703,47.91203308105469,2857.699951171875
2018-08-09,50.73891067504883,1898.52001953125,12.202681541442871,1264.4599609375,47.7791748046875,131.4890899658203,106.34867858886719,349.3599853515625,254.7224884033203,28.19032096862793,70.48999786376953,48.1938591003418,2853.580078125
2018-08-10,50.587772369384766,1886.300048828125,12.04236888885498,1252.510009765625,46.54990768432617,131.22567749023438,105.698974609375,345.8699951171875,253.0637664794922,27.990755081176758,71.0979995727539,47.70292663574219,2833.280029296875
2018-08-13,50.91440963745117,1896.199951171875,11.740602493286133,1248.6400146484375,46.16874694824219,129.61807250976562,104.93289947509766,341.30999755859375,254.38478088378906,27.947372436523438,71.28199768066406,47.47563552856445,2821.929931640625
2018-08-14,51.128936767578125,1919.6500244140625,11.6462984085083,1258.1400146484375,45.85428237915039,130.2084503173828,106.24201202392578,337.489990234375,259.6587829589844,27.973403930664062,69.52799987792969,48.066585540771484,2839.9599609375
2018-08-15,51.24837112426758,1882.6199951171875,11.523706436157227,1232.219970703125,45.22536087036133,130.70797729492188,104.80131530761719,326.3999938964844,257.3247375488281,28.172969818115234,67.73799896240234,48.4029655456543,2818.3701171875
2018-08-16,51.99916076660156,1886.52001953125,11.599149703979492,1224.06005859375,44.94901657104492,132.0067901611328,104.78184509277344,322.44000244140625,255.69580078125,28.71091651916504,67.08999633789062,49.339385986328125,2840.68994140625
2018-08-17,53.037574768066406,1882.219970703125,11.599149703979492,1215.8499755859375,44.88230895996094,132.66075134277344,104.72343444824219,316.7799987792969,243.16131591796875,28.658859252929688,61.099998474121094,49.8121452331543,2850.1298828125
2018-08-20,52.52080535888672,1876.7099609375,11.599149703979492,1221.949951171875,44.3105583190918,133.06944274902344,104.03230285644531,327.7300109863281,246.160888671875,28.728273391723633,61.6879997253418,49.68485641479492,2857.050048828125
2018-08-21,52.41842269897461,1883.4200439453125,11.910345077514648,1217.4100341796875,45.37782287597656,132.57899475097656,103.16593170166016,338.0199890136719,251.60374450683594,28.97989273071289,64.37999725341797,49.92123794555664,2862.9599609375
2018-08-22,52.42086410522461,1904.9000244140625,11.759462356567383,1221.75,44.834659576416016,131.9159698486328,104.21723937988281,344.44000244140625,261.03936767578125,28.355178833007812,64.3280029296875,49.221195220947266,2861.820068359375
2018-08-23,52.52812194824219,1902.9000244140625,11.825472831726074,1221.1600341796875,44.76796340942383,132.03402709960938,104.70396423339844,339.1700134277344,265.0321350097656,28.19032096862793,64.0199966430664,49.34847640991211,2856.97998046875
2018-08-24,52.69144058227539,1905.3900146484375,11.787753105163574,1236.75,45.41594696044922,132.64259338378906,105.52166748046875,358.82000732421875,270.375732421875,28.320470809936523,64.56400299072266,49.80305099487305,2874.68994140625
2018-08-27,53.125328063964844,1927.6800537109375,12.04236888885498,1256.27001953125,46.073455810546875,133.23292541503906,106.68978881835938,364.5799865722656,274.03076171875,28.48532485961914,63.854000091552734,49.866695404052734,2896.739990234375
2018-08-28,53.554351806640625,1932.8199462890625,12.032937049865723,1245.8599853515625,46.28309631347656,133.14212036132812,107.33229064941406,368.489990234375,272.52105712890625,28.34649658203125,62.37200164794922,49.68485641479492,2897.52001953125
2018-08-29,54.3538932800293,1998.0999755859375,12.230971336364746,1264.6500244140625,46.45462417602539,134.00497436523438,109.04553985595703,368.0400085449219,276.7545166015625,27.9647274017334,61.00199890136719,49.61213302612305,2914.0400390625
2018-08-30,54.853599548339844,2002.3800048828125,12.04236888885498,1254.43994140625,45.96863555908203,132.5426788330078,108.97740173339844,370.9800109863281,276.0787353515625,27.730457305908203,60.630001068115234,49.77577209472656,2901.1298828125
2018-08-31,55.48737716674805,2012.7099609375,12.202681541442871,1231.800048828125,46.14969253540039,133.0421905517578,109.3473129272461,367.67999267578125,278.93084716796875,27.713106155395508,60.332000732421875,49.430301666259766,2901.52001953125
2018-09-04,55.66532516479492,2039.510009765625,11.948065757751465,1211.31005859375,45.70182418823242,132.31561279296875,108.7437744140625,363.6000061035156,281.9320068359375,27.64369773864746,57.790000915527344,48.357505798339844,2896.719970703125
2018-09-05,55.302127838134766,1994.8199462890625,11.84433364868164,1199.0999755859375,45.473121643066406,133.20571899414062,105.60926818847656,341.17999267578125,276.6849365234375,27.782520294189453,56.14799880981445,48.93027114868164,2888.60009765625
2018-09-06,54.38314437866211,1958.31005859375,11.7971830368042,1183.989990234375,45.03478240966797,132.96051025390625,105.85262298583984,346.4599914550781,271.0204772949219,27.921344757080078,56.189998626708984,49.357566833496094,2878.050048828125
2018-09-07,53.944374084472656,1952.0699462890625,11.693450927734375,1177.5899658203125,44.26291275024414,132.10670471191406,105.33670806884766,348.67999267578125,270.16583251953125,27.86928367614746,52.64799880981445,49.09391403198242,2871.679931640625
2018-09-10,53.22039794921875,1939.010009765625,11.7971830368042,1175.06005859375,44.11997985839844,132.28836059570312,106.47563934326172,348.4100036621094,273.0179138183594,28.10355567932129,57.099998474121094,49.2030143737793,2877.1298828125
2018-09-11,54.56597137451172,1987.1500244140625,11.62743854522705,1189.989990234375,42.814483642578125,133.05130004882812,108.28623962402344,355.92999267578125,271.0999450683594,28.34649658203125,55.88800048828125,49.748504638671875,2887.889892578125
2018-09-12,53.888309478759766,1990.0,11.891485214233398,1171.5999755859375,42.814483642578125,133.12396240234375,108.7437744140625,369.95001220703125,266.5286560058594,28.997243881225586,58.108001708984375,49.975799560546875,2888.919921875
2018-09-13,55.18999099731445,1989.8699951171875,11.98578929901123,1182.1400146484375,43.424346923828125,135.28562927246094,109.91190338134766,368.1499938964844,269.64910888671875,29.22283935546875,57.891998291015625,49.948516845703125,2904.179931640625
2018-09-14,54.56352615356445,1970.18994140625,12.076071739196777,1177.97998046875,43.3957633972168,134.7224884033203,110.35969543457031,364.55999755859375,274.70733642578125,29.153423309326172,59.040000915527344,49.59394073486328,2904.97998046875
2018-09-17,53.11071014404297,1908.030029296875,12.095118522644043,1159.8299560546875,43.28141784667969,134.36827087402344,109.16236114501953,350.3500061035156,272.2229309082031,29.170778274536133,58.96799850463867,49.73031997680664,2888.800048828125
2018-09-18,53.198463439941406,1941.050048828125,12.057024002075195,1167.1099853515625,43.92939376831055,134.93141174316406,110.20393371582031,367.6499938964844,269.3310546875,29.257543563842773,56.992000579833984,49.448482513427734,2904.31005859375
2018-09-19,53.23014450073242,1926.4200439453125,12.247498512268066,1174.27001953125,43.97704315185547,135.38551330566406,108.73402404785156,366.9599914550781,270.2851257324219,28.953861236572266,59.80400085449219,48.63934326171875,2907.949951171875
2018-09-20,53.63479995727539,1944.300048828125,11.866549491882324,1191.5699462890625,44.977603912353516,137.28379821777344,110.55438232421875,365.3599853515625,264.62060546875,29.01459503173828,59.66600036621094,49.0484619140625,2930.75
2018-09-21,53.05708312988281,1915.010009765625,11.590361595153809,1172.1199951171875,44.46303176879883,137.46546936035156,111.22607421875,361.19000244140625,261.8082580566406,29.309598922729492,59.81999969482422,49.47576141357422,2929.669921875
2018-09-24,53.82005310058594,1934.3599853515625,11.180841445922852,1179.56005859375,44.70125961303711,136.26654052734375,111.62517547607422,369.6099853515625,264.044189453125,29.42239761352539,59.93600082397461,48.67571258544922,2919.3701171875
2018-09-25,54.161319732666016,1974.550048828125,10.733227729797363,1193.8900146484375,43.74834060668945,135.24929809570312,111.4110107421875,369.42999267578125,266.7373352050781,29.292253494262695,60.198001861572266,48.23023223876953,2915.56005859375
2018-09-26,53.7298583984375,1974.8499755859375,10.847512245178223,1194.06005859375,43.54823684692383,137.7016143798828,110.9535140991211,377.8800048828125,265.2566223144531,28.936506271362305,61.91600036621094,48.31204605102539,2905.969970703125
2018-09-27,54.83409881591797,2012.97998046875,10.980843544006348,1207.3599853515625,43.719749450683594,137.60169982910156,111.37207794189453,380.7099914550781,265.7336120605469,28.997243881225586,61.50400161743164,48.721168518066406,2914.0
2018-09-28,55.02667236328125,2003.0,10.752274513244629,1207.0799560546875,45.06336212158203,137.3383026123047,111.3331298828125,374.1300048828125,279.2687683105469,29.13607406616211,52.95399856567383,48.539337158203125,2913.97998046875
2018-10-01,55.397186279296875,2004.3599853515625,11.514172554016113,1208.530029296875,44.26291275024414,138.96408081054688,112.54022979736328,381.42999267578125,287.5567626953125,29.057985305786133,62.13999938964844,48.94845962524414,2924.590087890625
2018-10-02,55.88958740234375,1971.31005859375,11.7332181930542,1207.6400146484375,45.83522415161133,139.645263671875,112.0924301147461,377.1400146484375,284.6947326660156,29.431076049804688,60.20399856567383,49.47576141357422,2923.429931640625
2018-10-03,56.569679260253906,1952.760009765625,11.885598182678223,1211.530029296875,46.46415328979492,139.16387939453125,112.11190032958984,377.04998779296875,284.9431457519531,29.431076049804688,58.959999084472656,49.357566833496094,2925.510009765625
2018-10-04,55.57513427734375,1909.4200439453125,12.057024002075195,1177.0699462890625,45.86381530761719,137.42910766601562,109.79509735107422,363.6499938964844,277.5495300292969,29.604610443115234,56.36600112915039,50.02124786376953,2901.610107421875
2018-10-05,54.673213958740234,1889.6500244140625,12.552257537841797,1167.8299560546875,44.81560134887695,135.35829162597656,109.15261840820312,351.3500061035156,268.1782531738281,29.4918155670166,52.38999938964844,49.948516845703125,2885.570068359375
2018-10-08,54.546470642089844,1864.4200439453125,12.961776733398438,1155.9200439453125,44.81560134887695,134.77699279785156,107.90660858154297,349.1000061035156,264.1137390136719,29.59593391418457,50.11199951171875,50.02124786376953,2884.429931640625
2018-10-09,55.302127838134766,1870.3199462890625,12.904633522033691,1145.1700439453125,44.35820770263672,133.73248291015625,109.2791748046875,355.7099914550781,263.88525390625,29.49907112121582,52.560001373291016,50.54750061035156,2880.340087890625
2018-10-10,52.74018478393555,1755.25,12.64749526977539,1092.1600341796875,42.69060516357422,129.5998992919922,103.34114837646484,325.8900146484375,244.158935546875,28.92669677734375,51.375999450683594,49.940818786621094,2785.679931640625
2018-10-11,52.27460861206055,1719.3599853515625,12.114166259765625,1090.739990234375,42.14744186401367,126.26657104492188,103.0977783203125,321.1000061035156,233.66473388671875,27.958072662353516,50.44599914550781,49.021610260009766,2728.3701171875
2018-10-12,54.14181900024414,1788.6099853515625,11.7332181930542,1120.5400390625,42.766841888427734,127.92869567871094,106.66058349609375,339.55999755859375,245.0036163330078,28.398357391357422,51.75600051879883,49.38928985595703,2767.1298828125
2018-10-15,52.98394775390625,1760.949951171875,11.571314811706543,1102.43994140625,42.433319091796875,128.18301391601562,104.7428970336914,333.1300048828125,233.9131622314453,28.495222091674805,51.917999267578125,49.26979064941406,2750.7900390625
2018-10-16,54.15156555175781,1819.9599609375,11.523695945739746,1133.0799560546875,43.77693557739258,131.8069610595703,108.05262756347656,346.3999938964844,244.2980499267578,28.521638870239258,55.31800079345703,49.361717224121094,2809.919921875
2018-10-17,53.91756057739258,1831.72998046875,11.60940933227539,1127.5899658203125,43.72928237915039,121.75252532958984,107.77031707763672,364.70001220703125,241.54530334472656,28.68014144897461,54.35599899291992,49.6007080078125,2809.2099609375
2018-10-18,52.65730667114258,1770.719970703125,11.790358543395996,1097.9100341796875,42.852603912353516,118.57360076904297,105.61901092529297,346.7099914550781,238.03732299804688,28.618501663208008,52.78200149536133,50.23495864868164,2768.780029296875
2018-10-19,53.45928192138672,1764.030029296875,11.961787223815918,1105.1800537109375,41.92827606201172,117.25662231445312,105.77476501464844,332.6700134277344,227.7418670654297,28.94430923461914,52.0,50.46476745605469,2767.780029296875
2018-10-22,53.78592300415039,1789.300048828125,11.790358543395996,1111.3699951171875,42.890708923339844,118.09221649169922,106.718994140625,329.5400085449219,229.77911376953125,28.7681941986084,52.189998626708984,50.53830337524414,2755.8798828125
2018-10-23,54.29294967651367,1768.699951171875,12.085596084594727,1114.9100341796875,42.40473175048828,119.17305755615234,105.22962188720703,333.1600036621094,219.68240356445312,29.076396942138672,58.827999114990234,52.58815002441406,2740.68994140625
2018-10-24,52.43061447143555,1664.199951171875,11.590361595153809,1057.1199951171875,40.42266845703125,115.54000854492188,99.60311126708984,301.8299865722656,198.1673126220703,26.73408317565918,57.70000076293945,52.78118133544922,2656.10009765625
2018-10-25,53.578731536865234,1782.1700439453125,11.237984657287598,1103.5899658203125,42.22368240356445,114.84972381591797,105.42432403564453,312.8699951171875,206.54478454589844,26.399463653564453,62.97200012207031,51.87116622924805,2705.570068359375
2018-10-26,52.72556686401367,1642.81005859375,10.761799812316895,1083.75,43.53870391845703,113.3420181274414,104.11990356445312,299.8299865722656,197.0542755126953,25.615758895874023,66.18000030517578,51.02548599243164,2658.68994140625
2018-10-29,51.73589324951172,1538.8800048828125,10.628467559814453,1034.72998046875,43.262359619140625,108.66446685791016,101.09247589111328,284.8399963378906,184.46327209472656,26.10007095336914,66.97000122070312,51.91712951660156,2641.25
2018-10-30,51.99428176879883,1530.4200439453125,9.69514274597168,1049.510009765625,45.511234283447266,104.81343078613281,100.97566223144531,285.80999755859375,201.7349395751953,26.830944061279297,65.9800033569336,53.47978591918945,2682.6298828125
2018-10-31,53.34959411621094,1598.010009765625,9.618952751159668,1090.5799560546875,44.67267608642578,104.84068298339844,103.973876953125,301.7799987792969,209.51617431640625,27.015867233276367,67.46399688720703,52.47784423828125,2711.739990234375
2018-11-01,54.16862869262695,1665.530029296875,9.123720169067383,1085.97998046875,45.94957733154297,106.11225128173828,103.10749816894531,317.3800048828125,216.75076293945312,26.84855842590332,68.85600280761719,51.52186584472656,2740.3701171875
2018-11-02,50.57558822631836,1665.530029296875,8.847532272338867,1071.489990234375,44.891849517822266,105.05865478515625,103.34114837646484,309.1000061035156,213.58067321777344,26.87497329711914,69.28199768066406,52.05500793457031,2723.06005859375
2018-11-05,49.13983154296875,1627.800048828125,8.838008880615234,1055.72998046875,45.71135330200195,109.04592895507812,104.6552963256836,315.44000244140625,210.4503173828125,26.971834182739258,68.27999877929688,52.58815002441406,2738.31005859375
2018-11-06,49.67123794555664,1642.81005859375,8.97134017944336,1069.5699462890625,45.30860137939453,111.8252182006836,104.8597183227539,310.8399963378906,209.74473571777344,27.262422561645508,68.21199798583984,52.58815002441406,2755.449951171875
2018-11-07,51.177677154541016,1755.489990234375,8.761818885803223,1108.239990234375,46.71820831298828,113.38742065429688,108.98712921142578,327.5,212.4577178955078,27.385704040527344,69.63200378417969,52.99260330200195,2813.889892578125
2018-11-08,50.99911117553711,1754.9100341796875,8.666581153869629,1094.6300048828125,46.977108001708984,113.48860168457031,108.78270721435547,317.9200134277344,204.70632934570312,27.332868576049805,70.27999877929688,53.56251525878906,2806.830078125
2018-11-09,50.015769958496094,1712.4300537109375,8.171348571777344,1077.02001953125,46.13326644897461,113.63578796386719,106.66058349609375,303.4700012207031,204.38832092285156,27.02467155456543,70.10199737548828,53.73716735839844,2781.010009765625
2018-11-12,47.49626922607422,1636.8499755859375,7.609448432922363,1049.3599853515625,44.73325729370117,111.2074203491211,104.03230285644531,294.07000732421875,188.3588409423828,27.10392189025879,66.25599670410156,53.976158142089844,2726.219970703125
2018-11-13,47.021724700927734,1631.1700439453125,8.199919700622559,1047.969970703125,45.442848205566406,111.15223693847656,104.10043334960938,294.3999938964844,198.06796264648438,26.707660675048828,67.74600219726562,53.92100524902344,2722.179931640625
2018-11-14,45.693485260009766,1599.010009765625,7.923731327056885,1054.5799560546875,45.15517807006836,110.56354522705078,102.62417602539062,286.7300109863281,195.96116638183594,26.866168975830078,68.80000305175781,54.178382873535156,2701.580078125
2018-11-15,46.821144104003906,1619.43994140625,7.780875205993652,1071.050048828125,46.13326644897461,111.70413970947266,104.88255310058594,290.05999755859375,201.12875366210938,26.522748947143555,69.68800354003906,54.30707550048828,2730.199951171875
2018-11-16,47.3397216796875,1593.4100341796875,7.638019561767578,1068.27001953125,46.82368469238281,111.8237075805664,105.86998748779297,286.2099914550781,163.40530395507812,26.672443389892578,70.86199951171875,55.345787048339844,2736.27001953125
2018-11-19,45.46355056762695,1512.2900390625,7.466592788696289,1027.4200439453125,46.02778625488281,110.66473388671875,102.2820053100586,270.6000061035156,143.7982635498047,26.725276947021484,70.69400024414062,55.722660064697266,2690.72998046875
2018-11-20,43.29139709472656,1495.4599609375,7.285642147064209,1030.449951171875,45.442848205566406,107.8040542602539,99.4370346069336,266.9800109863281,148.15097045898438,25.906343460083008,69.49800109863281,54.6563835144043,2641.889892578125
2018-11-21,43.24247360229492,1516.72998046875,7.438022136688232,1043.4300537109375,45.09763717651367,109.06422424316406,100.80574035644531,262.1300048828125,143.8082275390625,26.214548110961914,67.63800048828125,54.380611419677734,2649.929931640625
2018-11-23,42.1441650390625,1502.06005859375,7.2094526290893555,1030.0999755859375,44.627777099609375,107.79486083984375,100.76663970947266,258.82000732421875,144.0963897705078,25.853511810302734,65.16600036621094,53.90262222290039,2632.56005859375
2018-11-26,42.714111328125,1581.3299560546875,7.2189764976501465,1055.93994140625,45.50038528442383,109.97486114501953,104.09066009521484,261.42999267578125,152.09622192382812,26.373050689697266,69.19999694824219,54.389801025390625,2673.449951171875
2018-11-27,42.62116241455078,1581.4200439453125,7.085644721984863,1052.280029296875,46.09490966796875,110.40717315673828,104.74568176269531,266.6300048828125,152.77198791503906,26.804527282714844,68.78399658203125,55.750244140625,2682.169921875
2018-11-28,44.26006317138672,1677.75,7.3713555335998535,1091.7900390625,46.85245132446289,113.13906860351562,108.63674926757812,282.6499938964844,159.07249450683594,27.06869888305664,69.5739974975586,55.20790481567383,2743.7900390625
2018-11-29,43.9200439453125,1673.5699462890625,7.561830043792725,1094.5799560546875,45.740116119384766,111.74092864990234,107.72753143310547,288.75,156.53582763671875,26.91900062561035,68.23400115966797,54.647186279296875,2737.800048828125
2018-11-30,43.682777404785156,1690.1700439453125,7.142786502838135,1109.6500244140625,47.283966064453125,114.30725860595703,108.41188049316406,286.1300048828125,162.57406616210938,27.508983612060547,70.09600067138672,55.42851257324219,2760.169921875
2018-12-03,45.20915222167969,1772.3599853515625,7.438022136688232,1116.3599853515625,48.07027053833008,115.26387023925781,109.5850601196289,290.29998779296875,169.14942932128906,27.922847747802734,71.697998046875,53.46139907836914,2790.3701171875
2018-12-04,43.220458984375,1668.4000244140625,6.933265686035156,1062.469970703125,45.78805923461914,111.85130310058594,106.09483337402344,275.3299865722656,156.2871551513672,27.059892654418945,71.94000244140625,53.397056579589844,2700.06005859375
2018-12-06,42.73857498168945,1699.18994140625,6.999930381774902,1078.0799560546875,46.38258743286133,113.97611999511719,106.7498779296875,282.8800048828125,157.46096801757812,26.883779525756836,72.61199951171875,53.38786315917969,2695.949951171875
2018-12-07,41.21464538574219,1629.1300048828125,6.676124572753906,1046.5799560546875,44.34010314941406,109.7724838256836,102.47753143310547,265.1400146484375,146.8369140625,26.540359497070312,71.59400177001953,53.02017593383789,2633.080078125
2018-12-10,41.48616409301758,1641.030029296875,6.599935054779053,1053.1800537109375,45.270240783691406,111.41898345947266,105.18560791015625,269.70001220703125,151.0646514892578,26.337825775146484,73.02999877929688,53.56251525878906,2637.719970703125
2018-12-11,41.2488899230957,1643.239990234375,6.438032150268555,1061.6500244140625,45.433265686035156,111.1982192993164,106.16326904296875,265.32000732421875,147.4138641357422,26.15290641784668,73.35199737548828,54.09565734863281,2636.780029296875
2018-12-12,41.363853454589844,1663.5400390625,6.390413284301758,1073.72998046875,45.864776611328125,111.44658660888672,106.64232635498047,274.8800048828125,148.12014770507812,26.557968139648438,73.31999969482422,52.62491989135742,2651.070068359375
2018-12-13,41.81638717651367,1658.3800048828125,6.8570756912231445,1073.5400390625,46.305870056152344,111.05106353759766,107.0040512084961,276.0199890136719,148.1101837158203,26.337825775146484,75.35800170898438,52.47784423828125,2650.5400390625
2018-12-14,40.47835922241211,1591.9100341796875,6.761838436126709,1051.7099609375,45.89353942871094,110.28759002685547,103.66048431396484,266.8399963378906,145.6829833984375,26.610803604125977,73.14199829101562,52.46865463256836,2599.949951171875
2018-12-17,40.101661682128906,1520.9100341796875,6.809457778930664,1025.6500244140625,45.14559555053711,106.79225158691406,100.59066009521484,262.79998779296875,142.8280029296875,26.293798446655273,69.68399810791016,51.42994689941406,2545.93994140625
2018-12-18,40.62268829345703,1551.47998046875,6.933265686035156,1043.4100341796875,45.778472900390625,107.29815673828125,101.64652252197266,270.94000244140625,146.17041015625,26.19693374633789,67.40599822998047,51.154178619384766,2546.159912109375
2018-12-19,39.3555908203125,1495.0799560546875,7.305602550506592,1035.4599609375,43.6976318359375,107.09579467773438,101.37278747558594,266.7699890136719,137.78456115722656,26.258575439453125,66.59400177001953,51.34721755981445,2506.9599609375
2018-12-20,38.362464904785156,1460.8299560546875,7.0957818031311035,1023.5800170898438,43.66886520385742,103.95915985107422,99.24150085449219,260.5799865722656,134.39244079589844,25.228307723999023,63.07600021362305,50.621036529541016,2467.419921875
2018-12-21,36.87033462524414,1377.449951171875,6.8191986083984375,991.25,42.99762725830078,102.0459213256836,96.0347900390625,246.38999938964844,128.89141845703125,24.92891502380371,63.95399856567383,50.483154296875,2416.6201171875
2018-12-24,35.91635513305664,1343.9599609375,6.599839687347412,984.6699829101562,41.798988342285156,98.94608306884766,92.02642059326172,233.8800048828125,126.41443634033203,24.09237289428711,59.077999114990234,48.76422882080078,2351.10009765625
2018-12-26,38.44563674926758,1470.9000244140625,7.048094272613525,1047.8499755859375,44.29215621948242,102.45984649658203,98.31272888183594,253.6699981689453,132.40292358398438,24.726383209228516,65.21800231933594,50.041934967041016,2467.699951171875
2018-12-27,38.19613265991211,1461.6400146484375,6.9336466789245605,1052.9000244140625,44.45517349243164,104.65823364257812,98.91888427734375,255.57000732421875,130.48300170898438,24.78802490234375,63.22600173950195,50.69457244873047,2488.830078125
2018-12-28,38.215702056884766,1478.02001953125,7.16254186630249,1046.6800537109375,44.82914733886719,103.96836853027344,98.14653015136719,256.0799865722656,132.9500274658203,25.06100082397461,66.77400207519531,50.804874420166016,2485.739990234375
2018-12-31,38.58506774902344,1501.969970703125,7.219766139984131,1044.9599609375,45.00175476074219,104.55705261230469,99.30015563964844,267.6600036621094,132.80081176757812,25.131444931030273,66.55999755859375,51.678131103515625,2506.85009765625
2019-01-02,38.62909698486328,1539.1300048828125,7.677558898925781,1054.6800537109375,45.14559555053711,105.97358703613281,98.86021423339844,267.6600036621094,135.50656127929688,26.01201820373535,62.02399826049805,51.49428176879883,2510.030029296875
2019-01-03,34.78135299682617,1500.280029296875,7.687096118927002,1025.469970703125,42.66200637817383,103.85798645019531,95.22335052490234,271.20001220703125,127.31965637207031,26.047237396240234,60.071998596191406,51.678131103515625,2447.889892578125
2019-01-04,36.266143798828125,1575.3900146484375,7.849231243133545,1078.0699462890625,45.27983856201172,107.9144287109375,99.65211486816406,297.57000732421875,135.47671508789062,26.71647071838379,63.53799819946289,51.80682373046875,2531.93994140625
2019-01-07,36.185428619384766,1629.510009765625,8.335636138916016,1075.9200439453125,45.49079895019531,108.67790222167969,99.77920532226562,315.3399963378906,142.64894104003906,27.200780868530273,66.99199676513672,52.13773727416992,2549.68994140625
2019-01-08,36.87522888183594,1656.5799560546875,8.163962364196777,1085.3699951171875,45.778472900390625,110.22320556640625,100.50267028808594,320.2699890136719,139.09765625,27.544208526611328,67.06999969482422,53.663631439208984,2574.409912109375
2019-01-09,37.501434326171875,1659.4200439453125,8.106739044189453,1081.6500244140625,46.03737258911133,111.01426696777344,101.93981170654297,319.9599914550781,141.833251953125,26.944446563720703,67.70600128173828,52.987918853759766,2584.9599609375
2019-01-10,37.621299743652344,1656.219970703125,8.526381492614746,1078.8299560546875,46.564781188964844,112.02608489990234,101.28479766845703,324.6600036621094,144.46939086914062,27.212997436523438,68.99400329589844,53.49876022338867,2596.639892578125
2019-01-11,37.251930236816406,1640.56005859375,8.526381492614746,1064.469970703125,46.919578552246094,111.72254180908203,100.50267028808594,337.5899963378906,148.05050659179688,27.633726119995117,69.4520034790039,53.88886260986328,2596.260009765625
2019-01-14,36.6917724609375,1617.2099609375,8.48823356628418,1051.510009765625,46.363407135009766,110.73831176757812,99.7694320678711,332.94000244140625,149.65206909179688,27.40993309020996,66.87999725341797,53.89814758300781,2582.610107421875
2019-01-15,37.44273376464844,1674.56005859375,8.326098442077637,1086.510009765625,46.60313415527344,111.97089385986328,102.66329193115234,354.6400146484375,149.08506774902344,27.39202880859375,68.88600158691406,53.963165283203125,2610.300048828125
2019-01-16,37.9001579284668,1683.780029296875,8.564531326293945,1089.510009765625,46.152442932128906,111.86970520019531,103.02500915527344,351.3900146484375,148.06048583984375,27.35622215270996,69.20999908447266,53.01578903198242,2616.10009765625
2019-01-17,38.12519454956055,1693.219970703125,8.71712875366211,1099.1199951171875,46.47847366333008,112.39401245117188,103.74847412109375,353.19000244140625,150.92539978027344,27.427833557128906,69.46199798583984,52.783592224121094,2635.9599609375
2019-01-18,38.360023498535156,1696.199951171875,8.640829086303711,1107.300048828125,47.16889572143555,113.89332580566406,105.30294036865234,339.1000061035156,156.10809326171875,27.71428680419922,60.45199966430664,53.02507781982422,2670.7099609375
2019-01-22,37.49898910522461,1632.1700439453125,8.259336471557617,1078.6300048828125,46.28669357299805,112.69754791259766,103.31830596923828,325.1600036621094,147.99082946777344,27.374126434326172,59.784000396728516,52.93220138549805,2632.89990234375
2019-01-23,37.65065002441406,1640.02001953125,8.326098442077637,1084.4100341796875,45.97024917602539,122.23619079589844,104.32527923583984,321.989990234375,148.50807189941406,27.65162467956543,57.518001556396484,53.64737319946289,2638.699951171875
2019-01-24,37.35221862792969,1654.9300537109375,8.373784065246582,1084.0,47.71547317504883,121.90504455566406,103.8266830444336,326.6700134277344,157.0133056640625,27.39202880859375,58.301998138427734,53.00649642944336,2642.330078125
2019-01-25,38.589962005615234,1670.5699462890625,8.73620319366455,1101.510009765625,45.10723876953125,123.22959899902344,104.77500915527344,338.04998779296875,159.31121826171875,27.44573974609375,59.40800094604492,52.38420867919922,2664.760009765625
2019-01-28,38.232826232910156,1637.8900146484375,8.516845703125,1079.8599853515625,44.79079055786133,123.50556182861328,102.73171997070312,335.6600036621094,137.28720092773438,27.454689025878906,59.2760009765625,51.148902893066406,2643.85009765625
2019-01-29,37.836551666259766,1593.8800048828125,8.48823356628418,1070.06005859375,44.627777099609375,123.56072998046875,100.6395492553711,328.8999938964844,130.91078186035156,27.481548309326172,59.492000579833984,49.48635482788086,2640.0
2019-01-30,40.42210388183594,1670.4300537109375,8.678979873657227,1097.989990234375,45.586692810058594,123.60673522949219,104.00267028808594,340.6600036621094,136.67044067382812,26.290977478027344,61.75400161743164,50.155094146728516,2681.050048828125
2019-01-31,40.71318435668945,1718.72998046875,9.68993854522705,1125.8900146484375,45.1839485168457,123.64351654052734,102.09624481201172,339.5,142.9971160888672,26.90863800048828,61.40399932861328,51.139617919921875,2704.10009765625
2019-02-01,40.732757568359375,1626.22998046875,9.718549728393555,1118.6199951171875,46.727787017822266,123.34919738769531,100.48311614990234,339.8500061035156,143.97198486328125,26.854928970336914,62.44200134277344,50.66592788696289,2706.530029296875
2019-02-04,41.8897705078125,1633.31005859375,9.737625122070312,1141.4200439453125,47.197662353515625,124.35179138183594,103.37696838378906,351.3399963378906,148.39866638183594,26.505815505981445,62.577999114990234,50.19224548339844,2724.8701171875
2019-02-05,42.606483459472656,1658.81005859375,10.138192176818848,1151.8699951171875,47.9552001953125,124.68292999267578,104.82389068603516,355.80999755859375,149.16464233398438,26.523719787597656,64.2699966430664,50.28512191772461,2737.699951171875
2019-02-06,42.62116241455078,1640.260009765625,9.985593795776367,1122.8900146484375,48.15302658081055,125.39120483398438,103.66048431396484,352.19000244140625,152.19866943359375,26.461055755615234,63.444000244140625,49.960044860839844,2731.610107421875
2019-02-07,41.813941955566406,1614.3699951171875,9.594564437866211,1105.9100341796875,47.50647735595703,123.9395523071289,102.91747283935547,344.7099914550781,146.6479034423828,26.362590789794922,61.50199890136719,49.755706787109375,2706.050048828125
2019-02-08,41.86307907104492,1588.219970703125,9.356132507324219,1102.3800048828125,47.13013458251953,124.42343139648438,103.30853271484375,347.57000732421875,147.39398193359375,26.45210838317871,61.15999984741211,50.1086540222168,2707.8798828125
2019-02-11,41.62232208251953,1591.0,9.565954208374023,1102.1199951171875,47.062583923339844,124.68399810791016,102.89791107177734,345.7300109863281,145.6829833984375,26.5953311920166,62.56800079345703,50.20153045654297,2709.800048828125
2019-02-12,41.98099136352539,1638.010009765625,9.518266677856445,1127.5799560546875,48.25917053222656,126.6009292602539,104.50127410888672,359.9700012207031,150.3782501220703,26.684846878051758,62.36199951171875,50.545188903808594,2744.72998046875
2019-02-13,41.80656814575195,1640.0,9.890223503112793,1128.6300048828125,48.70307159423828,127.96881103515625,104.42304992675781,351.7699890136719,152.07933044433594,26.71170425415039,61.63399887084961,50.60091781616211,2753.030029296875
2019-02-14,41.958885192871094,1622.6500244140625,9.57548999786377,1129.199951171875,49.03116226196289,127.00106048583984,104.51103973388672,359.07000732421875,153.7206573486328,26.666946411132812,60.75400161743164,50.182952880859375,2745.72998046875
2019-02-15,41.86553192138672,1607.949951171875,9.623176574707031,1119.6300048828125,49.85140609741211,128.4434051513672,105.80154418945312,356.8699951171875,156.51596069335938,27.275653839111328,61.57600021362305,51.23249435424805,2775.60009765625
2019-02-19,41.990814208984375,1627.5799560546875,9.661327362060547,1126.510009765625,49.60050964355469,129.06686401367188,105.7526626586914,361.9200134277344,155.8196258544922,27.418880462646484,61.12799835205078,51.49256134033203,2779.760009765625
2019-02-20,42.261043548583984,1622.0999755859375,9.632713317871094,1120.5899658203125,49.59086227416992,128.41549682617188,105.20284271240234,359.9100036621094,157.7196044921875,27.615819931030273,60.512001037597656,51.78977584838867,2784.699951171875
2019-02-21,42.02275466918945,1619.43994140625,9.565954208374023,1104.2099609375,49.610164642333984,128.26658630371094,107.4217758178711,356.9700012207031,154.9541778564453,27.597915649414062,58.24599838256836,52.152008056640625,2774.8798828125
2019-02-22,42.49196243286133,1631.56005859375,9.699474334716797,1116.56005859375,50.65235137939453,129.5786895751953,108.95341491699219,363.0199890136719,158.3562774658203,27.884368896484375,58.94200134277344,52.86717987060547,2792.669921875
2019-02-25,42.80149459838867,1633.0,10.319401741027832,1117.3299560546875,51.240997314453125,129.77407836914062,109.5621566772461,363.9100036621094,157.85888671875,27.866466522216797,59.75400161743164,52.73714828491211,2796.110107421875
2019-02-26,42.8260612487793,1636.4000244140625,10.57347583770752,1122.010009765625,51.36644744873047,130.01602172851562,110.31816101074219,364.9700012207031,156.27720642089844,27.947031021118164,59.571998596191406,52.60711669921875,2793.89990234375
2019-02-27,42.95872116088867,1641.0899658203125,10.791691780090332,1122.8900146484375,51.37609100341797,129.50421142578125,110.13160705566406,362.8699951171875,154.59605407714844,27.80380630493164,62.948001861572266,52.68142318725586,2792.3798828125
2019-02-28,42.53618240356445,1639.8299560546875,10.305667877197266,1126.550048828125,51.105892181396484,128.53646850585938,109.99415588378906,358.1000061035156,153.6102294921875,27.857513427734375,63.97600173950195,52.86717987060547,2784.489990234375
2019-03-01,42.983280181884766,1671.72998046875,10.186641693115234,1148.52001953125,51.43399429321289,129.53213500976562,110.48507690429688,357.32000732421875,155.79100036621094,27.588966369628906,58.95800018310547,52.90433883666992,2803.68994140625
2019-03-04,43.19947052001953,1696.1700439453125,10.29574966430664,1153.4200439453125,52.05158233642578,128.81561279296875,110.219970703125,351.0400085449219,156.11961364746094,26.837024688720703,57.071998596191406,52.235599517822266,2792.81005859375
2019-03-05,43.120853424072266,1692.4300537109375,9.809727668762207,1169.18994140625,51.800689697265625,128.3038330078125,109.6701431274414,354.29998779296875,155.8607177734375,26.81017303466797,55.30799865722656,52.086997985839844,2789.64990234375
2019-03-06,42.87274169921875,1668.949951171875,9.036056518554688,1164.93994140625,51.096248626708984,127.46632385253906,109.71924591064453,359.6099853515625,151.40953063964844,26.684846878051758,55.24800109863281,51.71546936035156,2771.449951171875
2019-03-07,42.37650680541992,1625.949951171875,9.373296737670898,1150.8499755859375,50.75849914550781,125.9588394165039,108.38395690917969,352.6000061035156,148.6312713623047,26.78331756591797,55.31800079345703,52.29132843017578,2748.929931640625
2019-03-08,42.47722625732422,1620.800048828125,9.512308120727539,1149.969970703125,50.6427001953125,125.70757293701172,108.50177764892578,349.6000061035156,150.00546264648438,26.819124221801758,56.827999114990234,52.504947662353516,2743.070068359375
2019-03-11,43.94873046875,1670.6199951171875,9.830048561096191,1179.260009765625,51.48223876953125,128.14564514160156,110.77962493896484,358.8599853515625,160.4612579345703,27.051864624023438,58.183998107910156,53.480194091796875,2783.300048828125
2019-03-12,44.44251251220703,1673.0999755859375,9.691038131713867,1197.25,51.69453811645508,128.67604064941406,111.55526733398438,356.2699890136719,161.83543395996094,27.418880462646484,56.672000885009766,53.34086990356445,2791.52001953125
2019-03-13,44.6390380859375,1690.81005859375,9.949200630187988,1199.06005859375,52.466529846191406,128.9365997314453,112.41926574707031,361.2099914550781,167.9097442626953,27.105575561523438,57.79199981689453,53.55449295043945,2810.919921875
2019-03-14,45.13527297973633,1686.219970703125,10.22722053527832,1192.530029296875,51.569087982177734,129.1505889892578,112.50763702392578,358.82000732421875,164.8626251220703,27.105575561523438,57.992000579833984,53.82384490966797,2808.47998046875
2019-03-15,45.7224006652832,1712.3599853515625,9.889623641967773,1190.300048828125,52.42793273925781,129.74615478515625,113.80365753173828,361.4599914550781,169.0947265625,27.454689025878906,55.08599853515625,54.23251724243164,2822.47998046875
2019-03-18,46.18916320800781,1742.1500244140625,10.12792682647705,1188.550048828125,52.20598220825195,130.4720001220703,115.4334716796875,363.44000244140625,168.2383575439453,27.571062088012695,53.89799880981445,53.935298919677734,2832.93994140625
2019-03-19,45.82312774658203,1761.8499755859375,10.117999076843262,1202.4599609375,52.273536682128906,130.7325439453125,115.51203155517578,358.7799987792969,174.96986389160156,27.463640213012695,53.49399948120117,53.4058837890625,2832.570068359375
2019-03-20,46.22355651855469,1797.27001953125,10.147788047790527,1226.4300537109375,51.935791015625,129.90435791015625,115.38439178466797,375.2200012207031,173.6654052734375,27.311466217041016,54.720001220703125,53.563777923583984,2824.22998046875
2019-03-21,47.92597961425781,1819.260009765625,10.197434425354004,1236.1300048828125,52.727081298828125,131.61654663085938,118.03533935546875,377.8699951171875,183.1652069091797,27.80380630493164,54.80400085449219,54.1396369934082,2854.8798828125
2019-03-22,46.93351364135742,1764.77001953125,9.9094820022583,1207.6500244140625,51.395389556884766,129.7647705078125,114.92293548583984,361.010009765625,176.7523193359375,27.812755584716797,52.90599822998047,55.504966735839844,2800.7099609375
2019-03-25,46.366031646728516,1774.260009765625,9.810188293457031,1197.3800048828125,50.93220138549805,129.51351928710938,115.52185821533203,366.2300109863281,173.04798889160156,27.544208526611328,52.08399963378906,55.80218505859375,2798.360107421875
2019-03-26,45.88699722290039,1783.760009765625,10.028635025024414,1189.8399658203125,51.569087982177734,130.48129272460938,115.76730346679688,359.9700012207031,176.12496948242188,28.099210739135742,53.55400085449219,56.31302261352539,2818.4599609375
2019-03-27,46.29970932006836,1765.699951171875,9.889623641967773,1178.010009765625,51.29889678955078,129.56935119628906,114.64801025390625,353.3699951171875,175.7565460205078,28.108158111572266,54.965999603271484,56.54522705078125,2805.3701171875
2019-03-28,46.361122131347656,1773.4200439453125,9.820117950439453,1172.27001953125,51.250648498535156,130.20213317871094,114.80510711669922,354.6099853515625,176.50338745117188,27.759044647216797,55.7239990234375,54.873382568359375,2815.43994140625
2019-03-29,46.66328811645508,1780.75,9.919411659240723,1176.8900146484375,51.81999206542969,131.30018615722656,115.79676818847656,356.55999755859375,178.80364990234375,28.072351455688477,55.97200012207031,54.91982650756836,2834.39990234375
2019-04-01,46.980194091796875,1814.18994140625,10.028635025024414,1198.97998046875,52.601627349853516,133.34738159179688,116.85713195800781,366.9599914550781,181.51219177246094,28.600500106811523,57.83599853515625,54.88267517089844,2867.18994140625
2019-04-02,47.66312789916992,1813.97998046875,10.167646408081055,1205.5400390625,52.45688247680664,133.06820678710938,117.02404022216797,367.7200012207031,182.22915649414062,28.314050674438477,57.17599868774414,54.362545013427734,2867.239990234375
2019-04-03,47.98986053466797,1820.699951171875,10.028635025024414,1210.81005859375,53.53767013549805,133.65447998046875,117.78987884521484,369.75,187.82550048828125,28.528888702392578,58.36199951171875,54.678340911865234,2873.39990234375
2019-04-04,48.0733757019043,1818.8599853515625,9.959128379821777,1219.449951171875,53.9622688293457,132.86349487304688,117.19096374511719,367.8800048828125,187.46701049804688,28.62735366821289,53.555999755859375,54.789794921875,2879.389892578125
2019-04-05,48.39519119262695,1837.280029296875,9.93927001953125,1211.449951171875,53.65346908569336,133.32875061035156,117.7113265991211,365.489990234375,190.1456756591797,28.958566665649414,54.992000579833984,54.88267517089844,2892.739990234375
2019-04-08,49.156742095947266,1849.8599853515625,9.422945022583008,1208.280029296875,53.73066711425781,133.43112182617188,117.75059509277344,361.4100036621094,190.98214721679688,28.994369506835938,54.63999938964844,54.91982650756836,2895.77001953125
2019-04-09,49.00934600830078,1835.8399658203125,9.154852867126465,1202.68994140625,53.38327407836914,132.2400360107422,117.11239624023438,364.7099914550781,188.46278381347656,28.87613868713379,54.46200180053711,54.80018997192383,2878.199951171875
2019-04-10,49.28448486328125,1847.3299560546875,9.095276832580566,1206.449951171875,53.798213958740234,133.0868377685547,118.00587463378906,363.9200134277344,191.29086303710938,28.99437141418457,55.21200180053711,54.99723815917969,2888.2099609375
2019-04-11,48.87423324584961,1844.0699462890625,9.055560111999512,1209.5899658203125,53.846466064453125,133.79405212402344,118.14332580566406,367.6499938964844,190.7332000732422,29.2854061126709,53.683998107910156,54.950321197509766,2888.320068359375
2019-04-12,48.85457992553711,1843.06005859375,8.936407089233398,1222.72998046875,54.44476318359375,134.32444763183594,118.75205993652344,351.1400146484375,189.20962524414062,29.2854061126709,53.540000915527344,55.119232177734375,2907.409912109375
2019-04-15,48.943016052246094,1844.8699951171875,8.916547775268555,1226.530029296875,54.30966567993164,133.90573120117188,118.8502426147461,348.8699951171875,183.92198181152344,29.121700286865234,53.2760009765625,55.0910758972168,2905.580078125
2019-04-16,48.947933197021484,1863.0400390625,9.075418472290039,1231.9100341796875,54.724613189697266,135.05958557128906,118.57532501220703,359.4599914550781,187.417236328125,29.330881118774414,54.672000885009766,55.1661491394043,2907.06005859375
2019-04-17,49.90109634399414,1864.8199462890625,9.055560111999512,1240.1400146484375,56.50984191894531,129.44839477539062,119.55715942382812,354.739990234375,186.5010986328125,29.05803680419922,54.24599838256836,54.21840286254883,2900.449951171875
2019-04-18,50.0804328918457,1861.68994140625,9.283935546875,1241.469970703125,56.44229507446289,130.5836639404297,121.12808227539062,360.3500061035156,185.51527404785156,29.13079261779785,54.652000427246094,54.46237564086914,2905.030029296875
2019-04-22,50.245025634765625,1887.31005859375,9.254145622253418,1253.760009765625,56.760738372802734,129.24368286132812,121.51099395751953,377.3399963378906,187.67613220214844,29.176271438598633,52.54999923706055,54.77203369140625,2907.969970703125
2019-04-23,50.96971893310547,1923.77001953125,9.26407527923584,1270.5899658203125,56.722137451171875,130.68600463867188,123.16046905517578,381.8900146484375,189.86685180664062,29.194456100463867,52.779998779296875,53.627235412597656,2933.679931640625
2019-04-24,50.891109466552734,1901.75,9.254145622253418,1260.050048828125,56.664241790771484,130.23004150390625,122.73828125,374.2300109863281,190.36476135253906,28.003034591674805,51.731998443603516,53.56155014038086,2927.25
2019-04-25,50.42927169799805,1902.25,9.055560111999512,1267.3399658203125,55.593101501464844,129.00172424316406,126.80305480957031,368.3299865722656,186.12269592285156,27.593765258789062,49.5260009765625,52.407371520996094,2926.169921875
2019-04-26,50.18852233886719,1950.6300048828125,9.502379417419434,1277.4200439453125,50.594451904296875,129.75546264648438,127.52959442138672,374.8500061035156,177.33982849121094,27.902990341186523,47.02799987792969,53.092376708984375,2939.8798828125
2019-04-29,50.264678955078125,1938.4300537109375,9.661248207092285,1296.199951171875,49.32066345214844,129.39256286621094,127.41178131103516,371.8299865722656,178.5746307373047,28.08488655090332,48.29399871826172,53.33634567260742,2943.030029296875
2019-04-30,49.29677200317383,1926.52001953125,10.098140716552734,1198.9599609375,49.253116607666016,130.52783203125,128.22669982910156,370.5400085449219,180.2375946044922,28.15764617919922,47.737998962402344,53.66476821899414,2945.830078125
2019-05-01,51.71653366088867,1911.52001953125,10.028635025024414,1173.3199462890625,48.98291778564453,130.7976837158203,125.55612182617188,378.80999755859375,179.70982360839844,28.003034591674805,46.801998138427734,53.036067962646484,2923.72998046875
2019-05-02,51.379974365234375,1900.8199462890625,10.17757511138916,1166.510009765625,48.78026580810547,129.8950653076172,123.91647338867188,379.05999755859375,182.41836547851562,27.84842300415039,48.81999969482422,53.47710037231445,2917.52001953125
2019-05-03,52.01869583129883,1962.4599609375,10.42580795288086,1189.550048828125,49.938255310058594,130.50921630859375,126.5575942993164,385.0299987792969,182.23912048339844,27.921180725097656,51.00600051879883,53.711692810058594,2945.639892578125
2019-05-06,51.21538543701172,1950.550048828125,10.356304168701172,1193.4599609375,49.729515075683594,130.6302032470703,125.82120513916016,378.6700134277344,179.09243774414062,27.82114028930664,51.06800079345703,53.40203094482422,2932.469970703125
2019-05-07,49.834774017333984,1921.0,10.03856372833252,1178.8599853515625,49.01104736328125,128.0804901123047,123.23900604248047,370.4599914550781,172.3808135986328,27.766565322875977,49.4119987487793,53.13928985595703,2884.050048828125
2019-05-08,49.8445930480957,1917.77001953125,10.088210105895996,1170.780029296875,47.80712890625,128.41549682617188,123.22920227050781,364.3699951171875,173.18740844726562,27.557384490966797,48.96799850463867,52.904701232910156,2879.419921875
2019-05-09,49.309051513671875,1899.8699951171875,9.969058990478516,1167.969970703125,45.263370513916016,127.43622589111328,123.21937561035156,362.75,169.47312927246094,27.630144119262695,48.395999908447266,52.998538970947266,2870.719970703125
2019-05-10,48.625953674316406,1889.97998046875,10.058423042297363,1167.6400146484375,44.855594635009766,127.41740417480469,124.81975555419922,361.0400085449219,168.10890197753906,27.84842300415039,47.90399932861328,53.40203094482422,2881.39990234375
2019-05-13,45.799842834472656,1822.6800537109375,9.800259590148926,1136.5899658203125,43.457489013671875,123.74514770507812,121.10844421386719,345.260009765625,157.78257751464844,27.711997985839844,45.402000427246094,53.25189208984375,2811.8701171875
2019-05-14,46.524864196777344,1840.1199951171875,10.24708080291748,1124.8599853515625,43.85556411743164,125.5247802734375,122.46337127685547,345.6099853515625,161.3574676513672,28.27587890625,46.46200180053711,53.0642204284668,2834.409912109375
2019-05-15,47.08219528198242,1871.1500244140625,10.187504768371582,1170.800048828125,44.2924690246582,126.55111694335938,124.18792724609375,354.989990234375,158.90782165527344,28.421396255493164,46.38999938964844,53.308197021484375,2850.9599609375
2019-05-16,46.87504959106445,1907.5699462890625,10.058423042297363,1184.5,44.205081939697266,127.9446792602539,127.05561828613281,359.30999755859375,159.51524353027344,28.757909774780273,45.66600036621094,53.84305953979492,2876.320068359375
2019-05-17,46.60871505737305,1869.0,9.929341316223145,1168.780029296875,43.58371353149414,126.47577667236328,126.20813751220703,354.45001220703125,155.87066650390625,28.921611785888672,42.20600128173828,54.50929641723633,2859.530029296875
2019-05-20,45.15126419067383,1858.969970703125,9.810188293457031,1144.6600341796875,42.292423248291016,127.22907257080078,124.3850326538086,348.1099853515625,151.11080932617188,29.27631187438965,41.071998596191406,55.372581481933594,2840.22998046875
2019-05-21,46.0168571472168,1857.52001953125,9.889623641967773,1154.43994140625,43.16622543334961,128.4813995361328,125.05514526367188,354.2699890136719,154.4068603515625,29.476398468017578,41.01599884033203,55.83238220214844,2864.360107421875
2019-05-22,45.07481384277344,1859.6800537109375,9.830048561096191,1155.8499755859375,42.71961212158203,128.3872528076172,125.8139419555664,359.7300109863281,151.5588836669922,29.358163833618164,38.54600143432617,55.59779357910156,2856.27001953125
2019-05-23,44.30540084838867,1815.47998046875,9.492450714111328,1145.3399658203125,43.23419189453125,124.65848541259766,124.34561157226562,352.2099914550781,146.699462890625,29.230838775634766,39.097999572753906,55.241214752197266,2822.239990234375
2019-05-24,44.13524627685547,1823.280029296875,9.383227348327637,1138.6099853515625,43.27302932739258,124.55492401123047,124.40472412109375,354.3900146484375,144.53858947753906,29.34907341003418,38.125999450683594,55.663475036621094,2826.06005859375
2019-05-28,43.952754974365234,1836.4300537109375,9.293861389160156,1139.56005859375,42.3021240234375,122.84121704101562,124.3259048461914,355.05999755859375,142.7262725830078,29.039844512939453,37.7400016784668,55.10984802246094,2802.389892578125
2019-05-29,43.74313735961914,1819.18994140625,9.303792953491211,1119.93994140625,42.94291687011719,122.11618041992188,123.1236343383789,349.19000244140625,139.74884033203125,29.021657943725586,37.97200012207031,54.59375,2783.02001953125
2019-05-30,43.97002029418945,1816.3199462890625,9.403085708618164,1121.4100341796875,43.42837142944336,122.00318908691406,123.90214538574219,351.8500061035156,138.68214416503906,28.976184844970703,37.64400100708008,53.326961517333984,2788.860107421875
2019-05-31,43.17347717285156,1775.0699462890625,9.373296737670898,1106.5,42.75844955444336,119.57386016845703,121.88195037841797,343.2799987792969,135.04339599609375,27.812040328979492,37.03200149536133,50.99983215332031,2752.06005859375
2019-06-03,42.736976623535156,1692.68994140625,9.462660789489746,1038.739990234375,42.19532775878906,120.77911376953125,118.09777069091797,336.6300048828125,133.36854553222656,28.27587890625,35.79399871826172,52.904701232910156,2744.449951171875
2019-06-04,44.30046844482422,1729.56005859375,9.929341316223145,1054.489990234375,43.48662185668945,124.94097900390625,121.36951446533203,353.3999938964844,142.56019592285156,28.630577087402344,38.720001220703125,52.75456619262695,2803.27001953125
2019-06-05,45.015621185302734,1738.5,9.820117950439453,1044.6400146484375,43.253604888916016,123.81106567382812,124.00069427490234,355.7300109863281,140.84548950195312,28.812475204467773,39.31800079345703,53.5146369934082,2826.14990234375
2019-06-06,45.676536560058594,1754.3599853515625,9.849905967712402,1047.760009765625,43.78760528564453,124.49844360351562,125.96176147460938,357.1300048828125,143.33779907226562,29.194456100463867,41.189998626708984,53.99319839477539,2843.489990234375
2019-06-07,46.892303466796875,1804.030029296875,9.9094820022583,1068.3699951171875,44.6905403137207,125.5247802734375,129.4897003173828,360.8699951171875,145.05250549316406,29.54916000366211,40.900001525878906,53.711692810058594,2873.340087890625
2019-06-10,47.49156188964844,1860.6300048828125,9.978988647460938,1082.760009765625,45.438133239746094,126.87125396728516,130.6722869873047,352.010009765625,147.97348022460938,29.039844512939453,42.57600021362305,52.68887710571289,2886.72998046875
2019-06-11,48.0414924621582,1863.699951171875,10.048493385314941,1081.0400390625,45.48667907714844,128.01060485839844,130.17955017089844,351.2699890136719,150.28634643554688,29.203554153442383,43.41999816894531,53.326961517333984,2885.719970703125
2019-06-12,47.88860321044922,1855.3199462890625,10.20736312866211,1079.0999755859375,44.97209930419922,126.99365234375,129.5784149169922,345.55999755859375,145.75033569335938,29.26721954345703,41.85200119018555,53.82429122924805,2879.840087890625
2019-06-13,47.87873077392578,1870.300048828125,10.237150192260742,1091.010009765625,45.34104537963867,127.8316650390625,130.39633178710938,343.42999267578125,147.8040008544922,29.36726188659668,42.78200149536133,54.068260192871094,2891.639892578125
2019-06-14,47.53102111816406,1869.6700439453125,10.15771484375,1086.300048828125,44.845882415771484,127.2573013305664,130.5244598388672,339.7300109863281,144.19512939453125,29.421831130981445,42.98400115966797,54.687583923339844,2886.97998046875
2019-06-17,47.81462097167969,1886.030029296875,9.978988647460938,1093.8900146484375,44.78763198852539,127.06900024414062,130.9186553955078,350.6199951171875,144.5839385986328,29.376354217529297,45.00600051879883,54.07765197753906,2889.669921875
2019-06-18,48.939144134521484,1901.3699951171875,10.346373558044434,1105.239990234375,45.99154281616211,128.41549682617188,133.19505310058594,357.1199951171875,152.40982055664062,29.503681182861328,44.948001861572266,53.796142578125,2917.75
2019-06-19,48.79611587524414,1908.7900390625,10.266938209533691,1104.510009765625,45.70027542114258,129.07460021972656,133.7173614501953,363.5199890136719,152.64907836914062,29.476398468017578,45.2859992980957,54.07765197753906,2926.4599609375
2019-06-20,49.18821716308594,1918.18994140625,10.554889678955078,1113.199951171875,45.81678009033203,130.74122619628906,134.95901489257812,365.2099914550781,153.6260528564453,29.594635009765625,43.92399978637695,53.80552673339844,2954.179931640625
2019-06-21,49.02052307128906,1911.300048828125,10.4059476852417,1125.3699951171875,46.07892608642578,131.07080078125,134.978759765625,369.2099914550781,151.29324340820312,29.512779235839844,44.37200164794922,54.209014892578125,2950.4599609375
2019-06-24,48.9712028503418,1913.9000244140625,10.20736312866211,1116.699951171875,46.24398422241211,131.21205139160156,135.77696228027344,371.0400085449219,152.1904754638672,29.63101577758789,44.72800064086914,54.67819595336914,2945.35009765625
2019-06-25,48.228919982910156,1878.27001953125,10.147788047790527,1087.5799560546875,45.48667907714844,130.27984619140625,131.4901885986328,360.29998779296875,151.01409912109375,29.60372543334961,43.95199966430664,54.424842834472656,2917.3798828125
2019-06-26,49.27206802368164,1897.8299560546875,10.197434425354004,1080.3199462890625,46.787681579589844,130.43051147460938,131.98292541503906,362.20001220703125,158.77017211914062,29.585535049438477,43.854000091552734,53.47710037231445,2913.780029296875
2019-06-27,49.25727081298828,1904.280029296875,10.32651424407959,1076.6300048828125,46.07892608642578,130.43051147460938,132.19972229003906,370.0199890136719,162.7279815673828,29.99480628967285,44.56800079345703,53.72107696533203,2924.919921875
2019-06-28,48.808441162109375,1893.6300048828125,10.435842514038086,1082.800048828125,46.47699737548828,129.84671020507812,132.0124969482422,367.32000732421875,163.72488403320312,30.476829528808594,44.69200134277344,53.60847091674805,2941.760009765625
2019-07-01,49.70363235473633,1922.18994140625,10.565048217773438,1100.0,46.65176010131836,131.71107482910156,133.70748901367188,374.6000061035156,165.65892028808594,30.404075622558594,45.433998107910156,53.167442321777344,2964.330078125
2019-07-02,49.99462127685547,1934.31005859375,10.555109977722168,1112.5999755859375,46.71971893310547,132.03121948242188,134.59439086914062,375.42999267578125,161.7310333251953,30.776960372924805,44.90999984741211,54.54682540893555,2973.010009765625
2019-07-03,50.40892028808594,1939.0,10.545170783996582,1122.989990234375,47.10808563232422,133.2741241455078,135.46160888671875,381.7200012207031,162.24945068359375,30.904293060302734,46.97999954223633,54.54682540893555,2995.820068359375
2019-07-05,50.36452865600586,1942.9100341796875,10.435842514038086,1132.6700439453125,46.680885314941406,133.1234893798828,135.0674285888672,380.54998779296875,159.73721313476562,31.19532585144043,46.619998931884766,54.71573257446289,2990.409912109375
2019-07-08,49.326316833496094,1952.3199462890625,10.137674331665039,1116.7900390625,46.42845153808594,132.3607940673828,134.96888732910156,376.1600036621094,156.7265167236328,31.149850845336914,46.06800079345703,54.32162094116211,2975.949951171875
2019-07-09,49.62718200683594,1988.300048828125,10.187370300292969,1124.2900390625,46.36048889160156,131.1931915283203,134.47616577148438,379.92999267578125,156.82620239257812,30.9652042388916,46.012001037597656,53.48955535888672,2979.6298828125
2019-07-10,50.11792755126953,2017.4100341796875,10.137674331665039,1140.9100341796875,46.80710220336914,132.26661682128906,135.84596252441406,381.0,159.56773376464844,31.16831398010254,47.784000396728516,54.049007415771484,2993.070068359375
2019-07-11,49.75294876098633,2001.0699462890625,10.048225402832031,1144.0799560546875,47.185752868652344,132.99168395996094,136.387939453125,379.5,165.76858520507812,30.891345977783203,47.720001220703125,53.973148345947266,2999.909912109375
2019-07-12,50.13519287109375,2011.0,10.306635856628418,1145.3399658203125,48.46733856201172,134.40406799316406,136.88067626953125,373.25,167.09451293945312,31.066761016845703,49.01599884033203,54.22916793823242,3013.77001953125
2019-07-15,50.60620880126953,2020.989990234375,10.20724868774414,1150.510009765625,48.66151809692383,134.9501953125,136.88067626953125,366.6000061035156,166.75555419921875,31.122154235839844,50.70000076293945,54.59898376464844,3014.300048828125
2019-07-16,50.43111801147461,2009.9000244140625,10.31657600402832,1153.4599609375,47.73916244506836,135.14791870117188,135.08712768554688,365.989990234375,166.5661163330078,31.00213623046875,50.47600173950195,54.43777847290039,3004.0400390625
2019-07-17,50.147518157958984,1992.030029296875,9.91901969909668,1146.739990234375,47.95276641845703,134.71481323242188,134.28892517089844,362.44000244140625,169.18804931640625,30.706695556640625,50.97200012207031,54.25761795043945,2984.419921875
2019-07-18,50.71718215942383,1977.9000244140625,9.998531341552734,1147.239990234375,48.48675537109375,140.89169311523438,134.43673706054688,325.2099914550781,169.65660095214844,30.549745559692383,50.70800018310547,54.24813461303711,2995.110107421875
2019-07-19,49.9600944519043,1964.52001953125,9.978653907775879,1131.550048828125,48.807159423828125,140.9387664794922,134.63381958007812,315.1000061035156,167.9219512939453,30.272781372070312,51.63600158691406,53.66023635864258,2976.610107421875
2019-07-22,51.101890563964844,1985.6300048828125,10.147615432739258,1139.2099609375,49.85573196411133,140.99526977539062,136.41751098632812,310.6199951171875,170.7930908203125,29.6634464263916,51.13600158691406,52.626670837402344,2985.030029296875
2019-07-23,51.50138854980469,1994.489990234375,10.584924697875977,1148.050048828125,50.24409103393555,141.59791564941406,137.26499938964844,307.29998779296875,175.11973571777344,29.62651824951172,52.034000396728516,52.607704162597656,3005.469970703125
2019-07-24,51.45947265625,2000.81005859375,10.61474323272705,1139.72998046875,51.38003921508789,141.26832580566406,138.67422485351562,317.94000244140625,178.1105194091797,30.6882381439209,52.97600173950195,53.072330474853516,3019.56005859375
2019-07-25,51.05257034301758,1973.8199462890625,10.36627197265625,1135.93994140625,50.64215850830078,141.6072998046875,138.1519317626953,326.4599914550781,172.8467559814453,31.2144775390625,45.763999938964844,53.44214630126953,3003.669921875
2019-07-26,51.230125427246094,1943.050048828125,10.445781707763672,1245.219970703125,50.0887451171875,142.52064514160156,139.2852020263672,335.7799987792969,174.5315704345703,31.528379440307617,45.608001708984375,54.1248664855957,3025.860107421875
2019-07-29,51.70853805541992,1912.449951171875,10.31657600402832,1241.8399658203125,50.98197555541992,142.06869506835938,138.97972106933594,332.70001220703125,174.2823486328125,31.703792572021484,47.15399932861328,54.39985275268555,3020.969970703125
2019-07-30,51.48659133911133,1898.530029296875,10.455720901489258,1228.0,50.19554138183594,141.0235137939453,138.30960083007812,325.92999267578125,174.91038513183594,31.556072235107422,48.45199966430664,53.69816207885742,3013.179931640625
2019-07-31,52.537139892578125,1866.780029296875,10.386147499084473,1218.199951171875,49.07900619506836,139.58287048339844,134.28892517089844,322.989990234375,168.20106506347656,31.436052322387695,48.321998596191406,52.408573150634766,2980.3798828125
2019-08-01,51.4002799987793,1855.3199462890625,10.01840877532959,1211.780029296875,48.05956268310547,141.54139709472656,136.05287170410156,319.5,164.41278076171875,31.500682830810547,46.77000045776367,52.39908981323242,2953.56005859375
2019-08-02,50.312747955322266,1823.239990234375,9.938898086547852,1196.3199462890625,47.263427734375,138.6506805419922,134.90972900390625,318.8299865722656,160.6942596435547,31.546838760375977,46.86800003051758,52.71200180053711,2932.050048828125
2019-08-05,47.67898178100586,1765.1300048828125,9.600975036621094,1154.75,45.603187561035156,132.53968811035156,130.28794860839844,307.6300048828125,150.3262176513672,30.919044494628906,45.66400146484375,52.36116409301758,2844.739990234375
2019-08-06,48.58156204223633,1787.8299560546875,9.51152515411377,1171.0799560546875,45.901309967041016,132.51144409179688,132.7318878173828,310.1000061035156,151.88145446777344,31.352964401245117,46.150001525878906,52.1999626159668,2881.77001953125
2019-08-07,49.08464050292969,1793.4000244140625,9.40219783782959,1175.9100341796875,45.67649841308594,130.98606872558594,133.3132781982422,304.2900085449219,153.4167022705078,31.44528579711914,46.683998107910156,52.23788833618164,2883.97998046875
2019-08-08,50.1672477722168,1832.8900146484375,9.432014465332031,1206.18994140625,46.10657501220703,133.4725799560547,136.87083435058594,315.8999938964844,157.7732391357422,31.888439178466797,47.65999984741211,52.93009567260742,2938.090087890625
2019-08-09,49.753849029541016,1807.5799560546875,9.094091415405273,1188.9000244140625,44.94340515136719,129.6903839111328,135.70799255371094,308.92999267578125,153.70579528808594,31.888439178466797,47.00199890136719,52.89216995239258,2918.64990234375
2019-08-12,49.627601623535156,1784.9200439453125,8.99470329284668,1174.5,44.571964263916016,127.77546691894531,133.81588745117188,310.8299865722656,150.9842071533203,31.833038330078125,45.801998138427734,52.80683135986328,2882.699951171875
2019-08-13,51.729251861572266,1824.3399658203125,9.292871475219727,1196.72998046875,45.78401565551758,129.366455078125,136.58505249023438,312.2799987792969,155.57005310058594,32.18387222290039,47.0,53.45162582397461,2926.320068359375
2019-08-14,50.18952560424805,1762.9599609375,8.974824905395508,1164.25,44.83588409423828,125.0412368774414,132.47186279296875,299.1099853515625,149.60845947265625,31.47298240661621,43.92399978637695,52.83527755737305,2840.60009765625
2019-08-15,49.93950653076172,1776.1199951171875,7.961058139801025,1169.3199462890625,44.669715881347656,125.67953491210938,132.1752471923828,295.760009765625,148.31243896484375,31.703792572021484,43.12799835205078,53.385250091552734,2847.60009765625
2019-08-16,51.11781311035156,1792.5699462890625,8.736291885375977,1179.2099609375,45.451683044433594,127.43248748779297,134.59768676757812,302.79998779296875,159.06927490234375,32.28542709350586,43.987998962402344,53.717132568359375,2888.679931640625
2019-08-19,52.07086181640625,1816.1199951171875,8.617025375366211,1200.43994140625,46.16522216796875,128.65194702148438,136.85202026367188,309.3800048828125,170.25474548339844,32.66395568847656,45.36600112915039,54.049007415771484,2923.64990234375
2019-08-20,52.07333755493164,1801.3800048828125,8.32879638671875,1183.530029296875,45.5494270324707,126.70844268798828,135.71495056152344,298.989990234375,167.3536834716797,32.294654846191406,45.172000885009766,53.3568000793457,2900.510009765625
2019-08-21,52.63773727416992,1823.5400390625,8.110140800476074,1191.5799560546875,46.08702850341797,127.89932250976562,137.2277069091797,297.80999755859375,170.703369140625,32.46084213256836,44.16600036621094,53.66023635864258,2924.429931640625
2019-08-22,52.59318161010742,1804.6600341796875,8.139957427978516,1191.52001953125,45.72536849975586,127.96599578857422,136.2290802001953,296.92999267578125,170.9525909423828,32.673179626464844,44.43000030517578,53.84039306640625,2922.949951171875
2019-08-23,50.16230010986328,1749.6199951171875,7.921301364898682,1153.5799560546875,43.9463996887207,123.44071197509766,131.8885040283203,291.44000244140625,161.94041442871094,32.14693832397461,42.279998779296875,53.02492141723633,2847.110107421875
2019-08-26,51.11533737182617,1768.8699951171875,8.000812530517578,1171.1800537109375,44.532875061035156,123.84085083007812,133.92532348632812,294.9800109863281,164.94113159179688,32.24849319458008,43.0,53.774017333984375,2878.3798828125
2019-08-27,50.5385627746582,1761.8299560546875,7.8815460205078125,1170.8199462890625,44.757686614990234,124.96501922607422,134.21205139160156,291.0299987792969,161.30238342285156,32.054622650146484,42.816001892089844,54.219688415527344,2869.159912109375
2019-08-28,50.87770080566406,1764.25,7.891485214233398,1173.75,44.757686614990234,126.47979736328125,134.03407287597656,291.7699890136719,160.8832550048828,32.27619171142578,43.11800003051758,54.949825286865234,2887.93994140625
2019-08-29,51.73915100097656,1786.4000244140625,8.060445785522461,1194.239990234375,45.81333923339844,128.49954223632812,136.5652618408203,296.7799987792969,166.65118408203125,32.45160675048828,44.34199905395508,54.940345764160156,2924.580078125
2019-08-30,51.67231369018555,1776.2900390625,8.199590682983398,1190.530029296875,46.341163635253906,129.11875915527344,136.30821228027344,293.75,167.1601104736328,32.553165435791016,45.12200164794922,55.14895248413086,2926.4599609375
2019-09-03,50.919776916503906,1789.8399658203125,8.279102325439453,1169.550048828125,45.920860290527344,127.75643157958984,134.50868225097656,289.2900085449219,163.8270721435547,32.66395568847656,45.00199890136719,55.03516387939453,2906.27001953125
2019-09-04,51.783714294433594,1800.6199951171875,8.746230125427246,1182.27001953125,47.81712341308594,129.8714141845703,136.08079528808594,291.5199890136719,168.40748596191406,32.97785186767578,44.13600158691406,55.16791915893555,2937.780029296875
2019-09-05,52.79616165161133,1840.719970703125,8.756169319152832,1212.18994140625,48.97052001953125,134.30142211914062,138.47354125976562,293.25,179.3645782470703,33.134796142578125,45.91600036621094,55.55669021606445,2976.0
2019-09-06,52.79121017456055,1833.510009765625,8.656780242919922,1206.3199462890625,49.772029876708984,133.92034912109375,137.53424072265625,290.1700134277344,178.27684020996094,33.4671630859375,45.4900016784668,56.002357482910156,2978.7099609375
2019-09-09,53.0164794921875,1831.3499755859375,8.905252456665039,1205.27001953125,50.42692947387695,135.8543243408203,135.97203063964844,294.3399963378906,180.12298583984375,33.9657096862793,46.358001708984375,55.62306594848633,2978.429931640625
2019-09-10,53.64276123046875,1820.550048828125,9.084153175354004,1205.699951171875,50.6517448425293,138.1884307861328,134.54824829101562,287.989990234375,182.79737854003906,34.69506072998047,47.108001708984375,56.61870574951172,2979.389892578125
2019-09-11,55.34834289550781,1822.989990234375,9.302806854248047,1220.0,51.599876403808594,136.80702209472656,134.58775329589844,288.2699890136719,183.9449920654297,35.766014099121094,49.41999816894531,57.016963958740234,3000.929931640625
2019-09-12,55.22456741333008,1843.550048828125,9.20341968536377,1234.969970703125,51.81491470336914,136.82608032226562,135.97203063964844,288.8599853515625,183.88511657714844,35.43364715576172,49.17399978637695,57.30143356323242,3009.570068359375
2019-09-13,54.150230407714844,1839.3399658203125,9.29296588897705,1240.030029296875,51.35551452636719,136.8737030029297,135.77426147460938,294.1499938964844,181.5599822998047,34.99972915649414,49.040000915527344,56.85576248168945,3007.389892578125
2019-09-16,54.43490219116211,1807.8399658203125,9.332764625549316,1231.6300048828125,51.0231819152832,135.74000549316406,134.79542541503906,294.2900085449219,179.83358764648438,34.4457893371582,48.5620002746582,56.419578552246094,2997.9599609375
2019-09-17,54.63294219970703,1822.550048828125,9.312864303588867,1229.8800048828125,50.77881622314453,135.47325134277344,135.843505859375,298.6000061035156,180.69180297851562,34.30730056762695,48.95800018310547,56.77042007446289,3005.699951171875
2019-09-18,55.14535903930664,1817.4599609375,9.332764625549316,1232.6500244140625,50.573551177978516,135.49229431152344,136.9607696533203,291.55999755859375,179.6040496826172,33.93800735473633,48.698001861572266,56.82732009887695,3006.72998046875
2019-09-19,54.697303771972656,1821.5,9.372563362121582,1238.75,50.407379150390625,136.20681762695312,139.48207092285156,286.6000061035156,176.57040405273438,34.29806900024414,49.31999969482422,56.874732971191406,3006.7900390625
2019-09-20,53.897727966308594,1794.1600341796875,9.322815895080566,1229.8399658203125,49.576541900634766,135.16839599609375,137.8704071044922,270.75,172.32931518554688,34.99972915649414,48.124000549316406,57.16868209838867,2992.070068359375
2019-09-23,54.14280319213867,1785.300048828125,9.29296588897705,1234.68994140625,49.75249099731445,135.3494110107422,137.5737762451172,265.9200134277344,174.4748077392578,34.713523864746094,48.24599838256836,57.09281921386719,2991.780029296875
2019-09-24,53.885353088378906,1741.6099853515625,8.924829483032227,1218.3299560546875,48.69683074951172,134.97784423828125,135.83360290527344,254.58999633789062,172.1696319580078,34.51041030883789,44.641998291015625,57.37729263305664,2966.60009765625
2019-09-25,54.71462631225586,1768.3299560546875,9.113872528076172,1245.93994140625,49.869781494140625,136.38783264160156,137.7913055419922,264.75,177.85772705078125,34.51041030883789,45.7400016784668,57.14971923828125,2984.8701171875
2019-09-26,54.432430267333984,1739.8399658203125,8.974577903747559,1242.2900390625,49.772029876708984,136.75938415527344,137.9692840576172,263.30999755859375,176.96957397460938,34.51041030883789,48.512001037597656,57.3109130859375,2977.6201171875
2019-09-27,54.16756057739258,1725.449951171875,8.994476318359375,1225.949951171875,49.635189056396484,136.4640655517578,136.1796417236328,263.0799865722656,171.4012451171875,34.55657958984375,48.42599868774414,57.178157806396484,2961.7900390625
2019-09-30,55.442405700683594,1735.9100341796875,8.894979476928711,1221.1400146484375,50.368282318115234,138.54090881347656,137.46502685546875,267.6199951171875,173.7064208984375,34.93510055541992,48.17399978637695,57.23506164550781,2976.739990234375
2019-10-01,55.59588623046875,1735.6500244140625,8.566641807556152,1206.0,49.61564254760742,136.8641815185547,135.527099609375,269.5799865722656,173.6365509033203,34.53811264038086,48.9379997253418,56.75145721435547,2940.25
2019-10-02,54.202213287353516,1713.22998046875,8.467145919799805,1177.9200439453125,48.276527404785156,134.9873809814453,133.1343231201172,268.0299987792969,172.67855834960938,34.23344802856445,48.625999450683594,55.86012649536133,2887.610107421875
2019-10-03,54.66264343261719,1724.4200439453125,8.666138648986816,1189.4300537109375,48.902095794677734,135.30177307128906,134.7459716796875,268.1499938964844,180.93128967285156,34.334999084472656,46.60599899291992,55.9549446105957,2910.6298828125
2019-10-04,56.194942474365234,1739.6500244140625,8.526844024658203,1210.9599609375,49.772029876708984,136.22589111328125,136.5652618408203,272.7900085449219,181.5899200439453,34.630435943603516,46.2859992980957,56.79887390136719,2952.010009765625
2019-10-07,56.20731735229492,1732.6600341796875,8.516894340515137,1208.25,49.47879409790039,134.5967559814453,135.57652282714844,274.4599914550781,183.9449920654297,34.7689208984375,47.54399871826172,57.1307487487793,2938.7900390625
2019-10-08,55.548851013183594,1705.510009765625,8.238304138183594,1190.1300048828125,48.608863830566406,131.83396911621094,134.14285278320312,270.7200012207031,176.85980224609375,34.60273742675781,48.0099983215332,56.62818908691406,2893.06005859375
2019-10-09,56.199893951416016,1721.989990234375,8.307951927185059,1202.4000244140625,49.34195327758789,133.06292724609375,136.6839141845703,267.5299987792969,180.33255004882812,34.6776123046875,48.90599822998047,56.73836898803711,2919.39990234375
2019-10-10,56.957374572753906,1720.260009765625,8.407447814941406,1209.469970703125,49.9577522277832,134.453857421875,137.53424072265625,280.4800109863281,182.64768981933594,35.023921966552734,48.948001861572266,57.32280731201172,2938.1298828125
2019-10-11,58.47234344482422,1731.9200439453125,8.755685806274414,1215.7099609375,50.91565704345703,136.00674438476562,138.10769653320312,282.92999267578125,185.6015167236328,35.17367935180664,49.577999114990234,57.41862106323242,2970.27001953125
2019-10-14,58.388179779052734,1736.4300537109375,8.6760892868042,1217.77001953125,50.475799560546875,135.32081604003906,137.9791717529297,285.5299987792969,186.140380859375,35.07072067260742,51.391998291015625,57.10244369506836,2966.14990234375
2019-10-15,58.25203323364258,1767.3800048828125,8.845232009887695,1242.239990234375,51.463035583496094,136.2353973388672,139.9764404296875,284.25,195.95982360839844,35.47319030761719,51.577999114990234,58.012630462646484,2995.679931640625
2019-10-16,58.01686096191406,1777.4300537109375,8.855181694030762,1243.0,51.26754379272461,135.3874969482422,138.82948303222656,286.2799987792969,193.8043670654297,35.370235443115234,51.95000076293945,57.76353454589844,2989.68994140625
2019-10-17,58.242130279541016,1787.47998046875,8.994476318359375,1252.800048828125,50.69084548950195,127.9088363647461,138.11758422851562,293.3500061035156,193.8841552734375,35.38895797729492,52.39400100708008,57.87850570678711,2997.949951171875
2019-10-18,58.52185821533203,1757.510009765625,8.91487979888916,1244.4100341796875,50.20211410522461,127.74687957763672,135.86325073242188,275.29998779296875,190.0921173095703,36.00669479370117,51.38999938964844,58.49168014526367,2986.199951171875
2019-10-21,59.536781311035156,1785.6600341796875,8.745736122131348,1244.280029296875,50.95475769042969,126.30831146240234,136.87176513671875,278.04998779296875,195.6005859375,35.78205490112305,50.70000076293945,58.204254150390625,3006.719970703125
2019-10-22,59.400634765625,1765.72998046875,9.014375686645508,1241.199951171875,50.837459564208984,127.62303161621094,134.8349609375,266.69000244140625,195.20143127441406,35.72589874267578,51.11600112915039,58.223419189453125,2995.989990234375
2019-10-23,60.19772720336914,1762.1700439453125,9.093974113464355,1257.6300048828125,50.55399703979492,128.02317810058594,135.6951904296875,271.2699890136719,194.6824951171875,35.32343673706055,50.93600082397461,58.32880783081055,3004.52001953125
2019-10-24,60.2967414855957,1780.780029296875,8.90493106842041,1259.1099853515625,51.0525016784668,127.72784423828125,138.3647918701172,271.5,196.44882202148438,34.46234130859375,59.93600082397461,58.0413818359375,3010.2900390625
2019-10-25,61.03937530517578,1761.3299560546875,8.954678535461426,1264.300048828125,55.187137603759766,129.0330352783203,139.1458740234375,276.82000732421875,204.11276245117188,34.54658126831055,65.6259994506836,57.84017562866211,3022.550048828125
2019-10-28,61.65081024169922,1777.0799560546875,9.02432632446289,1288.97998046875,55.48037338256836,129.5379638671875,142.5669403076172,281.8599853515625,206.35806274414062,36.025413513183594,65.54199981689453,57.65814208984375,3039.419921875
2019-10-29,60.224952697753906,1762.7099609375,9.02432632446289,1260.6600341796875,55.06984329223633,127.48967742919922,141.2222442626953,281.2099914550781,202.49615478515625,35.622947692871094,63.24399948120117,57.66771697998047,3036.889892578125
2019-10-30,60.217525482177734,1779.989990234375,10.059088706970215,1260.699951171875,55.32398223876953,128.8520050048828,142.9822235107422,291.45001220703125,202.57598876953125,35.75397872924805,63.00199890136719,58.27132034301758,3046.77001953125
2019-10-31,61.57902145385742,1776.6600341796875,9.929742813110352,1258.800048828125,55.255558013916016,127.40391540527344,141.75616455078125,287.4100036621094,200.60012817382812,36.025413513183594,62.98400115966797,57.93598937988281,3037.56005859375
2019-11-01,63.326683044433594,1791.43994140625,10.327729225158691,1272.25,55.23601150512695,129.11875915527344,142.10223388671875,286.80999755859375,202.16685485839844,36.455955505371094,62.6619987487793,57.84017562866211,3066.909912109375
2019-11-04,63.7425537109375,1804.6600341796875,10.874958992004395,1289.6099853515625,56.311214447021484,131.1575469970703,142.9228973388672,292.8599853515625,210.06031799316406,36.39979553222656,63.49399948120117,57.36112976074219,3078.27001953125
2019-11-05,63.650970458984375,1801.7099609375,10.91475772857666,1291.43994140625,56.252567291259766,131.36712646484375,142.83392333984375,288.0299987792969,209.17218017578125,36.661865234375,63.444000244140625,57.00663757324219,3074.6201171875
2019-11-06,63.678192138671875,1795.77001953125,10.964507102966309,1291.010009765625,56.611297607421875,132.2150421142578,142.4384002685547,288.5899963378906,207.19630432128906,36.73674774169922,65.31600189208984,57.61023712158203,3076.780029296875
2019-11-07,64.41311645507812,1788.199951171875,11.233146667480469,1306.93994140625,57.05357360839844,132.72592163085938,142.63613891601562,289.57000732421875,207.9048309326172,36.89585494995117,67.10800170898438,57.993473052978516,3085.179931640625
2019-11-08,64.58940887451172,1785.8800048828125,11.461989402770996,1309.0,57.26980209350586,132.6488037109375,144.3170166015625,291.57000732421875,207.3459930419922,36.85842514038086,67.4280014038086,56.86292266845703,3093.080078125
2019-11-11,65.10087585449219,1771.6500244140625,11.29284381866455,1298.280029296875,57.34842300415039,130.58595275878906,144.46533203125,294.17999267578125,207.7451629638672,36.849063873291016,69.01799774169922,57.11202621459961,3087.010009765625
2019-11-12,65.0412826538086,1778.0,11.362491607666016,1297.2099609375,57.20100021362305,130.70162963867188,145.41452026367188,292.010009765625,209.17218017578125,36.661865234375,69.98600006103516,56.83417892456055,3091.840087890625
2019-11-13,65.66448974609375,1753.1099853515625,11.233146667480469,1296.1800537109375,56.89632034301758,129.6316375732422,145.65182495117188,283.1099853515625,208.13436889648438,36.65250778198242,69.22200012207031,56.92041015625,3094.0400390625
2019-11-14,65.21012115478516,1754.5999755859375,11.233146667480469,1309.1500244140625,56.81769561767578,129.1689453125,146.39337158203125,289.6199951171875,209.351806640625,36.455955505371094,69.87000274658203,56.85334396362305,3096.6298828125
2019-11-15,65.98477935791016,1739.489990234375,11.461989402770996,1333.5400390625,56.965118408203125,129.55453491210938,148.28189086914062,295.0299987792969,203.7635040283203,36.97073745727539,70.43399810791016,57.01621627807617,3120.4599609375
2019-11-18,66.31748962402344,1752.530029296875,11.382391929626465,1319.8399658203125,57.250144958496094,129.4677734375,148.64772033691406,302.57000732421875,211.8365936279297,37.0924186706543,69.99800109863281,56.94915008544922,3122.030029296875
2019-11-19,66.11637115478516,1752.7900390625,11.442089080810547,1312.5899658203125,57.34842300415039,129.6702117919922,148.6971435546875,302.6000061035156,207.55555725097656,35.5667839050293,71.90399932861328,57.00663757324219,3120.179931640625
2019-11-20,65.34668731689453,1745.530029296875,11.332643508911133,1301.8599853515625,56.906150817871094,128.39779663085938,148.43919372558594,305.1600036621094,210.7388916015625,34.799293518066406,70.44400024414062,56.98747634887695,3108.4599609375
2019-11-21,65.05370330810547,1734.7099609375,11.471938133239746,1300.1400146484375,57.22065734863281,129.0147247314453,148.30029296875,311.69000244140625,209.74098205566406,35.1923942565918,70.96600341796875,57.11202621459961,3103.5400390625
2019-11-22,64.99659729003906,1745.719970703125,11.491838455200195,1293.6700439453125,56.62112808227539,129.49668884277344,148.40943908691406,310.4800109863281,210.4495086669922,35.33279037475586,66.60800170898438,57.246158599853516,3110.2900390625
2019-11-25,66.13623046875,1773.8399658203125,11.521686553955078,1305.6400146484375,57.80052947998047,131.06793212890625,150.0364990234375,315.54998779296875,220.74795532226562,34.874168395996094,67.26799774169922,56.891666412353516,3133.639892578125
2019-11-26,65.61978912353516,1796.93994140625,11.29284381866455,1313.0,57.88898849487305,130.2196502685547,150.83018493652344,312.489990234375,216.54673767089844,35.00520706176758,65.78399658203125,57.38029479980469,3140.52001953125
2019-11-27,66.50121307373047,1818.510009765625,11.233146667480469,1312.1300048828125,57.505680084228516,128.94725036621094,151.11790466308594,315.92999267578125,217.94485473632812,35.24855422973633,66.25800323486328,57.58148956298828,3153.6298828125
2019-11-29,66.35472869873047,1800.800048828125,11.213248252868652,1304.0899658203125,57.05357360839844,129.6027374267578,150.18531799316406,314.6600036621094,216.44688415527344,34.986488342285156,65.98799896240234,57.71562957763672,3140.97998046875
2019-12-02,65.58751678466797,1781.5999755859375,11.103801727294922,1288.8599853515625,56.67027282714844,128.11825561523438,148.36976623535156,309.989990234375,208.9669952392578,34.93032455444336,66.9739990234375,57.44736099243164,3113.8701171875
2019-12-03,64.4180908203125,1769.9599609375,10.93465805053711,1294.739990234375,55.10755920410156,127.35672760009766,148.13165283203125,306.1600036621094,207.37916564941406,35.145599365234375,67.23999786376953,57.619815826416016,3093.199951171875
2019-12-04,64.98666381835938,1760.68994140625,10.845108985900879,1318.93994140625,55.05842208862305,127.23143005371094,148.66738891601562,304.32000732421875,209.1367645263672,35.660377502441406,66.60600280761719,57.993473052978516,3112.760009765625
2019-12-05,65.9400863647461,1740.47998046875,10.735664367675781,1326.9599609375,55.117393493652344,127.154296875,148.7467498779297,302.8599853515625,208.4576873779297,35.7446174621582,66.0739974975586,58.27132034301758,3117.429931640625
2019-12-06,67.21379852294922,1751.5999755859375,11.04410457611084,1339.3900146484375,55.834861755371094,128.41708374023438,150.55238342285156,307.3500061035156,211.883056640625,35.75397872924805,67.1780014038086,58.62581253051758,3145.909912109375
2019-12-09,66.27278900146484,1749.510009765625,10.93465805053711,1342.989990234375,55.559661865234375,129.0918426513672,150.1654815673828,302.5,211.883056640625,35.604225158691406,67.90599822998047,58.45336151123047,3135.9599609375
2019-12-10,66.66012573242188,1739.2099609375,10.954556465148926,1342.8900146484375,55.61863327026367,129.08221435546875,149.9373016357422,293.1199951171875,213.69061279296875,35.622947692871094,69.76799774169922,58.66414260864258,3132.52001953125
2019-12-11,67.22869873046875,1748.719970703125,10.91475772857666,1344.25,56.090396881103516,128.93760681152344,150.50277709960938,298.92999267578125,217.0460662841797,35.72589874267578,70.54000091552734,58.52043151855469,3141.6298828125
2019-12-12,67.40001678466797,1760.3299560546875,11.382391929626465,1348.489990234375,56.562156677246094,130.44137573242188,152.0306396484375,298.44000244140625,223.76698303222656,35.894371032714844,71.93599700927734,58.606651306152344,3168.570068359375
2019-12-13,68.31619262695312,1760.93994140625,11.282896041870117,1346.8699951171875,56.798038482666016,129.37139892578125,153.31045532226562,298.5,223.68707275390625,35.81013107299805,71.6780014038086,58.261741638183594,3168.800048828125
2019-12-16,69.4856185913086,1769.2099609375,11.113751411437988,1360.699951171875,56.7095832824707,129.29428100585938,154.30255126953125,304.2099914550781,224.84548950195312,36.11901092529297,76.30000305175781,58.66414260864258,3191.449951171875
2019-12-17,69.6221923828125,1790.6600341796875,11.04410457611084,1354.8900146484375,56.31644821166992,129.38101196289062,153.4691925048828,315.4800109863281,227.98123168945312,36.03477478027344,75.7979965209961,58.91324996948242,3192.52001953125
2019-12-18,69.4558334350586,1784.030029296875,10.904809951782227,1351.9100341796875,56.18867492675781,129.5641632080078,153.1517333984375,320.79998779296875,229.1995849609375,36.259403228759766,78.62999725341797,58.30964660644531,3191.139892578125
2019-12-19,69.52535247802734,1792.280029296875,10.984405517578125,1356.43994140625,56.965118408203125,129.70875549316406,154.4811553955078,332.2200012207031,235.1415557861328,36.43723678588867,80.80799865722656,58.25216293334961,3205.3701171875
2019-12-20,69.38134765625,1786.5,10.984405517578125,1351.219970703125,57.93812561035156,130.70162963867188,156.16773986816406,336.8999938964844,239.0462646484375,36.643150329589844,81.11799621582031,59.46894073486328,3221.219970703125
2019-12-23,70.51353454589844,1793.0,11.113868713378906,1350.6300048828125,58.213321685791016,130.66307067871094,156.16773986816406,333.1000061035156,238.4970245361328,36.56827163696289,83.84400177001953,58.82701873779297,3224.010009765625
2019-12-24,70.58056640625,1789.2099609375,11.143744468688965,1344.4300537109375,58.39023208618164,130.11361694335938,156.13795471191406,333.20001220703125,238.2972869873047,36.46531295776367,85.05000305175781,58.71204376220703,3223.3798828125
2019-12-26,71.98091125488281,1868.77001953125,11.183578491210938,1362.469970703125,58.79319381713867,130.04615783691406,157.41778564453125,332.6300048828125,238.86651611328125,36.65250778198242,86.18800354003906,58.72162628173828,3239.909912109375
2019-12-27,71.95359802246094,1869.800048828125,11.13378620147705,1354.6400146484375,59.04873275756836,130.39317321777344,157.70550537109375,329.0899963378906,236.5496368408203,36.727386474609375,86.07599639892578,58.951568603515625,3240.02001953125
2019-12-30,72.38065338134766,1846.8900146484375,11.034198760986328,1339.7099609375,58.59662628173828,128.02186584472656,156.34629821777344,323.30999755859375,232.00579833984375,36.54018783569336,82.94000244140625,58.64497756958008,3221.2900390625
2019-12-31,72.90950012207031,1847.8399658203125,11.113868713378906,1339.3900146484375,58.82267761230469,129.20750427246094,156.45542907714844,323.57000732421875,234.98178100585938,36.57762908935547,83.66600036621094,58.82701873779297,3230.780029296875
2020-01-02,74.57303619384766,1898.010009765625,11.880685806274414,1368.6800537109375,59.795684814453125,130.53775024414062,159.35238647460938,329.80999755859375,239.5855255126953,36.37171936035156,86.052001953125,58.49168014526367,3257.85009765625
2020-01-03,73.84803009033203,1874.969970703125,11.920520782470703,1361.52001953125,59.068382263183594,129.49668884277344,157.36817932128906,325.8999938964844,235.75074768066406,36.55891036987305,88.60199737548828,57.86892318725586,3234.85009765625
2020-01-06,74.43647003173828,1902.8800048828125,12.089818000793457,1397.81005859375,58.901302337646484,129.26536560058594,157.7749481201172,335.8299865722656,236.73939514160156,36.596351623535156,90.30799865722656,57.7443733215332,3246.280029296875
2020-01-07,74.08639526367188,1906.8599853515625,12.000188827514648,1395.1099853515625,57.91847229003906,129.3520965576172,156.33639526367188,330.75,239.60549926757812,36.73674774169922,93.81199645996094,57.10244369506836,3237.179931640625
2020-01-08,75.27816009521484,1891.969970703125,11.890644073486328,1405.0400390625,57.957786560058594,130.43173217773438,158.82656860351562,339.260009765625,240.05490112304688,36.849063873291016,98.4280014038086,57.20783615112305,3253.050048828125
2020-01-09,76.87713623046875,1901.050048828125,11.86076831817627,1419.7900390625,58.28211975097656,131.81016540527344,160.81077575683594,335.6600036621094,242.6913299560547,36.8016357421875,96.26799774169922,56.97066116333008,3274.699951171875
2020-01-10,77.0509262084961,1883.1600341796875,11.621759414672852,1428.9599609375,57.92829513549805,131.76197814941406,160.06671142578125,329.04998779296875,243.9895782470703,36.58348083496094,95.62999725341797,57.10619354248047,3265.35009765625
2020-01-13,78.69707489013672,1891.300048828125,12.069899559020996,1440.030029296875,58.567142486572266,131.67523193359375,161.99139404296875,338.9200134277344,251.6392059326172,36.13768768310547,104.97200012207031,57.26108169555664,3288.1298828125
2020-01-14,77.63440704345703,1869.43994140625,11.98027229309082,1430.5899658203125,58.409889221191406,130.92333984375,160.85047912597656,338.69000244140625,246.94557189941406,36.128204345703125,107.58399963378906,57.15459060668945,3283.14990234375
2020-01-15,77.30170440673828,1862.02001953125,11.82093334197998,1439.199951171875,57.92829513549805,131.69448852539062,161.89219665527344,339.07000732421875,245.2378692626953,35.91953659057617,103.69999694824219,57.212677001953125,3289.2900390625
2020-01-16,78.27001953125,1877.93994140625,11.791056632995605,1450.1600341796875,58.63593673706055,133.00546264648438,164.8585968017578,338.6199951171875,248.5933380126953,36.07129669189453,102.697998046875,57.76447296142578,3316.81005859375
2020-01-17,79.13655090332031,1864.719970703125,11.761181831359863,1479.52001953125,58.57696533203125,133.3235626220703,165.78126525878906,339.6700134277344,248.94287109375,36.40326690673828,102.0999984741211,58.20978546142578,3329.6201171875
2020-01-21,78.60025024414062,1892.0,11.611802101135254,1482.25,59.51066207885742,134.15255737304688,165.1859893798828,338.1099853515625,247.6046905517578,36.53605651855469,109.44000244140625,58.39371871948242,3320.7900390625
2020-01-22,78.88082122802734,1887.4599609375,11.322999954223633,1483.8699951171875,61.65324020385742,138.702392578125,164.39230346679688,326.0,249.77174377441406,37.029273986816406,113.91200256347656,58.54861068725586,3321.75
2020-01-23,79.26069641113281,1884.5799560546875,11.721346855163574,1484.68994140625,62.233116149902344,137.71917724609375,165.4042510986328,349.6000061035156,252.51803588867188,36.64038848876953,114.44000244140625,58.57765197753906,3325.5400390625
2020-01-24,79.03226470947266,1861.6400146484375,11.661595344543457,1466.1700439453125,67.29471588134766,135.492431640625,163.73751831054688,353.1600036621094,250.1412353515625,36.51708984375,112.96399688720703,58.3549919128418,3295.469970703125
2020-01-27,76.70829772949219,1828.3399658203125,11.39271068572998,1431.72998046875,64.56243896484375,133.6223907470703,160.99928283691406,342.8800048828125,239.87515258789062,36.27996826171875,111.60399627685547,57.9968147277832,3243.6298828125
2020-01-28,78.87832641601562,1853.25,11.681511878967285,1450.5,66.15462493896484,134.51885986328125,164.1542205810547,348.5199890136719,247.63462829589844,36.59296798706055,113.37999725341797,58.7615852355957,3276.239990234375
2020-01-29,80.52943420410156,1858.0,12.886509895324707,1456.699951171875,65.19145202636719,132.72592163085938,166.7138214111328,343.1600036621094,245.20791625976562,35.14176940917969,116.197998046875,57.628944396972656,3273.39990234375
2020-01-30,80.4127426147461,1870.6800537109375,12.67737865447998,1454.25,65.32904815673828,131.83908081054688,171.4164276123047,347.739990234375,245.47755432128906,35.502201080322266,128.16200256347656,57.464378356933594,3283.659912109375
2020-01-31,76.84734344482422,2008.719970703125,12.39853572845459,1432.780029296875,62.832645416259766,138.54815673828125,168.8865509033203,345.0899963378906,236.1102294921875,35.682411193847656,130.11399841308594,57.54182052612305,3225.52001953125
2020-02-03,76.63629913330078,2004.199951171875,12.209321975708008,1482.5999755859375,63.314231872558594,140.99658203125,173.00381469726562,358.0,240.00497436523438,35.0564079284668,156.0,56.196205139160156,3248.919921875
2020-02-04,79.16633605957031,2049.669921875,12.527998924255371,1445.4100341796875,64.33638000488281,143.73419189453125,178.69850158691406,369.010009765625,246.7957763671875,35.69189453125,177.41200256347656,56.42854690551758,3297.590087890625
2020-02-05,79.81189727783203,2039.8699951171875,12.806839942932129,1446.050048828125,66.1841049194336,150.6938934326172,178.48023986816406,369.6700134277344,250.4208526611328,35.86262893676758,146.94000244140625,57.24171829223633,3334.68994140625
2020-02-06,80.74544525146484,2050.22998046875,12.896469116210938,1475.969970703125,66.26312255859375,151.10838317871094,182.18081665039062,366.95001220703125,253.90614318847656,36.46017837524414,149.79200744628906,57.54182052612305,3345.780029296875
2020-02-07,79.64789581298828,2079.280029296875,12.776965141296387,1479.1099853515625,65.20631408691406,149.42335510253906,182.43875122070312,366.7699890136719,251.24974060058594,36.469661712646484,149.61399841308594,58.02585220336914,3327.7099609375
2020-02-10,80.02619171142578,2133.909912109375,12.856634140014648,1508.6600341796875,65.5717544555664,150.41683959960938,187.21078491210938,371.07000732421875,262.6143798828125,36.36532974243164,154.25599670410156,58.31627655029297,3352.090087890625
2020-02-11,79.54336547851562,2150.800048828125,12.796883583068848,1510.06005859375,66.57918548583984,149.4915313720703,182.98440551757812,373.69000244140625,267.5276794433594,36.20408248901367,154.87600708007812,56.81576919555664,3357.75
2020-02-12,81.4323501586914,2160.0,13.10560131072998,1518.6300048828125,66.62857055664062,151.2739715576172,183.2522735595703,380.010009765625,272.1714172363281,36.080780029296875,153.45799255371094,56.370460510253906,3379.449951171875
2020-02-13,80.85246276855469,2149.8701171875,12.886509895324707,1513.3900146484375,66.60881042480469,150.29995727539062,182.2601776123047,381.3999938964844,270.4137878417969,36.336875915527344,160.8000030517578,56.77705001831055,3373.93994140625
2020-02-14,80.87237548828125,2134.8701171875,12.776965141296387,1518.72998046875,66.44091033935547,146.7837677001953,183.88722229003906,380.3999938964844,289.3980712890625,36.27996826171875,160.00599670410156,56.641517639160156,3380.159912109375
2020-02-18,79.39155578613281,2155.669921875,12.697296142578125,1519.43994140625,65.3248291015625,147.1733856201172,185.7523956298828,387.7799987792969,296.1689147949219,36.28944778442383,171.67999267578125,56.0606803894043,3370.2900390625
2020-02-19,80.54136657714844,2170.219970703125,12.557873725891113,1524.8699951171875,66.28288269042969,146.9396209716797,186.3094940185547,386.19000244140625,314.2744140625,36.46017837524414,183.48399353027344,56.36077880859375,3386.14990234375
2020-02-20,79.715087890625,2153.10009765625,12.478205680847168,1516.989990234375,64.6433334350586,147.29026794433594,183.4643096923828,386.0,308.2825012207031,36.621421813964844,179.8820037841797,56.23493194580078,3373.22998046875
2020-02-21,77.9107437133789,2095.969970703125,12.199362754821777,1483.4599609375,63.54701614379883,145.9461212158203,177.66452026367188,380.07000732421875,293.67230224609375,36.564510345458984,180.1999969482422,56.3414192199707,3337.75
2020-02-24,74.20994567871094,2009.2900390625,11.810975074768066,1419.8599853515625,60.998817443847656,142.62472534179688,170.00442504882812,368.70001220703125,272.9104309082031,36.09026336669922,166.75799560546875,56.13813018798828,3225.889892578125
2020-02-25,71.69629669189453,1972.739990234375,11.273205757141113,1386.3199462890625,58.99383544921875,138.02740478515625,167.1990509033203,360.0899963378906,261.69561767578125,35.42631912231445,159.98199462890625,55.29590606689453,3128.2099609375
2020-02-26,72.83366394042969,1979.5899658203125,10.904736518859863,1390.469970703125,58.914825439453125,136.1183319091797,169.28814697265625,379.239990234375,267.28802490234375,35.18919372558594,155.75999450683594,55.31526565551758,3116.389892578125
2020-02-27,68.07266235351562,1884.300048828125,10.347051620483398,1314.949951171875,55.14190673828125,129.65089416503906,157.36029052734375,371.7099914550781,252.40927124023438,33.88975524902344,135.8000030517578,53.301692962646484,2978.760009765625
2020-02-28,68.0328369140625,1883.75,10.835025787353516,1339.25,54.83572769165039,126.76780700683594,161.17044067382812,369.0299987792969,269.8660583496094,33.40602493286133,133.59800720214844,52.43043518066406,2954.219970703125
2020-03-02,74.36673736572266,1953.949951171875,11.16366195678711,1386.3199462890625,57.46294403076172,130.80996704101562,171.8945770263672,381.04998779296875,276.22125244140625,35.26507568359375,148.7239990234375,55.48952102661133,3090.22998046875
2020-03-03,72.00491333007812,1908.989990234375,10.835025787353516,1337.719970703125,55.280181884765625,125.55028533935547,163.65748596191406,368.7699890136719,265.6892395019531,34.43039321899414,149.1020050048828,53.9212532043457,3003.3701171875
2020-03-04,75.3448257446289,1975.8299560546875,10.904736518859863,1381.5999755859375,57.95677947998047,130.73204040527344,169.6661834716797,383.7900085449219,284.2951965332031,36.21356964111328,149.89999389648438,56.263973236083984,3130.1201171875
2020-03-05,72.90086364746094,1924.030029296875,10.03833293914795,1314.760009765625,56.25797653198242,126.18340301513672,165.4083709716797,372.7799987792969,273.0836486816406,35.26507568359375,144.9080047607422,55.33462905883789,3023.93994140625
2020-03-06,71.9327392578125,1901.0899658203125,9.370439529418945,1295.739990234375,55.0826416015625,124.41069793701172,160.7327423095703,368.9700012207031,265.8391418457031,35.122798919677734,140.6959991455078,55.053890228271484,2972.3701171875
2020-03-09,66.24342346191406,1800.6099853515625,8.184182167053223,1215.7900390625,50.22328186035156,114.74848175048828,149.83946228027344,346.489990234375,245.25466918945312,32.9033203125,121.5999984741211,54.04710388183594,2746.56005859375
2020-03-10,71.0143814086914,1891.8199462890625,8.82217025756836,1275.1700439453125,53.31470489501953,121.52761840820312,160.08609008789062,364.1300048828125,260.8828430175781,34.003570556640625,129.0659942626953,54.715065002441406,2882.22998046875
2020-03-11,68.54801177978516,1820.8599853515625,8.184182167053223,1210.9000244140625,51.02329635620117,114.90432739257812,152.83387756347656,349.9200134277344,246.2838897705078,32.7420768737793,126.84600067138672,53.07904052734375,2741.3798828125
2020-03-12,61.77857971191406,1676.6099853515625,7.207263946533203,1111.550048828125,44.978729248046875,100.13829040527344,138.33937072753906,315.25,216.1466522216797,29.716373443603516,112.11000061035156,49.56496047973633,2480.639892578125
2020-03-13,69.18016052246094,1785.0,7.825314044952393,1214.27001953125,53.75916290283203,105.14471435546875,158.0069122314453,336.29998779296875,240.6581268310547,32.69465255737305,109.3239974975586,52.44011306762695,2711.02001953125
2020-03-16,60.28034591674805,1689.1500244140625,6.6390557289123535,1073.0,44.06018829345703,96.5052261352539,134.71823120117188,298.8399963378906,196.25167846679688,30.171649932861328,89.01399993896484,49.36166763305664,2386.1298828125
2020-03-17,62.930877685546875,1807.8399658203125,7.057735443115234,1118.06005859375,49.46277618408203,103.87850189208984,145.8104705810547,319.75,217.10594177246094,32.00225067138672,86.04000091552734,52.575645446777344,2529.18994140625
2020-03-18,61.39033126831055,1830.0,6.579244613647461,1091.18994140625,47.023216247558594,100.85906219482422,139.67242431640625,315.4700012207031,202.66685485839844,31.158084869384766,72.24400329589844,52.585323333740234,2398.10009765625
2020-03-19,60.919952392578125,1880.9300537109375,6.459622383117676,1111.6700439453125,45.37379837036133,97.73246765136719,141.97047424316406,332.0299987792969,212.80917358398438,29.545644760131836,85.52799987792969,51.907676696777344,2409.389892578125
2020-03-20,57.05241775512695,1846.0899658203125,6.4994964599609375,1068.2099609375,45.26515579223633,92.9111099243164,136.63824462890625,332.8299865722656,205.59463500976562,26.984704971313477,85.50599670410156,50.14579772949219,2304.919921875
2020-03-23,55.84038543701172,1902.8299560546875,6.090785980224609,1054.1300048828125,48.968936920166016,92.30722045898438,135.2753448486328,360.2699890136719,212.52940368652344,25.391233444213867,86.85800170898438,48.70338439941406,2237.39990234375
2020-03-24,61.442596435546875,1940.0999755859375,6.987955570220947,1130.010009765625,51.754180908203125,102.7389144897461,147.5712890625,357.32000732421875,248.99183654785156,26.643245697021484,101.0,48.39360046386719,2447.330078125
2020-03-25,61.104122161865234,1885.8399658203125,7.536226272583008,1101.6199951171875,50.62822723388672,103.09928894042969,146.15863037109375,342.3900146484375,245.4345245361328,26.93728256225586,107.8499984741211,48.34519958496094,2475.56005859375
2020-03-26,64.31961059570312,1955.489990234375,8.094465255737305,1162.9200439453125,54.8554801940918,109.95633697509766,155.301025390625,362.989990234375,257.0457458496094,29.023971557617188,105.63200378417969,51.83023452758789,2630.070068359375
2020-03-27,61.6566276550293,1900.0999755859375,7.596036911010742,1110.260009765625,51.72454833984375,105.2226333618164,148.92422485351562,357.1199951171875,252.53915405273438,28.30311393737793,102.87200164794922,51.08482360839844,2541.469970703125
2020-03-30,63.41618347167969,1963.949951171875,7.865188121795654,1146.31005859375,54.80609893798828,109.99530029296875,159.39967346191406,370.9599914550781,265.3894348144531,28.67302703857422,100.4260025024414,53.02095413208008,2626.64990234375
2020-03-31,63.28676986694336,1949.719970703125,7.915031433105469,1161.949951171875,53.452980041503906,108.04727172851562,156.89273071289062,375.5,263.4009704589844,27.648653030395508,104.80000305175781,52.014163970947266,2584.590087890625
2020-04-01,59.95680618286133,1907.699951171875,7.0178608894348145,1102.0999755859375,51.2405891418457,102.4077377319336,151.32174682617188,364.0799865722656,242.88645935058594,26.60530662536621,96.31199645996094,51.23003005981445,2470.5
2020-04-02,60.9572868347168,1918.8299560546875,6.878301620483398,1117.030029296875,53.68014144897461,107.14144134521484,154.45541381835938,370.0799865722656,255.27708435058594,27.27873992919922,90.89399719238281,53.48562240600586,2526.89990234375
2020-04-03,60.081241607666016,1906.5899658203125,6.708836078643799,1092.699951171875,53.46285629272461,103.57655334472656,153.0328369140625,361.760009765625,243.725830078125,26.04569435119629,96.00199890136719,52.953189849853516,2488.64990234375
2020-04-06,65.32257843017578,1997.5899658203125,7.207263946533203,1183.18994140625,57.709861755371094,111.83618927001953,164.41354370117188,379.9599914550781,268.1972961425781,27.923717498779297,103.24800109863281,54.889320373535156,2663.679931640625
2020-04-07,64.56599426269531,2011.5999755859375,7.007893085479736,1182.56005859375,57.680233001708984,111.95306396484375,162.6427764892578,372.2799987792969,258.8343811035156,28.53075408935547,109.08999633789062,55.160377502441406,2659.409912109375
2020-04-08,66.21853637695312,2043.0,7.277043342590332,1207.0,58.253082275390625,116.19002532958984,164.27427673339844,371.1199951171875,266.7484436035156,28.849262237548828,109.76799774169922,55.954193115234375,2749.97998046875
2020-04-09,66.69637298583984,2042.760009765625,7.117546558380127,1206.5699462890625,56.43575668334961,118.34259796142578,164.2842254638672,370.7200012207031,262.75146484375,29.660015106201172,114.5999984741211,56.203704833984375,2789.820068359375
2020-04-13,68.0054702758789,2168.8701171875,6.997923851013184,1210.4100341796875,57.976531982421875,118.00169372558594,164.65231323242188,396.7200012207031,269.646240234375,29.138818740844727,130.19000244140625,55.45027542114258,2761.6298828125
2020-04-14,71.43995666503906,2283.320068359375,6.908206939697266,1265.22998046875,59.912376403808594,120.6899642944336,172.79986572265625,413.54998779296875,283.735595703125,30.04608726501465,141.97799682617188,56.88863754272461,2846.06005859375
2020-04-15,70.78790283203125,2307.679931640625,6.479559421539307,1257.300048828125,58.14443588256836,115.60562133789062,170.9893035888672,426.75,280.6279296875,29.042299270629883,145.96600341796875,55.704681396484375,2783.360107421875
2020-04-16,71.3503646850586,2408.18994140625,6.220376968383789,1257.4300537109375,60.040775299072266,112.72254180908203,176.12254333496094,439.1700134277344,294.47747802734375,29.10986328125,149.04200744628906,56.41897201538086,2799.550048828125
2020-04-17,70.38223266601562,2375.0,6.818490028381348,1279.0,59.61607360839844,116.99845886230469,177.6744842529297,422.9599914550781,292.0992736816406,30.142606735229492,150.7779998779297,57.201751708984375,2874.56005859375
2020-04-20,68.92132568359375,2393.610107421875,6.489528179168701,1261.1500244140625,58.45061492919922,117.28092193603516,174.15281677246094,437.489990234375,286.833251953125,29.901309967041016,149.27200317382812,56.87885284423828,2823.159912109375
2020-04-21,66.79094696044922,2328.1201171875,6.459622383117676,1212.1600341796875,55.665374755859375,113.72577667236328,166.95034790039062,433.8299865722656,269.3065185546875,28.829959869384766,137.343994140625,55.597049713134766,2736.56005859375
2020-04-22,68.71475982666016,2363.489990234375,6.409779071807861,1258.4100341796875,59.35927963256836,116.20950317382812,172.6208038330078,421.4200134277344,285.9339294433594,28.44388771057129,146.4219970703125,56.74186706542969,2799.31005859375
2020-04-23,68.4484634399414,2399.449951171875,6.4994964599609375,1271.1700439453125,58.312339782714844,118.19649505615234,170.53167724609375,426.70001220703125,283.7955322265625,28.472843170166016,141.12600708007812,56.3504753112793,2797.800048828125
2020-04-24,70.42454528808594,2410.219970703125,6.24031400680542,1276.5999755859375,58.529632568359375,121.47891235351562,173.6454620361328,424.989990234375,289.371337890625,28.67552947998047,145.02999877929688,56.68315887451172,2836.739990234375
2020-04-27,70.47431945800781,2376.0,6.409779071807861,1270.8599853515625,58.73704147338867,122.6477279663086,173.14805603027344,421.3800048828125,296.85565185546875,29.476633071899414,159.75,56.56574249267578,2878.47998046875
2020-04-28,69.33197021484375,2314.080078125,6.778616428375244,1232.5899658203125,58.02591323852539,122.98863220214844,168.93002319335938,403.8299865722656,291.13995361328125,29.582801818847656,153.82400512695312,56.58531188964844,2863.389892578125
2020-04-29,71.60919952392578,2372.7099609375,6.55930757522583,1342.1800537109375,61.03832244873047,125.34574890136719,176.51052856445312,411.8900146484375,298.234619140625,30.335643768310547,160.1020050048828,56.86906814575195,2939.510009765625
2020-04-30,73.119873046875,2474.0,6.778616428375244,1346.699951171875,59.24075698852539,122.29708099365234,178.28131103515625,419.8500061035156,292.0592956542969,29.409069061279297,156.37600708007812,56.2134895324707,2912.429931640625
2020-05-01,71.94268798828125,2286.0400390625,6.479559421539307,1317.3199462890625,56.76169204711914,118.7029800415039,173.66537475585938,415.2699890136719,282.56646728515625,28.858915328979492,140.26400756835938,55.606834411621094,2830.7099609375
2020-05-04,72.9605941772461,2315.989990234375,6.190471649169922,1322.9000244140625,57.27528762817383,118.51791381835938,177.91322326660156,428.1499938964844,291.0700378417969,28.56936264038086,152.23800659179688,55.02953338623047,2842.739990234375
2020-05-05,74.05564880371094,2317.800048828125,6.180502414703369,1349.02001953125,58.02591323852539,119.39452362060547,179.82327270507812,424.67999267578125,293.5181884765625,28.704486846923828,153.64199829101562,55.29371643066406,2868.43994140625
2020-05-06,74.81969451904297,2351.260009765625,5.9611945152282715,1345.4300537109375,58.78078842163086,119.96919250488281,181.59405517578125,434.260009765625,297.56512451171875,27.787565231323242,156.51600646972656,54.44244384765625,2848.419921875
2020-05-07,75.59369659423828,2367.610107421875,6.090785980224609,1369.280029296875,58.77085494995117,119.66320037841797,182.64857482910156,436.5299987792969,304.6397705078125,27.884082794189453,156.00799560546875,54.38373947143555,2881.18994140625
2020-05-08,77.39295959472656,2379.610107421875,6.270219802856445,1384.3399658203125,59.26748275756836,121.40045166015625,183.7229461669922,435.54998779296875,312.2640075683594,28.75274658203125,163.88400268554688,55.77317428588867,2929.800048828125
2020-05-11,78.61076354980469,2409.0,6.170534610748291,1403.5899658203125,59.72438049316406,121.00562286376953,185.7722930908203,440.5199890136719,322.3763732910156,28.35702133178711,162.25799560546875,55.186092376708984,2930.18994140625
2020-05-12,77.71238708496094,2356.949951171875,5.981131553649902,1375.1800537109375,57.996116638183594,118.70574188232422,181.56419372558594,431.82000732421875,311.86431884765625,27.884082794189453,161.8820037841797,54.266319274902344,2870.1201171875
2020-05-13,76.7740707397461,2367.919921875,5.771791934967041,1348.3299560546875,57.35050582885742,114.23428344726562,178.81851196289062,438.2699890136719,310.96502685546875,27.1119384765625,158.19200134277344,53.66944885253906,2820.0
2020-05-14,77.2457275390625,2388.85009765625,5.682074546813965,1356.8599853515625,58.68146514892578,115.43851470947266,179.59446716308594,441.95001220703125,320.9774475097656,27.584875106811523,160.66600036621094,53.72815704345703,2852.5
2020-05-15,76.78904724121094,2409.780029296875,5.472735404968262,1373.06005859375,57.88685989379883,115.46813201904297,182.21084594726562,454.19000244140625,339.37353515625,27.324277877807617,159.83399963378906,53.5324592590332,2863.699951171875
2020-05-18,78.59828186035156,2426.260009765625,6.2502827644348145,1385.1800537109375,59.51579666137695,119.98892974853516,183.95176696777344,452.5799865722656,349.7457275390625,28.424585342407227,162.7259979248047,54.52072525024414,2953.909912109375
2020-05-19,78.14411163330078,2449.330078125,6.190471649169922,1374.4000244140625,59.883304595947266,118.7353515625,182.67840576171875,451.0400085449219,351.95404052734375,27.951644897460938,161.6020050048828,53.20956802368164,2922.93994140625
2020-05-20,79.66387176513672,2497.93994140625,6.399811267852783,1409.1600341796875,62.674346923828125,119.8112564086914,185.2122802734375,447.6700134277344,358.529052734375,28.559709548950195,163.11199951171875,53.09214782714844,2971.610107421875
2020-05-21,79.06993865966797,2446.739990234375,6.459622383117676,1406.75,61.5619010925293,117.58047485351562,182.98765563964844,436.25,350.7449645996094,28.733442306518555,165.52000427246094,52.80839157104492,2948.510009765625
2020-05-22,79.57902526855469,2436.8798828125,6.3898420333862305,1413.239990234375,61.84001159667969,116.85990142822266,183.0674591064453,429.32000732421875,360.77734375,28.839611053466797,163.37600708007812,52.93558883666992,2955.449951171875
2020-05-26,79.03999328613281,2421.860107421875,6.778616428375244,1421.3699951171875,61.919471740722656,120.18635559082031,181.1321563720703,414.7699890136719,348.4466552734375,29.74688148498535,163.7740020751953,53.13128662109375,2991.77001953125
2020-05-27,79.38436889648438,2410.389892578125,7.267075061798096,1420.280029296875,63.13124465942383,123.91749572753906,181.37156677246094,419.8900146484375,340.75250244140625,30.74102020263672,164.04600524902344,53.953208923339844,3036.1298828125
2020-05-28,79.41930389404297,2401.10009765625,6.758678913116455,1418.239990234375,61.283790588378906,122.92054748535156,180.96255493164062,413.44000244140625,339.2236633300781,29.978525161743164,161.16200256347656,54.52072525024414,3029.72998046875
2020-05-29,79.34194946289062,2442.3701171875,6.549339771270752,1433.52001953125,62.5054931640625,123.2857666015625,182.80809020996094,419.7300109863281,354.7519226074219,29.785490036010742,167.0,56.144996643066406,3044.31005859375
2020-06-01,80.31768798828125,2471.0400390625,6.738741874694824,1434.8699951171875,61.442710876464844,123.27589416503906,182.3891143798828,425.9200134277344,351.9840087890625,29.853052139282227,179.6199951171875,54.57943344116211,3055.72998046875
2020-06-02,80.68951416015625,2472.409912109375,7.027830123901367,1442.31005859375,61.70095443725586,124.37155151367188,184.46409606933594,427.30999755859375,352.7434387207031,29.91096305847168,176.31199645996094,55.186092376708984,3080.820068359375
2020-06-03,81.13371276855469,2478.39990234375,7.336854934692383,1439.25,61.512237548828125,127.38213348388672,184.9130096435547,421.9700012207031,350.5151062011719,30.412858963012695,176.5919952392578,55.606834411621094,3122.8701171875
2020-06-04,80.43497467041016,2460.60009765625,7.7156596183776855,1414.300048828125,62.545223236083984,127.22419738769531,182.4788818359375,414.3299865722656,350.55511474609375,30.692758560180664,172.87600708007812,55.988441467285156,3112.35009765625
2020-06-05,82.72584533691406,2483.0,7.855219841003418,1440.02001953125,63.90597915649414,130.3532257080078,186.74856567382812,419.6000061035156,356.6932678222656,31.62898826599121,177.1320037841797,56.497249603271484,3193.929931640625
2020-06-08,83.21495819091797,2524.06005859375,8.433396339416504,1448.0400390625,63.240501403808594,133.99554443359375,187.90577697753906,419.489990234375,352.09466552734375,32.072967529296875,189.98399353027344,56.83971405029297,3232.389892578125
2020-06-09,85.84272003173828,2600.860107421875,7.99478006362915,1452.0799560546875,62.61475372314453,130.16567993164062,189.34230041503906,434.04998779296875,361.7317810058594,31.484207153320312,188.13400268554688,56.614662170410156,3207.179931640625
2020-06-10,88.05123901367188,2647.449951171875,7.586069107055664,1464.699951171875,63.439151763916016,128.1915283203125,196.36532592773438,434.4800109863281,374.5579528808594,31.02092170715332,205.00999450683594,56.800575256347656,3190.139892578125
2020-06-11,83.82386016845703,2557.9599609375,6.9281439781188965,1401.9000244140625,59.29728317260742,116.48481750488281,185.82081604003906,425.55999755859375,351.7447814941406,29.11951446533203,194.5679931640625,55.23501205444336,3002.10009765625
2020-06-12,84.54755401611328,2545.02001953125,7.227200508117676,1412.9200439453125,58.929779052734375,120.33441162109375,187.2872772216797,418.07000732421875,357.193115234375,29.438024520874023,187.05599975585938,55.313289642333984,3041.31005859375
2020-06-15,85.59317016601562,2572.679931640625,7.2172322273254395,1420.739990234375,59.694583892822266,120.07777404785156,188.484375,425.5,366.84027099609375,29.438024520874023,198.17999267578125,54.941471099853516,3066.590087890625
2020-06-16,87.86157989501953,2615.27001953125,7.446508884429932,1446.469970703125,59.99256134033203,123.53253936767578,193.10321044921875,436.1300048828125,362.6315002441406,29.708274841308594,196.42599487304688,55.69489669799805,3124.739990234375
2020-06-17,87.73930358886719,2640.97998046875,7.2172322273254395,1452.5400390625,60.08195495605469,122.54546356201172,193.77159118652344,447.7699890136719,369.3294982910156,29.206382751464844,198.35800170898438,55.43070983886719,3113.489990234375
2020-06-18,87.77424621582031,2653.97998046875,7.257106781005859,1434.1199951171875,59.674720764160156,122.55533599853516,195.84658813476562,449.8699951171875,368.6097106933594,29.29324722290039,200.79200744628906,55.66554260253906,3115.340087890625
2020-06-19,87.27264404296875,2675.010009765625,7.12751579284668,1424.6400146484375,59.21781921386719,120.88717651367188,194.6793975830078,453.7200012207031,370.3392028808594,29.254638671875,200.17999267578125,54.95125198364258,3097.739990234375
2020-06-22,89.5560302734375,2713.820068359375,7.0178608894348145,1450.6600341796875,59.68465042114258,119.50526428222656,200.08633422851562,468.0400085449219,380.9560241699219,29.061603546142578,198.86399841308594,54.46201705932617,3117.860107421875
2020-06-23,91.46758270263672,2764.409912109375,6.977987289428711,1463.97998046875,59.51579666137695,117.8667221069336,201.423095703125,466.260009765625,377.8869323730469,29.19672966003418,200.3560028076172,53.757511138916016,3131.2900390625
2020-06-24,89.85299682617188,2734.39990234375,6.509465217590332,1432.699951171875,58.69139862060547,114.91536712646484,197.3629150390625,457.8500061035156,369.30950927734375,28.395627975463867,192.1699981689453,52.769248962402344,3050.330078125
2020-06-25,91.04584503173828,2754.580078125,6.658993244171143,1441.0999755859375,58.11530685424805,117.49163055419922,199.85687255859375,465.9100036621094,379.4864807128906,28.685182571411133,197.1959991455078,53.111717224121094,3083.760009765625
2020-06-26,88.2483901977539,2692.8701171875,6.469306945800781,1362.5400390625,57.11212158203125,115.6754150390625,195.85655212402344,443.3999938964844,366.0904846191406,28.067466735839844,191.947998046875,52.01582336425781,3009.050048828125
2020-06-29,90.28221893310547,2680.3798828125,6.788779258728027,1397.1700439453125,57.876930236816406,118.20233154296875,197.9614715576172,447.239990234375,367.8899230957031,28.868566513061523,201.8699951171875,53.51289367675781,3053.239990234375
2020-06-30,91.03585815429688,2758.820068359375,6.818729400634766,1418.050048828125,59.42640686035156,119.20914459228516,203.01922607421875,455.0400085449219,379.79638671875,29.177425384521484,215.96200561523438,53.943424224853516,3100.2900390625
2020-07-01,90.8636703491211,2878.699951171875,6.728877544403076,1442.0,58.41328811645508,117.00796508789062,204.20635986328125,485.6400146484375,381.08599853515625,28.858915328979492,223.92599487304688,53.493324279785156,3115.860107421875
2020-07-02,90.8636703491211,2890.300048828125,6.808746337890625,1469.9300537109375,58.73112869262695,118.15296936035156,205.76260375976562,476.8900146484375,384.375,29.03264808654785,241.73199462890625,53.61074447631836,3130.010009765625
2020-07-06,93.2942886352539,3057.0400390625,6.9884490966796875,1499.6500244140625,59.138362884521484,118.63664245605469,210.19189453125,493.80999755859375,393.4523010253906,29.42837142944336,274.3160095214844,54.05105972290039,3179.719970703125
2020-07-07,93.00481414794922,3000.1201171875,6.748845100402832,1489.9200439453125,57.91666030883789,116.06037139892578,207.747802734375,493.1600036621094,394.75189208984375,29.264291763305664,277.97198486328125,53.85536193847656,3145.320068359375
2020-07-08,95.17090606689453,3081.110107421875,6.848680019378662,1503.5999755859375,58.21463394165039,116.18869018554688,212.3167724609375,502.7799987792969,408.5177917480469,29.399417877197266,273.1759948730469,54.18804168701172,3169.93994140625
2020-07-09,95.58016967773438,3182.6298828125,6.569141864776611,1518.6600341796875,58.02591323852539,114.21453857421875,213.8031768798828,507.760009765625,420.2342529296875,29.00663948059082,278.8559875488281,53.371734619140625,3152.050048828125
2020-07-10,95.74736785888672,3200.0,6.67896032333374,1539.010009765625,59.12842559814453,116.82041931152344,213.1547393798828,548.72998046875,419.0446472167969,29.58598518371582,308.92999267578125,53.91594314575195,3185.0400390625
2020-07-13,95.3056640625,3104.0,6.688943862915039,1512.22998046875,58.184837341308594,117.65943145751953,206.57066345214844,525.5,401.9697265625,29.222667694091797,299.4119873046875,53.87636184692383,3155.219970703125
2020-07-14,96.88282012939453,3084.0,6.86864709854126,1520.8599853515625,58.58213806152344,119.04134368896484,207.8475799560547,524.8800048828125,414.9558410644531,29.41905403137207,303.3599853515625,54.85593032836914,3197.52001953125
2020-07-15,97.54911804199219,3008.8701171875,7.128217697143555,1516.8800048828125,58.63180160522461,121.41032409667969,207.53831481933594,523.260009765625,408.9676513671875,29.46815299987793,309.2019958496094,54.47993850708008,3226.56005859375
2020-07-16,96.3487777709961,2999.89990234375,7.038366794586182,1514.9200439453125,58.741058349609375,122.40727233886719,203.42825317382812,527.3900146484375,405.2687683105469,29.841291427612305,300.12799072265625,55.19234848022461,3215.570068359375
2020-07-17,96.15412902832031,2961.969970703125,7.058333396911621,1516.8499755859375,59.59525680541992,123.49305725097656,202.39076232910156,492.989990234375,407.9379577636719,29.703819274902344,300.1679992675781,55.706871032714844,3224.72998046875
2020-07-20,98.18048095703125,3196.840087890625,6.858663558959961,1563.8399658203125,60.73750305175781,124.73677062988281,211.08973693847656,502.4100036621094,420.3042297363281,29.31104278564453,328.6000061035156,55.281402587890625,3251.840087890625
2020-07-21,96.82542419433594,3138.2900390625,7.028382778167725,1555.9200439453125,60.2905387878418,124.43077087402344,208.24659729003906,490.1000061035156,413.0164489746094,29.703819274902344,313.6719970703125,55.2517204284668,3257.300048828125
2020-07-22,97.0974349975586,3099.909912109375,7.048349857330322,1564.8499755859375,60.63817596435547,127.00704193115234,211.23936462402344,489.82000732421875,417.42510986328125,29.61544418334961,318.46600341796875,55.16266632080078,3276.02001953125
2020-07-23,92.67790222167969,2986.550048828125,7.028382778167725,1516.75,59.99256134033203,125.68436431884766,202.05157470703125,477.5799865722656,405.0688171386719,29.360137939453125,302.614013671875,55.26161193847656,3235.659912109375
2020-07-24,92.44831085205078,3008.909912109375,6.848680019378662,1508.2099609375,50.24873352050781,124.16426849365234,200.8145751953125,480.45001220703125,407.65802001953125,29.036096572875977,283.3999938964844,56.251075744628906,3215.6298828125
2020-07-27,94.63935852050781,3055.2099609375,6.698927402496338,1529.4300537109375,49.23561477661133,124.5788345336914,203.35842895507812,495.6499938964844,416.73529052734375,28.761154174804688,307.9200134277344,56.27086639404297,3239.409912109375
2020-07-28,93.08467102050781,3000.330078125,6.8786301612854,1503.6500244140625,48.90784454345703,122.861328125,201.5328369140625,488.510009765625,408.4977722167969,29.1539306640625,295.2980041503906,56.87443923950195,3218.43994140625
2020-07-29,94.86894989013672,3033.530029296875,6.57912540435791,1523.510009765625,47.74573516845703,123.7003402709961,203.5679168701172,484.4800109863281,418.4947814941406,29.026277542114258,299.8219909667969,56.844757080078125,3258.43994140625
2020-07-30,96.01688385009766,3051.8798828125,6.249670028686523,1538.3699951171875,47.66627502441406,121.31161499023438,203.40829467773438,485.79998779296875,424.4330139160156,29.036096572875977,297.49798583984375,56.69633865356445,3246.219970703125
2020-07-31,106.06875610351562,3164.679931640625,6.059983730316162,1487.949951171875,47.40802764892578,121.35110473632812,204.51560974121094,488.8800048828125,424.4630126953125,29.045915603637695,286.1520080566406,56.87443923950195,3271.1201171875
2020-08-03,108.74143981933594,3111.889892578125,6.099917888641357,1482.760009765625,47.97418212890625,122.7033920288086,216.01780700683594,498.6199951171875,440.2782897949219,29.085195541381836,297.0,56.63697052001953,3294.610107421875
2020-08-04,109.4676284790039,3138.830078125,6.129868030548096,1473.300048828125,48.798583984375,124.21361541748047,212.77565002441406,509.6400146484375,448.97564697265625,29.46815299987793,297.3999938964844,57.29991149902344,3306.510009765625
2020-08-05,109.86441040039062,3205.030029296875,6.389439105987549,1479.0899658203125,48.59000015258789,123.82865905761719,212.42649841308594,502.1099853515625,451.3349609375,29.31104278564453,297.0039978027344,56.93381118774414,3327.77001953125
2020-08-06,113.69750213623047,3225.0,6.319554328918457,1504.949951171875,48.56999969482422,124.49000549316406,215.82827758789062,509.0799865722656,453.2843933105469,29.30122184753418,297.9159851074219,57.22075653076172,3349.159912109375
2020-08-07,111.11250305175781,3167.4599609375,6.389439105987549,1498.3699951171875,48.029998779296875,124.95999908447266,211.9676055908203,494.7300109863281,447.84600830078125,29.47797203063965,290.5419921875,57.91337966918945,3351.280029296875
2020-08-10,112.72750091552734,3148.159912109375,6.658993721008301,1496.8199462890625,49.220001220703125,127.11000061035156,207.747802734375,483.3800048828125,446.4664306640625,29.654722213745117,283.7139892578125,58.368534088134766,3360.469970703125
2020-08-11,109.375,3080.669921875,6.7188944816589355,1480.5400390625,48.189998626708984,126.75,202.88955688476562,466.92999267578125,433.87017822265625,29.654722213745117,274.87799072265625,57.89358901977539,3333.68994140625
2020-08-12,113.01000213623047,3162.239990234375,6.708910942077637,1507.239990234375,49.189998626708984,126.69999694824219,208.685546875,475.4700012207031,457.4731140136719,29.63508415222168,310.9519958496094,57.98263931274414,3380.35009765625
2020-08-13,115.01000213623047,3161.02001953125,6.589108943939209,1516.6500244140625,48.560001373291016,125.02999877929688,208.19671630859375,481.3299865722656,457.5830993652344,29.369958877563477,324.20001220703125,57.90348434448242,3373.429931640625
2020-08-14,114.90750122070312,3148.02001953125,6.649009704589844,1504.6300048828125,48.88999938964844,125.2699966430664,208.396240234375,482.67999267578125,462.4216613769531,29.46815299987793,330.1419982910156,58.1706428527832,3372.85009765625
2020-08-17,114.60749816894531,3182.409912109375,6.459323406219482,1516.239990234375,48.93000030517578,124.44000244140625,209.77291870117188,482.3500061035156,493.3324279785156,29.31104278564453,367.12799072265625,58.160743713378906,3381.989990234375
2020-08-18,115.5625,3312.489990234375,6.429373264312744,1555.780029296875,48.650001525878906,124.91999816894531,210.97999572753906,491.8699951171875,490.2832946777344,29.252126693725586,377.4179992675781,58.5565299987793,3389.780029296875
2020-08-19,115.7074966430664,3260.47998046875,6.369472026824951,1544.6099853515625,48.33000183105469,123.83999633789062,209.6999969482422,484.5299987792969,485.394775390625,29.193208694458008,375.70599365234375,58.42790222167969,3374.85009765625
2020-08-20,118.2750015258789,3297.3701171875,6.259653568267822,1576.25,49.16999816894531,123.1500015258789,214.5800018310547,497.8999938964844,485.4947509765625,29.134292602539062,400.3659973144531,58.33884811401367,3385.510009765625
2020-08-21,124.37000274658203,3284.719970703125,6.299587249755859,1575.5699462890625,49.279998779296875,123.16000366210938,213.02000427246094,492.30999755859375,507.1882629394531,29.1539306640625,409.9960021972656,58.368534088134766,3397.159912109375
2020-08-24,125.85749816894531,3307.4599609375,6.6190595626831055,1585.1500244140625,49.13999938964844,125.68000030517578,213.69000244140625,488.80999755859375,508.6578063964844,29.48779296875,402.8399963378906,58.942420959472656,3431.280029296875
2020-08-25,124.82499694824219,3346.489990234375,6.57912540435791,1605.8499755859375,49.43000030517578,124.63999938964844,216.47000122070312,490.5799865722656,509.84747314453125,29.360137939453125,404.6679992675781,58.794002532958984,3443.6201171875
2020-08-26,126.52249908447266,3441.85009765625,6.469306945800781,1644.1300048828125,49.54999923706055,124.16999816894531,221.14999389648438,547.530029296875,510.7672119140625,29.44851303100586,430.6340026855469,58.833580017089844,3478.72998046875
2020-08-27,125.01000213623047,3400.0,6.469306945800781,1628.52001953125,49.400001525878906,124.6500015258789,226.5800018310547,526.27001953125,504.9789123535156,29.360137939453125,447.75,58.803897857666016,3484.550048828125
2020-08-28,124.80750274658203,3401.800048828125,6.599092483520508,1639.4300537109375,50.43000030517578,125.06999969482422,228.91000366210938,523.8900146484375,525.752685546875,29.49761199951172,442.67999267578125,58.63568878173828,3508.010009765625
2020-08-31,129.0399932861328,3450.9599609375,6.329538345336914,1629.530029296875,50.95000076293945,123.30999755859375,225.52999877929688,529.5599975585938,534.8199462890625,29.27176284790039,498.32000732421875,58.64558410644531,3500.31005859375
2020-09-01,134.17999267578125,3499.1201171875,6.17978572845459,1655.0799560546875,50.790000915527344,123.4000015258789,227.27000427246094,556.5499877929688,552.8400268554688,28.937902450561523,475.04998779296875,58.5367431640625,3526.64990234375
2020-09-02,131.39999389648438,3531.449951171875,6.429373264312744,1717.3900146484375,52.25,128.17999267578125,231.64999389648438,552.8400268554688,573.8599853515625,29.16375160217285,447.3699951171875,59.89230728149414,3580.840087890625
2020-09-03,120.87999725341797,3368.0,6.309571266174316,1629.510009765625,50.38999938964844,124.44999694824219,217.3000030517578,525.75,520.6199951171875,29.055736541748047,407.0,59.971466064453125,3455.06005859375
2020-09-04,120.95999908447266,3294.6201171875,6.4094061851501465,1581.2099609375,50.08000183105469,122.30000305175781,214.25,516.0499877929688,504.8999938964844,28.888805389404297,418.32000732421875,59.84283447265625,3426.9599609375
2020-09-08,112.81999969482422,3149.840087890625,6.129868030548096,1523.5999755859375,48.90999984741211,121.20999908447266,202.66000366210938,507.0199890136719,476.5199890136719,28.97718048095703,330.2099914550781,59.328311920166016,3331.840087890625
2020-09-09,117.31999969482422,3268.610107421875,6.149835109710693,1547.22998046875,49.619998931884766,122.26000213623047,211.2899932861328,500.19000244140625,508.6000061035156,28.83970832824707,366.2799987792969,59.407470703125,3398.9599609375
2020-09-10,113.48999786376953,3175.110107421875,5.99009895324707,1526.050048828125,48.959999084472656,120.55999755859375,205.3699951171875,480.6700134277344,492.4700012207031,28.38801383972168,371.3399963378906,58.9028434753418,3339.18994140625
2020-09-11,112.0,3116.219970703125,5.940181255340576,1515.760009765625,49.279998779296875,121.45999908447266,204.02999877929688,482.0299987792969,486.5799865722656,28.476388931274414,372.7200012207031,59.16010665893555,3340.969970703125
2020-09-14,115.36000061035156,3102.969970703125,6.1398515701293945,1508.8299560546875,49.40999984741211,122.08999633789062,205.41000366210938,476.260009765625,514.8900146484375,28.613861083984375,419.6199951171875,59.68452072143555,3383.5400390625
2020-09-15,115.54000091552734,3156.1298828125,6.0899338722229,1535.1199951171875,50.0,122.44000244140625,208.77999877929688,495.989990234375,519.6400146484375,28.594223022460938,449.760009765625,59.961570739746094,3401.199951171875
2020-09-16,112.12999725341797,3078.10009765625,6.738861560821533,1512.0899658203125,50.369998931884766,124.22000122070312,205.0500030517578,483.8599853515625,500.5799865722656,28.712055206298828,441.760009765625,59.73399353027344,3385.489990234375
2020-09-17,110.33999633789062,3008.72998046875,7.038366794586182,1487.0400390625,50.31999969482422,124.91999816894531,202.91000366210938,470.20001220703125,498.5400085449219,28.545124053955078,423.42999267578125,59.95167541503906,3357.010009765625
2020-09-18,106.83999633789062,2954.909912109375,6.86864709854126,1451.0899658203125,49.88999938964844,122.76000213623047,200.38999938964844,469.9599914550781,487.57000732421875,28.40765380859375,442.1499938964844,59.714202880859375,3319.469970703125
2020-09-21,110.08000183105469,2960.469970703125,6.339521408081055,1430.1400146484375,49.720001220703125,120.25,202.5399932861328,487.3500061035156,500.69000244140625,28.113067626953125,449.3900146484375,58.98200225830078,3281.06005859375
2020-09-22,111.80999755859375,3128.989990234375,6.239686489105225,1459.8199462890625,49.95000076293945,120.51000213623047,207.4199981689453,491.1700134277344,505.510009765625,27.995235443115234,424.2300109863281,59.189788818359375,3315.570068359375
2020-09-23,107.12000274658203,2999.860107421875,6.099917888641357,1409.3900146484375,48.81999969482422,118.83000183105469,200.58999633789062,470.6099853515625,484.95001220703125,27.366792678833008,380.3599853515625,58.28937530517578,3236.919921875
2020-09-24,108.22000122070312,3019.7900390625,6.050000190734863,1422.8599853515625,49.15999984741211,118.08999633789062,203.19000244140625,473.0799865722656,493.9200134277344,27.533723831176758,387.7900085449219,58.56642532348633,3246.590087890625
2020-09-25,112.27999877929688,3095.1298828125,6.110000133514404,1439.06005859375,49.939998626708984,118.94999694824219,207.82000732421875,482.8800048828125,514.9500122070312,27.533723831176758,407.3399963378906,58.764320373535156,3298.4599609375
2020-09-28,114.95999908447266,3174.050048828125,6.199999809265137,1458.6600341796875,51.43000030517578,121.7300033569336,209.44000244140625,490.6499938964844,521.4000244140625,27.867582321166992,421.20001220703125,58.73463439941406,3351.60009765625
2020-09-29,114.08999633789062,3144.8798828125,6.119999885559082,1466.02001953125,51.189998626708984,120.94000244140625,207.25999450683594,493.4800109863281,529.030029296875,27.789026260375977,419.07000732421875,58.615901947021484,3335.469970703125
2020-09-30,115.80999755859375,3148.72998046875,6.230000019073486,1465.5999755859375,51.779998779296875,121.66999816894531,210.3300018310547,500.0299987792969,541.219970703125,27.995235443115234,429.010009765625,58.86326599121094,3363.0
2020-10-01,116.79000091552734,3221.260009765625,6.239999771118164,1487.9000244140625,52.2400016784668,121.08999633789062,212.4600067138672,527.510009765625,544.5800170898438,27.975597381591797,448.1600036621094,58.82368850708008,3380.800048828125
2020-10-02,113.0199966430664,3125.0,6.389999866485596,1455.5999755859375,51.0099983215332,120.56999969482422,206.19000244140625,503.05999755859375,522.489990234375,28.162166595458984,415.0899963378906,58.615901947021484,3348.419921875
2020-10-05,116.5,3199.199951171875,6.409999847412109,1482.8299560546875,51.689998626708984,122.01000213623047,210.3800048828125,520.6500244140625,545.7000122070312,28.152347564697266,425.67999267578125,59.03147506713867,3408.60009765625
2020-10-06,113.16000366210938,3099.9599609375,6.170000076293945,1451.02001953125,51.369998931884766,121.97000122070312,205.91000366210938,505.8699951171875,549.4600219726562,28.19162368774414,413.9800109863281,58.833580017089844,3360.969970703125
2020-10-07,115.08000183105469,3195.68994140625,6.309999942779541,1459.1400146484375,52.66999816894531,124.06999969482422,209.8300018310547,534.6599731445312,558.5599975585938,28.279998779296875,425.29998779296875,58.98200225830078,3419.43994140625
2020-10-08,114.97000122070312,3190.550048828125,6.650000095367432,1483.4300537109375,53.369998931884766,131.49000549316406,210.5800018310547,531.7899780273438,553.5499877929688,28.610000610351562,425.9200134277344,59.189998626708984,3446.830078125
2020-10-09,116.97000122070312,3286.64990234375,6.840000152587891,1510.449951171875,52.81999969482422,127.79000091552734,215.80999755859375,539.4400024414062,550.510009765625,28.31999969482422,434.0,59.33000183105469,3477.139892578125
2020-10-12,124.4000015258789,3442.929931640625,6.829999923706055,1564.5899658203125,53.880001068115234,127.20999908447266,221.39999389648438,539.8099975585938,569.0399780273438,28.1299991607666,442.29998779296875,59.54999923706055,3534.219970703125
2020-10-13,121.0999984741211,3443.6298828125,6.71999979019165,1567.0699462890625,53.83000183105469,125.0999984741211,222.86000061035156,554.0900268554688,569.9299926757812,27.75,446.6499938964844,59.36000061035156,3511.929931640625
2020-10-14,121.19000244140625,3363.7099609375,6.820000171661377,1563.43994140625,53.54999923706055,125.94000244140625,220.86000061035156,541.4500122070312,563.8099975585938,27.489999771118164,461.29998779296875,58.43000030517578,3488.669921875
