Age,BodyweightKg,Best3SquatKg,Best3BenchKg,Best3DeadliftKg
7.5,30.4,30.0,17.5,40.0
7.5,34.8,17.5,15.0,27.5
7.5,47.5,35.0,22.5,35.0
8.5,60.2,60.0,30.0,70.0
9.0,35.0,25.0,16.5,55.0
9.5,34.8,35.0,18.5,60.0
9.5,27.8,25.0,17.5,35.0
10.0,58.06,85.0,50.0,112.5
10.0,28.12,65.77,38.56,81.65
10.5,77.0,55.0,35.0,70.0
10.5,54.0,67.5,35.0,82.5
10.5,44.5,47.5,25.0,65.0
11.0,45.56,55.0,25.0,87.5
11.5,57.0,57.5,42.5,77.5
11.5,72.9,65.0,37.5,77.5
11.5,69.0,40.0,30.0,90.0
11.5,48.0,67.5,30.0,80.0
11.5,78.4,65.0,35.0,95.0
12.0,49.7,77.5,40.0,105.0
12.5,50.5,40.0,35.0,62.5
12.5,62.4,102.5,47.5,125.0
12.5,51.35,62.5,40.0,87.5
12.5,55.2,80.0,47.5,97.5
12.5,68.2,57.5,42.5,72.5
12.5,45.7,50.0,42.5,62.5
12.5,35.5,37.5,22.5,57.5
12.5,36.1,40.0,25.0,60.0
12.5,35.4,40.0,25.0,55.0
12.5,61.5,87.5,45.0,115.0
12.5,80.85,70.0,42.5,100.0
12.5,62.9,55.0,52.5,87.5
12.5,48.1,65.0,55.0,82.5
12.5,51.1,110.0,65.0,125.0
12.5,62.2,67.5,50.0,82.5
12.5,62.2,67.5,50.0,82.5
12.5,47.1,77.5,52.5,90.0
12.5,55.6,32.5,37.5,67.5
13.0,67.2,120.0,65.0,160.0
13.0,67.2,120.0,65.0,160.0
13.0,67.1,102.5,60.0,142.5
13.0,83.6,122.5,57.5,172.5
13.0,54.4,115.0,60.0,145.0
13.0,76.0,102.5,57.5,107.5
13.0,67.1,102.5,60.0,142.5
13.5,73.45,50.0,30.0,67.5
13.5,75.2,115.0,62.5,125.0
13.5,70.0,85.0,40.0,95.0
13.5,88.0,177.5,100.0,205.0
13.5,77.9,95.0,42.5,92.5
13.5,59.8,102.5,62.5,120.0
13.5,74.95,45.0,27.5,50.0
13.5,49.85,85.0,52.5,122.5
13.5,76.5,102.5,47.5,112.5
13.5,73.45,50.0,30.0,67.5
13.5,46.3,67.5,37.5,70.0
13.5,88.0,177.5,100.0,205.0
13.5,70.8,162.5,107.5,185.0
13.5,41.9,57.5,42.5,85.0
13.5,75.2,115.0,62.5,125.0
13.5,113.2,65.0,70.0,140.0
13.5,53.55,100.0,62.5,135.0
13.5,86.4,137.5,62.5,182.5
13.5,63.5,125.0,62.5,142.5
13.5,61.6,115.0,67.5,122.5
13.5,54.5,130.0,70.0,135.0
13.5,53.55,100.0,62.5,135.0
13.5,77.9,92.5,40.0,80.0
13.5,58.2,102.5,62.5,115.0
13.5,80.7,127.5,52.5,137.5
13.5,68.5,100.0,47.5,100.0
13.5,81.2,105.0,42.5,70.0
13.5,72.9,105.0,52.5,145.0
13.5,66.7,127.5,77.5,167.5
13.5,65.4,120.0,77.5,162.5
14.0,66.5,130.0,67.5,162.5
14.0,87.9,115.0,105.0,185.0
14.0,66.5,130.0,67.5,162.5
14.0,63.5,75.0,37.5,87.5
14.0,63.5,75.0,37.5,87.5
14.0,72.2,133.0,96.0,191.0
14.0,64.6,80.0,45.0,97.5
14.0,67.4,125.0,65.0,167.5
14.0,54.6,72.5,30.0,87.5
14.0,68.9,138.5,70.0,172.5
14.0,63.7,80.0,40.0,92.5
14.0,71.9,142.5,95.0,185.0
14.0,63.3,105.0,67.5,135.0
14.0,68.9,138.5,70.0,172.5
14.0,62.5,80.0,37.5,105.0
14.0,62.5,80.0,37.5,105.0
14.0,64.7,75.0,45.0,100.0
14.0,64.0,77.5,45.0,95.0
14.0,64.0,77.5,45.0,95.0
14.0,67.4,125.0,65.0,167.5
14.5,74.7,120.0,72.5,160.0
14.5,85.7,97.5,42.5,125.0
14.5,102.6,145.0,65.0,182.5
14.5,89.8,145.0,67.5,150.0
14.5,63.4,77.5,47.5,105.0
14.5,68.9,95.0,47.5,92.5
14.5,90.75,102.5,52.5,110.0
14.5,101.7,80.0,45.0,115.0
14.5,56.2,117.5,67.5,125.0
14.5,46.9,65.0,40.0,97.5
14.5,65.0,140.0,75.0,167.5
14.5,63.4,82.5,47.5,102.5
14.5,110.1,137.5,82.5,182.5
14.5,110.1,137.5,82.5,182.5
14.5,102.2,152.5,62.5,160.0
14.5,66.7,165.0,105.0,175.0
14.5,79.0,175.0,82.5,175.0
14.5,70.8,62.5,35.0,75.0
14.5,90.6,115.0,50.0,130.0
14.5,55.8,82.5,42.5,110.0
14.5,65.0,140.0,75.0,167.5
14.5,68.9,95.0,47.5,92.5
14.5,71.2,85.0,62.5,107.5
14.5,109.1,80.0,35.0,80.0
14.5,108.0,70.0,35.0,80.0
14.5,70.8,62.5,35.0,75.0
14.5,62.4,130.0,70.0,137.5
14.5,67.5,145.0,95.0,155.0
14.5,109.1,80.0,35.0,80.0
14.5,108.0,70.0,35.0,80.0
14.5,68.5,115.0,92.5,157.5
14.5,76.4,110.0,55.0,137.5
14.5,90.6,115.0,50.0,130.0
14.5,71.6,160.0,100.0,182.5
14.5,80.7,102.5,47.5,110.0
14.5,70.3,87.5,65.0,110.0
14.5,87.8,142.5,95.0,190.0
14.5,57.5,105.0,70.0,142.5
14.5,87.1,200.0,140.0,210.0
14.5,63.5,135.0,82.5,152.5
14.5,49.4,57.5,40.0,92.5
14.5,70.3,87.5,65.0,110.0
14.5,63.51,130.0,75.0,135.0
14.5,47.45,80.0,42.5,107.5
14.5,86.65,187.5,110.0,220.0
14.5,89.2,195.0,120.0,215.0
14.5,87.1,200.0,140.0,210.0
14.5,58.6,92.5,55.0,107.5
14.5,85.1,142.5,57.5,160.0
14.5,102.6,145.0,65.0,182.5
14.5,97.1,142.5,92.5,187.5
14.5,75.3,155.0,75.0,152.5
14.5,80.1,122.5,62.5,145.0
14.5,69.3,90.0,42.5,110.0
14.5,73.6,150.0,105.0,185.0
14.5,89.2,195.0,120.0,215.0
14.5,68.8,90.0,45.0,112.5
14.5,49.4,57.5,40.0,92.5
14.5,107.3,142.5,160.0,240.0
14.5,92.3,155.0,72.5,190.0
14.5,76.4,110.0,55.0,137.5
14.5,65.0,125.0,85.0,137.5
14.5,73.6,150.0,105.0,185.0
14.5,68.8,90.0,45.0,112.5
14.5,57.5,105.0,70.0,142.5
14.5,83.8,117.5,70.0,145.0
14.5,62.3,85.0,47.5,117.5
14.5,72.4,120.0,70.0,157.5
14.5,80.1,122.5,62.5,145.0
14.5,91.7,152.5,85.0,187.5
14.5,60.6,92.5,52.5,110.0
14.5,84.2,100.0,47.5,137.5
14.5,59.35,87.5,37.5,102.5
14.5,107.3,142.5,160.0,240.0
15.0,72.7,190.0,105.5,217.5
15.0,87.9,192.5,125.0,210.0
15.0,72.7,190.0,105.5,217.5
15.0,69.7,130.0,75.0,150.0
15.0,57.25,130.0,87.5,182.5
15.0,72.9,162.5,87.5,167.5
15.0,60.97,72.5,50.0,107.5
15.0,54.3,147.5,77.5,207.5
15.0,61.5,80.0,47.5,102.5
15.0,64.1,80.0,45.0,95.0
15.0,90.8,125.0,92.5,137.5
15.0,88.2,205.0,140.0,230.0
15.0,61.5,80.0,47.5,102.5
15.0,101.1,82.5,50.0,120.0
15.0,68.1,102.5,77.5,137.5
15.0,74.1,160.0,122.5,240.0
15.0,66.5,142.5,82.5,170.0
15.0,84.3,102.5,52.5,125.0
15.0,70.5,80.0,42.5,77.5
15.0,67.2,133.0,72.5,181.0
15.0,67.2,133.0,72.5,181.0
15.0,97.8,140.0,135.0,190.0
15.0,97.7,192.5,100.0,185.0
15.0,54.7,87.5,50.0,130.0
15.0,61.44,80.0,50.0,100.0
15.0,72.1,142.5,85.0,162.5
15.0,81.3,105.0,75.0,125.0
15.0,72.6,145.0,85.0,172.5
15.0,66.8,145.0,90.0,200.0
15.0,58.2,87.5,50.0,105.0
15.0,68.3,117.5,75.0,140.0
15.0,80.3,135.0,92.5,182.5
15.0,113.5,195.0,160.0,245.0
15.0,58.5,90.0,60.0,132.5
15.0,65.3,144.0,92.0,155.0
15.0,113.5,195.0,160.0,245.0
15.0,68.5,171.0,90.0,191.0
15.0,66.3,182.5,95.0,212.5
15.0,79.2,222.5,125.0,260.0
15.0,66.3,182.5,95.0,212.5
15.0,67.0,137.5,90.0,195.0
15.0,59.6,92.5,40.0,105.0
15.0,109.0,185.0,147.5,230.0
15.0,84.3,245.0,142.5,270.0
15.0,54.7,87.5,50.0,130.0
15.0,58.8,87.5,50.0,117.5
15.5,54.5,92.5,60.0,127.5
15.5,55.9,67.5,35.0,95.0
15.5,73.85,107.5,50.0,122.5
15.5,73.1,175.0,82.5,175.0
15.5,70.0,122.5,75.0,167.5
15.5,82.1,165.0,97.5,165.0
15.5,65.1,162.5,110.0,182.5
15.5,71.5,112.5,57.5,142.5
15.5,57.1,102.5,57.5,122.5
15.5,76.0,200.0,87.5,162.5
15.5,67.25,132.5,105.0,165.0
15.5,89.6,155.0,70.0,160.0
15.5,88.02,147.5,62.5,142.5
15.5,70.0,122.5,75.0,167.5
15.5,70.1,160.0,97.5,193.0
15.5,92.4,112.5,50.0,142.5
15.5,93.45,137.5,75.0,167.5
15.5,82.95,135.0,85.0,140.0
15.5,89.6,155.0,70.0,160.0
15.5,127.6,192.5,120.0,200.0
15.5,76.0,200.0,87.5,162.5
15.5,81.99,200.0,122.5,227.5
15.5,65.4,142.5,72.5,100.0
15.5,80.1,185.0,127.5,192.5
15.5,79.6,120.0,70.0,150.0
15.5,71.9,105.0,52.5,120.0
15.5,65.4,142.5,72.5,100.0
15.5,103.15,160.0,72.5,182.5
15.5,81.99,200.0,122.5,227.5
15.5,73.7,110.0,82.5,192.5
15.5,94.6,125.0,47.5,122.5
15.5,71.3,97.5,75.0,125.0
15.5,73.85,105.0,105.0,155.0
15.5,72.05,122.5,77.5,140.0
15.5,101.25,162.5,92.5,200.0
15.5,66.05,140.0,77.5,147.5
15.5,80.4,110.0,47.5,115.0
15.5,50.65,90.0,62.5,132.5
15.5,93.5,92.5,55.0,125.0
15.5,71.6,107.5,52.5,145.0
15.5,78.7,75.0,47.5,125.0
15.5,60.2,127.5,57.5,130.0
15.5,124.0,205.0,102.5,207.5
15.5,96.9,240.0,147.5,245.0
15.5,83.9,135.0,65.0,165.0
15.5,71.2,85.0,47.5,112.5
15.5,107.7,150.0,92.5,187.5
15.5,80.0,162.5,115.0,182.5
15.5,92.5,135.0,70.0,157.5
15.5,69.29,95.0,55.0,140.0
15.5,72.0,120.0,72.5,125.0
15.5,73.0,162.5,82.5,182.5
15.5,63.3,110.0,72.5,140.0
15.5,80.1,185.0,127.5,192.5
15.5,71.3,97.5,75.0,125.0
15.5,118.2,175.0,110.0,195.0
15.5,121.8,130.0,62.5,187.5
15.5,79.4,110.0,52.5,132.5
15.5,54.5,90.0,55.0,115.0
15.5,82.65,162.5,100.0,212.5
15.5,107.7,150.0,92.5,187.5
15.5,79.5,120.0,52.5,135.0
15.5,75.0,137.5,87.5,197.5
15.5,97.3,215.0,137.5,227.5
15.5,52.6,115.0,65.0,132.5
15.5,75.0,137.5,87.5,197.5
15.5,83.2,92.5,42.5,102.5
15.5,64.5,92.5,47.5,110.0
15.5,83.9,135.0,65.0,165.0
15.5,76.0,122.5,67.5,135.0
15.5,79.5,120.0,52.5,135.0
15.5,79.0,102.5,57.5,152.5
15.5,78.7,75.0,47.5,125.0
15.5,50.3,80.0,60.0,117.5
15.5,66.5,87.5,55.0,127.5
15.5,118.2,160.0,100.0,200.0
15.5,74.2,112.5,60.0,152.5
15.5,52.8,80.0,65.0,105.0
15.5,73.6,190.0,127.5,195.0
15.5,64.7,85.0,52.5,102.5
15.5,69.8,92.5,50.0,107.5
15.5,74.2,112.5,60.0,152.5
15.5,64.7,85.0,52.5,102.5
15.5,56.5,137.5,82.5,145.0
15.5,79.0,185.0,95.0,217.5
15.5,124.8,167.5,115.0,222.5
15.5,97.6,140.0,60.0,130.0
15.5,75.0,152.5,80.0,215.0
15.5,71.8,107.5,100.0,157.5
15.5,99.8,160.0,110.0,192.5
15.5,72.2,105.0,52.5,132.5
15.5,69.4,122.5,60.0,137.5
15.5,50.6,67.5,42.5,92.5
15.5,69.8,125.0,55.0,145.0
15.5,80.0,117.5,65.0,150.0
15.5,81.8,180.0,140.0,197.5
15.5,51.5,72.5,55.0,107.5
15.5,78.4,172.5,107.5,182.5
15.5,99.8,160.0,110.0,192.5
15.5,56.5,137.5,82.5,145.0
15.5,69.8,102.5,52.5,125.0
15.5,69.6,142.5,85.0,187.5
15.5,75.0,152.5,80.0,215.0
15.5,79.0,185.0,95.0,217.5
15.5,69.8,102.5,52.5,125.0
15.5,69.8,125.0,55.0,145.0
15.5,80.8,125.0,92.5,180.0
15.5,52.7,120.0,72.5,127.5
15.5,95.4,157.5,70.0,160.0
15.5,89.0,152.5,122.5,190.0
15.5,97.5,117.5,57.5,152.5
15.5,116.1,210.0,165.0,237.5
15.5,63.4,70.0,35.0,112.5
15.5,73.7,92.5,62.5,115.0
15.5,77.3,112.5,85.0,147.5
15.5,55.5,107.5,65.0,135.0
15.5,73.3,115.0,65.0,127.5
15.5,95.4,157.5,70.0,160.0
15.5,111.5,167.5,115.0,207.5
15.5,71.1,145.0,92.5,192.5
15.5,55.5,107.5,65.0,135.0
15.5,80.08,160.0,117.5,197.5
15.5,41.8,72.5,37.5,105.0
15.5,92.9,130.0,70.0,135.0
15.5,48.1,100.0,55.0,120.0
15.5,66.8,130.0,75.0,145.0
15.5,124.6,202.5,130.0,247.5
15.5,116.1,210.0,165.0,237.5
15.5,61.5,120.0,85.0,150.0
15.5,80.9,190.0,117.5,200.0
15.5,74.0,147.5,110.0,155.0
15.5,72.0,142.5,100.0,177.5
15.5,71.2,132.5,95.0,157.5
15.5,73.1,175.0,100.0,192.5
15.5,72.0,142.5,100.0,177.5
15.5,109.6,150.0,85.0,182.5
15.5,120.04,187.5,125.0,205.0
15.5,70.6,102.5,57.5,140.0
15.5,92.9,130.0,70.0,135.0
15.5,66.5,175.0,105.0,192.5
15.5,83.2,102.5,42.5,130.0
15.5,96.1,145.0,65.0,145.0
15.5,145.7,227.5,122.5,217.5
15.5,80.1,172.5,110.0,220.0
15.5,71.5,140.0,67.5,140.0
15.5,69.2,130.0,55.0,147.5
15.5,116.6,182.5,160.0,235.0
15.5,75.58,140.0,75.0,150.0
15.5,109.5,180.0,100.0,210.0
15.5,72.1,130.0,87.5,182.5
15.5,115.3,97.5,47.5,115.0
15.5,79.1,102.5,47.5,150.0
15.5,65.85,97.5,45.0,125.0
15.5,106.7,190.0,120.0,232.5
15.5,116.8,150.0,150.0,197.5
15.5,72.0,102.5,67.5,112.5
15.5,57.0,97.5,35.0,97.5
15.5,73.2,112.5,97.5,145.0
15.5,79.1,102.5,47.5,150.0
15.5,72.0,112.5,72.5,120.0
15.5,72.0,102.5,67.5,112.5
15.5,70.6,185.0,110.0,235.0
15.5,72.0,112.5,72.5,120.0
15.5,75.2,117.5,65.0,150.0
15.5,73.2,112.5,97.5,145.0
15.5,62.38,77.5,50.0,107.5
15.5,79.7,155.0,110.0,200.0
15.5,69.2,130.0,55.0,147.5
15.5,55.4,102.5,47.5,102.5
15.5,96.92,220.0,137.5,245.0
15.5,75.5,145.0,95.0,185.0
15.5,79.9,185.0,85.0,182.5
15.5,69.4,122.5,60.0,137.5
15.5,50.6,92.5,50.0,115.0
15.5,94.0,142.5,105.0,185.0
15.5,69.6,142.5,85.0,187.5
15.5,68.8,90.0,60.0,117.5
15.5,81.5,177.5,117.5,220.0
15.5,86.8,145.0,90.0,172.5
15.5,56.0,100.0,62.5,160.0
15.5,70.7,155.0,107.5,212.5
15.5,69.0,127.5,82.5,182.5
15.5,73.3,160.0,85.0,177.5
15.5,71.5,140.0,67.5,140.0
15.5,78.0,137.5,77.5,180.0
15.5,120.2,147.5,70.0,170.0
15.5,123.6,207.5,110.0,217.5
15.5,63.5,65.0,30.0,95.0
15.5,95.9,112.5,52.5,142.5
15.5,97.7,240.0,145.0,237.5
15.5,72.4,122.5,65.0,135.0
15.5,109.5,180.0,100.0,210.0
15.5,70.24,135.0,68.0,130.0
15.5,70.24,135.0,68.0,130.0
15.5,79.3,192.5,107.5,212.5
15.5,51.8,97.5,52.5,105.0
16.0,57.5,90.0,52.5,112.5
16.0,124.9,235.0,137.5,272.5
16.0,82.1,95.0,67.5,117.5
16.0,95.9,167.5,115.0,192.5
16.0,148.0,245.0,120.0,227.5
16.0,137.4,192.5,102.5,200.0
16.0,81.9,187.5,92.5,195.0
16.0,57.5,90.0,52.5,112.5
16.0,94.4,102.5,62.5,142.5
16.0,76.8,122.5,97.5,165.0
16.0,119.8,245.0,130.0,225.0
16.0,89.75,217.5,127.5,312.5
16.0,98.1,142.5,77.5,170.0
16.0,74.8,167.5,125.0,252.5
16.0,64.8,82.5,50.0,105.0
16.0,64.8,82.5,50.0,105.0
16.0,121.3,202.5,120.0,195.0
16.0,64.8,82.5,50.0,105.0
16.0,89.75,217.5,127.5,312.5
16.0,119.8,245.0,130.0,225.0
16.0,88.0,220.0,130.0,337.5
16.0,121.4,267.5,135.0,227.5
16.0,98.1,142.5,77.5,170.0
16.0,88.0,220.0,130.0,337.5
16.0,74.9,172.5,90.0,177.5
16.0,57.8,105.0,60.0,152.5
16.0,74.9,152.5,117.5,207.5
16.0,89.2,185.0,122.5,217.5
16.0,59.4,127.5,67.5,160.0
16.0,83.0,205.0,112.5,102.5
16.0,55.0,42.5,30.0,62.5
16.0,74.8,152.5,112.5,190.0
16.0,77.8,125.0,120.0,227.5
16.0,58.5,122.5,82.5,160.0
16.0,55.1,107.5,57.5,142.5
16.0,81.7,192.5,107.5,195.0
16.0,84.55,225.0,150.0,285.0
16.0,109.8,227.5,125.0,215.0
16.0,73.7,157.5,117.5,200.0
16.0,81.3,235.0,125.0,220.0
16.0,124.1,182.5,100.0,182.5
16.0,74.6,160.0,87.5,198.0
16.0,58.9,135.0,67.5,177.5
16.0,80.0,205.0,102.5,222.5
16.0,73.8,150.0,92.5,205.0
16.0,72.5,150.0,117.5,197.5
16.0,99.3,207.5,140.0,225.0
16.0,148.0,245.0,120.0,227.5
16.0,96.5,205.0,145.0,230.0
16.0,78.2,119.0,51.0,134.0
16.0,99.3,207.5,140.0,225.0
16.0,64.6,85.0,52.5,97.5
16.0,130.8,170.0,85.0,162.5
16.0,68.8,112.5,85.0,155.0
16.0,109.6,195.0,107.5,245.0
16.0,55.1,107.5,57.5,142.5
16.0,83.0,205.0,112.5,102.5
16.0,130.8,170.0,85.0,162.5
16.0,81.7,192.5,107.5,195.0
16.0,73.4,152.5,115.0,192.5
16.0,65.37,90.0,52.5,110.0
16.0,73.4,152.5,115.0,192.5
16.0,47.5,77.5,52.5,102.5
16.0,96.5,205.0,145.0,230.0
16.0,73.2,130.0,90.0,177.5
16.0,87.7,205.0,120.0,300.0
16.0,79.9,182.5,100.0,190.0
16.0,90.8,165.0,107.5,197.5
16.0,58.4,105.0,60.0,145.0
16.5,74.45,160.0,112.5,185.0
16.5,86.9,190.0,105.0,212.5
16.5,58.4,120.0,72.5,147.5
16.5,65.67,125.0,80.0,150.0
16.5,83.43,137.5,67.5,167.5
16.5,55.84,110.0,75.0,157.5
16.5,89.8,165.0,70.0,182.5
16.5,56.25,65.0,37.5,102.5
16.5,58.6,105.0,52.5,107.5
16.5,88.4,120.0,57.5,130.0
16.5,56.4,107.5,70.0,127.5
16.5,43.1,85.0,40.0,112.5
16.5,88.9,165.0,97.5,182.5
16.5,104.0,165.0,77.5,185.0
16.5,109.0,167.5,120.0,212.5
16.5,73.2,132.5,60.0,162.5
16.5,72.7,155.0,102.5,197.5
16.5,57.58,102.5,62.5,100.0
16.5,58.43,115.0,50.0,130.0
16.5,81.21,110.0,80.0,157.5
16.5,51.1,82.5,37.5,115.0
16.5,74.2,110.0,57.5,120.0
16.5,50.5,85.0,45.0,120.0
16.5,97.7,97.5,52.5,130.0
16.5,56.0,90.0,52.5,115.0
16.5,90.6,187.5,110.0,220.0
16.5,70.12,145.0,65.0,165.0
16.5,75.93,125.0,75.0,142.5
16.5,78.5,165.0,117.5,185.0
16.5,50.0,70.0,45.0,92.5
16.5,61.5,120.0,55.0,135.0
16.5,80.6,160.0,122.5,207.5
16.5,62.6,82.5,47.5,80.0
16.5,73.9,142.5,87.5,225.0
16.5,74.5,185.0,102.5,205.0
16.5,110.4,175.0,112.5,212.5
16.5,100.3,145.0,77.5,162.5
16.5,102.8,220.0,122.5,252.5
16.5,92.1,165.0,127.5,210.0
16.5,63.9,117.5,47.5,112.5
16.5,84.0,107.5,55.0,125.0
16.5,50.95,95.0,47.5,107.5
16.5,82.6,85.0,47.5,137.5
16.5,82.8,120.0,122.5,210.0
16.5,112.0,112.5,70.0,127.5
16.5,59.2,50.0,32.5,92.5
16.5,112.55,185.0,142.5,232.5
16.5,118.25,185.0,110.0,265.0
16.5,81.23,142.5,67.5,160.0
16.5,74.25,160.0,87.5,212.5
16.5,61.9,102.5,55.0,117.5
16.5,69.6,115.0,57.5,152.5
16.5,70.12,145.0,65.0,165.0
16.5,81.23,142.5,67.5,160.0
16.5,54.9,135.0,87.5,155.0
16.5,56.4,107.5,70.0,127.5
16.5,59.2,50.0,32.5,92.5
16.5,81.75,170.0,115.0,225.0
16.5,81.0,177.5,112.5,200.0
16.5,70.86,172.5,107.5,197.5
16.5,91.0,167.5,107.5,190.0
16.5,72.7,147.5,90.0,227.5
16.5,60.0,77.5,50.0,102.5
16.5,73.9,142.5,87.5,225.0
16.5,81.56,195.0,130.0,185.0
16.5,90.7,112.5,47.5,125.0
16.5,66.5,152.5,102.5,160.0
16.5,58.4,60.0,37.5,75.0
16.5,81.33,120.0,70.0,152.5
16.5,71.5,200.0,97.5,220.0
16.5,63.2,147.5,90.0,152.5
16.5,89.7,162.5,130.0,197.5
16.5,93.25,230.0,112.5,245.0
16.5,93.82,182.5,105.0,170.0
16.5,75.0,100.0,50.0,115.0
16.5,76.9,142.5,75.0,175.0
16.5,58.8,125.0,75.0,167.5
16.5,73.5,200.0,122.5,240.0
16.5,116.7,227.5,177.5,230.0
16.5,87.7,182.5,125.0,187.5
16.5,58.9,90.0,75.0,192.5
16.5,72.4,135.0,85.0,180.0
16.5,59.0,120.0,70.0,130.0
16.5,113.2,182.5,105.0,217.5
16.5,78.7,155.0,85.0,180.0
16.5,89.43,192.5,112.5,215.0
16.5,73.8,165.0,137.5,225.0
16.5,82.4,242.5,125.0,265.0
16.5,46.8,110.0,57.5,140.5
16.5,83.3,115.0,65.0,127.5
16.5,48.0,60.0,32.5,92.5
16.5,73.2,152.5,105.0,182.5
16.5,59.1,115.0,52.5,122.5
16.5,71.3,132.5,65.0,147.5
16.5,108.5,157.5,80.0,157.5
16.5,82.4,242.5,125.0,265.0
16.5,60.0,87.5,47.5,100.0
16.5,43.2,80.0,37.5,105.0
16.5,54.55,87.5,47.5,102.5
16.5,75.0,197.5,102.5,220.0
16.5,54.55,87.5,47.5,102.5
16.5,59.1,85.0,62.5,90.0
16.5,73.8,165.0,137.5,225.0
16.5,90.5,185.0,115.0,210.0
16.5,113.2,182.5,105.0,217.5
16.5,79.1,160.0,90.0,227.5
16.5,78.2,172.5,110.0,212.5
16.5,67.3,110.0,57.5,112.5
16.5,75.0,197.5,102.5,220.0
16.5,66.6,80.0,50.0,90.0
16.5,72.2,162.5,102.5,200.0
16.5,87.4,172.5,140.0,207.5
16.5,70.4,82.5,32.5,112.5
16.5,66.2,140.0,80.0,157.5
16.5,65.7,157.5,97.5,185.0
16.5,83.8,80.0,37.5,107.5
16.5,66.6,80.0,50.0,90.0
16.5,70.4,82.5,32.5,112.5
16.5,74.85,172.5,115.0,215.0
16.5,48.0,60.0,32.5,92.5
16.5,92.5,160.0,102.5,192.5
16.5,112.7,170.0,115.0,240.0
16.5,48.0,75.0,55.0,107.5
16.5,80.6,105.0,67.5,135.0
16.5,80.6,105.0,67.5,135.0
16.5,90.7,112.5,47.5,125.0
16.5,78.3,120.0,97.5,180.0
16.5,79.1,90.0,45.0,97.5
16.5,80.9,192.5,107.5,230.0
16.5,59.1,115.0,52.5,122.5
16.5,67.65,110.0,50.0,107.5
16.5,72.7,82.5,50.0,107.5
16.5,65.9,155.0,95.0,170.0
16.5,59.1,132.5,87.5,177.5
16.5,57.3,127.5,72.5,170.0
16.5,79.95,180.0,115.0,217.5
16.5,80.4,142.5,85.0,175.0
16.5,51.4,87.5,50.0,122.5
16.5,81.7,232.5,130.0,240.0
16.5,51.2,65.0,35.0,107.5
16.5,78.3,120.0,97.5,180.0
16.5,104.0,165.0,77.5,185.0
16.5,109.0,167.5,120.0,212.5
16.5,63.1,107.5,55.0,132.5
16.5,112.7,170.0,115.0,240.0
16.5,50.45,62.5,37.5,85.0
16.5,112.55,185.0,142.5,232.5
16.5,46.72,105.5,55.0,115.0
16.5,74.5,147.5,75.0,165.0
16.5,80.9,170.0,112.5,215.0
16.5,64.5,97.5,47.5,122.5
16.5,75.2,120.0,75.0,140.0
16.5,100.0,167.5,75.0,175.0
16.5,104.5,195.0,125.0,250.0
16.5,73.0,117.5,65.0,155.0
16.5,103.9,185.0,90.0,217.5
16.5,110.6,122.5,75.0,137.5
16.5,98.5,145.0,70.0,192.5
16.5,74.7,112.5,42.5,125.0
16.5,74.5,147.5,75.0,165.0
16.5,74.5,170.0,105.0,187.5
16.5,52.0,67.5,52.5,100.0
16.5,101.9,212.5,137.5,227.5
16.5,75.2,120.0,75.0,140.0
16.5,80.7,175.0,85.0,175.0
16.5,117.5,237.5,140.0,250.0
16.5,81.3,177.5,122.5,187.5
16.5,55.6,82.5,40.0,105.0
16.5,79.25,147.5,82.5,165.0
16.5,117.5,237.5,140.0,250.0
16.5,66.1,87.5,52.5,125.0
16.5,104.5,195.0,125.0,250.0
16.5,89.3,182.5,87.5,165.0
16.5,85.9,170.0,97.5,185.0
16.5,105.7,190.0,107.5,205.0
16.5,111.6,180.0,120.0,210.0
16.5,56.4,52.5,40.0,105.0
16.5,98.6,165.0,75.0,170.0
16.5,65.9,120.0,52.5,122.5
16.5,66.45,92.5,55.0,120.0
16.5,66.1,122.5,52.5,127.5
16.5,55.3,117.5,52.5,132.5
16.5,59.25,130.0,75.0,130.0
16.5,81.0,155.0,110.0,227.5
16.5,72.55,132.5,75.0,150.0
16.5,92.1,160.0,100.0,182.5
16.5,71.3,102.5,50.0,127.5
16.5,80.6,160.0,122.5,207.5
16.5,79.15,145.0,105.0,205.0
16.5,81.45,105.0,60.0,147.5
16.5,83.45,125.0,80.0,167.5
16.5,103.55,242.5,147.5,255.0
16.5,54.15,110.0,57.5,150.0
16.5,65.4,97.5,55.0,107.5
16.5,74.4,120.0,77.5,140.0
16.5,55.1,82.5,42.5,115.0
16.5,75.0,150.0,100.0,172.5
16.5,67.35,90.0,52.5,92.5
16.5,92.2,185.0,127.5,200.0
16.5,75.0,150.0,100.0,172.5
16.5,102.3,147.5,70.0,140.0
16.5,89.3,182.5,87.5,165.0
16.5,102.1,237.5,140.0,252.5
16.5,60.1,87.5,47.5,90.0
16.5,106.2,207.5,117.5,237.5
16.5,73.5,152.5,97.5,165.0
16.5,68.6,147.5,82.5,150.0
16.5,74.5,142.5,87.5,207.5
16.5,54.1,130.0,80.0,120.0
16.5,63.1,110.0,77.5,152.5
16.5,91.0,155.0,127.5,210.0
16.5,72.1,102.5,50.0,105.0
16.5,73.3,165.0,87.5,187.5
16.5,52.0,67.5,52.5,100.0
16.5,60.1,87.5,47.5,90.0
16.5,92.1,160.0,100.0,182.5
16.5,56.3,140.0,92.5,145.0
16.5,88.3,125.0,52.5,130.0
16.5,74.5,97.5,52.5,112.5
16.5,80.7,175.0,85.0,175.0
16.5,56.4,52.5,40.0,105.0
16.5,76.6,127.5,80.0,145.0
16.5,71.7,162.5,110.0,187.5
16.5,65.63,100.0,60.0,107.5
16.5,51.7,80.0,52.5,112.5
16.5,66.1,122.5,52.5,127.5
16.5,86.3,120.0,85.0,147.5
16.5,56.7,142.5,95.0,150.0
16.5,72.7,90.0,70.0,135.0
16.5,95.3,135.0,50.0,147.5
16.5,79.6,137.5,65.0,155.0
16.5,62.8,100.0,47.5,115.0
16.5,63.4,100.0,52.5,130.0
16.5,59.3,115.0,52.5,112.5
16.5,62.8,100.0,47.5,115.0
16.5,43.65,75.0,40.0,92.5
16.5,71.2,100.0,45.0,127.5
16.5,74.5,185.0,102.5,205.0
16.5,79.6,137.5,65.0,155.0
16.5,65.1,87.5,57.5,92.5
16.5,122.4,122.5,55.0,102.5
16.5,57.6,107.5,42.5,117.5
16.5,58.9,70.0,42.5,87.5
16.5,59.1,110.0,60.0,127.5
16.5,74.2,172.5,97.5,202.5
16.5,86.7,170.0,122.5,182.5
16.5,73.1,152.5,102.5,160.0
16.5,64.5,97.5,47.5,122.5
16.5,81.5,115.0,65.0,140.0
16.5,76.6,127.5,80.0,145.0
16.5,96.7,150.0,102.5,157.5
16.5,95.3,135.0,50.0,147.5
16.5,75.0,162.5,117.5,207.5
16.5,51.7,80.0,52.5,112.5
16.5,86.1,112.5,92.5,165.0
16.5,91.7,205.0,122.5,202.5
16.5,65.8,85.0,52.5,85.0
16.5,71.55,137.5,92.5,170.0
16.5,100.5,100.0,60.0,140.0
17.0,102.6,217.5,127.5,235.0
17.0,81.05,185.0,105.0,235.0
17.0,58.3,47.5,35.0,70.0
17.0,90.0,210.0,125.0,272.5
17.0,77.7,127.5,65.0,185.0
17.0,51.4,100.0,57.5,115.0
17.0,114.8,200.0,150.0,250.0
17.0,110.6,125.0,102.5,190.0
17.0,70.7,107.5,67.5,147.5
17.0,80.5,192.5,115.0,210.0
17.0,57.7,110.0,60.0,160.0
17.0,87.5,230.0,177.5,235.0
17.0,74.2,140.0,62.5,137.5
17.0,54.5,80.0,57.5,100.0
17.0,89.4,225.0,137.5,217.5
17.0,125.0,240.0,145.0,285.5
17.0,65.4,175.0,82.5,210.0
17.0,51.8,102.5,62.5,120.0
17.0,89.4,225.0,137.5,217.5
17.0,135.8,197.5,97.5,195.0
17.0,75.0,182.5,132.5,255.0
17.0,114.8,200.0,150.0,250.0
17.0,104.5,230.0,120.0,231.0
17.0,135.8,197.5,97.5,195.0
17.0,78.9,175.0,117.5,217.5
17.0,79.6,175.0,115.0,230.0
17.0,88.5,187.5,130.0,245.0
17.0,87.9,197.5,125.0,340.0
17.0,87.9,197.5,125.0,340.0
17.0,86.8,162.5,105.0,195.0
17.0,75.5,167.5,117.5,200.0
17.0,79.0,215.0,120.0,235.0
17.0,76.5,82.5,35.0,100.0
17.0,74.2,140.0,62.5,137.5
17.0,98.5,192.5,122.5,257.5
17.0,75.0,182.5,132.5,255.0
17.0,66.1,90.0,60.0,132.5
17.0,127.1,240.0,147.5,235.0
17.0,127.1,240.0,147.5,235.0
17.0,51.4,107.5,62.5,150.0
17.0,54.5,80.0,57.5,100.0
17.0,136.5,250.0,142.5,287.5
17.0,97.2,207.5,147.5,230.0
17.0,98.5,192.5,122.5,257.5
17.0,52.9,55.0,45.0,97.5
17.0,104.8,182.5,137.5,220.0
17.0,104.0,197.5,130.0,250.0
17.0,74.3,182.5,142.5,290.0
17.0,115.6,267.5,152.5,242.5
17.0,98.2,202.5,142.5,215.0
17.0,115.6,267.5,152.5,242.5
17.0,92.9,150.0,127.5,180.0
17.0,74.2,185.0,107.5,237.5
17.0,79.3,200.0,110.0,227.5
17.0,101.5,190.0,125.0,222.5
17.0,79.3,200.0,110.0,227.5
17.0,89.3,195.0,122.5,242.5
17.0,92.8,230.0,142.5,232.5
17.0,97.5,170.0,110.0,177.5
17.0,63.1,102.5,62.5,102.5
17.0,80.8,197.5,115.0,228.0
17.0,139.0,210.0,100.0,200.0
17.0,84.5,202.5,132.5,255.0
17.0,132.8,195.0,90.0,190.0
17.0,132.8,195.0,90.0,190.0
17.0,79.6,152.5,105.0,160.0
17.0,69.05,85.0,50.0,100.0
17.0,87.5,230.0,177.5,235.0
17.0,81.9,182.5,125.0,240.0
17.0,86.4,227.5,145.0,282.5
17.0,109.2,275.0,177.5,290.0
17.0,56.0,100.0,57.5,145.0
17.0,82.0,215.0,137.5,250.0
17.0,84.5,202.5,132.5,255.0
17.0,90.5,192.5,107.5,240.0
17.0,55.8,140.0,87.5,185.0
17.0,92.6,135.0,115.0,185.0
17.0,85.25,172.5,127.5,177.5
17.0,81.6,190.0,105.0,190.0
17.0,82.0,215.0,137.5,250.0
17.0,82.0,207.5,130.0,260.0
17.0,139.0,210.0,100.0,200.0
17.0,104.0,197.5,130.0,250.0
17.0,97.5,170.0,110.0,177.5
17.0,97.2,207.5,147.5,230.0
17.0,51.4,107.5,62.5,150.0
17.0,92.8,230.0,142.5,232.5
17.0,127.4,227.5,147.5,187.5
17.5,81.7,180.0,107.5,195.0
17.5,73.2,152.5,107.5,170.0
17.5,74.07,97.5,62.5,127.5
17.5,71.24,155.0,105.0,190.0
17.5,100.6,207.5,122.5,287.5
17.5,78.8,190.0,102.5,215.0
17.5,108.21,135.0,67.5,155.0
17.5,83.6,157.5,75.0,175.0
17.5,100.6,207.5,122.5,287.5
17.5,81.0,187.5,102.5,192.5
17.5,94.84,125.0,62.5,155.0
17.5,81.9,260.5,150.0,295.0
17.5,103.1,210.0,165.0,250.0
17.5,73.5,117.5,65.0,142.5
17.5,81.0,187.5,102.5,192.5
17.5,79.5,175.0,155.0,187.5
17.5,103.1,210.0,165.0,250.0
17.5,81.6,160.0,100.0,170.0
17.5,42.83,72.5,42.5,92.5
17.5,82.1,227.5,152.5,260.0
17.5,59.09,135.0,70.0,145.0
17.5,82.8,190.0,122.5,215.0
17.5,64.39,92.5,52.5,122.5
17.5,64.13,107.5,57.5,125.0
17.5,81.7,180.0,107.5,195.0
17.5,70.1,152.5,72.5,175.0
17.5,81.8,107.5,50.0,137.5
17.5,73.2,102.5,72.5,137.5
17.5,72.7,185.0,132.5,220.0
17.5,71.5,110.0,55.0,117.5
17.5,79.5,120.0,57.5,120.0
17.5,53.1,70.0,45.0,102.5
17.5,66.4,125.0,60.0,192.5
17.5,82.8,190.0,122.5,215.0
17.5,98.95,227.5,135.0,240.0
17.5,66.8,165.0,107.5,212.5
17.5,66.95,167.5,105.0,185.0
17.5,66.45,95.0,62.5,110.0
17.5,54.65,112.5,77.5,130.0
17.5,73.5,195.0,105.0,220.0
17.5,72.7,152.5,102.5,195.0
17.5,96.23,202.5,127.5,240.0
17.5,89.15,222.5,175.0,250.0
17.5,123.3,222.5,142.5,217.5
17.5,80.2,167.5,105.0,160.0
17.5,80.9,185.0,97.5,215.0
17.5,97.0,160.0,115.0,182.5
17.5,93.8,215.0,82.5,250.0
17.5,80.9,185.0,97.5,215.0
17.5,76.8,162.5,107.5,207.5
17.5,80.2,167.5,105.0,160.0
17.5,78.9,210.0,137.5,240.0
17.5,76.8,162.5,107.5,207.5
17.5,66.95,167.5,105.0,185.0
17.5,66.8,165.0,107.5,212.5
17.5,98.95,227.5,135.0,240.0
17.5,96.5,122.5,52.5,125.0
17.5,64.4,155.0,100.0,165.0
17.5,81.5,197.5,117.5,222.5
17.5,78.1,160.0,102.5,192.5
17.5,104.5,205.0,135.0,225.0
17.5,98.0,195.0,110.0,205.0
17.5,102.8,185.0,107.5,212.5
17.5,111.5,227.5,130.0,227.5
17.5,74.3,150.0,65.0,160.0
17.5,88.4,120.0,75.0,132.5
17.5,84.05,105.0,57.5,142.5
17.5,65.85,145.0,72.5,147.5
17.5,66.75,105.0,72.5,142.5
17.5,80.8,112.5,57.5,117.5
17.5,84.05,105.0,57.5,142.5
17.5,65.85,145.0,72.5,147.5
17.5,66.75,105.0,72.5,142.5
17.5,80.8,112.5,57.5,117.5
17.5,89.15,222.5,175.0,250.0
17.5,59.4,162.5,115.0,190.0
17.5,69.9,87.5,60.0,140.0
17.5,69.9,87.5,60.0,140.0
17.5,111.9,120.0,52.5,117.5
17.5,74.4,170.0,110.0,227.5
17.5,59.5,155.0,115.0,182.5
17.5,72.2,182.5,130.0,185.0
17.5,73.4,122.5,60.0,137.5
17.5,73.4,122.5,60.0,137.5
17.5,72.2,182.5,130.0,185.0
17.5,78.05,180.0,127.5,227.5
17.5,97.1,195.0,132.5,230.0
17.5,95.3,205.0,185.0,250.0
17.5,84.1,182.5,92.5,192.5
17.5,81.6,110.0,67.5,135.0
17.5,81.6,110.0,67.5,135.0
17.5,73.1,157.5,100.0,172.5
17.5,63.95,107.5,52.5,122.5
17.5,80.95,162.5,102.5,182.5
17.5,107.8,232.5,142.5,277.5
17.5,60.6,87.5,52.5,130.0
17.5,65.8,85.0,42.5,112.5
17.5,107.8,232.5,142.5,277.5
17.5,87.3,180.0,110.0,180.0
17.5,99.3,122.5,65.0,165.0
17.5,47.04,125.5,62.5,145.0
17.5,67.7,80.0,60.0,125.0
17.5,55.3,67.5,45.0,85.0
17.5,106.05,225.0,152.5,257.5
17.5,80.8,140.0,70.0,155.0
17.5,70.4,147.5,62.5,152.5
17.5,49.6,75.0,42.5,100.0
17.5,48.7,105.0,62.5,115.0
17.5,47.1,130.0,67.5,147.5
17.5,80.8,140.0,70.0,155.0
17.5,70.4,147.5,62.5,152.5
17.5,48.7,105.0,62.5,115.0
17.5,47.1,130.0,67.5,147.5
17.5,80.4,195.0,130.0,195.0
17.5,69.6,175.0,117.5,207.5
17.5,90.06,192.5,130.0,220.0
17.5,82.0,205.0,130.0,250.0
17.5,90.06,192.5,130.0,220.0
17.5,82.0,205.0,130.0,250.0
17.5,82.2,200.0,130.0,232.5
17.5,83.65,120.0,72.5,130.0
17.5,67.7,80.0,60.0,125.0
17.5,66.8,125.0,72.5,155.0
17.5,81.7,95.0,60.0,125.0
17.5,63.2,130.0,55.0,132.5
17.5,70.5,100.0,52.5,110.0
17.5,58.5,102.5,65.0,130.0
17.5,74.4,170.0,117.5,205.0
17.5,58.55,142.5,102.5,175.0
17.5,46.95,117.5,62.5,142.5
17.5,70.95,142.5,67.5,142.5
17.5,78.1,150.0,67.5,175.0
17.5,73.8,127.5,62.5,155.0
17.5,70.5,100.0,52.5,110.0
17.5,75.4,137.5,95.0,162.5
17.5,90.7,190.0,125.0,210.0
17.5,48.7,70.0,37.5,102.5
17.5,97.2,235.0,122.5,277.5
17.5,88.7,162.5,102.5,207.5
17.5,88.7,162.5,102.5,207.5
17.5,102.1,255.0,137.5,215.0
17.5,71.4,155.0,87.5,142.5
17.5,71.4,155.0,87.5,142.5
17.5,77.8,180.0,120.0,222.5
17.5,58.5,102.5,65.0,130.0
17.5,68.8,105.0,70.0,47.5
17.5,70.5,120.0,87.5,147.5
17.5,82.1,227.5,152.5,260.0
17.5,66.8,125.0,72.5,155.0
17.5,72.7,185.0,132.5,220.0
17.5,89.3,215.0,115.0,240.0
17.5,75.8,195.0,122.5,232.5
17.5,79.6,142.5,72.5,157.5
17.5,89.3,215.0,115.0,240.0
17.5,95.1,217.5,140.0,222.5
17.5,75.8,195.0,122.5,232.5
17.5,78.8,190.0,102.5,215.0
17.5,117.2,245.0,160.0,297.5
17.5,77.7,190.0,120.0,200.0
17.5,117.2,245.0,160.0,297.5
17.5,80.2,210.0,125.0,215.0
17.5,73.5,170.0,117.5,190.0
17.5,73.5,170.0,117.5,190.0
17.5,73.0,175.0,110.0,177.5
17.5,70.5,120.0,87.5,147.5
17.5,68.8,105.0,70.0,47.5
17.5,56.7,97.5,62.5,130.0
17.5,92.6,112.5,57.5,150.0
17.5,105.7,112.5,57.5,147.5
17.5,64.3,105.0,52.5,115.0
17.5,103.2,115.0,52.5,132.5
17.5,103.8,182.5,80.0,182.5
17.5,73.1,210.0,110.0,230.0
17.5,114.4,250.0,140.0,250.0
17.5,114.4,250.0,140.0,250.0
17.5,43.9,75.0,45.0,97.5
17.5,86.5,135.0,85.0,167.5
17.5,77.4,180.0,107.5,210.0
17.5,59.7,127.5,52.5,130.0
17.5,59.05,112.5,65.0,122.5
17.5,59.2,102.5,57.5,137.5
17.5,59.85,97.5,55.0,140.0
17.5,46.4,72.5,40.0,105.0
17.5,46.3,77.5,40.0,95.0
17.5,51.7,90.0,50.0,115.0
17.5,47.5,90.0,47.5,115.0
17.5,51.4,92.5,42.5,117.5
17.5,61.8,92.5,55.0,137.5
17.5,69.45,125.0,75.0,160.0
17.5,70.6,145.0,60.0,155.0
17.5,81.0,147.5,70.0,175.0
17.5,70.6,145.0,60.0,155.0
17.5,72.6,180.0,117.5,225.0
17.5,61.8,65.0,40.0,115.0
17.5,75.1,102.5,60.0,125.0
17.5,85.8,117.5,50.0,125.0
17.5,43.0,60.0,40.0,80.0
17.5,59.5,107.5,57.5,127.5
17.5,56.7,97.5,62.5,130.0
17.5,92.6,112.5,57.5,150.0
17.5,64.3,105.0,52.5,115.0
17.5,61.8,65.0,40.0,115.0
17.5,105.7,112.5,57.5,147.5
17.5,64.1,85.0,50.0,117.5
17.5,74.0,192.5,117.5,197.5
17.5,69.6,147.5,100.0,167.5
17.5,130.3,200.0,135.0,215.0
17.5,76.7,175.0,100.0,210.0
17.5,147.3,240.0,147.5,242.5
17.5,93.0,210.0,130.0,212.5
17.5,72.6,180.0,117.5,225.0
17.5,97.3,175.0,102.5,240.0
17.5,74.4,215.0,132.5,255.0
17.5,131.02,217.5,147.5,242.5
17.5,80.95,162.5,102.5,182.5
17.5,65.3,125.0,80.0,150.0
17.5,58.7,142.5,102.5,170.0
17.5,120.4,260.0,125.0,272.5
17.5,120.4,260.0,125.0,272.5
17.5,57.86,147.5,95.0,147.5
17.5,52.6,70.0,42.5,112.5
17.5,51.3,95.0,45.0,107.5
17.5,71.7,147.5,67.5,152.5
17.5,72.5,127.5,80.0,125.0
17.5,87.4,100.0,50.0,112.5
17.5,110.7,210.0,120.0,220.0
17.5,103.8,185.0,97.5,197.5
17.5,46.7,90.0,50.0,107.5
17.5,96.1,190.0,105.0,192.5
17.5,81.5,165.0,97.5,170.0
17.5,102.2,210.0,160.0,230.0
17.5,106.75,172.5,82.5,182.5
17.5,102.6,120.0,57.5,137.5
17.5,82.4,160.0,87.5,192.5
17.5,81.4,172.5,105.0,212.5
17.5,102.2,210.0,160.0,230.0
17.5,76.7,147.5,82.5,175.0
17.5,73.8,207.5,130.0,282.5
17.5,98.6,177.5,112.5,245.0
17.5,148.85,260.0,152.5,242.5
17.5,104.4,185.0,137.5,202.5
17.5,68.88,122.5,90.0,157.5
17.5,81.1,212.5,107.5,250.0
17.5,51.1,70.0,42.5,110.0
17.5,59.5,102.5,47.5,120.0
17.5,63.4,105.0,50.0,137.5
17.5,74.4,117.5,67.5,145.0
17.5,114.6,190.0,87.5,227.5
17.5,78.2,95.0,60.0,140.0
17.5,122.5,205.0,122.5,227.5
17.5,110.4,167.5,77.5,142.5
17.5,50.2,75.0,42.5,107.5
17.5,87.0,177.5,105.0,212.5
17.5,66.1,165.0,105.0,190.0
17.5,66.1,165.0,105.0,190.0
17.5,73.1,220.0,120.0,240.0
17.5,73.7,200.0,130.0,227.5
17.5,80.9,200.0,120.0,215.0
17.5,82.9,157.5,110.0,202.5
17.5,99.3,185.0,107.5,197.5
17.5,64.0,140.0,100.0,205.0
17.5,73.1,160.0,102.5,170.0
17.5,80.9,200.0,120.0,215.0
17.5,86.6,135.0,85.0,182.5
17.5,74.7,175.0,117.5,215.0
17.5,81.1,212.5,107.5,250.0
17.5,64.4,167.5,97.5,200.0
17.5,95.5,227.5,147.5,217.5
17.5,63.2,112.5,65.0,112.5
17.5,64.6,152.5,92.5,150.0
17.5,67.0,137.5,60.0,192.5
17.5,96.4,115.0,55.0,115.0
17.5,80.7,165.0,102.5,182.5
17.5,49.0,92.5,55.0,107.5
17.5,57.0,87.5,47.5,122.5
17.5,98.0,100.0,47.5,115.0
17.5,49.0,92.5,55.0,107.5
17.5,60.1,70.0,45.0,112.5
17.5,81.17,205.0,125.0,247.5
17.5,72.8,167.5,115.0,177.5
17.5,60.1,70.0,45.0,112.5
17.5,72.8,167.5,115.0,177.5
17.5,61.5,115.0,72.5,122.5
17.5,81.6,230.0,137.5,220.0
17.5,72.1,152.5,102.5,195.0
17.5,147.4,202.5,127.5,237.5
17.5,125.4,195.0,132.5,242.5
17.5,56.2,125.0,80.0,152.5
17.5,86.5,105.0,55.0,137.5
17.5,83.2,117.5,80.0,157.5
17.5,53.2,62.5,42.5,112.5
17.5,74.0,175.0,115.0,217.5
17.5,84.8,75.0,147.5,25.0
17.5,106.0,150.0,87.5,175.0
17.5,123.4,202.5,142.5,210.0
17.5,111.2,162.5,82.5,195.0
17.5,77.1,87.5,62.5,107.5
17.5,61.5,115.0,72.5,122.5
17.5,88.2,195.0,142.5,220.0
17.5,45.5,65.0,35.0,87.5
17.5,128.3,165.0,125.0,272.5
17.5,92.5,210.0,132.5,205.0
17.5,81.4,185.0,112.5,192.5
17.5,70.8,115.0,80.0,142.5
17.5,61.6,87.5,55.0,132.5
17.5,51.0,75.0,45.0,85.0
17.5,46.4,70.0,32.5,97.5
17.5,46.0,62.5,42.5,105.0
17.5,80.7,165.0,102.5,182.5
17.5,82.3,252.5,145.0,295.0
17.5,115.0,130.0,80.0,140.0
17.5,115.0,130.0,80.0,140.0
17.5,74.5,100.0,65.0,132.5
17.5,71.1,95.0,62.5,147.5
17.5,70.0,115.0,62.5,172.5
17.5,71.1,95.0,62.5,147.5
17.5,70.0,115.0,62.5,172.5
17.5,88.2,195.0,142.5,220.0
17.5,79.6,105.0,50.0,112.5
17.5,82.3,252.5,145.0,295.0
17.5,72.0,142.5,102.5,160.0
17.5,71.4,150.0,85.0,162.5
17.5,118.7,175.0,120.0,265.0
17.5,65.9,142.5,100.0,192.5
17.5,92.5,167.5,92.5,192.5
17.5,92.5,210.0,132.5,205.0
17.5,92.5,167.5,92.5,192.5
17.5,65.9,142.5,100.0,192.5
17.5,54.2,95.0,55.0,125.0
17.5,54.75,90.0,60.0,135.0
17.5,80.4,205.0,130.0,237.5
17.5,80.3,130.0,87.5,147.5
17.5,72.0,117.5,67.5,135.0
17.5,85.3,137.5,72.5,147.5
17.5,73.1,220.0,120.0,240.0
17.5,51.8,75.0,47.5,112.5
17.5,88.3,125.0,75.0,152.5
17.5,82.9,105.0,70.0,142.5
17.5,75.2,205.0,110.0,230.0
17.5,80.3,130.0,87.5,147.5
17.5,66.35,92.5,55.0,100.0
17.5,57.6,145.0,95.0,152.5
17.5,82.7,192.5,110.0,230.0
17.5,114.0,265.0,142.5,265.0
17.5,75.2,205.0,110.0,230.0
17.5,82.9,105.0,70.0,142.5
17.5,70.3,192.5,125.0,227.5
17.5,87.45,205.0,125.0,235.0
17.5,63.4,105.0,52.5,140.0
17.5,67.3,142.5,100.0,205.0
17.5,63.9,107.5,57.5,122.5
17.5,53.3,95.0,55.0,125.0
17.5,58.1,110.0,50.0,132.5
17.5,107.0,135.0,75.0,150.0
17.5,73.5,117.5,65.0,142.5
17.5,54.6,105.0,75.0,130.0
17.5,87.1,167.5,112.5,182.5
17.5,71.7,135.0,62.5,142.5
17.5,77.8,110.0,52.5,132.5
17.5,82.7,192.5,110.0,230.0
17.5,109.3,175.0,132.5,215.0
17.5,108.05,187.5,85.0,200.0
18.0,72.1,190.0,115.0,197.5
18.0,94.3,212.5,150.0,217.5
18.0,100.3,167.5,135.0,200.0
18.0,142.34,205.0,115.0,200.0
18.0,98.2,180.0,132.5,220.0
18.0,80.0,192.5,140.0,192.5
18.0,51.9,112.5,65.0,155.0
18.0,81.4,220.0,137.5,220.0
18.0,59.5,132.5,125.0,222.5
18.0,54.4,98.0,50.5,100.0
18.0,81.6,210.0,122.5,220.0
18.0,87.3,227.5,137.5,265.0
18.0,144.2,205.0,107.5,205.0
18.0,86.0,212.5,137.5,272.5
18.0,80.7,212.5,140.0,230.0
18.0,80.7,212.5,140.0,230.0
18.0,89.0,205.0,125.0,242.5
18.0,121.7,205.0,157.5,257.5
18.0,72.1,190.0,115.0,197.5
18.0,72.6,197.5,122.5,210.0
18.0,72.6,197.5,122.5,210.0
18.0,88.8,257.5,155.0,295.0
18.0,78.1,202.5,160.0,237.5
18.0,51.25,92.5,60.0,100.0
18.0,77.9,192.5,120.0,257.5
18.0,72.0,150.0,112.5,227.5
18.0,74.9,160.0,110.0,175.0
18.0,66.1,85.0,52.5,117.5
18.0,81.3,202.5,125.0,215.0
18.0,69.7,162.5,85.0,187.5
18.0,70.7,192.5,115.0,212.5
18.0,81.3,202.5,125.0,215.0
18.0,70.7,192.5,115.0,212.5
18.0,144.8,215.0,112.5,207.5
18.0,61.0,80.0,47.5,117.5
18.0,53.5,97.5,57.5,135.0
18.0,73.9,197.5,117.5,275.0
18.0,97.9,260.0,155.0,260.0
18.0,98.5,145.0,110.0,172.5
18.0,107.9,205.0,147.5,230.0
18.0,74.9,160.0,110.0,175.0
18.0,97.9,260.0,155.0,260.0
18.0,88.8,245.0,142.5,255.0
18.0,84.95,212.5,127.5,232.5
18.0,84.95,212.5,127.5,232.5
18.0,72.1,170.0,87.5,197.5
18.0,89.5,190.0,147.5,190.0
18.0,98.0,205.0,142.5,212.5
18.0,81.4,220.0,137.5,220.0
18.0,81.6,210.0,122.5,220.0
18.0,81.3,182.5,112.5,220.0
18.0,73.9,197.5,117.5,275.0
18.0,105.2,212.5,137.5,222.5
18.0,50.55,82.5,62.5,102.5
18.0,144.2,205.0,107.5,205.0
18.0,88.61,212.5,137.5,255.0
18.0,59.8,107.5,85.0,137.5
18.0,98.6,222.5,122.5,280.0
18.0,109.7,250.0,155.0,277.5
18.0,73.4,182.5,112.5,232.5
18.0,101.1,265.0,157.5,260.0
18.0,85.0,222.5,150.0,265.0
18.0,81.3,182.5,112.5,220.0
18.0,99.7,265.0,155.0,270.0
18.0,89.0,210.0,140.0,242.5
18.0,50.55,112.5,60.0,157.5
18.0,99.66,200.0,140.0,242.5
18.0,80.0,207.5,155.0,217.5
18.0,89.0,205.0,125.0,242.5
18.0,109.7,250.0,155.0,277.5
18.0,103.4,170.0,120.0,230.0
18.0,99.7,265.0,155.0,270.0
18.0,64.0,82.5,70.0,102.5
18.5,76.2,162.5,105.0,210.0
18.5,80.85,215.0,137.5,250.0
18.5,80.9,145.0,72.5,170.0
18.5,74.0,162.5,110.0,200.0
18.5,112.3,245.0,157.5,290.0
18.5,100.0,192.5,120.0,217.5
18.5,101.8,227.5,155.0,240.0
18.5,74.0,165.0,115.0,205.0
18.5,93.3,235.0,142.5,230.0
18.5,70.1,90.0,47.5,117.5
18.5,68.0,90.0,52.5,117.5
18.5,74.0,162.5,110.0,200.0
18.5,78.3,167.5,110.0,205.0
18.5,97.8,207.5,135.0,215.0
18.5,65.0,115.0,62.5,162.5
18.5,70.1,90.0,47.5,117.5
18.5,58.2,127.5,72.5,140.0
18.5,72.6,137.5,97.5,172.5
18.5,114.15,225.0,142.5,250.0
18.5,70.9,102.5,57.5,132.5
18.5,77.0,210.0,130.0,245.0
18.5,114.15,225.0,142.5,250.0
18.5,74.9,125.0,70.0,182.5
18.5,66.6,185.0,120.0,212.5
18.5,73.8,127.5,77.5,192.5
18.5,89.9,210.0,120.0,230.0
18.5,81.0,115.0,62.5,145.0
18.5,80.85,215.0,137.5,250.0
18.5,59.8,167.5,95.0,177.5
18.5,67.0,175.0,117.5,215.0
18.5,82.3,195.0,127.5,205.0
18.5,87.85,227.5,125.0,227.5
18.5,88.45,177.5,125.0,182.5
18.5,82.0,175.0,115.0,220.0
18.5,91.2,200.0,137.5,240.0
18.5,65.85,105.0,55.0,125.0
18.5,65.0,115.0,55.0,135.0
18.5,85.7,195.0,115.0,210.0
18.5,73.95,160.0,105.0,190.0
18.5,66.9,120.0,77.5,137.5
18.5,77.9,152.5,70.0,182.5
18.5,81.1,112.5,62.5,120.0
18.5,105.1,245.0,152.5,300.0
18.5,103.1,202.5,147.5,250.0
18.5,81.8,182.5,110.0,245.0
18.5,70.9,155.0,102.5,185.0
18.5,88.7,237.5,175.0,277.5
18.5,98.8,250.0,145.0,255.0
18.5,66.7,135.0,72.5,145.0
18.5,82.25,265.0,160.0,307.5
18.5,66.7,175.0,117.5,217.5
18.5,67.0,165.0,107.5,197.5
18.5,73.5,222.5,122.5,272.5
18.5,109.7,212.5,125.0,235.0
18.5,73.5,132.5,90.0,175.0
18.5,72.15,157.5,110.0,165.0
18.5,65.2,125.0,82.5,182.5
18.5,70.9,155.0,102.5,185.0
18.5,58.9,152.5,102.5,152.5
18.5,106.87,242.5,155.0,285.0
18.5,86.6,115.0,60.0,135.0
18.5,80.9,180.0,145.0,220.0
18.5,71.6,145.0,70.0,152.5
18.5,87.85,227.5,125.0,227.5
18.5,100.0,192.5,120.0,217.5
18.5,72.6,137.5,97.5,172.5
18.5,65.0,115.0,52.5,135.0
18.5,67.4,165.0,95.0,200.0
18.5,65.0,115.0,52.5,135.0
18.5,82.4,185.0,115.0,225.0
18.5,91.2,200.0,137.5,240.0
18.5,53.0,95.0,52.5,120.0
18.5,97.1,162.5,110.0,182.5
18.5,97.1,162.5,110.0,182.5
18.5,79.9,170.0,130.0,202.5
18.5,57.75,95.0,60.0,130.0
18.5,65.0,115.0,55.0,135.0
18.5,80.4,215.0,125.0,205.0
18.5,66.55,142.5,95.0,182.5
18.5,80.9,180.0,145.0,220.0
18.5,81.25,177.5,145.0,242.5
18.5,80.3,205.0,160.0,215.0
18.5,101.0,227.5,132.5,272.5
18.5,74.9,150.0,100.0,155.0
18.5,82.3,195.0,127.5,205.0
18.5,101.8,227.5,155.0,240.0
18.5,52.46,85.0,47.5,110.0
18.5,102.7,197.5,130.0,217.5
18.5,49.7,60.0,35.0,87.5
18.5,72.5,167.5,105.0,195.0
18.5,88.22,247.5,185.0,295.0
18.5,97.53,245.0,145.0,235.0
18.5,62.5,125.0,52.5,142.5
18.5,88.7,182.5,125.0,210.0
18.5,50.4,112.5,65.0,155.0
18.5,53.8,80.0,47.5,110.0
18.5,53.2,80.0,47.5,110.0
18.5,47.5,82.5,50.0,97.5
18.5,79.4,152.5,117.5,215.0
18.5,96.8,230.0,147.5,247.5
18.5,140.0,200.0,135.0,227.5
18.5,63.4,90.0,52.5,107.5
18.5,64.94,110.0,55.0,145.0
18.5,105.1,245.0,152.5,300.0
18.5,81.6,182.5,125.0,182.5
18.5,86.8,230.0,125.0,260.0
18.5,72.5,167.5,105.0,195.0
18.5,74.4,227.5,130.0,240.0
18.5,77.0,210.0,130.0,245.0
18.5,73.4,167.5,97.5,212.5
18.5,72.6,177.5,105.0,245.0
18.5,67.2,90.0,57.5,142.5
18.5,81.7,215.0,130.0,225.0
18.5,62.5,125.0,52.5,142.5
18.5,73.4,167.5,97.5,212.5
18.5,81.2,185.0,112.5,187.5
18.5,65.0,137.5,85.0,182.5
18.5,69.89,147.5,72.5,155.0
18.5,57.35,140.0,87.5,185.0
18.5,58.0,137.5,95.0,205.0
18.5,66.07,120.0,80.0,145.0
18.5,81.7,215.0,130.0,225.0
18.5,76.06,157.5,72.5,170.0
18.5,92.7,165.0,132.5,180.0
18.5,97.4,195.0,142.5,227.5
18.5,81.2,185.0,112.5,187.5
18.5,98.6,215.0,142.5,237.5
18.5,80.46,150.0,72.5,170.0
18.5,46.95,135.0,70.0,137.5
18.5,98.6,255.0,142.5,250.0
18.5,58.0,137.5,95.0,205.0
18.5,71.6,122.5,80.0,195.0
18.5,57.75,95.0,60.0,130.0
18.5,65.2,137.5,85.0,175.0
18.5,80.8,152.5,120.0,205.0
18.5,88.7,182.5,125.0,210.0
18.5,71.8,150.0,92.5,197.5
18.5,115.4,242.5,160.0,265.0
18.5,72.0,157.5,87.5,182.5
18.5,82.6,117.5,65.0,125.0
18.5,60.6,95.0,45.0,112.5
18.5,98.4,132.5,87.5,112.5
18.5,79.2,107.5,60.0,137.5
18.5,74.6,137.5,65.0,155.0
18.5,86.2,117.5,55.0,137.5
18.5,61.8,120.0,60.0,157.5
18.5,82.0,147.5,72.5,152.5
18.5,55.2,105.0,60.0,115.0
18.5,72.0,157.5,87.5,182.5
18.5,54.4,102.5,47.5,150.0
18.5,70.9,102.5,57.5,132.5
18.5,112.3,245.0,157.5,290.0
18.5,98.4,132.5,87.5,112.5
18.5,107.55,227.5,137.5,287.5
18.5,46.45,135.0,70.0,150.0
18.5,79.8,152.5,102.5,165.0
18.5,80.4,217.5,130.0,230.0
18.5,59.8,167.5,95.0,177.5
18.5,73.3,120.0,117.5,250.0
18.5,105.0,195.0,137.5,240.0
18.5,55.2,105.0,60.0,115.0
18.5,46.95,135.0,70.0,137.5
18.5,81.0,217.5,117.5,250.0
18.5,81.0,217.5,117.5,250.0
18.5,56.3,107.5,47.5,125.0
18.5,76.2,162.5,105.0,210.0
18.5,86.3,172.5,90.0,225.0
18.5,89.9,210.0,120.0,230.0
18.5,82.0,160.0,105.0,185.0
18.5,73.7,137.5,85.0,147.5
18.5,73.5,222.5,122.5,272.5
18.5,79.2,107.5,60.0,137.5
18.5,80.9,145.0,72.5,170.0
18.5,60.0,95.0,65.0,135.0
18.5,95.6,182.5,95.0,197.5
18.5,50.5,90.0,45.0,112.5
18.5,77.0,100.0,52.5,107.5
18.5,123.9,182.5,107.5,207.5
18.5,87.8,200.0,115.0,227.5
18.5,74.5,142.5,115.0,175.0
18.5,56.5,97.5,60.0,132.5
18.5,55.2,107.5,55.0,130.0
18.5,89.0,172.5,117.5,200.0
18.5,65.0,137.5,85.0,182.5
18.5,81.8,182.5,127.5,207.5
18.5,67.3,97.5,50.0,127.5
18.5,72.0,130.0,82.5,185.0
18.5,43.15,75.0,45.0,97.5
18.5,72.9,165.0,105.0,172.5
18.5,73.6,212.5,120.0,245.0
18.5,71.9,215.0,132.5,267.5
18.5,90.3,190.0,125.0,215.0
18.5,99.0,177.5,117.5,265.0
18.5,59.2,92.5,62.5,115.0
18.5,80.0,125.0,65.0,157.5
18.5,64.6,105.0,55.0,115.0
18.5,66.5,120.0,52.5,127.5
18.5,81.4,227.5,132.5,227.5
18.5,65.9,200.0,137.5,250.0
18.5,57.7,137.5,102.5,150.0
18.5,82.2,210.0,150.0,242.5
18.5,81.8,210.0,165.0,227.5
18.5,74.2,142.5,95.0,182.5
18.5,55.4,102.5,52.5,140.0
18.5,55.5,107.5,70.0,152.5
18.5,55.6,87.5,50.0,122.5
18.5,72.5,110.0,62.5,130.0
18.5,74.2,185.0,105.0,220.0
18.5,89.7,275.0,175.0,287.5
18.5,55.7,112.5,50.0,120.0
18.5,92.0,215.0,120.0,222.5
18.5,104.5,227.5,132.5,250.0
18.5,91.5,190.0,107.5,220.0
18.5,71.0,167.5,110.0,205.0
18.5,111.6,215.0,137.5,225.0
18.5,73.7,162.5,112.5,182.5
18.5,81.8,140.0,80.0,172.5
18.5,57.0,112.5,55.0,135.0
18.5,57.0,112.5,55.0,135.0
18.5,64.5,165.0,95.0,195.0
18.5,90.3,190.0,125.0,215.0
18.5,69.1,115.0,72.5,145.0
18.5,97.8,207.5,135.0,215.0
18.5,64.6,185.0,102.5,205.0
18.5,76.05,117.5,75.0,147.5
18.5,74.35,147.5,105.0,160.0
18.5,78.75,202.5,115.0,242.5
18.5,73.0,170.0,85.0,190.0
18.5,74.2,185.0,105.0,220.0
18.5,84.1,172.5,82.5,200.0
18.5,81.4,227.5,132.5,227.5
18.5,82.2,210.0,150.0,242.5
18.5,81.8,210.0,165.0,227.5
18.5,109.6,242.5,167.5,272.5
18.5,80.0,125.0,65.0,157.5
18.5,68.7,167.5,97.5,167.5
18.5,62.4,100.0,47.5,110.0
18.5,55.5,107.5,70.0,152.5
18.5,80.3,170.0,132.5,210.0
18.5,103.7,207.5,165.0,227.5
18.5,88.8,210.0,112.5,262.5
18.5,88.8,210.0,112.5,262.5
18.5,72.9,165.0,105.0,172.5
18.5,73.9,142.5,70.0,177.5
18.5,91.4,210.0,112.5,227.5
18.5,55.6,87.5,50.0,122.5
18.5,72.5,110.0,62.5,130.0
18.5,55.7,112.5,50.0,120.0
18.5,64.9,115.0,52.5,132.5
18.5,66.2,95.0,67.5,145.0
18.5,73.6,212.5,120.0,245.0
18.5,71.5,95.0,52.5,117.5
18.5,71.9,215.0,132.5,267.5
18.5,86.4,187.5,107.5,215.0
18.5,50.5,80.0,55.0,117.5
18.5,73.9,142.5,70.0,177.5
18.5,91.6,192.5,132.5,220.0
18.5,91.5,190.0,107.5,220.0
18.5,72.0,120.0,80.0,180.0
18.5,91.4,210.0,112.5,227.5
18.5,72.5,105.0,82.5,160.0
18.5,103.7,207.5,165.0,227.5
18.5,88.84,230.0,140.0,260.0
18.5,80.5,180.0,125.0,217.5
18.5,55.5,112.5,50.0,112.5
18.5,78.2,142.5,115.0,182.5
18.5,80.8,195.0,120.0,240.0
18.5,64.9,115.0,52.5,132.5
18.5,59.97,107.5,57.5,155.0
18.5,104.5,227.5,132.5,250.0
18.5,65.0,192.5,125.0,227.5
18.5,109.6,242.5,167.5,272.5
18.5,89.8,132.5,85.0,182.5
18.5,89.0,172.5,117.5,200.0
18.5,72.2,182.5,100.0,207.5
18.5,132.5,195.0,107.5,215.0
18.5,71.5,95.0,52.5,117.5
18.5,80.5,180.0,125.0,217.5
18.5,99.9,245.0,167.5,252.5
18.5,92.0,215.0,120.0,222.5
18.5,69.0,165.0,102.5,175.0
18.5,78.2,142.5,115.0,182.5
18.5,69.0,165.0,102.5,175.0
18.5,50.1,105.0,62.5,127.5
18.5,68.7,167.5,97.5,167.5
18.5,62.1,95.0,42.5,105.0
18.5,72.2,182.5,100.0,207.5
18.5,60.9,107.5,52.5,150.0
18.5,69.7,102.5,47.5,125.0
18.5,65.9,157.5,92.5,192.5
18.5,55.8,117.5,50.0,110.0
18.5,86.1,172.5,115.0,205.0
18.5,67.1,135.0,85.0,152.5
18.5,99.6,215.0,142.5,227.5
18.5,82.2,227.5,120.0,250.0
18.5,74.7,152.5,107.5,200.0
18.5,78.2,135.0,80.0,140.0
18.5,86.2,200.0,137.5,237.5
18.5,72.6,162.5,115.0,180.0
18.5,100.34,207.5,135.0,267.5
18.5,46.95,137.5,70.0,155.0
18.5,106.92,225.0,165.0,245.0
18.5,92.8,227.5,145.0,225.0
18.5,65.3,180.0,110.0,217.5
18.5,72.0,130.0,82.5,185.0
18.5,112.0,197.5,127.5,207.5
18.5,79.8,152.5,102.5,165.0
18.5,65.2,125.0,82.5,182.5
18.5,82.1,182.5,142.5,237.5
18.5,57.3,130.0,100.0,142.5
18.5,74.4,142.5,65.0,160.0
18.5,74.4,142.5,65.0,160.0
18.5,79.9,170.0,130.0,202.5
18.5,58.9,152.5,102.5,152.5
18.5,64.5,165.0,95.0,195.0
18.5,103.1,202.5,147.5,250.0
18.5,57.3,130.0,100.0,142.5
18.5,70.3,105.0,65.0,137.5
18.5,77.5,165.0,115.0,172.5
18.5,74.0,165.0,115.0,205.0
18.5,86.8,230.0,125.0,260.0
18.5,87.65,220.0,157.5,270.0
18.5,81.8,182.5,110.0,245.0
18.5,75.2,125.0,72.5,155.0
18.5,65.3,180.0,110.0,217.5
18.5,112.0,197.5,127.5,207.5
18.5,74.6,182.5,102.5,200.0
18.5,72.9,165.0,117.5,192.5
18.5,72.75,177.5,95.0,210.0
18.5,82.14,247.5,160.0,275.0
18.5,101.0,227.5,132.5,272.5
18.5,60.9,107.5,52.5,150.0
18.5,86.2,117.5,55.0,137.5
18.5,62.3,115.0,62.5,130.0
18.5,66.8,107.5,72.5,117.5
18.5,65.0,115.0,62.5,162.5
18.5,79.56,152.5,75.0,152.5
18.5,58.6,107.5,57.5,115.0
18.5,57.7,137.5,102.5,150.0
18.5,88.6,205.0,140.0,235.0
18.5,59.3,177.5,115.0,197.5
18.5,82.5,82.5,47.5,105.0
18.5,97.7,237.5,150.0,275.0
18.5,72.55,137.5,80.0,130.0
18.5,65.9,200.0,137.5,250.0
18.5,74.4,227.5,130.0,240.0
18.5,86.4,187.5,107.5,215.0
18.5,80.7,192.5,115.0,217.5
18.5,74.42,185.0,135.0,205.0
18.5,79.95,187.5,102.5,220.0
18.5,89.96,225.0,117.5,287.5
19.0,96.3,266.0,166.0,273.0
19.0,72.8,160.0,100.0,182.5
19.0,67.5,83.91,52.16,108.86
19.0,80.9,232.5,147.5,237.5
19.0,154.2,325.0,215.0,305.0
19.0,89.2,235.0,142.5,255.0
19.0,89.8,230.0,137.5,305.0
19.0,113.6,255.0,173.0,295.0
19.0,108.0,132.5,110.0,182.5
19.0,88.9,212.5,112.5,247.5
19.0,79.1,157.5,112.5,175.0
19.0,74.2,230.0,170.0,280.0
19.0,74.2,230.0,170.0,280.0
19.0,89.5,240.0,140.0,272.5
19.0,123.1,252.5,167.5,240.0
19.0,109.63,240.4,142.9,226.8
19.0,89.8,220.0,142.5,235.0
19.0,89.0,182.5,127.5,215.0
19.0,71.0,175.0,102.5,182.5
19.0,73.17,217.5,147.5,285.0
19.0,66.0,102.5,55.0,135.0
19.0,73.5,87.5,55.0,120.0
19.0,87.3,182.5,110.0,187.5
19.0,66.4,75.0,45.0,82.5
19.0,113.6,255.0,173.0,295.0
19.0,88.1,237.0,159.0,221.0
19.0,89.55,250.0,145.0,255.0
19.0,99.8,232.5,165.0,260.0
19.0,99.8,232.5,165.0,260.0
19.0,66.8,110.0,67.5,122.5
19.0,71.8,177.5,107.5,210.0
19.0,65.6,120.0,71.0,150.0
19.0,78.5,197.5,125.0,252.5
19.0,85.1,120.0,65.0,132.5
19.0,68.9,97.5,45.0,102.5
19.0,73.9,172.5,87.5,200.0
19.0,65.6,120.0,71.0,150.0
19.0,80.9,182.5,132.5,215.0
19.0,73.3,142.5,90.0,177.5
19.0,68.6,117.5,52.5,125.0
19.0,74.5,142.5,92.5,165.0
19.0,79.6,242.5,140.0,272.5
19.0,66.7,200.0,115.0,190.0
19.0,89.7,190.0,135.0,207.5
19.0,78.5,197.5,125.0,252.5
19.0,81.5,175.0,117.5,190.0
19.0,73.5,147.5,92.5,152.5
19.0,78.2,162.5,122.5,205.0
19.0,87.4,182.5,145.0,227.5
19.0,73.5,87.5,55.0,120.0
19.0,66.0,102.5,55.0,135.0
19.0,89.9,202.5,125.0,220.0
19.0,88.9,212.5,112.5,247.5
19.0,72.8,160.0,100.0,182.5
19.0,79.6,242.5,140.0,272.5
19.0,99.2,207.5,145.0,220.0
19.0,71.0,175.0,102.5,182.5
19.0,73.6,175.0,90.0,205.0
19.0,81.2,230.0,132.5,250.0
19.0,65.1,75.0,45.0,92.5
19.0,74.8,162.5,115.0,155.0
19.0,82.5,182.5,130.0,232.5
19.0,64.0,150.0,102.5,217.5
19.0,86.7,175.0,110.0,205.0
19.0,67.5,102.5,60.0,117.5
19.0,90.0,240.0,150.0,280.0
19.0,90.0,240.0,150.0,280.0
19.0,88.6,180.0,107.5,220.0
19.0,64.3,132.5,75.0,152.5
19.0,110.0,205.0,155.5,225.0
19.0,53.7,97.5,50.0,137.5
19.0,64.3,132.5,75.0,152.5
19.0,81.9,195.0,125.0,250.0
19.0,51.0,112.5,67.5,162.5
19.0,88.7,135.0,72.5,145.0
19.0,92.8,232.5,117.5,295.0
19.0,53.7,97.5,50.0,137.5
19.0,54.2,102.5,62.5,142.5
19.0,67.8,120.0,62.5,150.0
19.0,87.4,202.5,107.5,227.5
19.0,113.9,265.0,165.0,305.0
19.0,88.6,245.0,137.5,275.0
19.0,65.4,107.5,65.0,132.5
19.0,59.6,102.5,52.5,117.5
19.0,82.5,182.5,105.0,175.0
19.0,96.8,192.5,147.5,227.5
19.0,82.0,202.5,130.0,257.5
19.0,105.0,240.0,145.0,255.0
19.0,106.7,215.0,155.0,262.5
19.0,95.9,227.5,135.0,310.0
19.0,63.8,115.0,62.5,137.5
19.0,91.0,240.0,145.0,255.0
19.0,95.2,223.0,127.5,295.0
19.0,96.8,192.5,147.5,227.5
19.0,64.7,105.0,55.0,110.0
19.0,88.1,292.5,185.0,295.0
19.0,51.0,112.5,67.5,162.5
19.0,103.7,207.5,135.0,230.0
19.0,106.6,202.5,120.0,165.0
19.0,98.2,205.0,130.0,237.5
19.0,62.0,132.5,70.0,167.5
19.0,62.0,132.5,70.0,167.5
19.0,113.9,265.0,165.0,305.0
19.0,140.9,205.0,115.0,175.0
19.0,140.9,205.0,115.0,175.0
19.0,89.5,135.0,57.5,137.5
19.0,64.1,97.5,50.0,112.5
19.0,99.8,210.0,132.5,235.0
19.0,73.7,167.5,112.5,180.0
19.0,109.4,235.0,142.5,205.0
19.0,64.1,82.5,45.0,102.5
19.0,72.6,177.5,110.0,230.0
19.0,65.7,135.0,77.5,147.5
19.0,80.3,185.0,110.0,200.0
19.0,63.8,115.0,62.5,137.5
19.0,54.7,115.0,72.5,145.0
19.0,95.7,195.0,130.0,195.0
19.0,98.5,272.5,157.5,272.5
19.0,87.9,177.5,115.0,222.5
19.0,89.6,320.0,192.5,300.0
19.0,73.3,132.5,62.5,145.0
19.0,106.9,232.5,175.0,227.5
19.0,92.8,232.5,117.5,295.0
19.0,96.9,145.0,110.0,182.5
19.0,55.3,117.5,72.5,152.5
19.0,55.3,117.5,72.5,152.5
19.0,54.7,115.0,72.5,145.0
19.0,81.2,230.0,132.5,250.0
19.0,89.5,200.0,150.0,237.5
19.0,75.5,175.0,132.5,222.5
19.0,82.0,202.5,130.0,257.5
19.0,103.7,207.5,135.0,230.0
19.0,81.9,195.0,125.0,250.0
19.0,73.8,175.0,120.0,220.0
19.0,91.0,240.0,145.0,255.0
19.0,64.1,97.5,50.0,112.5
19.0,67.8,120.0,62.5,150.0
19.5,72.8,182.5,97.5,225.0
19.5,99.1,215.0,132.5,245.0
19.5,88.0,247.5,140.0,260.0
19.5,82.5,195.0,117.5,185.0
19.5,64.3,187.5,120.0,200.0
19.5,58.0,165.0,110.0,195.0
19.5,97.4,192.5,150.0,200.0
19.5,54.84,82.5,50.0,122.5
19.5,135.0,182.5,85.0,185.0
19.5,77.9,182.5,85.0,180.0
19.5,72.8,182.5,97.5,225.0
19.5,54.4,102.5,52.5,147.5
19.5,73.3,210.0,127.5,217.5
19.5,91.6,205.0,130.0,210.0
19.5,67.1,92.5,52.5,137.5
19.5,74.0,182.5,110.0,207.5
19.5,80.2,220.0,142.5,237.5
19.5,96.1,212.5,142.5,215.0
19.5,62.9,120.0,70.0,152.5
19.5,73.3,210.0,127.5,217.5
19.5,67.4,85.0,42.5,112.5
19.5,89.3,227.5,130.0,235.0
19.5,67.7,180.0,110.0,232.5
19.5,88.0,175.0,122.5,205.0
19.5,75.3,175.0,82.5,172.5
19.5,97.4,192.5,150.0,200.0
19.5,88.8,167.5,97.5,215.0
19.5,89.1,225.0,140.0,260.0
19.5,93.8,190.0,142.5,212.5
19.5,58.0,165.0,110.0,195.0
19.5,64.4,107.5,57.5,140.0
19.5,125.5,202.5,167.5,200.0
19.5,104.1,175.0,95.0,187.5
19.5,80.2,220.0,142.5,237.5
19.5,81.1,175.0,105.0,225.0
19.5,81.8,210.0,160.0,240.0
19.5,67.7,180.0,110.0,232.5
19.5,74.2,167.5,112.5,205.0
19.5,108.3,237.5,137.5,227.5
19.5,61.1,97.5,55.0,130.0
19.5,78.4,102.5,62.5,137.5
19.5,113.1,225.0,150.0,230.0
19.5,74.4,180.0,137.5,205.0
19.5,80.8,157.5,125.0,172.5
19.5,78.7,215.0,125.0,242.5
19.5,59.2,140.0,100.0,182.5
19.5,83.4,197.5,110.0,237.5
19.5,61.1,97.5,55.0,130.0
19.5,66.63,117.5,70.0,155.0
19.5,74.7,135.0,77.5,172.5
19.5,82.8,25.0,77.5,25.0
19.5,67.1,127.5,75.0,145.0
19.5,73.2,165.0,107.5,195.0
19.5,71.3,112.5,75.0,157.5
19.5,82.1,177.5,105.0,210.0
19.5,77.9,182.5,85.0,180.0
19.5,83.4,197.5,110.0,237.5
19.5,80.8,157.5,125.0,172.5
19.5,81.3,275.0,152.5,267.5
19.5,64.4,107.5,57.5,140.0
19.5,80.0,255.0,152.5,302.5
19.5,72.2,165.0,132.5,215.0
19.5,82.5,182.5,120.0,210.0
19.5,72.2,165.0,132.5,215.0
19.5,82.5,162.5,127.5,227.5
19.5,87.3,190.0,110.0,205.0
19.5,89.1,225.0,140.0,260.0
19.5,68.9,115.0,50.0,110.0
19.5,90.0,215.0,137.5,242.5
19.5,109.0,235.0,167.5,232.5
19.5,88.3,170.0,102.5,215.0
19.5,117.57,275.0,170.0,310.0
19.5,62.9,120.0,70.0,152.5
19.5,54.4,102.5,52.5,147.5
19.5,104.2,190.0,120.0,210.0
19.5,129.6,260.0,152.5,272.5
19.5,60.85,87.5,45.0,97.5
19.5,92.8,242.5,127.5,300.5
19.5,72.6,200.0,120.0,215.0
19.5,55.8,87.5,50.0,97.5
19.5,124.85,187.5,115.0,190.0
19.5,98.9,212.5,135.0,242.5
19.5,81.9,225.0,132.5,240.0
19.5,65.9,77.5,45.0,100.0
19.5,89.0,282.5,167.5,285.0
19.5,88.7,287.5,175.0,272.5
19.5,65.0,127.5,70.0,152.5
19.5,88.0,220.0,137.5,250.0
19.5,78.7,185.0,115.0,210.0
19.5,88.0,220.0,137.5,250.0
19.5,89.5,220.0,150.0,210.0
19.5,87.8,182.5,125.0,220.0
19.5,79.7,192.5,122.5,195.0
19.5,85.7,185.0,117.5,222.5
19.5,72.6,200.0,120.0,215.0
19.5,89.0,232.5,142.5,232.5
19.5,80.7,182.5,132.5,240.0
19.5,73.6,182.5,97.5,247.5
19.5,72.1,155.0,105.0,177.5
19.5,76.9,172.5,132.5,190.0
19.5,92.1,207.5,122.5,215.0
19.5,57.5,97.5,67.5,110.0
19.5,74.1,195.0,140.0,230.0
19.5,116.0,230.0,170.0,287.5
19.5,65.7,97.5,67.5,120.0
19.5,91.9,262.5,165.0,260.0
19.5,66.9,130.0,82.5,180.0
19.5,91.9,262.5,165.0,260.0
19.5,80.25,130.0,80.0,190.0
19.5,69.4,215.0,117.5,232.5
19.5,80.3,187.5,115.0,232.5
19.5,69.4,215.0,117.5,232.5
19.5,98.0,207.5,127.5,240.0
19.5,78.7,185.0,115.0,210.0
19.5,92.8,235.0,125.0,305.0
19.5,55.0,115.0,70.0,137.5
19.5,73.05,142.5,75.0,170.0
19.5,116.0,230.0,170.0,287.5
19.5,51.74,120.0,75.0,180.5
19.5,67.05,176.0,102.5,175.0
19.5,58.85,142.5,90.0,190.0
19.5,59.3,107.5,62.5,145.0
19.5,102.8,170.0,122.5,185.0
19.5,87.1,235.0,165.0,252.5
19.5,65.7,97.5,67.5,120.0
19.5,80.3,187.5,115.0,232.5
19.5,82.7,225.0,152.5,230.0
19.5,102.7,247.5,172.5,265.0
19.5,98.0,207.5,127.5,240.0
19.5,92.1,207.5,122.5,215.0
19.5,87.1,135.0,60.0,147.5
19.5,65.8,150.0,125.0,215.0
19.5,58.1,112.5,55.0,117.5
19.5,86.5,172.5,132.5,192.5
19.5,74.7,135.0,77.5,172.5
19.5,72.86,105.0,47.5,125.0
19.5,85.1,155.0,82.5,185.0
19.5,60.8,127.5,65.0,142.5
19.5,83.1,92.5,82.5,125.0
19.5,98.3,237.5,182.5,270.0
19.5,88.9,215.0,107.5,197.5
19.5,137.8,180.0,95.0,180.0
19.5,55.4,107.5,57.5,135.0
19.5,86.6,227.5,137.5,240.0
19.5,72.95,165.0,117.5,145.0
19.5,72.95,165.0,117.5,145.0
19.5,89.5,107.5,45.0,122.5
19.5,81.25,205.0,140.0,250.0
19.5,68.4,105.0,57.5,137.5
19.5,81.9,225.0,132.5,240.0
19.5,70.0,127.5,72.5,172.5
19.5,73.82,187.5,130.0,222.5
19.5,89.98,280.0,170.0,290.0
19.5,109.33,250.0,172.5,277.5
19.5,82.5,142.5,87.5,150.0
19.5,79.9,227.5,115.0,260.0
19.5,114.5,232.5,142.5,255.0
19.5,74.3,200.0,117.5,200.0
19.5,110.3,205.0,125.0,272.5
19.5,88.8,167.5,97.5,215.0
19.5,73.6,182.5,97.5,247.5
19.5,116.0,222.5,140.0,252.5
19.5,107.35,207.5,132.5,220.0
19.5,57.9,150.0,110.0,187.5
19.5,74.7,177.5,127.5,185.0
19.5,88.9,237.5,145.0,252.5
19.5,108.3,250.0,142.5,300.0
19.5,51.6,82.5,37.5,95.0
19.5,138.3,287.5,217.5,252.5
19.5,72.43,220.0,147.5,257.5
19.5,79.9,227.5,115.0,260.0
19.5,88.75,167.5,90.0,210.0
19.5,59.2,110.0,45.0,135.0
19.5,74.7,177.5,127.5,185.0
19.5,76.7,175.0,125.0,190.0
19.5,81.25,205.0,140.0,250.0
19.5,104.95,215.0,120.0,225.0
19.5,104.9,192.5,115.0,202.5
19.5,58.1,112.5,55.0,117.5
19.5,85.1,155.0,82.5,185.0
19.5,72.6,92.5,60.0,130.0
19.5,69.7,92.5,62.5,122.5
19.5,83.1,92.5,82.5,125.0
19.5,82.5,142.5,87.5,150.0
19.5,57.0,105.0,52.5,147.5
19.5,88.4,215.0,135.0,227.5
19.5,69.9,75.0,50.0,97.5
19.5,88.05,125.0,65.0,155.0
19.5,80.2,175.0,97.5,217.5
19.5,103.3,245.0,182.5,265.0
19.5,116.4,255.0,170.0,295.0
19.5,57.7,102.5,52.5,130.0
19.5,70.4,125.0,77.5,200.0
19.5,61.4,125.0,60.0,127.5
19.5,59.2,115.0,57.5,145.0
19.5,54.7,127.5,75.0,160.0
19.5,89.5,230.0,150.0,250.0
19.5,70.7,125.0,77.5,200.0
19.5,63.7,115.0,57.5,145.0
19.5,80.4,185.0,127.5,222.5
19.5,72.0,105.0,57.5,142.5
19.5,74.2,182.5,112.5,190.0
19.5,80.4,185.0,127.5,222.5
19.5,72.4,190.0,97.5,212.5
19.5,109.0,240.0,147.5,260.0
19.5,81.8,187.5,132.5,195.0
19.5,74.8,227.5,142.5,280.0
19.5,72.0,105.0,57.5,142.5
19.5,74.1,137.5,87.5,195.0
19.5,74.9,187.5,142.5,227.5
19.5,104.8,250.0,162.5,230.0
19.5,74.9,187.5,142.5,227.5
19.5,113.7,227.5,137.5,250.0
19.5,80.1,187.5,132.5,222.5
19.5,80.1,187.5,132.5,222.5
19.5,54.7,127.5,75.0,160.0
19.5,106.4,230.0,152.5,252.5
19.5,81.9,187.5,115.0,200.0
19.5,91.5,185.0,102.5,187.5
19.5,91.5,217.5,142.5,260.0
19.5,60.2,125.0,62.5,127.5
19.5,113.9,262.5,165.0,242.5
19.5,56.6,105.0,55.0,132.5
19.5,65.4,162.5,105.0,205.0
19.5,103.3,245.0,182.5,265.0
19.5,116.4,255.0,170.0,295.0
19.5,117.5,210.0,147.5,272.5
19.5,71.6,167.5,115.0,160.0
19.5,65.5,125.0,97.5,175.0
19.5,58.9,155.0,107.5,162.5
19.5,73.2,202.5,162.5,230.0
19.5,62.7,97.5,45.0,105.0
19.5,117.5,210.0,147.5,272.5
19.5,88.2,105.0,45.0,127.5
19.5,82.2,212.5,137.5,227.5
19.5,89.4,170.0,135.0,195.0
19.5,89.45,255.0,197.5,240.0
19.5,75.3,175.0,75.0,177.5
19.5,75.3,175.0,75.0,177.5
19.5,113.7,227.5,137.5,250.0
19.5,97.8,175.0,112.5,215.0
19.5,109.9,240.0,165.0,250.0
19.5,67.3,132.5,75.0,152.5
19.5,71.4,190.0,97.5,212.5
19.5,58.62,170.0,102.5,175.0
19.5,58.43,172.5,125.0,202.5
19.5,60.0,137.5,105.0,185.0
19.5,73.0,125.0,82.5,187.5
19.5,89.9,215.0,145.0,245.0
19.5,83.0,182.5,92.5,227.5
19.5,63.8,130.0,67.5,140.0
19.5,73.6,160.0,92.5,205.0
19.5,91.4,212.5,160.0,232.5
19.5,97.9,152.5,92.5,150.0
19.5,87.47,137.5,62.5,155.0
19.5,80.9,215.0,125.0,260.0
19.5,66.5,137.5,60.0,157.5
19.5,66.5,137.5,60.0,157.5
19.5,75.8,147.5,75.0,162.5
19.5,82.2,175.0,115.0,227.5
19.5,43.65,87.5,50.0,110.0
19.5,76.4,92.5,80.0,107.5
19.5,104.8,250.0,162.5,230.0
19.5,83.0,182.5,92.5,227.5
19.5,58.35,157.5,100.0,157.5
19.5,91.8,205.0,147.5,227.5
19.5,74.8,227.5,142.5,280.0
19.5,57.7,102.5,52.5,130.0
19.5,70.7,145.0,77.5,160.0
19.5,89.05,237.5,142.5,280.0
19.5,61.4,125.0,60.0,127.5
19.5,90.3,207.5,140.0,250.0
19.5,87.5,185.0,115.0,212.5
19.5,51.5,65.0,35.0,95.0
19.5,70.15,110.0,60.0,147.5
19.5,90.32,212.5,147.5,232.5
19.5,61.8,142.5,72.5,177.5
19.5,90.32,212.5,147.5,232.5
19.5,79.7,157.5,112.5,167.5
19.5,71.6,167.5,115.0,160.0
19.5,97.7,237.5,152.5,245.0
19.5,82.2,217.5,150.0,232.5
19.5,82.2,217.5,150.0,232.5
19.5,64.4,117.5,105.0,137.5
19.5,88.1,212.5,132.5,227.5
19.5,90.3,207.5,140.0,250.0
19.5,61.8,142.5,72.5,177.5
19.5,59.4,147.5,87.5,195.0
19.5,79.69,217.5,132.5,235.0
19.5,113.4,295.0,145.0,265.0
19.5,58.5,152.5,105.0,157.5
19.5,51.5,65.0,35.0,95.0
19.5,87.5,185.0,115.0,212.5
19.5,67.14,180.0,100.0,180.0
19.5,66.2,120.0,60.0,145.0
19.5,73.8,145.0,110.0,165.0
19.5,89.4,170.0,135.0,195.0
19.5,61.6,115.0,70.0,130.0
19.5,65.5,125.0,97.5,175.0
19.5,81.1,175.0,105.0,225.0
19.5,92.1,210.0,145.0,262.5
19.5,91.3,160.0,115.0,185.0
19.5,105.8,222.5,147.5,260.0
19.5,67.1,132.5,75.0,155.0
19.5,61.5,140.0,57.5,137.5
19.5,58.71,150.0,110.0,175.0
19.5,65.8,120.0,75.0,132.5
19.5,59.9,157.5,117.5,175.0
19.5,92.1,210.0,145.0,262.5
19.5,107.5,235.0,172.5,247.5
19.5,61.61,152.5,72.5,170.0
19.5,86.1,210.0,140.0,255.0
19.5,104.45,252.5,160.0,295.0
19.5,61.8,75.0,50.0,105.0
19.5,68.5,117.5,65.0,147.5
19.5,72.0,120.0,62.5,132.5
19.5,77.5,177.5,92.5,177.5
19.5,65.5,130.0,52.5,125.0
19.5,61.8,75.0,50.0,105.0
19.5,65.5,130.0,52.5,125.0
19.5,98.4,215.0,117.5,222.5
19.5,88.5,192.5,137.5,245.0
19.5,73.3,175.0,120.0,212.5
19.5,86.9,205.0,125.0,232.5
19.5,59.9,157.5,117.5,175.0
19.5,80.9,197.5,132.5,235.0
19.5,73.99,127.5,67.5,160.0
19.5,79.2,115.0,75.0,130.0
19.5,99.22,245.0,127.5,255.0
19.5,81.5,192.5,122.5,260.0
19.5,81.5,192.5,122.5,260.0
19.5,94.8,230.0,115.0,242.5
19.5,82.0,240.0,150.0,237.5
19.5,90.0,215.0,137.5,242.5
19.5,82.5,162.5,127.5,227.5
19.5,94.8,230.0,115.0,242.5
19.5,81.1,190.0,115.0,232.5
19.5,58.35,157.5,100.0,157.5
19.5,134.6,280.0,165.0,272.5
19.5,62.2,100.0,47.5,122.5
19.5,67.0,182.5,110.0,187.5
19.5,80.0,255.0,152.5,302.5
19.5,81.3,275.0,152.5,267.5
19.5,118.7,90.0,65.0,125.0
19.5,61.5,140.0,57.5,137.5
19.5,97.9,222.5,155.0,235.0
19.5,87.2,205.0,125.0,237.5
19.5,73.6,192.5,115.0,212.5
19.5,58.6,135.0,100.0,165.0
19.5,47.8,75.0,50.0,90.0
19.5,81.8,210.0,160.0,240.0
19.5,80.9,197.5,132.5,235.0
19.5,66.4,97.5,55.0,112.5
19.5,66.4,97.5,55.0,112.5
19.5,79.8,215.0,122.5,240.0
19.5,81.7,165.0,112.5,197.5
19.5,62.0,110.0,60.0,117.5
19.5,85.7,215.0,142.5,232.5
19.5,85.1,195.0,110.0,217.5
19.5,70.15,107.5,62.5,140.0
19.5,59.7,167.5,97.5,170.0
19.5,58.9,155.0,107.5,162.5
19.5,58.1,160.0,112.5,195.0
19.5,98.1,152.5,92.5,145.0
19.5,64.6,170.0,97.5,172.5
19.5,86.1,137.5,80.0,155.0
19.5,78.2,97.5,42.5,105.0
19.5,64.6,170.0,97.5,172.5
19.5,104.8,267.5,165.0,312.5
19.5,91.5,217.5,142.5,260.0
19.5,97.8,175.0,112.5,215.0
19.5,98.1,187.5,140.0,217.5
19.5,55.1,115.0,65.0,120.0
19.5,98.1,187.5,140.0,217.5
19.5,47.3,90.0,45.0,97.5
19.5,98.4,215.0,117.5,222.5
19.5,99.5,227.5,135.0,235.0
19.5,99.5,227.5,135.0,235.0
19.5,74.1,105.0,65.0,127.5
19.5,60.2,125.0,62.5,127.5
19.5,81.9,187.5,115.0,200.0
19.5,61.6,115.0,70.0,130.0
19.5,82.7,215.0,137.5,237.5
19.5,71.9,187.5,110.0,192.5
19.5,86.8,232.5,135.0,245.0
19.5,62.0,110.0,60.0,117.5
19.5,79.6,180.0,145.0,242.5
19.5,86.1,137.5,80.0,155.0
19.5,103.1,250.0,137.5,275.0
19.5,64.9,150.0,107.5,207.5
19.5,73.3,175.0,120.0,212.5
19.5,68.5,117.5,65.0,147.5
19.5,103.1,250.0,137.5,275.0
19.5,85.7,215.0,142.5,232.5
19.5,79.6,180.0,145.0,242.5
19.5,64.9,150.0,107.5,207.5
19.5,83.1,160.0,75.0,155.0
19.5,72.0,120.0,62.5,132.5
19.5,121.1,240.0,147.5,250.0
19.5,105.2,185.0,120.0,207.5
19.5,113.9,262.5,165.0,242.5
19.5,82.6,260.0,160.0,320.5
19.5,80.1,227.5,132.5,250.0
19.5,82.2,212.5,137.5,227.5
19.5,116.0,222.5,140.0,252.5
19.5,65.4,162.5,105.0,205.0
20.0,89.6,330.0,202.5,295.0
20.0,89.46,332.5,197.5,310.0
20.0,61.0,105.0,60.0,122.5
20.0,92.6,240.0,132.5,295.0
20.0,61.0,105.0,60.0,122.5
20.0,89.7,207.5,122.5,215.0
20.0,78.8,115.0,70.0,160.0
20.0,59.0,90.0,55.0,115.0
20.0,62.2,107.5,62.5,115.0
20.0,89.46,332.5,197.5,310.0
20.0,62.2,107.5,62.5,115.0
20.0,59.2,142.5,95.0,190.0
20.0,73.1,100.0,45.0,114.0
20.0,73.8,175.0,125.0,200.0
20.0,96.5,245.0,140.0,242.5
20.0,72.2,180.0,100.0,200.0
20.0,93.0,227.5,152.5,287.5
20.0,79.5,177.5,117.5,250.0
20.0,99.0,202.5,140.0,250.0
20.0,64.2,115.0,57.5,130.0
20.0,70.0,122.5,47.5,112.5
20.0,119.4,245.0,155.0,237.5
20.0,70.0,122.5,47.5,112.5
20.0,52.7,122.5,72.5,145.0
20.0,111.1,125.0,102.5,170.0
20.0,99.2,240.0,190.0,272.5
20.0,87.2,222.5,127.5,255.0
20.0,87.2,217.5,142.5,255.0
20.0,87.2,222.5,127.5,255.0
20.0,64.2,115.0,57.5,130.0
20.0,87.2,217.5,142.5,255.0
20.0,72.5,142.5,87.5,177.5
20.0,56.9,92.5,57.5,110.0
20.0,65.0,160.0,92.5,192.5
20.0,139.3,285.0,172.5,327.5
20.0,64.0,85.0,45.0,102.5
20.0,93.0,227.5,152.5,287.5
20.0,71.4,182.5,110.0,207.5
20.0,54.4,132.5,80.0,155.0
20.0,62.5,95.0,62.5,145.0
20.0,62.5,95.0,62.5,145.0
20.0,71.3,192.5,117.5,200.0
20.0,80.2,170.0,95.0,215.0
20.0,76.79,165.0,145.0,205.0
20.0,76.79,165.0,145.0,205.0
20.0,76.79,165.0,145.0,205.0
20.0,88.2,200.0,125.0,215.0
20.0,80.4,240.0,145.0,250.0
20.0,80.4,240.0,145.0,250.0
20.0,54.4,132.5,80.0,155.0
20.0,74.4,175.0,115.0,192.5
20.0,78.0,165.0,127.5,205.0
20.0,105.4,217.5,155.0,267.5
20.0,82.6,152.5,102.5,175.0
20.0,105.4,217.5,155.0,267.5
20.0,55.7,97.5,50.0,127.5
20.0,90.0,200.0,122.5,232.5
20.0,92.5,272.5,177.5,237.5
20.0,98.9,235.0,167.5,205.0
20.0,90.0,197.5,147.5,232.5
20.0,74.6,117.5,77.5,117.5
20.0,79.3,195.0,115.0,227.5
20.0,73.8,175.0,105.0,200.0
20.0,79.3,195.0,115.0,227.5
20.0,86.2,215.0,125.0,250.0
20.0,87.9,210.0,132.5,262.5
20.0,64.41,132.5,82.5,182.5
20.0,89.8,192.5,147.5,250.0
20.0,64.41,132.5,82.5,182.5
20.0,81.9,225.0,132.5,255.0
20.0,73.8,175.0,105.0,200.0
20.0,55.4,130.0,82.5,165.0
20.0,95.5,170.0,115.0,215.0
20.0,86.2,215.0,125.0,250.0
20.0,96.4,147.5,110.0,180.0
20.0,98.9,217.5,135.0,272.5
20.0,104.6,205.0,162.5,270.0
20.0,96.4,147.5,110.0,180.0
20.0,80.2,117.5,95.0,165.0
20.0,87.4,190.0,145.0,235.0
20.0,67.5,97.5,72.5,122.5
20.0,74.0,232.5,162.5,285.0
20.0,74.9,137.5,72.5,137.5
20.0,82.1,217.5,160.0,240.0
20.0,88.4,202.5,122.5,237.5
20.0,78.8,185.0,117.5,192.5
20.0,62.1,140.0,92.5,192.5
20.0,62.1,140.0,92.5,192.5
20.0,96.65,240.0,140.0,250.0
20.0,99.2,182.5,120.0,220.0
20.0,105.9,227.5,137.5,240.0
20.0,57.95,160.0,112.5,197.5
20.0,57.95,160.0,112.5,197.5
20.0,52.7,122.5,72.5,145.0
20.0,71.5,110.0,62.5,147.5
20.0,110.7,237.5,170.0,265.0
20.0,131.7,250.0,160.0,235.0
20.0,74.2,167.5,120.0,190.0
20.0,74.2,167.5,120.0,190.0
20.0,71.4,152.5,95.0,185.0
20.0,106.6,200.0,130.0,182.5
20.0,98.1,212.5,142.5,245.0
20.0,80.8,140.0,85.0,205.0
20.0,94.1,212.5,117.5,250.0
20.0,85.3,165.0,105.0,185.0
20.0,86.5,205.0,125.0,207.5
20.0,74.9,137.5,72.5,137.5
20.0,80.2,117.5,95.0,165.0
20.0,122.5,251.0,162.0,242.0
20.0,120.8,225.0,152.5,232.5
20.0,73.2,137.0,73.0,140.0
20.0,79.9,220.0,150.0,230.0
20.0,60.0,75.0,45.0,97.5
20.0,66.9,130.0,75.0,137.5
20.0,88.7,182.5,132.5,217.5
20.0,61.5,158.0,111.0,189.0
20.0,93.2,252.5,165.0,310.0
20.0,87.8,205.0,150.0,242.5
20.0,93.2,252.5,165.0,310.0
20.0,111.3,175.0,152.5,192.5
20.0,66.9,130.0,75.0,137.5
20.0,89.8,337.5,200.0,305.0
20.0,73.2,137.0,73.0,140.0
20.0,60.7,103.0,51.0,123.0
20.0,87.8,205.0,150.0,242.5
20.5,62.4,142.5,90.0,200.0
20.5,81.55,220.0,160.0,245.0
20.5,109.4,245.0,155.0,245.0
20.5,59.35,150.0,100.0,202.5
20.5,109.34,240.0,172.5,272.5
20.5,109.4,245.0,155.0,245.0
20.5,108.45,255.0,157.5,270.0
20.5,73.8,190.0,112.5,215.0
20.5,56.2,117.5,65.0,117.5
20.5,87.8,210.0,135.0,227.5
20.5,58.74,195.0,92.5,160.0
20.5,70.07,142.5,80.0,177.5
20.5,73.3,155.0,75.0,177.5
20.5,74.0,195.0,122.5,222.5
20.5,83.8,165.0,85.0,157.5
20.5,62.4,142.5,90.0,200.0
20.5,82.4,202.5,130.0,227.5
20.5,70.9,155.0,82.5,175.0
20.5,108.5,190.0,102.5,215.0
20.5,66.8,97.5,52.5,142.5
20.5,89.2,187.5,140.0,215.0
20.5,82.8,157.5,125.0,187.5
20.5,93.1,87.5,67.5,150.0
20.5,89.2,187.5,140.0,215.0
20.5,82.8,157.5,125.0,187.5
20.5,67.5,122.5,60.0,147.5
20.5,80.8,182.5,130.0,212.5
20.5,80.1,205.0,120.0,227.5
20.5,64.75,150.0,107.5,200.0
20.5,102.1,242.5,155.0,252.5
20.5,68.1,105.0,65.0,152.5
20.5,89.8,270.0,172.5,260.0
20.5,58.3,195.0,87.5,177.5
20.5,74.55,195.0,132.5,235.0
20.5,97.6,135.0,57.5,145.0
20.5,67.5,132.5,70.0,157.5
20.5,89.4,195.0,137.5,222.5
20.5,79.8,237.5,127.5,255.0
20.5,89.4,195.0,137.5,222.5
20.5,103.7,187.5,125.0,187.5
20.5,83.8,165.0,85.0,157.5
20.5,99.5,205.0,157.5,215.0
20.5,65.2,157.5,110.0,197.5
20.5,67.5,122.5,60.0,147.5
20.5,79.8,237.5,127.5,255.0
20.5,73.3,155.0,75.0,177.5
20.5,82.35,250.0,160.0,257.5
20.5,62.7,132.5,67.5,157.5
20.5,78.7,115.0,52.5,117.5
20.5,82.6,162.5,115.0,200.0
20.5,91.7,120.0,107.5,162.5
20.5,62.9,97.5,55.0,100.0
20.5,97.9,192.5,117.5,185.0
20.5,108.9,147.5,107.5,185.0
20.5,89.7,190.0,115.0,250.0
20.5,86.8,192.5,122.5,227.5
20.5,110.0,160.0,155.0,227.5
20.5,124.0,220.0,127.5,235.0
20.5,65.8,202.5,125.0,227.5
20.5,71.2,145.0,80.0,190.0
20.5,61.9,132.5,70.0,155.0
20.5,124.0,220.0,127.5,235.0
20.5,81.9,140.0,90.0,212.5
20.5,77.8,100.0,57.5,137.5
20.5,77.8,100.0,57.5,137.5
20.5,71.2,145.0,80.0,190.0
20.5,63.8,192.5,135.0,215.0
20.5,65.2,165.0,100.0,192.5
20.5,61.9,132.5,70.0,155.0
20.5,84.4,115.0,85.0,142.5
20.5,78.8,172.5,107.5,190.0
20.5,108.9,147.5,107.5,185.0
20.5,84.4,115.0,85.0,142.5
20.5,91.9,202.5,145.0,257.5
20.5,65.2,165.0,100.0,192.5
20.5,90.4,190.0,102.5,252.5
20.5,102.1,242.5,155.0,252.5
20.5,90.0,255.0,152.5,282.5
20.5,63.5,105.0,55.0,145.0
20.5,81.5,185.0,127.5,217.5
20.5,99.9,215.0,137.5,262.5
20.5,81.3,162.5,102.5,182.5
20.5,74.5,192.5,165.0,210.0
20.5,62.9,97.5,55.0,100.0
20.5,104.3,215.0,142.5,260.0
20.5,81.75,215.0,140.0,225.0
20.5,65.3,130.0,65.0,137.5
20.5,71.8,205.0,130.0,210.0
20.5,71.85,120.0,42.5,132.5
20.5,107.2,200.0,117.5,210.0
20.5,71.85,120.0,42.5,132.5
20.5,73.6,182.5,120.0,227.5
20.5,83.0,217.5,130.0,227.5
20.5,65.6,100.0,65.0,150.0
20.5,64.9,87.5,52.5,117.5
20.5,121.9,247.5,152.5,262.5
20.5,65.6,100.0,65.0,150.0
20.5,104.3,215.0,142.5,260.0
20.5,67.2,182.5,115.0,235.0
20.5,88.9,282.5,172.5,340.0
20.5,88.9,282.5,172.5,340.0
20.5,83.3,162.5,80.0,155.0
20.5,93.1,87.5,67.5,150.0
20.5,81.5,185.0,127.5,217.5
20.5,67.3,152.5,130.0,185.0
20.5,58.3,117.5,60.0,140.0
20.5,53.3,110.0,52.5,142.5
20.5,74.0,185.0,117.5,187.5
20.5,88.2,177.5,115.0,237.5
20.5,82.3,135.0,85.0,210.0
20.5,60.4,95.0,57.5,117.5
20.5,73.2,192.5,110.0,250.0
20.5,88.2,177.5,115.0,237.5
20.5,70.3,132.5,92.5,192.5
20.5,103.4,190.0,130.0,237.5
20.5,99.4,197.5,130.0,230.0
20.5,85.7,180.0,115.0,225.0
20.5,85.9,220.0,112.5,260.0
20.5,115.8,140.0,85.0,140.0
20.5,80.9,182.5,142.5,215.0
20.5,66.4,112.5,50.0,110.0
20.5,115.8,140.0,85.0,140.0
20.5,80.87,192.5,90.0,185.0
20.5,81.9,240.0,145.0,250.0
20.5,66.1,180.0,115.0,215.0
20.5,80.8,185.0,115.0,205.0
20.5,78.9,172.5,115.0,212.5
20.5,66.4,112.5,50.0,110.0
20.5,108.9,215.0,137.5,227.5
20.5,70.3,132.5,92.5,192.5
20.5,64.75,130.0,60.0,145.0
20.5,59.25,90.0,62.5,112.5
20.5,87.1,205.0,112.5,242.5
20.5,73.5,185.0,100.0,247.5
20.5,92.4,217.5,130.0,237.5
20.5,117.9,267.5,170.0,295.0
20.5,91.4,235.0,172.5,242.5
20.5,91.4,235.0,172.5,242.5
20.5,82.2,197.5,110.0,245.0
20.5,81.5,192.5,120.0,195.0
20.5,107.2,200.0,117.5,210.0
20.5,82.3,135.0,85.0,210.0
20.5,99.6,235.0,150.0,252.5
20.5,117.9,267.5,170.0,295.0
20.5,86.7,240.0,147.5,282.5
20.5,81.7,190.0,120.0,212.5
20.5,53.0,92.5,52.5,135.0
20.5,81.0,265.0,155.0,320.0
20.5,100.0,225.0,137.5,275.0
20.5,55.45,157.5,100.0,170.0
20.5,89.2,247.5,155.0,270.0
20.5,73.3,185.0,107.5,212.5
20.5,92.4,217.5,130.0,237.5
20.5,99.4,197.5,130.0,230.0
20.5,81.5,192.5,120.0,195.0
20.5,73.9,92.5,50.0,122.5
20.5,85.7,180.0,115.0,225.0
20.5,100.0,225.0,137.5,275.0
20.5,89.2,247.5,155.0,270.0
20.5,73.5,185.0,100.0,247.5
20.5,85.9,220.0,112.5,260.0
20.5,73.3,185.0,107.5,212.5
20.5,67.1,117.5,67.5,137.5
20.5,82.2,197.5,110.0,245.0
20.5,72.25,182.5,115.0,215.0
20.5,74.4,162.5,127.5,202.5
20.5,65.1,110.0,72.5,142.5
20.5,81.4,247.5,160.0,250.0
20.5,99.5,205.0,157.5,215.0
20.5,77.0,170.0,87.5,227.5
20.5,66.2,167.5,100.0,202.5
20.5,108.1,205.0,150.0,200.0
20.5,88.6,177.5,105.0,215.0
20.5,135.4,240.0,160.0,277.5
20.5,78.7,117.5,97.5,170.0
20.5,89.8,285.0,172.5,282.5
20.5,71.6,157.5,72.5,177.5
20.5,65.2,157.5,110.0,197.5
20.5,103.6,205.0,132.5,255.0
20.5,75.3,127.5,65.0,155.0
20.5,121.15,310.0,150.0,280.0
20.5,95.4,185.0,110.0,195.0
20.5,87.4,192.5,132.5,245.0
20.5,68.1,105.0,65.0,152.5
20.5,71.1,160.0,107.5,182.5
20.5,88.0,172.5,117.5,210.0
20.5,74.7,170.0,95.0,200.0
20.5,103.6,205.0,132.5,255.0
20.5,87.4,192.5,132.5,245.0
20.5,135.4,240.0,160.0,277.5
20.5,66.8,97.5,52.5,142.5
20.5,67.5,132.5,70.0,157.5
20.5,65.6,105.0,57.5,127.5
20.5,108.2,202.5,120.0,255.0
20.5,83.55,155.0,82.5,155.0
20.5,81.4,247.5,160.0,250.0
20.5,65.7,120.0,70.0,115.0
20.5,80.8,185.0,115.0,205.0
20.5,72.25,182.5,115.0,215.0
20.5,74.4,162.5,127.5,202.5
20.5,84.3,240.0,147.5,252.5
20.5,74.5,197.5,145.0,210.0
20.5,57.7,107.5,70.0,117.5
20.5,79.9,175.0,100.0,230.0
20.5,59.5,177.5,120.0,192.5
20.5,66.9,145.0,105.0,197.5
20.5,109.3,240.0,145.0,265.0
20.5,96.5,182.5,120.0,232.5
20.5,88.0,225.0,145.0,245.0
20.5,103.4,190.0,130.0,237.5
20.5,64.7,137.5,67.5,170.0
20.5,84.3,240.0,147.5,252.5
20.5,53.3,110.0,52.5,142.5
20.5,113.3,102.5,132.5,217.5
20.5,122.7,272.5,155.0,272.5
20.5,122.6,242.5,150.0,275.0
20.5,74.5,197.5,145.0,210.0
20.5,53.1,122.5,57.5,145.0
20.5,75.3,127.5,65.0,155.0
20.5,65.7,120.0,70.0,115.0
20.5,53.1,122.5,57.5,145.0
20.5,78.7,137.5,100.0,170.0
20.5,71.1,160.0,107.5,182.5
20.5,73.2,192.5,110.0,250.0
20.5,89.8,270.0,172.5,260.0
20.5,66.6,112.5,52.5,127.5
20.5,82.75,230.0,157.5,237.5
20.5,117.9,262.5,172.5,315.0
20.5,73.8,190.0,112.5,215.0
20.5,89.0,180.0,120.0,240.0
20.5,90.2,247.5,172.5,262.5
20.5,87.0,195.0,117.5,235.0
20.5,88.1,205.0,120.0,252.5
20.5,102.2,132.5,72.5,155.0
20.5,117.4,272.5,177.5,305.0
20.5,104.2,190.0,122.5,235.0
20.5,90.0,255.0,152.5,282.5
20.5,107.0,192.5,132.5,227.5
20.5,74.0,230.0,142.5,252.5
20.5,71.8,120.0,50.0,137.5
20.5,88.2,207.5,155.0,250.0
20.5,54.3,122.5,55.0,130.0
20.5,81.99,250.0,157.5,250.0
20.5,59.9,122.5,77.5,132.5
20.5,103.63,250.0,137.5,305.0
20.5,97.6,135.0,57.5,145.0
20.5,96.4,212.5,155.0,277.5
20.5,81.5,177.5,117.5,212.5
20.5,85.7,172.5,105.0,217.5
20.5,65.3,130.0,65.0,137.5
20.5,119.6,187.5,122.5,232.5
20.5,74.0,195.0,122.5,222.5
20.5,77.9,152.5,107.5,177.5
20.5,57.32,120.0,57.5,127.5
20.5,105.0,182.5,120.0,210.0
20.5,81.25,265.0,157.5,310.0
20.5,56.52,107.5,70.0,120.0
20.5,71.59,182.5,105.0,167.5
20.5,81.3,170.0,115.0,210.0
20.5,92.1,222.5,180.0,235.0
20.5,64.1,155.0,105.0,200.0
20.5,104.3,205.0,137.5,245.0
20.5,85.5,205.0,127.5,252.5
20.5,64.1,155.0,105.0,200.0
20.5,73.5,197.5,112.5,252.5
20.5,85.8,115.0,70.0,130.0
20.5,131.6,237.5,122.5,217.5
20.5,102.2,132.5,72.5,155.0
20.5,121.2,210.0,132.5,265.0
20.5,73.5,185.0,137.5,250.0
20.5,119.5,152.5,85.0,142.5
20.5,62.9,110.0,57.5,147.5
20.5,77.9,152.5,107.5,177.5
20.5,97.1,210.0,140.0,200.0
20.5,99.9,215.0,137.5,262.5
20.5,79.6,182.5,147.5,197.5
20.5,71.4,117.5,62.5,142.5
20.5,58.4,147.5,92.5,200.0
20.5,73.1,197.5,112.5,260.0
20.5,119.5,152.5,85.0,142.5
20.5,59.9,122.5,77.5,132.5
20.5,104.4,200.0,162.5,225.0
20.5,81.3,162.5,102.5,182.5
20.5,73.47,217.5,130.0,240.0
20.5,94.3,192.5,117.5,227.5
20.5,80.5,165.0,105.0,175.0
20.5,92.1,222.5,180.0,235.0
20.5,97.9,160.0,110.0,205.0
20.5,81.8,222.5,147.5,240.0
20.5,67.1,177.5,112.5,222.5
20.5,73.1,197.5,112.5,260.0
20.5,60.95,107.5,62.5,145.0
20.5,62.9,110.0,57.5,147.5
20.5,54.3,122.5,55.0,130.0
20.5,69.2,102.5,60.0,130.0
20.5,97.9,192.5,125.0,240.0
20.5,81.3,170.0,115.0,210.0
20.5,65.9,102.5,52.5,127.5
20.5,80.3,142.5,77.5,172.5
20.5,52.5,112.5,65.0,140.0
20.5,88.2,207.5,155.0,250.0
20.5,90.2,247.5,172.5,262.5
20.5,110.0,192.78,104.33,229.06
20.5,162.0,187.5,120.0,207.5
20.5,73.5,197.5,112.5,252.5
20.5,93.7,237.5,145.0,247.5
20.5,79.3,135.0,72.5,127.5
20.5,52.5,112.5,65.0,140.0
20.5,53.0,112.5,55.0,150.0
20.5,117.4,272.5,177.5,305.0
20.5,92.45,237.5,127.5,295.0
20.5,80.5,165.0,105.0,175.0
20.5,64.7,155.0,100.0,215.0
20.5,162.0,187.5,120.0,207.5
20.5,56.8,95.0,57.5,110.0
20.5,88.4,195.0,127.5,170.0
20.5,71.6,157.5,72.5,177.5
20.5,101.5,225.0,115.0,220.0
20.5,76.5,200.0,135.0,240.0
20.5,53.17,135.0,80.0,145.0
20.5,73.8,112.5,72.5,142.5
20.5,80.9,182.5,142.5,215.0
20.5,105.0,182.5,120.0,210.0
20.5,68.0,115.0,57.5,137.5
20.5,92.6,185.0,115.0,220.0
20.5,71.6,90.0,55.0,115.0
20.5,81.5,172.5,130.0,242.5
20.5,61.5,115.0,87.5,160.0
20.5,70.9,155.0,82.5,175.0
20.5,60.0,72.5,45.0,97.5
20.5,80.65,185.0,112.5,215.0
20.5,52.0,165.0,102.5,200.0
20.5,59.4,172.5,112.5,200.0
20.5,77.0,177.5,127.5,200.0
20.5,59.9,132.5,70.0,165.0
20.5,80.5,175.0,100.0,222.5
20.5,82.4,202.5,130.0,227.5
20.5,80.3,172.5,115.0,205.0
20.5,71.95,65.0,35.0,87.5
20.5,71.95,65.0,35.0,87.5
20.5,77.0,177.5,127.5,200.0
20.5,74.61,247.5,175.0,290.0
20.5,80.3,172.5,115.0,205.0
20.5,59.4,172.5,112.5,200.0
20.5,85.5,205.0,127.5,252.5
20.5,140.7,205.0,100.0,175.0
20.5,61.5,115.0,87.5,160.0
20.5,74.1,100.0,57.5,120.0
20.5,68.0,115.0,57.5,137.5
20.5,65.6,105.0,57.5,127.5
20.5,140.7,205.0,100.0,175.0
20.5,55.9,110.0,55.0,147.5
20.5,103.4,182.5,127.5,217.5
20.5,66.3,80.0,52.5,120.0
20.5,63.8,192.5,135.0,215.0
20.5,100.6,202.5,145.0,225.0
20.5,80.8,182.5,130.0,212.5
20.5,100.6,202.5,145.0,225.0
20.5,96.4,212.5,155.0,277.5
20.5,121.9,247.5,152.5,262.5
20.5,80.5,175.0,100.0,222.5
20.5,117.9,262.5,172.5,315.0
20.5,104.3,205.0,137.5,245.0
20.5,108.3,232.5,140.0,232.5
20.5,94.0,195.0,132.5,227.5
20.5,67.28,170.0,100.0,155.0
20.5,101.0,235.0,160.0,240.0
20.5,74.0,230.0,142.5,252.5
20.5,107.0,192.5,132.5,227.5
20.5,104.2,190.0,122.5,235.0
20.5,70.9,122.5,57.5,137.5
20.5,79.3,135.0,72.5,127.5
20.5,88.0,167.5,107.5,217.5
20.5,114.6,167.5,75.0,157.5
20.5,53.17,135.0,80.0,145.0
20.5,65.8,202.5,125.0,227.5
20.5,62.7,132.5,67.5,157.5
20.5,127.55,242.5,155.0,210.0
20.5,88.1,205.0,120.0,252.5
20.5,70.4,132.5,65.0,140.0
20.5,81.86,197.5,92.5,192.5
20.5,55.25,142.5,70.0,175.0
20.5,53.0,112.5,55.0,150.0
20.5,71.8,120.0,50.0,137.5
20.5,89.0,180.0,120.0,240.0
20.5,127.55,242.5,155.0,210.0
20.5,72.9,165.0,110.0,215.0
20.5,66.6,122.5,65.0,137.5
21.0,89.2,285.0,212.5,320.0
21.0,89.7,212.5,140.0,245.0
21.0,86.9,200.0,127.5,225.0
21.0,106.5,237.5,172.5,227.5
21.0,76.3,137.5,85.0,170.0
21.0,97.7,255.0,140.0,270.0
21.0,91.8,230.0,157.5,282.5
21.0,82.1,210.0,117.5,272.5
21.0,96.6,195.0,125.0,227.5
21.0,96.1,215.0,135.0,275.0
21.0,96.6,195.0,125.0,227.5
21.0,89.0,217.5,155.0,265.0
21.0,73.8,127.5,57.5,137.5
21.0,73.8,127.5,57.5,137.5
21.0,102.9,195.0,112.5,222.5
21.0,76.2,75.0,140.0,75.0
21.0,119.9,195.0,160.0,205.0
21.0,106.5,215.0,147.5,232.5
21.0,74.2,145.0,72.5,157.5
21.0,79.4,200.0,132.5,232.5
21.0,58.15,182.5,125.0,215.0
21.0,60.4,105.0,60.0,130.0
21.0,98.3,210.0,130.0,225.0
21.0,107.6,222.5,162.5,275.0
21.0,111.1,220.0,130.0,230.0
21.0,89.4,238.0,158.0,270.0
21.0,66.1,105.0,60.0,120.0
21.0,137.0,255.0,170.0,240.0
21.0,97.0,255.0,155.0,252.5
21.0,87.7,190.0,80.0,178.0
21.0,96.1,215.0,135.0,275.0
21.0,109.0,210.0,147.5,227.5
21.0,101.6,177.5,130.0,207.5
21.0,62.7,102.5,42.5,135.0
21.0,91.8,230.0,157.5,282.5
21.0,88.8,210.0,145.0,242.5
21.0,91.6,260.0,155.0,285.0
21.0,85.4,237.5,140.0,280.0
21.0,96.9,225.0,127.5,285.0
21.0,98.1,260.0,180.0,265.0
21.0,89.7,212.5,140.0,245.0
21.0,66.7,230.0,135.0,280.0
21.0,71.4,112.5,65.0,125.0
21.0,74.2,145.0,72.5,157.5
21.0,116.3,197.31,154.22,272.16
21.0,88.4,186.0,103.0,214.0
21.0,73.9,250.0,175.0,287.5
21.0,88.2,232.5,160.0,250.0
21.0,68.6,105.0,72.5,130.0
21.0,56.7,70.0,35.0,102.5
21.0,98.5,227.5,135.0,232.5
21.0,72.2,187.0,111.0,220.0
21.0,91.6,260.0,155.0,285.0
21.0,56.7,70.0,35.0,102.5
21.0,98.5,260.0,145.0,335.0
21.0,86.7,200.0,117.5,185.0
21.0,72.4,175.0,120.0,205.0
21.0,52.8,87.5,47.5,110.0
21.0,110.8,227.5,152.5,247.5
21.0,103.5,200.0,147.5,265.0
21.0,89.5,225.0,157.5,285.0
21.0,89.5,225.0,157.5,285.0
21.0,66.5,105.0,62.5,147.5
21.0,90.5,175.0,97.5,182.5
21.0,107.2,230.0,132.0,273.0
21.0,65.1,127.5,90.0,175.0
21.0,84.5,182.5,110.0,195.0
21.0,59.5,125.0,60.0,157.5
21.0,104.1,255.0,135.0,317.5
21.0,97.7,220.0,147.5,250.0
21.0,96.9,207.5,125.0,252.5
21.0,110.9,182.5,120.0,217.5
21.0,75.7,182.5,125.0,205.0
21.0,131.4,232.5,170.0,252.5
21.0,55.7,120.0,58.0,144.0
21.0,118.4,240.0,170.0,247.5
21.0,77.5,175.0,82.5,220.0
21.0,55.9,87.5,52.5,117.5
21.0,88.7,217.5,140.0,262.5
21.0,110.5,242.5,142.5,237.5
21.0,66.5,105.0,62.5,147.5
21.0,52.8,87.5,47.5,110.0
21.0,135.3,250.0,157.5,227.5
21.0,77.6,145.0,97.5,182.5
21.0,86.3,197.5,140.0,220.0
21.0,98.6,252.5,160.0,250.0
21.0,97.8,240.0,152.5,255.0
21.0,59.1,110.0,67.5,157.5
21.0,87.8,202.5,120.0,217.5
21.0,66.3,160.0,87.5,210.0
21.0,57.7,92.5,62.5,100.0
21.0,97.1,195.0,157.0,220.0
21.0,57.7,92.5,62.5,100.0
21.0,89.8,215.0,130.0,262.5
21.0,89.9,210.0,150.0,275.0
21.0,74.9,170.0,115.0,185.0
21.0,72.4,175.0,120.0,205.0
21.0,64.7,137.5,92.5,167.5
21.0,89.4,202.5,145.0,252.5
21.0,76.9,205.0,130.0,237.5
21.0,96.9,215.0,110.0,220.0
21.0,88.6,190.0,107.5,232.5
21.0,81.9,195.0,120.0,217.5
21.0,108.4,260.0,182.5,240.0
21.0,85.4,177.5,105.0,227.5
21.0,89.3,245.0,155.0,255.0
21.0,103.5,200.0,147.5,265.0
21.0,137.0,255.0,170.0,240.0
21.0,88.5,247.5,142.5,245.0
21.0,89.8,215.0,130.0,262.5
21.0,89.4,202.5,145.0,252.5
21.0,110.9,182.5,120.0,217.5
21.0,78.0,135.0,72.5,195.0
21.0,88.7,217.5,140.0,262.5
21.0,98.6,252.5,160.0,250.0
21.0,54.9,95.0,42.5,105.0
21.0,73.7,125.0,140.0,175.0
21.0,65.3,120.0,92.5,172.5
21.0,82.9,145.0,155.0,225.0
21.0,106.5,232.5,170.0,272.5
21.0,117.0,240.0,160.0,240.0
21.0,75.0,127.5,62.5,147.5
21.0,86.6,202.5,135.0,245.0
21.0,68.4,120.0,72.5,142.5
21.0,88.5,197.5,132.5,217.5
21.0,101.6,220.0,112.5,227.5
21.0,98.3,237.5,137.5,262.5
21.0,104.2,195.0,120.0,237.5
21.0,98.3,237.5,137.5,262.5
21.0,91.15,330.0,205.0,290.0
21.0,87.55,245.0,155.0,272.5
21.0,82.85,180.0,115.0,190.0
21.0,80.0,120.0,72.5,160.0
21.0,95.4,240.0,147.5,265.0
21.0,85.3,202.5,120.0,285.0
21.0,58.8,190.0,115.0,202.5
21.0,79.4,200.0,132.5,232.5
21.0,85.3,202.5,120.0,285.0
21.0,73.5,220.0,125.0,247.5
21.0,97.7,255.0,140.0,270.0
21.0,87.8,230.0,130.0,265.0
21.0,73.4,132.5,70.0,160.0
21.0,82.5,240.0,130.0,265.0
21.0,75.0,127.5,62.5,147.5
21.0,98.8,242.5,157.5,272.5
21.0,59.1,107.5,62.5,137.5
21.0,72.1,107.0,50.0,131.0
21.0,135.3,250.0,157.5,227.5
21.0,82.5,240.0,130.0,265.0
21.0,82.9,145.0,155.0,225.0
21.0,105.9,225.0,142.5,220.0
21.0,59.6,85.0,47.5,105.0
21.0,107.9,215.0,142.5,250.0
21.0,73.4,132.5,70.0,160.0
21.0,59.5,125.0,60.0,157.5
21.0,75.0,182.5,112.5,205.0
21.5,82.1,190.0,130.0,200.0
21.5,80.6,220.0,140.0,215.0
21.5,70.7,160.0,140.0,167.5
21.5,84.1,100.0,65.0,102.5
21.5,81.8,207.5,167.5,257.5
21.5,75.7,117.5,65.0,150.0
21.5,75.7,117.5,65.0,150.0
21.5,81.8,175.0,107.5,217.5
21.5,103.7,250.0,150.0,275.0
21.5,53.4,140.0,65.0,180.0
21.5,90.3,222.5,147.5,277.5
21.5,80.6,220.0,140.0,215.0
21.5,81.8,205.0,130.0,237.5
21.5,74.4,100.0,65.0,110.0
21.5,71.8,130.0,97.5,150.0
21.5,96.9,150.0,65.0,160.0
21.5,81.8,175.0,107.5,217.5
21.5,113.8,277.5,175.0,312.5
21.5,84.1,100.0,65.0,102.5
21.5,113.8,277.5,175.0,312.5
21.5,62.5,115.0,62.5,115.0
21.5,96.9,150.0,65.0,160.0
21.5,91.8,250.0,182.5,272.5
21.5,90.2,205.0,150.0,237.5
21.5,70.7,160.0,140.0,167.5
21.5,88.7,190.0,132.5,230.0
21.5,103.7,250.0,150.0,275.0
21.5,81.8,205.0,130.0,237.5
21.5,71.8,130.0,97.5,150.0
21.5,90.3,222.5,147.5,277.5
21.5,59.0,115.0,75.0,137.5
21.5,91.8,250.0,182.5,272.5
21.5,93.6,190.0,142.5,237.5
21.5,88.7,190.0,132.5,230.0
21.5,82.1,190.0,130.0,200.0
21.5,59.0,132.5,72.5,152.5
21.5,55.9,145.0,72.5,182.5
21.5,112.3,212.5,132.5,230.0
21.5,59.0,132.5,72.5,152.5
21.5,90.4,232.5,155.0,290.0
21.5,57.7,120.0,90.0,145.0
21.5,54.1,140.0,62.5,170.0
21.5,97.9,185.0,155.0,237.5
21.5,90.4,232.5,155.0,290.0
21.5,87.7,160.0,102.5,207.5
21.5,66.7,175.0,107.5,180.0
21.5,81.0,200.0,135.0,197.5
21.5,81.0,182.5,102.5,215.0
21.5,54.1,140.0,62.5,170.0
21.5,87.7,160.0,102.5,207.5
21.5,66.7,175.0,107.5,180.0
21.5,81.0,200.0,135.0,197.5
21.5,81.8,200.0,127.5,232.5
21.5,89.1,185.0,120.0,170.0
21.5,97.9,185.0,155.0,237.5
21.5,70.9,155.0,147.5,165.0
21.5,109.7,182.5,110.0,217.5
21.5,56.8,142.5,65.0,142.5
21.5,69.8,127.5,77.5,165.0
21.5,96.3,175.0,125.0,200.0
21.5,89.4,165.0,112.5,230.0
21.5,97.4,230.0,147.5,260.0
21.5,97.4,230.0,147.5,260.0
21.5,87.3,180.0,127.5,237.5
21.5,121.5,247.5,145.0,260.0
21.5,61.0,102.5,62.5,102.5
21.5,73.2,190.0,127.5,237.5
21.5,61.2,115.0,52.5,115.0
21.5,99.1,205.0,125.0,250.0
21.5,87.3,200.0,132.5,230.0
21.5,73.2,190.0,127.5,237.5
21.5,61.0,102.5,62.5,102.5
21.5,61.2,115.0,52.5,115.0
21.5,56.8,142.5,65.0,142.5
21.5,69.8,127.5,77.5,165.0
21.5,71.55,132.5,85.0,132.5
21.5,117.7,250.0,160.0,240.0
21.5,71.86,140.0,82.5,130.0
21.5,87.3,180.0,102.5,192.5
21.5,61.8,130.0,70.0,170.0
21.5,91.5,220.0,137.5,230.0
21.5,81.0,180.0,112.5,200.0
21.5,81.0,180.0,112.5,200.0
21.5,51.1,130.0,82.5,155.0
21.5,80.2,142.5,82.5,180.0
21.5,51.1,130.0,82.5,155.0
21.5,80.2,142.5,82.5,180.0
21.5,117.7,265.0,182.5,320.0
21.5,65.3,172.5,107.5,197.5
21.5,73.6,202.5,120.0,267.5
21.5,117.7,265.0,182.5,320.0
21.5,117.2,257.5,157.5,260.0
21.5,73.1,160.0,120.0,200.0
21.5,70.9,155.0,147.5,165.0
21.5,81.2,195.0,130.0,205.0
21.5,87.3,180.0,102.5,192.5
21.5,61.0,110.0,60.0,110.0
21.5,54.3,100.0,50.0,115.0
21.5,67.1,110.0,60.0,140.0
21.5,61.0,110.0,60.0,110.0
21.5,54.3,100.0,50.0,115.0
21.5,67.1,110.0,60.0,140.0
21.5,81.8,137.5,77.5,177.5
21.5,81.8,137.5,77.5,177.5
21.5,74.57,182.5,105.0,210.0
21.5,61.8,130.0,70.0,170.0
21.5,71.4,162.5,85.0,190.0
21.5,73.1,160.0,120.0,200.0
21.5,73.9,120.0,72.5,160.0
21.5,87.4,215.0,122.5,232.5
21.5,89.8,187.5,125.0,227.5
21.5,89.7,112.5,75.0,140.0
21.5,114.7,147.5,80.0,175.0
21.5,69.5,180.0,120.0,212.5
21.5,101.5,260.0,170.0,282.5
21.5,68.1,110.0,52.5,127.5
21.5,91.8,240.0,177.5,247.5
21.5,91.8,240.0,177.5,247.5
21.5,83.2,192.5,120.0,205.0
21.5,117.9,227.5,142.5,237.5
21.5,78.6,127.5,92.5,160.0
21.5,62.5,115.0,62.5,137.5
21.5,83.2,192.5,120.0,205.0
21.5,104.0,210.0,112.5,212.5
21.5,96.6,215.0,167.5,240.0
21.5,88.6,202.5,127.5,205.0
21.5,117.9,227.5,142.5,237.5
21.5,140.4,282.5,182.5,295.0
21.5,118.8,200.0,140.0,235.0
21.5,118.8,200.0,140.0,235.0
21.5,75.3,100.0,62.5,112.5
21.5,81.8,125.0,52.5,122.5
21.5,100.6,205.0,127.5,240.0
21.5,97.8,210.0,137.5,255.0
21.5,53.4,140.0,65.0,180.0
21.5,55.66,137.5,75.0,185.0
21.5,59.7,147.5,102.5,157.5
21.5,106.7,265.0,165.0,287.5
21.5,86.3,250.0,132.5,210.0
21.5,98.1,235.0,155.0,275.0
21.5,96.0,237.5,165.0,247.5
21.5,109.7,232.5,137.5,290.0
21.5,98.1,235.0,155.0,275.0
21.5,109.7,232.5,137.5,290.0
21.5,60.0,110.0,77.5,142.5
21.5,60.0,110.0,77.5,142.5
21.5,89.72,282.5,167.5,267.5
21.5,85.0,195.0,135.0,220.0
21.5,73.7,182.5,125.0,192.5
21.5,97.8,210.0,137.5,255.0
21.5,69.5,180.0,120.0,212.5
21.5,77.8,147.5,67.5,152.5
21.5,61.4,147.5,70.0,160.0
21.5,81.5,195.0,100.0,172.5
21.5,87.3,175.0,117.5,195.0
21.5,117.8,265.0,182.5,322.5
21.5,66.9,145.0,105.0,182.5
21.5,66.9,145.0,105.0,182.5
21.5,82.3,200.0,145.0,230.0
21.5,74.15,192.5,120.0,222.5
21.5,74.9,247.5,185.0,270.0
21.5,74.15,192.5,120.0,222.5
21.5,73.3,125.0,52.5,142.5
21.5,73.3,125.0,52.5,142.5
21.5,138.7,200.0,150.0,250.0
21.5,138.7,200.0,150.0,250.0
21.5,88.6,180.0,140.0,187.5
21.5,67.5,95.0,60.0,140.0
21.5,81.5,195.0,100.0,172.5
21.5,61.1,127.5,67.5,125.0
21.5,117.8,265.0,182.5,322.5
21.5,73.5,200.0,120.0,242.5
21.5,81.8,125.0,52.5,122.5
21.5,77.8,147.5,67.5,152.5
21.5,56.2,105.0,52.5,120.0
21.5,112.4,145.0,75.0,162.5
21.5,84.8,127.5,72.5,160.0
21.5,56.2,105.0,52.5,120.0
21.5,61.4,147.5,70.0,160.0
21.5,112.4,145.0,75.0,162.5
21.5,81.2,212.5,145.0,215.0
21.5,72.9,167.5,117.5,215.0
21.5,72.9,167.5,117.5,215.0
21.5,73.5,200.0,120.0,242.5
21.5,81.2,212.5,145.0,215.0
21.5,57.1,137.5,77.5,170.0
21.5,57.5,97.5,47.5,122.5
21.5,57.1,137.5,77.5,170.0
21.5,82.3,200.0,145.0,230.0
21.5,73.6,202.5,120.0,267.5
21.5,54.2,87.5,45.0,107.5
21.5,82.9,132.5,70.0,160.0
21.5,69.8,147.5,75.0,172.5
21.5,90.9,245.0,125.0,255.0
21.5,70.7,142.5,70.0,157.5
21.5,70.4,175.0,92.5,185.0
21.5,90.9,245.0,125.0,255.0
21.5,71.5,150.0,147.5,167.5
21.5,61.45,140.0,75.0,172.5
21.5,82.9,132.5,70.0,160.0
21.5,96.8,205.0,117.5,242.5
21.5,81.45,242.5,142.5,275.0
21.5,81.45,242.5,142.5,275.0
21.5,92.2,260.0,160.0,277.5
21.5,82.3,170.0,92.5,200.0
21.5,69.8,147.5,75.0,172.5
21.5,50.6,90.0,45.0,87.5
21.5,101.9,265.0,142.5,262.5
21.5,66.7,130.0,62.5,150.0
21.5,109.0,192.5,137.5,227.5
21.5,80.45,185.0,137.5,230.0
21.5,70.4,175.0,92.5,185.0
21.5,66.34,215.0,125.0,230.0
21.5,72.8,130.0,82.5,130.0
21.5,74.4,180.0,102.5,202.5
21.5,114.9,265.0,142.5,265.0
21.5,73.1,132.5,80.0,155.0
21.5,85.2,200.0,132.5,227.5
21.5,89.3,202.5,160.0,227.5
21.5,74.7,125.0,52.5,152.5
21.5,72.8,130.0,82.5,130.0
21.5,79.75,152.5,105.0,205.0
21.5,73.1,132.5,80.0,155.0
21.5,81.77,202.5,102.5,187.5
21.5,59.9,102.5,55.0,107.5
21.5,74.4,115.0,62.5,155.0
21.5,82.1,200.0,152.5,232.5
21.5,65.22,127.5,115.0,162.5
21.5,81.77,202.5,102.5,187.5
21.5,74.4,115.0,62.5,155.0
21.5,71.5,150.0,147.5,167.5
21.5,65.22,127.5,115.0,162.5
21.5,92.2,260.0,160.0,277.5
21.5,109.55,260.0,162.5,282.5
21.5,59.2,110.0,80.0,142.5
21.5,74.0,175.0,120.0,215.0
21.5,86.5,247.5,145.0,267.5
21.5,109.0,192.5,137.5,227.5
21.5,123.3,260.0,175.0,257.5
21.5,90.7,237.5,175.0,267.5
21.5,102.1,197.5,120.0,235.0
21.5,90.0,257.5,162.5,300.0
21.5,86.5,247.5,145.0,267.5
21.5,67.47,130.0,72.5,167.5
21.5,82.9,140.0,87.5,162.5
21.5,99.0,250.0,170.0,275.0
21.5,97.3,212.5,142.5,232.5
21.5,123.3,260.0,175.0,257.5
21.5,81.9,185.0,102.5,220.0
21.5,109.8,242.5,145.0,285.0
21.5,86.05,250.0,167.5,262.5
21.5,79.1,182.5,127.5,215.0
21.5,74.0,175.0,120.0,215.0
21.5,81.5,175.0,107.5,185.0
21.5,73.95,240.0,190.0,285.0
21.5,109.8,242.5,145.0,285.0
21.5,87.2,170.0,117.5,227.5
21.5,101.9,265.0,142.5,262.5
21.5,82.1,200.0,152.5,232.5
21.5,109.55,260.0,162.5,282.5
21.5,81.35,202.5,100.0,195.0
21.5,90.7,237.5,175.0,267.5
21.5,79.1,182.5,127.5,215.0
21.5,59.2,110.0,80.0,142.5
21.5,81.55,232.5,160.0,247.5
21.5,63.56,200.0,130.0,230.0
21.5,73.8,200.0,122.5,260.0
21.5,132.17,272.5,175.0,245.0
21.5,92.2,227.5,137.5,230.0
21.5,106.87,275.0,152.5,272.5
21.5,73.8,200.0,122.5,260.0
21.5,82.9,140.0,87.5,162.5
21.5,81.5,175.0,107.5,185.0
21.5,81.9,185.0,102.5,220.0
21.5,92.2,227.5,137.5,230.0
21.5,50.6,90.0,45.0,87.5
21.5,92.3,182.5,145.0,230.0
21.5,71.95,125.0,77.5,122.5
21.5,59.9,102.5,55.0,107.5
21.5,80.8,192.5,137.5,220.0
21.5,66.1,102.5,50.0,137.5
21.5,80.8,192.5,137.5,220.0
21.5,66.1,102.5,50.0,137.5
21.5,73.7,217.5,132.5,210.0
21.5,54.31,125.0,57.5,132.5
21.5,66.85,67.5,40.0,97.5
21.5,74.7,125.0,52.5,152.5
21.5,65.56,110.0,62.5,142.5
21.5,74.8,177.5,95.0,212.5
21.5,81.6,210.0,122.5,247.5
21.5,82.5,175.0,107.5,190.0
21.5,59.16,147.5,97.5,205.0
21.5,74.39,232.5,145.0,247.5
21.5,66.56,187.5,120.0,207.5
21.5,98.45,215.0,127.5,232.5
21.5,98.45,215.0,127.5,232.5
21.5,74.8,177.5,95.0,212.5
21.5,86.8,132.5,80.0,195.0
21.5,96.4,185.0,120.0,200.0
21.5,62.5,115.0,62.5,115.0
21.5,63.9,117.5,65.0,145.0
21.5,86.1,207.5,120.0,260.0
21.5,81.6,205.0,132.5,195.0
21.5,73.7,102.5,60.0,112.5
21.5,91.3,215.0,130.0,232.5
21.5,91.3,215.0,130.0,232.5
21.5,88.3,110.0,55.0,125.0
21.5,65.7,87.5,55.0,120.0
21.5,65.1,165.0,102.5,200.0
21.5,54.42,130.0,52.5,150.0
21.5,69.95,155.0,75.0,160.0
21.5,52.68,97.5,52.5,147.5
21.5,95.27,142.5,60.0,142.5
21.5,86.1,207.5,120.0,260.0
21.5,64.33,135.0,72.5,142.5
21.5,81.7,192.5,147.5,260.0
21.5,106.76,250.0,165.0,250.0
21.5,75.3,180.0,97.5,200.0
21.5,79.7,212.5,127.5,220.0
21.5,69.95,155.0,75.0,160.0
21.5,90.0,162.5,87.5,185.0
21.5,81.5,197.5,135.0,232.5
21.5,66.85,67.5,40.0,97.5
21.5,101.8,227.5,145.0,272.5
21.5,94.2,230.0,142.5,277.5
21.5,98.4,195.0,122.5,200.0
21.5,88.2,252.5,170.0,255.0
21.5,82.72,245.0,165.0,255.0
21.5,87.6,122.5,95.0,157.5
21.5,81.0,192.5,127.5,220.0
21.5,55.1,152.5,105.0,167.5
21.5,89.9,175.0,120.0,205.0
21.5,101.8,227.5,145.0,272.5
21.5,82.5,175.0,107.5,190.0
21.5,67.12,175.0,105.0,170.0
21.5,89.9,175.0,120.0,205.0
21.5,88.2,252.5,170.0,255.0
21.5,112.3,212.5,132.5,230.0
21.5,77.4,110.0,47.5,125.0
21.5,79.5,205.0,130.0,227.5
21.5,81.5,197.5,135.0,232.5
22.0,82.3,125.0,65.0,165.0
22.0,89.1,190.0,137.5,265.0
22.0,90.0,272.5,170.0,272.5
22.0,105.5,252.5,187.5,267.5
22.0,86.8,245.0,135.0,300.0
22.0,89.4,197.5,130.0,197.5
22.0,86.9,185.0,130.0,192.5
22.0,79.7,160.0,107.5,200.0
22.0,80.2,240.0,175.0,272.5
22.0,99.3,227.5,142.5,255.0
22.0,108.2,222.5,167.5,287.5
22.0,81.2,227.5,172.5,257.5
22.0,107.2,237.5,152.5,255.0
22.0,58.9,115.0,67.5,127.5
22.0,68.6,140.0,105.0,152.5
22.0,65.9,182.5,112.5,227.5
22.0,129.8,165.0,95.0,265.0
22.0,85.3,192.5,132.5,227.5
22.0,91.6,255.0,137.5,280.0
22.0,109.8,250.0,177.5,232.5
22.0,88.5,210.0,142.5,227.5
22.0,64.1,147.5,97.5,210.0
22.0,80.1,212.5,140.0,240.0
22.0,65.6,172.5,105.0,200.0
22.0,88.5,210.0,142.5,227.5
22.0,65.6,172.5,105.0,200.0
22.0,85.7,182.5,170.0,237.5
22.0,88.3,202.5,150.0,247.5
22.0,94.7,210.0,125.0,240.0
22.0,124.1,280.0,165.0,300.0
22.0,65.7,207.5,110.0,260.0
22.0,74.2,185.0,122.5,220.0
22.0,88.3,202.5,150.0,247.5
22.0,82.5,150.0,100.0,205.0
22.0,105.6,247.5,156.0,262.5
22.0,96.7,200.0,130.0,200.0
22.0,123.1,265.0,170.0,255.0
22.0,80.1,212.5,140.0,240.0
22.0,66.5,122.5,55.0,127.5
22.0,76.5,165.0,107.5,200.0
22.0,86.3,227.5,150.0,217.5
22.0,97.3,230.0,130.0,250.0
22.0,107.8,272.5,165.0,262.5
22.0,89.6,250.0,142.5,242.5
22.0,91.2,247.5,145.0,275.0
22.0,74.4,162.5,70.0,172.5
22.0,70.8,170.0,95.0,177.5
22.0,70.8,170.0,95.0,177.5
22.0,99.0,205.0,125.0,242.5
22.0,74.4,162.5,70.0,172.5
22.0,109.8,222.5,140.0,255.0
22.0,98.6,250.0,155.0,277.5
22.0,68.6,140.0,105.0,152.5
22.0,90.0,272.5,170.0,272.5
22.0,55.6,95.0,52.5,127.5
22.0,78.7,247.5,167.5,297.5
22.0,123.1,265.0,170.0,255.0
22.0,73.0,182.5,132.5,215.0
22.0,129.5,247.5,167.5,297.5
22.0,86.5,220.0,150.0,282.5
22.0,66.5,122.5,55.0,127.5
22.0,116.4,300.0,190.0,282.5
22.0,78.7,247.5,167.5,297.5
22.0,120.5,252.5,170.0,257.5
22.0,73.0,182.5,132.5,215.0
22.0,81.8,165.0,85.0,182.5
22.0,91.6,255.0,137.5,280.0
22.0,67.5,102.5,75.0,120.0
22.0,88.9,180.0,157.0,240.0
22.0,97.0,235.0,152.5,240.0
22.0,116.4,300.0,190.0,282.5
22.0,65.9,182.5,112.5,227.5
22.0,73.4,185.0,100.0,200.0
22.0,129.5,247.5,167.5,297.5
22.0,76.5,165.0,107.5,200.0
22.0,107.8,227.5,142.5,227.5
22.0,116.4,265.0,160.0,302.5
22.0,58.9,115.0,67.5,127.5
22.0,79.1,135.0,95.0,210.0
22.0,85.7,182.5,170.0,237.5
22.0,66.0,82.5,47.5,115.0
22.0,98.3,243.0,163.0,273.0
22.0,97.1,273.0,169.0,265.0
22.0,106.8,222.0,149.0,248.0
22.0,98.7,273.0,159.0,279.0
22.0,98.7,273.0,159.0,279.0
22.0,54.5,115.0,60.0,142.5
22.0,98.9,268.0,156.0,263.0
22.0,98.9,268.0,156.0,263.0
22.0,76.2,215.0,137.5,232.5
22.0,59.65,117.5,85.0,152.5
22.0,97.4,220.0,140.0,240.0
22.0,104.2,220.0,150.0,273.0
22.0,59.65,117.5,85.0,152.5
22.0,117.5,212.5,162.5,230.0
22.0,66.0,82.5,47.5,115.0
22.0,65.9,145.0,100.0,197.5
22.0,73.8,225.0,130.0,225.0
22.0,110.0,232.5,137.5,242.5
22.0,74.8,192.5,117.5,210.0
22.0,54.5,115.0,60.0,142.5
22.0,108.9,250.0,187.5,237.5
22.0,104.1,277.5,160.0,287.5
22.0,104.1,277.5,160.0,287.5
22.0,63.1,157.5,92.5,177.5
22.0,114.0,222.5,155.0,220.0
22.0,63.1,157.5,92.5,177.5
22.0,88.1,195.0,137.5,220.0
22.0,87.0,207.5,100.0,245.0
22.0,75.8,155.0,75.0,182.5
22.0,89.1,241.0,158.0,272.0
22.0,76.4,150.0,125.0,200.0
22.0,114.0,222.5,155.0,220.0
22.0,84.5,170.0,120.0,210.0
22.0,106.5,220.0,120.0,235.0
22.0,89.7,235.0,145.0,300.0
22.0,73.8,123.0,64.0,147.0
22.0,89.7,235.0,145.0,300.0
22.0,88.7,192.5,132.5,215.0
22.0,109.9,234.0,124.0,235.0
22.0,90.0,217.5,137.5,272.5
22.0,94.4,235.0,135.0,260.0
22.0,90.0,217.5,137.5,272.5
22.0,90.3,192.5,130.0,187.5
22.0,72.3,187.0,115.0,228.0
22.0,119.75,210.0,160.0,230.0
22.0,103.9,272.5,167.5,287.5
22.0,89.6,240.0,147.5,317.5
22.0,120.5,252.5,170.0,257.5
22.0,65.2,92.5,60.0,155.0
22.0,76.8,205.0,130.0,217.5
22.0,88.6,197.5,110.0,242.5
22.0,72.1,177.5,115.0,222.5
22.0,103.9,272.5,167.5,287.5
22.0,65.2,92.5,60.0,155.0
22.0,90.0,252.5,132.5,317.5
22.0,72.1,177.5,115.0,222.5
22.0,99.3,227.5,142.5,255.0
22.0,73.8,190.0,120.0,205.0
22.0,84.9,217.5,137.5,257.5
22.0,98.3,155.0,130.0,235.0
22.0,76.8,205.0,130.0,217.5
22.0,98.3,155.0,130.0,235.0
22.0,73.8,190.0,120.0,205.0
22.0,90.0,136.08,97.52,170.1
22.0,119.65,207.5,162.5,230.0
22.5,106.0,227.5,162.5,260.0
22.5,67.35,120.0,85.0,142.5
22.5,125.9,200.0,142.5,240.0
22.5,84.1,140.0,77.5,155.0
22.5,80.85,137.5,80.0,152.5
22.5,91.7,230.0,147.5,252.5
22.5,59.1,110.0,47.5,122.5
22.5,73.5,215.0,140.0,252.5
22.5,85.3,190.0,120.0,177.5
22.5,88.35,250.0,182.5,282.5
22.5,98.02,255.0,160.0,285.0
22.5,89.1,187.5,150.0,220.0
22.5,92.6,222.5,142.5,192.5
22.5,81.4,182.5,117.5,245.0
22.5,117.3,227.5,157.5,272.5
22.5,59.1,110.0,47.5,122.5
22.5,91.7,230.0,147.5,252.5
22.5,118.3,270.0,185.0,282.5
22.5,91.3,177.5,117.5,237.5
22.5,79.65,150.0,92.5,180.0
22.5,123.25,265.0,172.5,262.5
22.5,80.6,157.5,105.0,187.5
22.5,89.6,220.0,122.5,250.0
22.5,45.8,92.5,47.5,100.0
22.5,80.9,217.5,127.5,255.0
22.5,89.4,180.0,117.5,235.0
22.5,85.3,190.0,120.0,177.5
22.5,96.1,227.5,157.5,250.0
22.5,51.6,95.0,45.0,135.0
22.5,82.1,185.0,130.0,240.0
22.5,58.8,117.5,65.0,125.0
22.5,103.2,262.5,152.5,290.0
22.5,82.5,215.0,135.0,227.5
22.5,80.55,162.5,110.0,192.5
22.5,66.6,115.0,60.0,132.5
22.5,58.8,117.5,65.0,125.0
22.5,55.8,162.5,110.0,160.0
22.5,112.2,212.5,142.5,242.5
22.5,52.0,92.5,45.0,102.5
22.5,65.95,185.0,132.5,275.0
22.5,137.85,215.0,162.5,227.5
22.5,52.4,97.5,55.0,127.5
22.5,103.2,262.5,152.5,290.0
22.5,50.3,110.0,65.0,110.0
22.5,84.9,157.5,85.0,170.0
22.5,126.71,217.5,145.0,250.0
22.5,83.0,202.5,137.5,240.0
22.5,110.7,210.0,147.5,245.0
22.5,71.4,170.0,97.5,195.0
22.5,52.0,92.5,45.0,102.5
22.5,50.3,110.0,65.0,110.0
22.5,109.94,285.0,177.5,320.0
22.5,62.5,90.0,57.5,102.5
22.5,80.6,157.5,105.0,187.5
22.5,82.1,185.0,130.0,240.0
22.5,92.5,217.5,145.0,237.5
22.5,89.6,220.0,122.5,250.0
22.5,87.0,200.0,137.5,272.5
22.5,83.0,202.5,137.5,240.0
22.5,96.8,172.5,107.5,220.0
22.5,69.7,120.0,82.5,175.0
22.5,128.0,227.5,127.5,240.0
22.5,87.0,200.0,137.5,272.5
22.5,68.5,155.0,80.0,167.5
22.5,62.5,90.0,57.5,102.5
22.5,78.9,175.0,142.5,205.0
22.5,71.4,170.0,97.5,195.0
22.5,95.8,202.5,125.0,237.5
22.5,79.2,122.5,67.5,145.0
22.5,89.4,180.0,117.5,235.0
22.5,79.2,122.5,67.5,145.0
22.5,123.25,265.0,172.5,262.5
22.5,98.2,232.5,162.5,287.5
22.5,81.4,182.5,117.5,245.0
22.5,81.1,170.0,127.5,195.0
22.5,81.1,170.0,127.5,195.0
22.5,81.1,215.0,137.5,225.0
22.5,73.5,215.0,140.0,252.5
22.5,78.0,147.5,90.0,142.5
22.5,88.7,170.0,110.0,227.5
22.5,63.6,112.5,62.5,142.5
22.5,146.0,280.0,167.5,287.5
22.5,79.8,170.0,127.5,235.0
22.5,82.9,102.5,55.0,102.5
22.5,58.4,120.0,52.5,135.0
22.5,65.3,175.0,87.5,187.5
22.5,63.6,112.5,62.5,142.5
22.5,92.5,217.5,145.0,237.5
22.5,58.4,120.0,52.5,135.0
22.5,146.0,280.0,167.5,287.5
22.5,98.2,232.5,162.5,287.5
22.5,88.1,185.0,117.5,197.5
22.5,106.0,227.5,162.5,260.0
22.5,101.9,265.0,170.0,287.5
22.5,51.3,107.5,70.0,95.0
22.5,51.6,107.5,55.0,120.0
22.5,89.0,167.5,107.5,232.5
22.5,118.3,270.0,185.0,282.5
22.5,77.4,130.0,70.0,150.0
22.5,82.9,175.0,117.5,245.0
22.5,82.3,215.0,102.5,202.5
22.5,77.9,200.0,115.0,200.0
22.5,94.7,190.0,115.0,197.5
22.5,110.4,152.5,70.0,150.0
22.5,107.7,175.0,130.0,215.0
22.5,88.1,160.0,110.0,215.0
22.5,51.2,97.5,65.0,90.0
22.5,52.0,87.5,40.0,105.0
22.5,89.5,215.0,112.5,240.0
22.5,68.0,160.0,72.5,182.5
22.5,52.9,85.0,60.0,122.5
22.5,110.4,152.5,70.0,150.0
22.5,62.24,102.5,47.5,125.0
22.5,80.9,185.0,132.5,237.5
22.5,70.9,125.0,82.5,162.5
22.5,66.35,67.5,42.5,102.5
22.5,113.1,255.0,172.5,315.0
22.5,66.35,67.5,42.5,102.5
22.5,101.9,265.0,170.0,287.5
22.5,89.0,167.5,107.5,232.5
22.5,73.32,215.0,132.5,245.0
22.5,113.1,255.0,172.5,315.0
22.5,106.32,255.0,167.5,265.0
22.5,100.0,180.0,72.5,145.0
22.5,60.3,132.5,92.5,155.0
22.5,81.51,220.0,130.0,252.5
22.5,76.1,150.0,95.0,185.0
22.5,66.9,92.5,40.0,122.5
22.5,72.1,202.5,117.5,207.5
22.5,81.1,202.5,152.5,240.0
22.5,62.1,75.0,50.0,97.5
22.5,82.9,195.0,145.0,230.0
22.5,72.4,147.5,95.0,160.0
22.5,100.0,180.0,72.5,145.0
22.5,65.9,177.5,110.0,205.0
22.5,81.0,170.0,115.0,235.0
22.5,67.9,115.0,60.0,145.0
22.5,72.4,147.5,95.0,160.0
22.5,80.4,212.5,137.5,237.5
22.5,80.4,212.5,137.5,237.5
22.5,91.7,215.0,132.5,227.5
22.5,71.15,147.5,80.0,162.5
22.5,65.9,177.5,110.0,205.0
22.5,81.1,190.0,115.0,230.0
22.5,80.4,200.0,125.0,252.5
22.5,82.7,147.5,80.0,152.5
22.5,73.6,200.0,132.5,275.0
22.5,88.7,192.5,127.5,232.5
22.5,62.1,75.0,50.0,97.5
22.5,82.7,147.5,80.0,152.5
22.5,74.9,142.5,80.0,180.0
22.5,69.5,120.0,62.5,140.0
22.5,122.35,142.5,77.5,160.0
22.5,96.7,155.0,67.5,167.5
22.5,74.9,142.5,80.0,180.0
22.5,98.35,235.0,145.0,240.0
22.5,71.3,132.5,70.0,160.0
22.5,51.9,102.5,55.0,120.0
22.5,51.6,107.5,55.0,120.0
22.5,73.77,165.0,80.0,172.5
22.5,81.2,195.0,135.0,220.0
22.5,81.2,195.0,135.0,220.0
22.5,88.91,252.5,185.0,287.5
22.5,80.0,197.5,117.5,230.0
22.5,86.0,182.5,90.0,182.5
22.5,69.5,120.0,62.5,140.0
22.5,55.35,142.5,67.5,180.0
22.5,73.55,147.5,97.5,182.5
22.5,51.3,107.5,70.0,95.0
22.5,81.0,170.0,115.0,235.0
22.5,70.9,125.0,82.5,162.5
22.5,98.35,235.0,145.0,240.0
22.5,56.84,127.5,67.5,157.5
22.5,75.63,165.0,95.0,187.5
22.5,61.69,127.5,72.5,177.5
22.5,46.8,97.5,52.5,97.5
22.5,73.6,200.0,132.5,275.0
22.5,74.7,182.5,140.0,192.5
22.5,55.58,140.0,67.5,187.5
22.5,82.9,175.0,117.5,245.0
22.5,77.9,200.0,115.0,200.0
22.5,122.51,147.5,80.0,175.0
22.5,56.84,127.5,67.5,157.5
22.5,71.3,132.5,70.0,160.0
22.5,91.7,215.0,132.5,227.5
22.5,80.9,185.0,132.5,237.5
22.5,55.58,140.0,67.5,187.5
22.5,51.2,97.5,65.0,90.0
22.5,80.4,200.0,125.0,252.5
22.5,52.0,87.5,40.0,105.0
22.5,52.9,85.0,60.0,122.5
22.5,88.1,160.0,110.0,215.0
22.5,88.7,192.5,127.5,232.5
22.5,72.1,202.5,117.5,207.5
22.5,109.45,207.5,107.5,212.5
22.5,45.8,92.5,47.5,100.0
22.5,69.7,120.0,82.5,175.0
22.5,71.4,167.5,97.5,195.0
22.5,82.85,150.0,95.0,165.0
22.5,66.4,215.0,127.5,227.5
22.5,98.4,257.5,150.0,300.0
22.5,150.6,285.0,170.0,280.0
22.5,94.4,235.0,152.5,247.5
22.5,89.7,165.0,115.0,205.0
22.5,65.3,147.5,100.0,195.0
22.5,72.6,172.5,115.0,205.0
22.5,115.4,255.0,155.0,252.5
22.5,88.1,155.0,80.0,162.5
22.5,100.4,240.0,147.5,255.0
22.5,65.8,175.0,107.5,197.5
22.5,103.2,257.5,150.0,260.0
22.5,116.9,245.0,142.5,272.5
22.5,65.3,147.5,100.0,195.0
22.5,72.6,172.5,115.0,205.0
22.5,79.15,122.5,65.0,142.5
22.5,79.15,122.5,65.0,142.5
22.5,65.8,175.0,107.5,197.5
22.5,63.9,100.0,62.5,137.5
22.5,100.7,225.0,157.5,242.5
22.5,119.3,255.0,157.5,300.0
22.5,73.3,177.5,112.5,212.5
22.5,86.6,205.0,115.0,260.0
22.5,82.3,192.5,130.0,210.0
22.5,86.6,115.0,77.5,125.0
22.5,65.07,185.0,110.0,200.0
22.5,89.4,247.5,170.0,267.5
22.5,74.3,145.0,80.0,175.0
22.5,73.6,205.0,135.0,287.5
22.5,66.0,150.0,102.5,197.5
22.5,90.0,202.5,135.0,210.0
22.5,65.07,185.0,110.0,200.0
22.5,81.4,177.5,125.0,225.0
22.5,109.9,287.5,177.5,330.0
22.5,90.0,260.0,182.5,295.0
22.5,56.9,137.5,70.0,160.0
22.5,105.2,185.0,110.0,205.0
22.5,109.9,287.5,177.5,330.0
22.5,109.1,205.0,170.0,227.5
22.5,82.3,192.5,130.0,210.0
22.5,98.4,257.5,150.0,300.0
22.5,104.7,250.0,160.0,260.0
22.5,59.6,167.5,110.0,187.5
22.5,74.95,195.0,137.5,227.5
22.5,73.6,205.0,135.0,287.5
22.5,79.8,185.0,110.0,220.0
22.5,66.0,150.0,102.5,197.5
22.5,74.95,195.0,137.5,227.5
22.5,79.8,185.0,110.0,220.0
22.5,81.0,165.0,112.5,230.0
22.5,76.1,87.5,60.0,112.5
22.5,88.7,262.5,175.0,277.5
22.5,74.7,220.0,142.5,247.5
22.5,90.0,260.0,182.5,295.0
22.5,81.0,165.0,112.5,230.0
22.5,121.5,187.5,137.5,210.0
22.5,64.8,175.0,92.5,192.5
22.5,82.3,192.5,120.0,185.0
22.5,89.1,205.0,130.0,205.0
22.5,73.3,177.5,112.5,212.5
22.5,88.45,260.0,177.5,272.5
22.5,118.25,235.0,155.0,257.5
22.5,67.05,125.0,60.0,152.5
22.5,84.5,130.0,97.5,160.0
22.5,86.6,205.0,115.0,260.0
22.5,100.4,240.0,147.5,255.0
22.5,88.7,190.0,125.0,220.0
22.5,87.8,222.5,150.0,280.0
22.5,85.1,200.0,120.0,250.0
22.5,108.3,140.0,137.5,165.0
22.5,91.7,230.0,185.0,260.0
22.5,90.0,202.5,135.0,210.0
22.5,107.75,200.0,132.5,215.0
22.5,107.1,110.0,62.5,115.0
22.5,102.9,247.5,175.0,282.5
22.5,62.2,120.0,57.5,150.0
22.5,89.4,247.5,170.0,267.5
22.5,62.2,120.0,57.5,150.0
22.5,87.8,222.5,150.0,280.0
22.5,89.5,245.0,145.0,250.0
22.5,89.1,132.5,75.0,142.5
22.5,87.74,222.5,120.0,232.5
22.5,65.6,137.5,67.5,145.0
22.5,69.68,142.5,85.0,170.0
22.5,94.4,235.0,152.5,247.5
22.5,59.4,120.0,87.5,147.5
22.5,81.25,170.0,105.0,225.0
22.5,81.9,200.0,127.5,235.0
22.5,93.6,167.5,122.5,212.5
22.5,98.2,262.5,160.0,307.5
22.5,59.5,110.0,70.0,135.0
22.5,78.05,215.0,130.0,227.5
22.5,72.4,137.5,97.5,205.0
22.5,102.9,247.5,175.0,282.5
22.5,71.4,167.5,97.5,195.0
22.5,97.6,107.5,55.0,140.0
22.5,65.7,140.0,80.0,150.0
22.5,65.7,140.0,80.0,150.0
22.5,56.9,137.5,70.0,160.0
22.5,81.25,170.0,105.0,225.0
22.5,101.25,230.0,172.5,272.5
22.5,150.6,285.0,170.0,280.0
22.5,97.6,107.5,55.0,140.0
22.5,59.5,110.0,70.0,135.0
22.5,118.35,150.0,77.5,170.0
22.5,115.4,255.0,155.0,252.5
22.5,56.2,115.0,62.5,127.5
22.5,72.3,165.0,95.0,172.5
22.5,84.95,110.0,55.0,97.5
22.5,103.2,257.5,150.0,260.0
22.5,109.1,205.0,170.0,227.5
22.5,66.2,127.5,60.0,152.5
22.5,128.0,227.5,127.5,240.0
22.5,109.3,235.0,135.0,230.0
22.5,66.4,97.5,50.0,120.0
22.5,74.3,145.0,80.0,175.0
22.5,82.2,221.0,105.0,200.0
22.5,107.1,110.0,62.5,115.0
22.5,76.1,87.5,60.0,112.5
22.5,66.4,97.5,50.0,120.0
22.5,82.2,221.0,105.0,200.0
22.5,74.15,187.5,132.5,222.5
22.5,113.2,142.5,122.5,155.0
22.5,89.1,132.5,75.0,142.5
22.5,69.68,142.5,85.0,170.0
22.5,68.5,155.0,80.0,167.5
22.5,74.7,220.0,142.5,247.5
22.5,66.2,127.5,60.0,152.5
22.5,72.2,162.5,100.0,210.0
22.5,81.1,215.0,137.5,225.0
22.5,81.9,200.0,127.5,235.0
22.5,108.3,140.0,137.5,165.0
22.5,51.3,100.0,47.5,142.5
22.5,72.4,137.5,97.5,205.0
22.5,89.7,165.0,115.0,205.0
23.0,92.0,227.5,142.5,232.5
23.0,88.6,217.5,152.5,257.5
23.0,95.8,240.0,142.5,272.5
23.0,89.5,175.0,112.5,247.5
23.0,64.2,110.0,57.5,137.5
23.0,82.8,205.0,140.0,210.0
23.0,64.2,110.0,57.5,137.5
23.0,76.5,200.0,127.5,227.5
23.0,70.2,123.0,57.0,161.0
23.0,108.6,220.0,155.0,290.0
23.0,65.8,187.5,117.5,230.0
23.0,95.8,240.0,142.5,272.5
23.0,74.6,205.0,157.5,260.0
23.0,86.1,182.5,100.0,185.0
23.0,66.3,180.0,115.0,220.0
23.0,110.5,235.0,140.0,262.5
23.0,71.5,202.5,120.0,207.5
23.0,65.5,160.0,105.0,195.0
23.0,80.6,144.0,88.0,230.0
23.0,92.0,227.5,142.5,232.5
23.0,71.5,202.5,120.0,207.5
23.0,104.0,187.5,145.0,240.0
23.0,109.6,365.0,227.5,365.0
23.0,97.9,197.5,112.5,245.0
23.0,91.6,275.0,160.0,272.5
23.0,74.1,130.0,75.0,142.5
23.0,71.2,137.5,97.5,212.5
23.0,65.5,152.5,100.0,205.0
23.0,65.8,187.5,117.5,230.0
23.0,45.3,107.5,50.0,130.0
23.0,108.6,220.0,155.0,290.0
23.0,68.4,155.0,115.0,170.0
23.0,72.8,175.0,92.5,217.5
23.0,106.7,219.0,144.0,273.0
23.0,62.1,117.5,65.0,147.5
23.0,79.1,215.0,137.5,245.0
23.0,45.3,107.5,50.0,130.0
23.0,67.1,110.0,85.0,137.5
23.0,72.2,160.0,80.0,200.0
23.0,89.5,175.0,112.5,247.5
23.0,65.5,112.5,50.0,127.5
23.0,58.6,130.0,85.0,155.0
23.0,88.2,205.0,146.0,232.0
23.0,51.6,142.5,88.0,160.5
23.0,61.1,142.5,72.5,160.0
23.0,72.2,160.0,80.0,200.0
23.0,101.3,262.5,145.0,267.5
23.0,65.9,95.0,40.0,112.5
23.0,73.9,205.5,110.0,234.0
23.0,61.1,142.5,72.5,160.0
23.0,65.5,112.5,50.0,127.5
23.0,59.0,110.0,70.0,127.5
23.0,82.4,190.0,115.0,207.5
23.0,106.5,227.5,130.0,230.0
23.0,81.0,215.0,137.5,232.5
23.0,51.6,142.5,88.0,160.5
23.0,101.3,262.5,145.0,267.5
23.0,62.1,117.5,65.0,147.5
23.0,66.3,180.0,115.0,220.0
23.0,98.8,275.0,165.0,285.0
23.0,75.0,192.5,127.5,290.0
23.0,76.5,200.0,127.5,227.5
23.0,67.5,125.0,65.0,147.5
23.0,82.8,205.0,140.0,210.0
23.0,81.0,215.0,137.5,232.5
23.0,122.3,290.0,210.0,317.5
23.0,122.5,265.0,185.0,290.0
23.0,122.3,290.0,210.0,317.5
23.0,79.1,215.0,137.5,245.0
23.0,100.5,245.0,140.0,275.0
23.0,67.1,110.0,85.0,137.5
23.0,58.6,130.0,85.0,155.0
23.0,148.6,247.5,140.0,262.5
23.0,109.6,365.0,227.5,365.0
23.0,92.9,137.5,57.5,142.5
23.0,68.4,155.0,115.0,170.0
23.0,92.9,137.5,57.5,142.5
23.0,75.0,192.5,127.5,290.0
23.0,69.9,100.0,42.5,137.5
23.0,59.7,110.0,60.0,155.0
23.0,93.5,185.0,130.0,220.0
23.0,134.2,227.5,130.0,242.5
23.0,98.8,275.0,165.0,285.0
23.0,108.85,215.0,155.0,237.5
23.0,124.8,100.0,85.0,150.0
23.0,124.2,220.0,117.5,227.5
23.0,124.2,220.0,117.5,227.5
23.0,95.9,217.0,145.0,265.0
23.0,57.6,80.0,40.0,82.5
23.0,74.4,207.5,135.0,250.0
23.0,88.6,120.0,50.0,162.5
23.0,85.6,260.0,147.5,307.5
23.0,72.9,115.0,75.0,140.0
23.0,121.1,191.0,135.0,210.0
23.0,89.1,205.0,120.0,240.0
23.0,134.2,227.5,130.0,242.5
23.0,95.9,217.0,145.0,265.0
23.0,74.4,207.5,135.0,250.0
23.0,72.0,73.0,43.0,82.0
23.0,92.8,252.5,157.5,312.5
23.0,73.5,167.5,80.0,175.0
23.0,51.8,142.5,93.0,160.0
23.0,105.5,322.5,215.0,350.0
23.0,51.8,142.5,93.0,160.0
23.0,97.5,145.0,102.5,220.0
23.0,57.6,80.0,40.0,82.5
23.0,92.8,252.5,157.5,312.5
23.0,97.5,162.5,107.5,185.0
23.0,59.7,110.0,60.0,155.0
23.0,124.8,100.0,85.0,150.0
23.0,112.9,280.0,165.0,270.0
23.0,109.4,272.5,167.5,267.5
23.0,105.5,322.5,215.0,350.0
23.0,112.9,280.0,165.0,270.0
23.0,110.2,227.5,155.0,255.0
23.0,73.5,167.5,80.0,175.0
23.0,85.6,152.5,80.0,155.0
23.0,97.5,145.0,102.5,220.0
23.0,88.6,120.0,50.0,162.5
23.0,110.5,195.0,132.5,247.5
23.0,122.3,270.0,165.0,300.0
23.0,72.2,162.5,120.0,200.0
23.0,107.2,265.0,152.5,262.5
23.0,124.9,287.5,165.0,350.0
23.0,104.25,192.5,142.5,245.0
23.0,75.5,137.5,87.5,145.0
23.0,110.6,275.5,167.5,275.0
23.0,87.7,192.5,130.0,250.0
23.0,107.2,265.0,152.5,262.5
23.0,88.8,195.0,132.5,227.5
23.0,88.9,182.5,127.5,230.0
23.0,109.3,180.0,102.5,215.0
23.0,88.8,195.0,132.5,227.5
23.0,72.9,115.0,75.0,140.0
23.0,71.3,242.5,132.5,240.0
23.0,72.2,162.5,120.0,200.0
23.0,108.3,257.5,155.0,272.5
23.0,88.9,182.5,127.5,230.0
23.0,71.3,242.5,132.5,240.0
23.0,75.5,137.5,87.5,145.0
23.0,88.6,200.0,137.5,215.0
23.5,91.3,187.5,125.0,240.0
23.5,109.2,272.5,180.0,262.5
23.5,79.8,212.5,140.0,257.5
23.5,57.0,115.0,70.0,135.0
23.5,97.3,160.0,70.0,172.5
23.5,58.51,125.0,72.5,142.5
23.5,57.6,92.5,57.5,117.5
23.5,81.7,112.5,82.5,150.0
23.5,118.7,265.0,170.0,265.0
23.5,87.85,255.0,162.5,302.5
23.5,90.8,200.0,135.0,240.0
23.5,80.6,222.5,132.5,250.0
23.5,120.0,232.5,170.0,275.0
23.5,73.5,182.5,120.0,225.0
23.5,86.8,187.5,85.0,175.0
23.5,92.0,215.0,150.0,217.5
23.5,73.0,155.0,112.5,205.0
23.5,80.9,195.0,127.5,207.5
23.5,82.55,175.0,117.5,165.0
23.5,66.9,115.0,65.0,155.0
23.5,81.73,180.0,107.5,202.5
23.5,90.5,250.0,167.5,305.0
23.5,81.4,170.0,107.5,227.5
23.5,98.88,213.19,156.49,226.8
23.5,138.0,282.5,175.0,295.0
23.5,123.57,272.5,182.5,300.0
23.5,128.7,192.5,140.0,227.5
23.5,57.0,115.0,70.0,135.0
23.5,119.4,190.0,132.5,205.0
23.5,81.73,180.0,107.5,202.5
23.5,116.5,295.0,170.0,272.5
23.5,74.8,165.0,80.0,180.0
23.5,102.9,200.0,142.5,240.0
23.5,98.1,227.5,140.0,260.0
23.5,88.1,175.0,115.0,175.0
23.5,99.2,227.5,150.0,250.0
23.5,87.9,267.5,195.0,282.5
23.5,76.5,187.5,140.0,217.5
23.5,88.1,175.0,115.0,175.0
23.5,70.7,152.5,75.0,165.0
23.5,149.7,250.0,142.5,280.0
23.5,81.2,182.5,92.5,200.0
23.5,82.5,182.5,120.0,210.0
23.5,116.5,295.0,170.0,272.5
23.5,71.36,145.0,60.0,170.0
23.5,96.2,222.5,137.5,265.0
23.5,81.2,235.0,147.5,262.5
23.5,83.8,182.5,110.0,195.0
23.5,176.3,272.5,170.0,292.5
23.5,44.2,62.5,45.0,125.0
23.5,62.8,122.5,67.5,147.5
23.5,48.5,85.0,40.0,110.0
23.5,101.8,195.0,142.5,217.5
23.5,73.2,152.5,100.0,177.5
23.5,58.2,142.5,75.0,147.5
23.5,117.8,227.5,162.5,250.0
23.5,66.96,112.5,55.0,130.0
23.5,130.5,190.0,120.0,235.0
23.5,71.6,132.5,65.0,125.0
23.5,65.0,122.5,67.5,150.0
23.5,68.5,115.0,67.5,137.5
23.5,64.0,142.5,72.5,147.5
23.5,96.1,210.0,132.5,250.0
23.5,127.05,195.0,125.0,227.5
23.5,98.2,122.5,65.0,125.0
23.5,76.7,75.0,37.5,102.5
23.5,71.2,165.0,100.0,190.0
23.5,40.1,57.5,35.0,97.5
23.5,98.5,255.0,170.0,270.0
23.5,109.78,295.0,185.0,337.5
23.5,141.3,295.0,192.5,300.0
23.5,78.7,137.5,65.0,157.5
23.5,75.9,127.5,62.5,155.0
23.5,130.5,190.0,120.0,235.0
23.5,81.2,132.5,70.0,150.0
23.5,73.6,117.5,72.5,157.5
23.5,91.5,217.5,147.5,237.5
23.5,79.6,210.0,140.0,247.5
23.5,72.5,182.5,140.0,202.5
23.5,86.5,150.0,107.5,170.0
23.5,65.1,170.0,92.5,185.0
23.5,79.8,212.5,140.0,257.5
23.5,52.2,110.0,50.0,147.5
23.5,79.5,227.5,147.5,270.0
23.5,108.65,182.5,115.0,245.0
23.5,68.0,90.0,55.0,127.5
23.5,88.7,140.0,80.0,182.5
23.5,70.3,110.0,65.0,157.5
23.5,101.8,252.5,140.0,245.0
23.5,74.0,207.5,132.5,220.0
23.5,66.65,165.0,120.0,200.0
23.5,67.5,132.5,90.0,165.0
23.5,74.0,185.0,127.5,200.0
23.5,101.1,225.0,145.0,265.0
23.5,99.5,282.5,165.0,292.5
23.5,97.3,160.0,70.0,172.5
23.5,70.3,110.0,65.0,157.5
23.5,76.5,187.5,140.0,217.5
23.5,86.65,260.0,165.0,305.0
23.5,74.0,207.5,132.5,220.0
23.5,69.6,102.5,65.0,150.0
23.5,65.1,170.0,92.5,185.0
23.5,109.1,215.0,142.5,227.5
23.5,86.8,187.5,85.0,175.0
23.5,61.2,75.0,42.5,87.5
23.5,67.5,132.5,90.0,165.0
23.5,81.3,227.5,145.0,260.0
23.5,73.5,195.0,112.5,250.0
23.5,80.9,240.0,152.5,247.5
23.5,70.7,152.5,75.0,165.0
23.5,56.7,117.5,60.0,127.5
23.5,82.0,100.0,85.0,150.0
23.5,61.0,107.5,55.0,127.5
23.5,72.0,185.0,102.5,192.5
23.5,81.7,257.5,157.5,285.0
23.5,71.5,150.0,107.5,170.0
23.5,73.3,202.5,157.5,245.0
23.5,70.0,137.5,65.0,167.5
23.5,70.6,155.0,100.0,177.5
23.5,106.8,252.5,182.5,270.0
23.5,54.8,125.0,62.5,130.0
23.5,106.8,252.5,182.5,270.0
23.5,73.6,142.5,130.0,210.0
23.5,86.3,217.5,112.5,230.0
23.5,42.6,67.5,37.5,107.5
23.5,71.9,175.0,140.0,215.0
23.5,64.2,112.5,57.5,120.0
23.5,91.1,200.0,150.0,232.5
23.5,89.7,175.0,117.5,182.5
23.5,71.9,175.0,140.0,215.0
23.5,82.0,100.0,85.0,150.0
23.5,72.9,132.5,60.0,157.5
23.5,61.0,107.5,55.0,127.5
23.5,99.2,227.5,150.0,250.0
23.5,90.8,242.5,167.5,290.0
23.5,84.6,167.5,95.0,205.0
23.5,90.0,200.0,140.0,250.0
23.5,65.7,132.5,70.0,142.5
23.5,70.7,105.0,62.5,142.5
23.5,90.3,230.0,155.0,235.0
23.5,75.8,57.5,45.0,97.5
23.5,87.2,160.0,100.0,190.0
23.5,89.6,160.0,97.5,220.0
23.5,111.5,177.5,105.0,200.0
23.5,66.0,92.5,60.0,100.0
23.5,75.0,215.0,137.5,292.5
23.5,81.6,157.5,130.0,177.5
23.5,74.4,162.5,105.0,195.0
23.5,66.8,100.0,62.5,130.0
23.5,81.5,150.0,100.0,200.0
23.5,76.1,135.0,70.0,160.0
23.5,75.8,57.5,45.0,97.5
23.5,81.5,112.5,57.5,137.5
23.5,96.5,220.0,160.0,230.0
23.5,42.7,77.5,42.5,107.5
23.5,57.6,92.5,57.5,117.5
23.5,101.2,260.0,187.5,265.0
23.5,90.3,230.0,155.0,235.0
23.5,72.6,180.0,120.0,210.0
23.5,109.25,270.0,175.0,275.0
23.5,79.5,227.5,147.5,270.0
23.5,59.5,152.5,60.0,152.5
23.5,109.25,270.0,175.0,275.0
23.5,79.3,125.0,62.5,152.5
23.5,97.7,120.0,55.0,135.0
23.5,98.95,205.0,127.5,257.5
23.5,91.0,215.0,137.5,257.5
23.5,74.7,220.0,137.5,290.0
23.5,74.3,182.5,125.0,220.0
23.5,88.0,190.0,130.0,247.5
23.5,64.2,112.5,57.5,120.0
23.5,88.5,212.5,115.0,250.0
23.5,54.8,125.0,62.5,130.0
23.5,77.8,200.0,155.0,230.0
23.5,104.7,200.0,122.5,227.5
23.5,81.9,222.5,125.0,260.0
23.5,83.7,152.5,90.0,162.5
23.5,62.3,122.5,67.5,152.5
23.5,101.1,165.0,110.0,185.0
23.5,81.3,152.5,105.0,192.5
23.5,109.2,272.5,180.0,262.5
23.5,57.9,155.0,65.0,160.0
23.5,135.7,227.5,117.5,235.0
23.5,74.8,130.0,62.5,137.5
23.5,79.6,210.0,140.0,247.5
23.5,119.2,220.0,132.5,240.0
23.5,75.4,107.5,57.5,127.5
23.5,141.2,290.0,175.0,295.0
23.5,81.7,235.0,130.0,267.5
23.5,81.3,227.5,145.0,260.0
23.5,104.0,187.5,130.0,202.5
23.5,72.1,192.5,102.5,200.0
23.5,72.5,142.5,145.0,192.5
23.5,74.0,167.5,102.5,195.0
23.5,92.4,177.5,120.0,242.5
23.5,51.5,77.5,37.5,97.5
23.5,78.9,200.0,145.0,230.0
23.5,106.3,282.5,167.5,277.5
23.5,86.7,160.0,90.0,185.0
23.5,98.6,217.5,135.0,295.0
23.5,74.84,220.0,142.5,250.0
23.5,92.0,215.0,150.0,217.5
23.5,65.1,150.0,100.0,162.5
23.5,82.74,165.0,110.0,170.0
23.5,121.0,307.5,182.5,367.5
23.5,73.4,190.0,120.0,232.5
23.5,99.5,282.5,165.0,292.5
23.5,54.6,95.0,60.0,137.5
23.5,92.8,190.0,152.5,245.0
23.5,80.5,227.5,130.0,265.0
23.5,97.8,217.5,127.5,287.5
23.5,56.7,125.0,70.0,140.0
23.5,62.5,142.5,95.0,160.0
23.5,91.1,200.0,150.0,232.5
23.5,90.0,200.0,140.0,250.0
23.5,74.0,125.0,90.0,167.5
23.5,90.8,242.5,167.5,290.0
23.5,87.5,195.0,147.5,240.0
23.5,92.8,190.0,152.5,245.0
23.5,103.0,150.0,105.0,200.0
23.5,80.9,240.0,152.5,247.5
23.5,98.5,255.0,170.0,270.0
23.5,121.0,307.5,182.5,367.5
23.5,46.5,60.0,37.5,102.5
23.5,102.13,187.5,72.5,157.5
23.5,80.3,205.0,112.5,255.0
23.5,72.2,120.0,65.0,167.5
23.5,80.5,227.5,130.0,265.0
24.0,87.9,145.0,77.5,165.0
24.0,81.6,215.0,160.0,285.0
24.0,88.0,242.5,145.0,275.0
24.0,135.5,252.5,185.0,250.0
24.0,80.6,227.5,145.0,232.5
24.0,112.8,285.0,165.0,262.5
24.0,46.29,127.5,62.5,150.0
24.0,70.7,172.5,105.0,192.5
24.0,67.4,127.5,85.0,162.5
24.0,105.7,275.0,160.0,293.0
24.0,85.3,191.0,131.0,226.0
24.0,94.5,197.5,130.0,235.0
24.0,54.0,75.0,54.0,121.0
24.0,109.51,290.0,190.0,287.5
24.0,80.4,210.0,135.0,250.0
24.0,108.5,290.0,190.0,305.0
24.0,129.4,100.0,95.0,95.0
24.0,133.6,250.0,187.5,252.5
24.0,81.3,195.0,147.5,220.0
24.0,55.0,162.5,100.0,172.5
24.0,108.5,281.0,155.0,300.0
24.0,88.3,215.0,165.0,225.0
24.0,105.5,127.5,47.5,137.5
24.0,70.9,80.0,40.0,102.5
24.0,81.4,182.5,110.0,227.5
24.0,74.1,197.5,97.5,205.0
24.0,54.2,170.0,102.5,175.0
24.0,65.6,185.0,105.0,205.0
24.0,120.9,275.0,175.0,285.0
24.0,104.1,197.5,130.0,240.0
24.0,88.8,212.5,170.0,260.0
24.0,74.7,217.5,125.0,227.5
24.0,68.84,165.0,95.0,182.5
24.0,123.0,222.5,160.0,240.0
24.0,116.0,160.0,122.5,192.5
24.0,67.3,192.5,105.0,225.0
24.0,108.8,227.5,145.0,275.0
24.0,73.6,185.0,117.5,200.0
24.0,82.0,187.5,145.0,237.5
24.0,99.5,215.0,130.0,275.0
24.0,73.0,110.0,52.5,140.0
24.0,81.0,187.5,115.0,230.0
24.0,82.1,152.5,102.5,182.5
24.0,73.4,190.0,122.5,227.5
24.0,105.8,170.0,142.5,217.5
24.0,71.0,142.5,80.0,160.0
24.0,89.5,197.5,137.5,250.0
24.0,98.4,290.0,172.5,305.0
24.0,111.2,260.0,167.5,272.5
24.0,67.4,125.0,62.5,147.5
24.0,70.9,145.0,80.0,157.5
24.0,74.6,105.0,42.5,117.5
24.0,107.7,220.0,130.0,235.0
24.0,85.7,147.5,115.0,195.0
24.0,109.0,240.0,192.5,237.5
24.0,78.6,117.5,65.0,175.0
24.0,93.6,215.0,107.5,242.5
24.0,73.7,110.0,60.0,117.5
24.0,74.1,140.0,77.5,150.0
24.0,73.2,165.0,110.0,190.0
24.0,102.0,250.0,165.0,290.0
24.0,98.2,247.5,145.0,272.5
24.0,51.8,132.5,75.0,137.5
24.0,107.9,257.5,170.0,265.0
24.0,46.2,120.0,57.5,140.0
24.0,89.9,200.0,127.5,240.0
24.0,96.2,217.5,140.0,230.0
24.0,122.8,200.0,95.0,235.0
24.0,108.9,170.0,127.5,210.0
24.0,80.8,140.0,105.0,197.5
24.0,149.1,235.0,142.5,237.5
24.0,109.4,240.0,145.0,297.5
24.0,114.0,217.5,137.5,227.5
24.0,73.8,112.5,47.5,137.5
24.0,122.5,252.5,155.0,295.0
24.0,50.9,87.5,47.5,127.5
24.0,59.9,95.0,42.5,92.5
24.0,108.0,257.5,152.5,285.0
24.0,59.87,111.13,47.63,129.27
24.0,124.3,287.5,182.5,305.0
24.0,74.0,205.0,127.5,245.0
24.0,67.9,185.0,115.0,200.0
24.0,70.6,125.0,90.0,152.5
24.0,80.2,192.5,122.5,225.0
24.0,73.5,185.0,125.0,215.0
24.0,88.8,192.5,145.0,235.0
24.0,64.4,117.5,82.5,157.5
24.0,80.8,160.0,107.5,200.0
24.0,81.8,170.0,145.0,195.0
24.0,67.2,145.0,95.0,182.5
24.0,81.0,197.5,135.0,247.5
24.0,66.0,125.0,62.5,145.0
24.5,77.9,127.5,85.0,175.0
24.5,90.8,225.0,122.5,245.0
24.5,71.3,127.5,57.5,152.5
24.5,99.1,227.5,135.0,260.0
24.5,112.5,287.5,170.0,282.5
24.5,72.6,117.5,67.5,165.0
24.5,79.0,212.5,152.5,262.5
24.5,123.0,272.5,177.5,260.0
24.5,121.9,160.0,135.0,187.5
24.5,57.7,130.0,72.5,155.0
24.5,86.5,192.5,110.0,250.0
24.5,85.5,175.0,130.0,195.0
24.5,61.9,55.0,37.5,85.0
24.5,81.6,230.0,135.0,230.0
24.5,103.7,112.5,57.5,112.5
24.5,62.8,130.0,60.0,147.5
24.5,102.1,175.0,137.5,240.0
24.5,80.4,127.5,85.0,162.5
24.5,98.4,240.0,155.0,305.0
24.5,129.0,280.0,185.0,285.0
24.5,83.83,180.0,112.5,210.0
24.5,70.3,120.0,55.0,107.5
24.5,101.2,190.0,145.0,230.0
24.5,77.9,147.5,62.5,147.5
24.5,79.7,210.0,125.0,240.0
24.5,99.0,222.5,127.5,232.5
24.5,67.0,127.5,77.5,172.5
24.5,119.5,170.0,145.0,207.5
24.5,105.7,200.0,137.5,175.0
24.5,72.8,167.5,67.5,182.5
24.5,85.8,205.0,135.0,245.0
24.5,72.2,215.0,160.0,260.0
24.5,42.4,77.5,42.5,115.0
24.5,45.1,75.0,47.5,142.5
24.5,159.3,305.0,197.5,325.0
24.5,81.8,167.5,110.0,215.0
24.5,109.7,260.0,127.5,242.5
24.5,122.6,237.5,140.0,257.5
24.5,89.7,220.0,152.5,252.5
24.5,91.4,237.5,152.5,277.5
24.5,79.7,140.0,65.0,172.5
24.5,72.0,175.0,105.0,212.5
24.5,78.5,165.0,125.0,202.5
24.5,72.6,162.5,110.0,220.0
24.5,98.8,195.0,152.5,235.0
24.5,47.0,100.0,55.0,97.5
24.5,69.6,95.0,47.5,125.0
24.5,80.3,110.0,50.0,142.5
24.5,92.5,247.5,157.5,280.0
24.5,125.1,265.0,170.0,272.5
24.5,91.0,262.5,142.5,282.5
24.5,92.8,150.0,87.5,192.5
24.5,72.7,160.0,110.0,190.0
24.5,74.45,212.5,107.5,220.0
24.5,82.5,260.0,155.0,280.0
24.5,72.75,170.0,130.0,250.0
24.5,65.7,140.0,77.5,170.0
24.5,71.5,147.5,80.0,165.0
24.5,98.1,272.5,172.5,325.0
24.5,72.35,155.0,70.0,187.5
24.5,58.57,137.5,77.5,150.0
24.5,74.0,220.0,152.5,265.0
24.5,86.4,137.5,80.0,182.5
24.5,88.1,165.0,92.5,172.5
24.5,106.7,220.0,140.0,265.0
24.5,74.3,167.5,107.5,177.5
24.5,105.3,212.5,152.5,255.0
24.5,61.2,132.5,70.0,180.0
24.5,120.6,145.0,85.0,155.0
24.5,61.4,95.0,52.5,110.0
24.5,97.5,240.0,145.0,280.0
24.5,46.45,72.5,45.0,147.5
24.5,89.6,232.5,145.0,225.0
24.5,81.2,140.0,77.5,162.5
24.5,69.3,112.5,57.5,145.0
24.5,100.5,227.5,175.0,265.0
24.5,89.2,240.0,155.0,275.0
24.5,77.18,140.0,82.5,185.0
24.5,88.5,205.0,147.5,262.5
24.5,74.65,165.0,75.0,182.5
24.5,82.6,195.0,115.0,215.0
24.5,118.6,190.0,115.0,235.0
24.5,99.5,205.0,170.0,225.0
24.5,80.5,130.0,80.0,182.5
24.5,69.4,157.5,92.5,190.0
24.5,89.2,272.5,197.5,267.5
24.5,90.0,250.0,137.5,272.5
24.5,81.0,175.0,140.0,227.5
24.5,74.0,192.5,122.5,252.5
24.5,82.0,187.5,112.5,250.0
24.5,70.7,110.0,47.5,107.5
24.5,73.74,212.5,135.0,267.5
24.5,92.0,235.0,150.0,215.0
24.5,58.1,145.0,77.5,162.5
24.5,161.6,272.5,152.5,287.5
24.5,65.2,135.0,85.0,172.5
24.5,71.7,150.0,112.5,205.0
24.5,81.26,242.5,150.0,275.0
24.5,90.6,195.0,117.5,217.5
24.5,74.4,120.0,55.0,132.5
24.5,103.6,182.5,120.0,212.5
24.5,60.8,107.5,55.0,145.0
24.5,80.1,135.0,82.5,190.0
24.5,71.8,215.0,117.5,262.5
24.5,82.3,190.0,117.5,215.0
24.5,65.2,137.5,102.5,155.0
24.5,66.8,107.5,65.0,137.5
24.5,121.5,247.5,150.0,272.5
24.5,45.7,77.5,45.0,147.5
24.5,59.2,105.0,55.0,142.5
24.5,56.1,122.5,80.0,150.0
24.5,82.0,92.5,50.0,107.5
24.5,75.4,182.5,105.0,187.5
24.5,98.3,245.0,152.5,292.5
24.5,88.2,150.0,117.5,157.5
24.5,82.02,215.0,162.5,260.0
24.5,73.8,120.0,62.5,132.5
24.5,47.6,105.0,50.0,125.0
24.5,112.8,110.0,80.0,145.0
24.5,98.6,200.0,120.0,220.0
24.5,61.4,95.0,52.5,110.0
24.5,89.3,185.0,132.5,227.5
24.5,66.9,167.5,92.5,207.5
24.5,81.79,265.0,160.0,287.5
24.5,75.6,167.5,117.5,197.5
24.5,69.5,140.0,75.0,172.5
24.5,89.4,160.0,107.5,185.0
24.5,87.0,125.0,85.0,140.0
24.5,136.15,185.0,152.5,200.0
24.5,106.5,237.5,170.0,275.0
24.5,78.4,127.5,97.5,172.5
24.5,60.3,85.0,50.0,100.0
24.5,69.6,152.5,92.5,172.5
24.5,88.3,210.0,125.0,250.0
24.5,56.9,142.5,65.0,167.5
24.5,81.1,210.0,142.5,222.5
24.5,81.4,220.0,135.0,215.0
24.5,71.0,192.5,115.0,227.5
24.5,62.9,130.0,67.5,150.0
24.5,75.8,137.5,65.0,172.5
24.5,107.76,240.0,182.5,250.0
24.5,99.4,277.5,155.0,265.0
24.5,74.0,142.5,92.5,220.0
24.5,102.6,260.0,182.5,282.5
24.5,99.0,147.5,100.0,155.0
24.5,77.65,140.0,72.5,142.5
24.5,75.1,147.5,70.0,172.5
24.5,63.15,117.5,47.5,152.5
24.5,122.9,275.0,167.5,257.5
24.5,75.0,127.5,65.0,167.5
24.5,84.35,152.5,80.0,155.0
24.5,98.6,242.5,142.5,265.0
24.5,64.7,125.0,97.5,182.5
24.5,71.4,137.5,82.5,152.5
25.0,79.1,172.5,135.0,217.5
25.0,97.5,147.5,110.0,210.0
25.0,78.1,187.5,125.0,205.0
25.0,76.7,185.0,132.5,202.5
25.0,88.8,227.5,132.5,237.5
25.0,90.0,210.0,150.0,282.5
25.0,108.6,250.0,185.0,265.0
25.0,59.5,110.0,52.5,127.5
25.0,82.1,165.56,115.67,199.58
25.0,122.5,302.5,205.0,300.0
25.0,78.1,192.5,100.0,220.0
25.0,62.8,127.5,77.5,172.5
25.0,118.6,272.5,195.0,237.5
25.0,107.2,292.5,175.0,317.5
25.0,80.1,157.5,105.0,160.0
25.0,97.4,242.5,150.0,285.0
25.0,70.8,192.5,120.0,202.5
25.0,87.9,167.5,122.5,207.5
25.0,88.2,235.0,160.0,302.5
25.0,95.6,92.5,47.5,110.0
25.0,74.7,155.0,92.5,192.5
25.0,99.2,295.0,175.0,310.0
25.0,78.4,240.0,165.0,260.0
25.0,118.7,212.5,115.0,237.5
25.0,87.6,145.0,107.5,175.0
25.0,72.5,120.0,75.0,152.5
25.0,121.6,317.5,227.5,300.0
25.0,100.8,215.0,137.5,272.5
25.0,64.6,130.0,65.0,142.5
25.0,70.6,167.5,112.5,230.0
25.0,73.4,115.0,55.0,122.5
25.0,109.2,262.5,150.0,300.0
25.0,117.8,142.5,127.5,182.5
25.0,94.4,257.5,170.0,300.0
25.0,97.9,220.0,142.5,235.0
25.0,96.0,202.5,130.0,222.5
25.0,83.6,140.0,82.5,162.5
25.0,79.5,160.0,110.0,170.0
25.0,123.7,280.0,170.0,242.5
25.0,86.0,170.0,130.0,190.0
25.0,108.8,275.0,175.0,265.0
25.0,99.6,250.0,152.5,252.5
25.0,69.3,137.5,65.0,162.5
25.0,81.1,225.0,147.5,275.0
25.0,95.7,255.0,175.0,275.0
25.0,55.4,97.5,55.0,120.0
25.0,74.9,190.0,125.0,210.0
25.0,68.4,115.0,52.5,120.0
25.0,98.9,222.5,110.0,245.0
25.0,46.4,130.0,72.5,165.0
25.0,51.5,82.0,57.0,97.0
25.0,57.9,104.0,51.0,118.0
25.0,76.9,130.0,80.0,165.0
25.0,85.18,154.2,133.8,186.0
25.0,73.19,207.5,145.0,250.0
25.0,81.5,157.5,100.0,195.0
25.0,63.2,110.0,49.0,146.0
25.0,80.4,230.0,140.0,235.0
25.0,85.9,250.0,167.0,285.0
25.0,60.2,150.0,75.0,182.5
25.0,137.5,205.0,125.0,216.0
25.0,90.8,215.0,150.0,245.0
25.0,98.0,258.0,173.0,285.0
25.0,98.7,227.0,165.0,243.0
25.0,73.4,200.0,120.0,260.0
25.0,74.75,185.0,110.0,182.5
25.0,71.2,145.0,87.5,195.0
25.0,97.6,232.5,142.5,275.0
25.0,73.7,217.5,145.0,262.5
25.0,71.5,205.0,120.0,247.5
25.0,81.5,227.5,140.0,257.5
25.0,101.9,295.0,165.0,280.0
25.5,90.7,155.0,115.0,192.5
25.5,58.65,167.5,92.5,182.5
25.5,74.6,120.0,82.5,157.5
25.5,72.9,155.0,117.5,190.0
25.5,56.9,100.0,55.0,137.5
25.5,66.1,152.5,70.0,160.0
25.5,88.8,250.0,145.0,287.5
25.5,70.5,165.0,90.0,187.5
25.5,65.4,165.0,100.0,190.0
25.5,105.94,260.0,177.5,282.5
25.5,72.7,207.5,125.0,220.0
25.5,91.5,227.5,150.0,232.5
25.5,106.6,137.5,60.0,130.0
25.5,103.8,280.0,175.0,282.5
25.5,141.4,145.0,105.0,165.0
25.5,84.0,187.5,137.5,230.0
25.5,141.6,227.5,125.0,240.0
25.5,74.6,180.0,102.5,220.0
25.5,100.5,187.5,142.5,240.0
25.5,90.4,185.0,147.5,282.5
25.5,58.6,165.0,122.5,202.5
25.5,83.7,117.5,67.5,122.5
25.5,51.0,117.5,67.5,145.0
25.5,83.54,182.5,110.0,197.5
25.5,82.12,257.5,167.5,277.5
25.5,116.8,285.0,195.0,315.0
25.5,72.6,170.0,110.0,227.5
25.5,108.7,115.0,65.0,167.5
25.5,70.7,152.5,82.5,155.0
25.5,101.0,220.0,167.5,260.0
25.5,99.0,205.0,112.5,227.5
25.5,82.1,185.0,140.0,210.0
25.5,103.5,165.0,135.0,210.0
25.5,91.4,237.5,155.0,277.5
25.5,72.9,185.0,142.5,200.0
25.5,116.2,287.5,205.0,325.0
25.5,60.8,145.0,77.5,185.0
25.5,90.7,250.0,162.5,287.5
25.5,100.3,157.5,107.5,182.5
25.5,102.5,225.0,155.0,265.0
25.5,121.0,175.0,102.5,200.0
25.5,73.5,160.0,120.0,197.5
25.5,65.0,187.5,112.5,200.0
25.5,97.7,242.5,142.5,272.5
25.5,106.5,272.5,170.0,310.0
25.5,81.2,172.5,107.5,222.5
25.5,109.9,110.0,62.5,160.0
25.5,82.4,190.0,140.0,207.5
25.5,104.5,190.0,145.0,222.5
25.5,74.6,222.5,142.5,277.5
25.5,117.3,205.0,125.0,235.0
25.5,101.1,272.5,170.0,260.0
25.5,89.2,210.0,157.5,230.0
25.5,66.2,110.0,65.0,117.5
25.5,92.3,245.0,157.5,262.5
25.5,107.5,250.0,172.5,255.0
25.5,89.7,237.5,125.0,237.5
25.5,117.7,290.0,197.5,320.0
25.5,99.2,167.5,132.5,200.0
25.5,101.84,275.0,185.0,285.0
25.5,69.5,97.5,45.0,115.0
25.5,81.4,107.5,70.0,147.5
25.5,100.7,210.0,165.0,245.0
25.5,91.5,190.0,145.0,280.0
25.5,60.9,105.0,52.5,127.5
25.5,69.3,152.5,85.0,182.5
25.5,103.4,227.5,142.5,227.5
25.5,83.6,115.0,65.0,127.5
25.5,103.0,265.0,172.5,300.0
25.5,91.2,255.0,155.0,285.0
25.5,108.3,177.5,155.0,245.0
25.5,79.7,115.0,72.5,162.5
25.5,80.6,227.5,162.5,272.5
25.5,81.6,147.5,87.5,192.5
25.5,165.8,305.0,212.5,317.5
25.5,55.5,72.5,42.5,107.5
25.5,132.1,330.0,202.5,350.0
25.5,92.9,260.0,142.5,290.0
25.5,78.6,132.5,75.0,165.0
25.5,102.1,135.0,62.5,142.5
25.5,82.5,125.0,75.0,157.5
25.5,72.1,155.0,100.0,155.0
25.5,68.7,110.0,52.5,142.5
25.5,70.0,100.0,45.0,107.5
25.5,67.9,155.0,92.5,200.0
25.5,75.5,160.0,82.5,172.5
25.5,66.7,127.5,75.0,155.0
25.5,100.2,245.0,152.5,295.0
25.5,69.7,100.0,47.5,117.5
25.5,82.1,185.0,117.5,197.5
25.5,92.0,185.0,162.5,200.0
25.5,65.2,155.0,135.0,200.0
25.5,72.2,195.0,122.5,230.0
25.5,66.5,125.0,75.0,160.0
25.5,103.1,180.0,140.0,227.5
25.5,73.4,172.5,120.0,215.0
25.5,136.6,220.0,130.0,250.0
25.5,140.2,212.5,157.5,225.0
25.5,80.2,197.5,127.5,242.5
25.5,80.4,155.0,67.5,197.5
25.5,98.6,202.5,150.0,260.0
25.5,58.36,115.0,50.0,152.5
25.5,118.3,300.0,177.5,292.5
25.5,88.6,250.0,167.5,287.5
25.5,111.9,167.5,90.0,172.5
25.5,81.65,265.0,165.0,280.0
25.5,103.6,235.0,162.5,235.0
25.5,89.6,155.0,107.5,200.0
25.5,61.5,120.0,57.5,135.0
25.5,135.2,212.5,152.5,235.0
25.5,81.65,255.0,157.5,270.0
25.5,89.6,200.0,107.5,247.5
25.5,95.0,160.0,70.0,165.0
25.5,106.56,262.5,187.5,287.5
25.5,89.1,215.0,125.0,260.0
25.5,124.7,245.0,140.0,260.0
25.5,66.8,150.0,107.5,165.0
25.5,81.4,205.0,135.0,230.0
25.5,88.4,180.0,142.5,237.5
25.5,90.5,185.0,140.0,232.5
25.5,86.95,237.5,170.0,265.0
25.5,86.5,152.5,120.0,215.0
25.5,73.72,170.0,110.0,185.0
25.5,66.0,122.5,72.5,150.0
25.5,74.02,217.5,137.5,290.0
25.5,80.9,147.5,72.5,165.0
25.5,97.92,285.0,175.0,332.5
25.5,74.4,225.0,142.5,272.5
25.5,74.7,232.5,117.5,290.0
25.5,78.4,170.0,117.5,237.5
25.5,81.2,175.0,127.5,227.5
25.5,82.4,117.5,70.0,155.0
25.5,58.3,160.0,87.5,175.0
25.5,82.0,160.0,105.0,200.0
26.0,83.8,150.0,90.0,175.0
26.0,80.6,200.0,115.0,255.0
26.0,107.0,235.0,152.5,275.0
26.0,64.5,92.5,50.0,135.0
26.0,86.5,205.0,122.5,302.5
26.0,80.5,132.5,62.5,130.0
26.0,105.3,112.5,85.0,165.0
26.0,73.87,187.5,115.0,202.5
26.0,89.9,190.0,132.5,260.0
26.0,73.7,190.0,117.5,195.0
26.0,153.1,295.0,205.0,305.0
26.0,123.4,317.5,210.0,302.5
26.0,81.8,225.0,160.0,242.5
26.0,91.5,227.5,142.5,260.0
26.0,90.4,160.0,115.0,210.0
26.0,100.4,187.5,135.0,220.0
26.0,66.3,172.5,85.0,187.5
26.0,65.1,120.0,67.5,142.5
26.0,80.4,192.5,137.5,227.5
26.0,81.5,202.5,130.0,232.5
26.0,102.8,247.5,157.5,275.0
26.0,98.8,272.5,182.5,292.5
26.0,74.3,112.5,55.0,150.0
26.0,88.5,170.0,110.0,175.0
26.0,80.2,205.0,155.0,230.0
26.0,63.8,85.0,57.5,132.5
26.0,137.0,165.0,132.5,160.0
26.0,61.1,157.5,80.0,180.0
26.0,95.6,197.5,162.5,212.5
26.0,98.6,220.0,137.5,247.5
26.0,87.6,240.0,150.0,230.0
26.0,98.6,227.5,150.0,257.5
26.0,99.2,212.5,135.0,282.5
26.0,96.1,150.0,115.0,212.5
26.0,109.0,250.0,175.0,275.0
26.0,61.5,150.0,82.5,185.0
26.0,59.6,130.0,77.5,147.5
26.0,122.9,250.0,165.0,290.0
26.0,64.35,135.0,57.5,145.0
26.0,68.5,167.5,100.0,227.5
26.0,71.5,122.5,75.0,145.0
26.0,116.5,330.0,202.5,315.0
26.0,54.3,127.5,77.5,150.0
26.0,66.0,62.5,47.5,107.5
26.0,89.1,210.0,140.0,245.0
26.0,97.3,230.0,160.0,265.0
26.0,98.5,200.0,142.5,237.5
26.0,86.8,157.5,147.5,210.0
26.0,105.0,225.0,155.0,62.5
26.0,121.5,225.0,152.5,270.0
26.0,87.65,200.0,150.0,265.0
26.0,71.7,105.0,50.0,137.5
26.0,74.8,145.0,72.5,180.0
26.0,66.6,155.0,95.0,207.5
26.0,124.74,226.8,147.42,226.8
26.0,74.3,155.0,82.5,190.0
26.0,139.0,320.0,222.5,320.0
26.0,74.5,190.0,127.5,250.0
26.0,74.4,122.5,67.5,140.0
26.0,80.9,205.0,110.0,250.0
26.0,72.6,210.0,127.5,262.5
26.0,97.8,217.5,167.5,277.5
26.0,66.2,153.0,98.0,214.0
26.0,66.2,127.5,77.5,152.5
26.0,80.2,165.0,117.5,200.0
26.0,109.5,207.5,137.5,245.0
26.0,59.92,112.5,62.5,147.5
26.0,68.6,107.5,55.0,137.5
26.0,88.4,195.0,127.5,240.0
26.0,80.2,100.0,55.0,125.0
26.0,129.0,345.0,212.5,350.0
26.0,97.3,300.0,182.5,342.5
26.0,104.8,295.0,170.0,322.5
26.0,61.4,152.5,82.5,195.0
26.0,74.8,145.0,80.0,167.5
26.0,89.4,220.0,162.5,250.0
26.0,88.8,194.0,141.0,272.0
26.0,167.2,320.0,200.0,250.0
26.0,99.5,230.0,120.0,225.0
26.0,88.7,155.0,110.0,192.5
26.0,80.9,157.5,85.0,170.0
26.0,96.7,210.0,155.0,227.5
26.0,87.9,212.5,155.0,240.0
26.0,82.4,160.0,132.5,200.0
26.0,125.0,320.0,215.0,250.0
26.0,73.2,165.0,95.0,145.0
26.0,98.9,297.5,187.5,332.5
26.0,88.4,255.0,155.0,317.5
26.0,71.2,172.5,100.0,222.5
26.0,99.1,242.5,170.0,250.0
26.0,123.8,262.5,170.0,300.0
26.0,98.2,210.0,157.5,275.0
26.0,74.6,137.5,57.5,165.0
26.0,73.4,130.0,84.0,155.0
26.0,81.9,230.0,177.5,315.0
26.0,122.2,252.5,167.5,317.5
26.0,117.27,335.0,207.5,325.0
26.0,128.5,155.0,130.0,175.0
26.5,74.6,142.5,87.5,162.5
26.5,74.34,227.5,140.0,265.0
26.5,102.8,202.5,120.0,210.0
26.5,96.3,227.5,137.5,260.0
26.5,87.6,217.5,155.0,275.0
26.5,120.7,275.0,190.0,300.0
26.5,120.8,115.0,127.5,187.5
26.5,100.8,207.5,120.0,242.5
26.5,55.3,82.5,47.5,92.5
26.5,62.8,140.0,82.5,142.5
26.5,65.45,150.0,95.0,147.5
26.5,78.0,185.0,110.0,202.5
26.5,109.8,240.0,130.0,272.5
26.5,73.7,142.5,85.0,160.0
26.5,72.7,175.0,107.5,212.5
26.5,103.5,275.0,180.0,332.5
26.5,73.4,202.5,120.0,205.0
26.5,53.3,57.5,47.5,110.0
26.5,70.0,115.0,57.5,112.5
26.5,61.5,125.0,87.5,137.5
26.5,74.8,187.5,110.0,220.0
26.5,105.0,272.5,177.5,262.5
26.5,67.9,90.0,45.0,110.0
26.5,98.7,240.0,177.5,255.0
26.5,103.1,227.5,127.5,242.5
26.5,120.0,307.5,212.5,320.0
26.5,84.2,80.0,45.0,105.0
26.5,120.0,285.0,195.0,305.0
26.5,103.6,267.5,177.5,327.5
26.5,56.5,107.5,72.5,132.5
26.5,61.4,132.5,95.0,155.0
26.5,62.1,137.5,80.0,130.0
26.5,70.2,185.0,97.5,197.5
26.5,108.3,140.0,75.0,175.0
26.5,104.9,252.5,187.5,272.5
26.5,61.2,132.5,95.0,157.5
26.5,93.7,165.0,112.5,192.5
26.5,70.0,127.5,55.0,127.5
26.5,69.6,122.5,60.0,150.0
26.5,88.1,180.0,117.5,230.0
26.5,104.9,275.0,172.5,307.5
26.5,89.4,220.0,155.0,272.5
26.5,83.2,190.0,132.5,215.0
26.5,134.54,320.0,205.0,365.0
26.5,89.41,177.5,107.5,192.5
26.5,81.15,190.0,115.0,210.0
26.5,89.4,177.5,125.0,227.5
26.5,70.2,112.5,55.0,107.5
26.5,66.85,105.0,47.5,130.0
26.5,109.0,265.0,165.0,272.5
26.5,95.1,225.0,172.5,250.0
26.5,82.5,172.5,107.5,187.5
26.5,80.4,137.5,90.0,182.5
26.5,102.2,235.0,135.0,277.5
26.5,66.6,135.0,92.5,157.5
26.5,139.9,112.5,57.5,110.0
26.5,109.9,267.5,172.5,300.0
26.5,81.4,187.5,112.5,207.5
26.5,74.7,172.5,110.0,175.0
26.5,80.4,160.0,107.5,207.5
26.5,71.8,142.5,97.5,195.0
26.5,78.4,172.5,125.0,232.5
26.5,122.2,285.0,202.5,317.5
26.5,69.6,110.0,60.0,147.5
26.5,72.4,227.5,150.0,267.5
26.5,88.3,227.5,145.0,272.5
26.5,83.1,145.0,85.0,170.0
26.5,90.7,230.0,155.0,242.5
26.5,67.3,130.0,102.5,160.0
26.5,103.9,280.0,175.0,260.0
26.5,110.1,217.5,107.5,237.5
26.5,83.9,130.0,77.5,170.0
26.5,144.3,227.5,160.0,227.5
26.5,96.6,230.0,147.5,265.0
26.5,91.4,187.5,142.5,265.0
26.5,59.2,167.5,95.0,175.0
26.5,106.35,267.5,200.0,265.0
26.5,74.05,170.0,107.5,185.0
26.5,104.5,270.0,172.5,330.0
26.5,119.6,280.0,205.0,317.5
26.5,73.95,240.0,147.5,317.5
26.5,58.8,167.5,90.0,182.5
26.5,121.3,225.0,165.0,282.5
26.5,104.1,285.0,182.5,285.0
26.5,107.1,250.0,165.0,255.0
26.5,73.6,192.5,125.0,215.0
26.5,65.1,160.0,115.0,167.5
26.5,73.1,212.5,137.5,245.0
26.5,91.1,205.0,142.5,232.5
26.5,76.3,130.0,65.0,130.0
26.5,61.9,70.0,45.0,110.0
26.5,81.4,65.0,45.0,112.5
26.5,73.8,137.5,65.0,142.5
26.5,87.0,162.5,107.5,205.0
26.5,77.5,140.0,85.0,160.0
26.5,72.2,187.5,117.5,202.5
26.5,64.6,172.5,132.5,215.0
26.5,116.3,200.0,157.5,272.5
26.5,60.7,82.5,52.5,132.5
26.5,100.1,232.5,170.0,295.0
26.5,70.1,115.0,65.0,137.5
26.5,104.4,262.5,175.0,260.0
26.5,132.6,257.5,142.5,277.5
26.5,78.2,132.5,122.5,152.5
26.5,74.3,237.5,142.5,315.0
26.5,72.3,205.0,147.5,265.0
26.5,93.6,195.0,157.5,247.5
26.5,114.0,200.0,155.0,265.0
26.5,55.1,60.0,42.5,82.5
26.5,72.2,162.5,132.5,205.0
26.5,90.6,260.0,152.5,300.0
26.5,88.8,192.5,125.0,210.0
26.5,104.4,275.0,167.5,272.5
26.5,90.8,185.0,142.5,240.0
26.5,81.5,190.0,127.5,235.0
26.5,90.0,220.0,145.0,260.0
26.5,102.0,260.0,175.0,265.0
26.5,103.6,292.5,167.5,332.5
26.5,103.9,282.5,175.0,310.0
26.5,104.7,255.0,190.0,277.5
26.5,102.3,230.0,140.0,277.5
26.5,107.6,142.5,70.0,162.5
26.5,81.7,137.5,72.5,140.0
26.5,94.8,235.0,162.5,285.0
26.5,80.7,187.5,132.5,235.0
26.5,105.5,287.5,200.0,302.5
26.5,81.4,190.0,115.0,212.5
26.5,60.2,77.5,52.5,125.0
26.5,122.3,255.0,182.5,272.5
26.5,97.1,195.0,147.5,235.0
26.5,104.42,277.5,197.5,295.0
26.5,108.0,197.5,150.0,237.5
26.5,71.5,125.0,57.5,135.0
26.5,129.6,275.0,160.0,307.5
27.0,82.0,167.5,110.0,210.0
27.0,100.4,217.5,172.5,245.0
27.0,57.0,92.0,60.0,116.0
27.0,124.3,305.0,205.0,251.0
27.0,77.2,130.0,67.5,147.5
27.0,73.2,125.0,72.5,147.5
27.0,74.7,135.0,77.5,177.5
27.0,66.8,97.5,57.5,132.5
27.0,81.3,140.0,60.0,162.5
27.0,55.6,65.0,42.5,92.5
27.0,117.4,350.0,227.5,330.0
27.0,66.8,137.5,75.0,170.0
27.0,117.19,347.5,215.0,332.5
27.0,96.8,250.0,165.0,305.0
27.0,114.8,182.5,142.5,207.5
27.0,74.08,200.0,125.0,217.5
27.0,98.2,200.0,135.0,235.0
27.0,105.2,227.5,140.0,255.0
27.0,81.4,152.5,70.0,150.0
27.0,87.8,92.0,50.0,106.0
27.0,94.9,240.0,167.5,275.0
27.0,81.5,215.0,127.5,240.0
27.0,96.1,237.5,167.5,292.5
27.0,117.8,162.5,90.0,182.5
27.0,118.08,340.0,212.5,327.5
27.0,88.5,220.0,155.0,260.0
27.0,164.7,322.5,212.5,282.5
27.0,108.2,147.0,109.0,185.0
27.0,81.2,189.0,139.0,216.0
27.0,86.1,170.0,92.0,186.0
27.0,119.5,307.5,195.0,290.0
27.0,57.5,95.0,66.0,118.0
27.0,74.7,200.0,137.5,262.5
27.0,139.0,280.0,205.0,320.0
27.0,74.7,217.5,125.0,260.0
27.0,85.7,175.0,137.5,220.0
27.0,135.6,192.5,117.5,255.0
27.0,89.3,145.0,80.0,170.0
27.0,89.9,182.5,120.0,210.0
27.0,66.4,114.0,56.0,138.0
27.0,136.8,182.5,132.5,185.0
27.0,80.2,193.0,124.0,230.0
27.0,64.8,175.0,135.0,215.0
27.0,112.4,277.0,175.0,275.0
27.0,109.0,232.5,140.0,295.0
27.0,107.1,190.0,130.0,212.5
27.0,128.2,350.0,236.0,322.0
27.0,96.8,210.0,150.0,250.0
27.0,146.1,237.5,137.5,242.5
27.0,80.4,210.0,132.5,265.0
27.0,101.2,245.0,172.5,302.5
27.0,88.6,237.5,157.5,247.5
27.0,65.9,152.5,62.5,155.0
27.0,59.5,117.5,92.5,147.5
27.0,74.2,230.0,140.0,280.0
27.0,84.4,117.5,65.0,125.0
27.0,66.7,165.0,117.5,185.0
27.0,66.1,75.0,50.0,92.5
27.0,63.2,140.0,90.0,172.5
27.0,81.6,115.0,62.5,142.5
27.0,66.5,150.0,120.0,190.0
27.0,64.9,202.5,115.0,215.0
27.0,81.3,182.5,125.0,227.5
27.0,79.8,112.5,62.5,137.5
27.0,100.2,245.0,162.5,272.5
27.0,111.7,230.0,145.0,240.0
27.0,134.2,170.0,105.0,185.0
27.0,64.4,97.5,52.5,127.5
27.0,99.0,280.0,185.0,307.5
27.0,97.9,192.5,130.0,227.5
27.0,74.0,212.5,130.0,265.0
27.0,98.6,260.0,170.0,312.5
27.0,63.1,140.0,60.0,145.0
27.0,66.7,105.0,57.5,125.0
27.0,82.5,155.0,70.0,175.0
27.0,74.8,202.5,140.0,265.0
27.0,114.1,150.0,92.5,162.5
27.0,81.5,142.5,75.0,145.0
27.0,65.8,182.5,90.0,207.5
27.0,82.1,150.0,65.0,137.5
27.0,88.0,240.0,160.0,300.0
27.0,70.2,132.5,77.5,162.5
27.0,74.6,200.0,135.0,257.5
27.0,72.79,205.0,122.5,210.0
27.0,96.8,210.0,160.0,230.0
27.0,88.8,147.5,85.0,150.0
27.0,77.3,172.5,107.5,195.0
27.0,66.1,107.5,100.0,157.5
27.0,65.6,152.5,62.5,152.5
27.0,97.9,165.0,115.0,230.0
27.0,65.3,175.0,137.5,220.0
27.0,91.0,255.0,152.5,265.0
27.0,109.6,247.5,172.5,272.5
27.0,74.5,165.0,85.0,205.0
27.0,88.2,212.5,157.5,255.0
27.0,84.5,177.5,132.5,222.5
27.0,109.3,202.5,135.0,247.5
27.0,74.8,217.5,130.0,210.0
27.0,87.1,182.5,130.0,227.5
27.0,82.4,250.0,157.5,240.0
27.0,88.9,235.0,155.0,260.0
27.0,109.2,372.5,232.5,355.0
27.0,113.7,130.0,85.0,145.0
27.0,97.7,192.5,137.5,237.5
27.0,115.2,140.0,87.5,152.5
27.0,66.3,172.5,87.5,202.5
27.0,54.9,155.0,95.0,140.0
27.5,106.45,280.0,197.5,287.5
27.5,62.4,135.0,75.0,165.0
27.5,99.0,252.5,177.5,265.0
27.5,51.39,125.0,75.0,155.0
27.5,80.8,105.0,75.0,137.5
27.5,81.1,165.0,107.5,210.0
27.5,92.2,237.5,162.5,240.0
27.5,116.2,205.0,162.5,265.0
27.5,82.3,202.5,137.5,217.5
27.5,74.4,190.0,142.5,210.0
27.5,91.6,232.5,157.5,247.5
27.5,71.1,130.0,117.5,162.5
27.5,137.5,112.5,70.0,115.0
27.5,69.55,152.5,100.0,162.5
27.5,91.1,192.5,145.0,262.5
27.5,73.5,127.5,57.5,137.5
27.5,119.2,302.5,220.0,310.0
27.5,88.5,210.0,125.0,240.0
27.5,103.2,272.5,180.0,280.0
27.5,87.45,237.5,147.5,285.0
27.5,61.6,92.5,57.5,105.0
27.5,85.0,92.5,60.0,107.5
27.5,70.1,175.0,110.0,230.0
27.5,148.1,277.5,190.0,295.0
27.5,69.6,132.5,65.0,132.5
27.5,68.1,90.0,60.0,135.0
27.5,90.35,200.0,135.0,257.5
27.5,90.67,267.5,145.0,305.0
27.5,73.69,242.5,150.0,272.5
27.5,63.1,110.0,65.0,130.0
27.5,73.85,232.5,140.0,267.5
27.5,105.5,290.0,182.5,275.0
27.5,109.7,255.0,160.0,320.0
27.5,73.5,180.0,120.0,230.0
27.5,74.0,152.5,105.0,215.0
27.5,119.3,260.0,155.0,240.0
27.5,104.15,290.0,182.5,332.5
27.5,74.7,215.0,135.0,227.5
27.5,100.4,227.5,152.5,260.0
27.5,62.3,100.0,55.0,147.5
27.5,103.69,295.0,175.0,312.5
27.5,81.0,195.0,130.0,227.5
27.5,92.3,197.5,145.0,215.0
27.5,50.9,95.0,57.5,120.0
27.5,82.5,162.5,132.5,182.5
27.5,62.8,87.5,45.0,107.5
27.5,102.5,210.0,120.0,207.5
27.5,88.4,97.5,60.0,127.5
27.5,82.2,197.5,132.5,230.0
27.5,83.7,117.5,82.5,130.0
27.5,66.4,107.5,65.0,127.5
27.5,67.4,127.5,70.0,180.0
27.5,107.3,245.0,190.0,220.0
27.5,116.6,125.0,75.0,122.5
27.5,62.8,127.5,72.5,152.5
27.5,116.9,235.0,170.0,272.5
27.5,137.9,115.0,72.5,122.5
27.5,99.9,250.0,180.0,255.0
27.5,101.7,242.5,190.0,275.0
27.5,104.3,115.0,60.0,145.0
27.5,74.8,210.0,140.0,215.0
27.5,122.75,295.0,205.0,335.0
27.5,104.8,300.0,187.5,332.5
27.5,93.7,227.5,140.0,245.0
27.5,80.8,160.0,110.0,197.5
27.5,112.0,280.0,195.0,280.0
27.5,74.15,210.0,130.0,217.5
27.5,114.4,202.5,160.0,265.0
27.5,86.5,127.5,82.5,175.0
27.5,102.1,267.5,175.0,317.5
27.5,107.2,282.5,210.0,285.0
27.5,108.15,135.0,67.5,120.0
27.5,103.1,232.5,170.0,232.5
27.5,101.6,182.5,97.5,220.0
27.5,111.4,250.0,167.5,327.5
27.5,72.7,172.5,105.0,212.5
27.5,92.6,232.5,162.5,260.0
27.5,92.3,265.0,147.5,287.5
27.5,102.4,230.0,157.5,270.0
27.5,102.7,290.0,195.0,275.0
27.5,139.0,292.5,172.5,317.5
27.5,66.5,115.0,55.0,137.5
27.5,143.7,127.5,75.0,130.0
27.5,83.3,155.0,80.0,182.5
27.5,78.5,162.5,110.0,205.0
27.5,104.82,127.5,200.0,267.5
27.5,136.1,280.0,185.0,300.0
27.5,81.6,195.0,125.0,250.0
27.5,104.5,225.0,142.5,237.5
27.5,119.6,277.5,172.5,280.0
27.5,52.6,92.5,40.0,102.5
27.5,90.9,210.0,145.0,250.0
27.5,95.14,200.0,115.0,215.0
27.5,81.8,220.0,180.0,340.0
27.5,79.2,147.5,82.5,162.5
27.5,80.9,207.5,132.5,265.0
27.5,61.9,127.5,62.5,157.5
27.5,91.42,205.0,115.0,220.0
27.5,100.7,200.0,110.0,205.0
27.5,83.1,160.0,80.0,197.5
27.5,51.4,77.5,30.0,77.5
27.5,89.5,192.5,142.5,247.5
27.5,55.1,72.5,47.5,92.5
27.5,121.9,287.5,210.0,325.0
27.5,144.0,257.5,187.5,290.0
27.5,62.1,135.0,72.5,182.5
27.5,70.6,125.0,90.0,202.5
27.5,70.5,142.5,97.5,202.5
27.5,92.4,237.5,160.0,272.5
27.5,103.0,172.5,125.0,212.5
27.5,94.3,170.0,112.5,210.0
27.5,101.6,277.5,160.0,287.5
27.5,119.1,255.0,162.5,272.5
27.5,75.55,212.5,132.5,225.0
27.5,90.0,227.5,172.5,297.5
27.5,144.6,295.0,172.5,317.5
27.5,80.0,155.0,77.5,160.0
27.5,101.3,235.0,170.0,240.0
27.5,94.0,255.0,165.0,320.0
27.5,106.05,125.0,62.5,125.0
27.5,101.4,192.5,105.0,230.0
27.5,84.7,187.5,122.5,195.0
27.5,98.9,230.0,157.5,292.5
27.5,87.8,195.0,130.0,232.5
27.5,88.9,200.0,125.0,227.5
27.5,63.0,122.5,67.5,115.0
27.5,89.25,227.5,135.0,242.5
27.5,63.0,117.5,65.0,150.0
28.0,104.87,205.0,137.5,260.0
28.0,64.5,110.0,67.5,142.5
28.0,81.7,135.0,72.5,145.0
28.0,91.8,180.0,122.5,232.5
28.0,82.3,155.0,77.5,167.5
28.0,81.9,155.0,85.0,170.0
28.0,106.5,210.0,142.5,272.5
28.0,68.22,182.5,110.0,237.5
28.0,117.1,265.0,170.0,290.0
28.0,87.8,207.5,157.5,270.0
28.0,73.7,105.0,52.5,140.0
28.0,65.3,105.0,67.5,140.0
28.0,89.7,220.0,137.5,270.0
28.0,105.0,217.5,150.0,240.0
28.0,87.4,190.0,105.0,255.0
28.0,62.2,125.0,70.0,157.5
28.0,66.4,132.5,67.5,155.0
28.0,100.9,215.0,152.5,230.0
28.0,97.7,210.0,145.0,245.0
28.0,91.6,170.0,115.0,212.5
28.0,65.1,112.5,70.0,145.0
28.0,93.0,215.0,142.5,227.5
28.0,86.0,182.5,125.0,227.5
28.0,81.65,260.0,185.0,350.0
28.0,98.9,237.5,172.5,227.5
28.0,64.4,105.0,70.0,135.0
28.0,80.3,147.5,87.5,155.0
28.0,77.5,85.0,52.5,92.5
28.0,88.3,240.0,160.0,267.5
28.0,69.8,142.5,77.5,182.5
28.0,82.5,187.5,147.5,247.5
28.0,88.2,212.5,140.0,245.0
28.0,152.4,145.0,145.0,205.0
28.0,86.5,195.0,132.5,225.0
28.0,89.1,227.5,155.0,285.0
28.0,122.4,240.0,142.5,255.0
28.0,71.3,175.0,142.5,227.5
28.0,109.25,385.0,227.5,365.0
28.0,123.9,210.0,120.0,260.0
28.0,61.6,122.5,62.5,167.5
28.0,89.4,232.5,185.0,255.0
28.0,98.2,260.0,157.5,275.0
28.0,81.8,157.5,137.5,182.5
28.0,74.9,205.0,140.0,267.5
28.0,117.5,350.0,220.0,330.0
28.0,65.3,182.5,145.0,227.5
28.0,81.6,167.5,110.0,207.5
28.0,107.3,225.0,150.0,282.5
28.0,77.0,130.0,65.0,155.0
28.0,104.3,190.0,137.5,227.5
28.0,79.4,157.5,92.5,165.0
28.0,149.2,185.0,192.5,230.0
28.0,104.4,212.5,160.0,232.5
28.0,91.7,160.0,110.0,200.0
28.0,79.0,140.0,107.5,152.5
28.0,76.6,187.5,110.0,192.5
28.0,94.6,182.5,160.0,247.5
28.0,77.4,192.5,115.0,205.0
28.0,98.3,191.0,137.0,228.0
28.0,109.2,143.0,107.0,202.0
28.0,72.8,122.5,67.5,140.0
28.0,148.5,236.0,133.0,246.0
28.0,80.6,192.5,135.0,227.5
28.0,105.3,130.0,65.0,155.0
28.0,64.4,145.0,87.5,175.0
28.0,105.14,192.5,135.0,260.0
28.0,78.6,127.5,67.5,152.5
28.0,73.3,147.5,92.5,165.0
28.0,81.5,170.0,117.5,207.5
28.0,81.5,250.0,182.5,357.5
28.0,103.2,252.5,160.0,277.5
28.0,62.4,137.5,80.0,155.0
28.0,89.1,227.5,142.5,247.5
28.0,66.2,172.5,82.5,200.0
28.0,73.7,142.5,145.0,217.5
28.0,70.4,100.0,52.5,117.5
28.0,98.1,207.5,142.5,240.0
28.0,98.0,227.5,167.5,280.0
28.0,109.6,165.0,77.5,182.5
28.0,69.1,167.5,122.5,197.5
28.0,103.04,272.5,180.0,322.5
28.0,65.1,195.0,120.0,225.0
28.0,73.6,132.5,65.0,145.0
28.5,76.6,107.5,60.0,125.0
28.5,129.1,215.0,145.0,220.0
28.5,95.0,175.0,110.0,192.5
28.5,73.0,107.5,52.5,142.5
28.5,101.6,180.0,102.5,190.0
28.5,88.6,175.0,90.0,192.5
28.5,51.3,105.0,52.5,130.0
28.5,108.7,287.5,177.5,282.5
28.5,102.4,260.0,182.5,272.5
28.5,58.75,175.0,115.0,202.5
28.5,111.6,92.5,47.5,107.5
28.5,76.3,160.0,127.5,215.0
28.5,113.7,75.0,55.0,127.5
28.5,104.0,215.0,155.0,242.5
28.5,118.25,227.5,180.0,272.5
28.5,121.0,212.5,137.5,222.5
28.5,66.1,97.5,60.0,122.5
28.5,61.6,80.0,62.5,90.0
28.5,88.5,237.5,172.5,285.0
28.5,119.2,312.5,215.0,320.0
28.5,79.0,105.0,45.0,135.0
28.5,81.4,102.5,62.5,117.5
28.5,74.6,222.5,135.0,227.5
28.5,80.9,157.5,85.0,190.0
28.5,72.8,175.0,112.5,230.0
28.5,112.5,302.5,200.0,277.5
28.5,72.7,182.5,107.5,220.0
28.5,103.9,282.5,165.0,282.5
28.5,67.4,160.0,95.0,175.0
28.5,66.5,100.0,52.5,112.5
28.5,59.8,100.0,55.0,122.5
28.5,142.1,317.5,190.0,317.5
28.5,89.6,230.0,130.0,217.5
28.5,81.35,257.5,182.5,360.0
28.5,107.6,280.0,197.5,265.0
28.5,149.1,195.0,102.5,200.0
28.5,122.0,215.0,150.0,240.0
28.5,81.3,212.5,135.0,260.0
28.5,101.6,167.5,120.0,197.5
28.5,87.35,137.5,120.0,190.0
28.5,90.5,217.5,152.5,275.0
28.5,109.8,295.0,210.0,295.0
28.5,88.9,200.0,142.5,237.5
28.5,81.5,205.0,125.0,237.5
28.5,118.7,222.5,175.0,275.0
28.5,81.3,192.5,122.5,220.0
28.5,81.0,200.0,120.0,220.0
28.5,64.0,125.0,90.0,162.5
28.5,120.0,262.5,150.0,245.0
28.5,108.9,225.0,162.5,260.0
28.5,65.6,130.0,62.5,150.0
28.5,87.5,245.0,150.0,280.0
28.5,127.1,195.0,137.5,260.0
28.5,140.8,182.5,102.5,205.0
28.5,103.9,245.0,200.0,280.0
28.5,81.7,190.0,117.5,227.5
28.5,81.7,202.5,122.5,230.0
28.5,94.2,107.5,70.0,122.5
28.5,95.9,242.5,162.5,265.0
28.5,101.4,290.0,217.5,295.0
28.5,124.2,250.0,145.0,300.0
28.5,84.4,185.0,115.0,230.0
28.5,70.1,95.0,47.5,105.0
28.5,65.6,172.5,125.0,220.0
28.5,56.9,60.0,35.0,62.5
28.5,86.1,117.5,62.5,122.5
28.5,60.1,172.5,122.5,210.0
28.5,56.8,95.0,52.5,92.5
28.5,73.15,200.0,155.0,245.0
28.5,96.2,250.0,167.5,267.5
28.5,66.5,92.5,47.5,130.0
28.5,69.7,155.0,92.5,200.0
28.5,104.6,272.5,185.0,280.0
28.5,103.8,302.5,190.0,280.0
28.5,143.3,130.0,70.0,115.0
28.5,103.1,262.5,200.0,282.5
28.5,145.1,280.0,182.5,280.0
28.5,61.3,92.5,47.5,127.5
28.5,104.4,192.5,117.5,220.0
28.5,111.3,142.5,100.0,215.0
28.5,94.2,267.5,165.0,322.5
28.5,102.6,215.0,135.0,237.5
28.5,99.4,200.0,125.0,250.0
28.5,116.1,305.0,182.5,325.0
28.5,65.5,120.0,72.5,155.0
28.5,53.2,92.5,40.0,105.0
28.5,65.1,82.5,52.5,105.0
28.5,93.4,247.5,167.5,285.0
28.5,86.0,147.5,87.5,162.5
28.5,86.69,200.0,110.0,227.5
28.5,87.5,157.5,130.0,192.5
28.5,63.3,70.0,65.0,87.5
28.5,86.6,102.5,75.0,152.5
28.5,89.2,210.0,120.0,235.0
28.5,87.1,205.0,137.5,252.5
28.5,65.23,160.0,95.0,172.5
28.5,104.5,192.5,117.5,245.0
28.5,103.3,217.5,140.0,290.0
28.5,75.5,225.0,137.5,232.5
28.5,89.7,190.0,152.5,207.5
28.5,129.2,205.0,150.0,272.5
28.5,99.9,262.5,165.0,257.5
28.5,117.0,215.0,152.5,255.0
28.5,88.9,120.0,45.0,127.5
28.5,87.5,100.0,62.5,115.0
28.5,81.7,150.0,82.5,182.5
28.5,127.3,330.0,205.0,295.0
28.5,101.07,265.0,175.0,280.0
28.5,65.6,155.0,92.5,170.0
28.5,74.3,205.0,127.5,230.0
28.5,131.8,200.0,150.0,280.0
28.5,73.4,165.0,122.5,227.5
28.5,66.8,135.0,60.0,145.0
28.5,123.7,142.5,75.0,140.0
28.5,65.5,165.0,125.0,222.5
28.5,65.0,150.0,80.0,175.0
28.5,86.2,85.0,72.5,142.5
28.5,99.8,280.0,167.5,270.0
29.0,88.5,222.5,155.0,270.0
29.0,86.0,182.5,120.0,225.0
29.0,109.2,252.5,165.0,250.0
29.0,90.95,232.5,175.0,272.5
29.0,108.1,245.0,170.0,285.0
29.0,92.5,120.0,67.5,150.0
29.0,65.8,175.0,137.5,210.0
29.0,123.0,152.5,92.5,172.5
29.0,96.7,240.0,170.0,295.0
29.0,81.6,162.5,95.0,170.0
29.0,78.7,162.5,95.0,167.5
29.0,64.78,152.5,92.5,177.5
29.0,91.4,185.0,92.5,202.5
29.0,74.2,217.5,130.0,227.5
29.0,115.8,250.0,180.0,287.5
29.0,55.1,92.5,45.0,137.5
29.0,109.1,197.5,142.5,210.0
29.0,118.2,285.0,150.0,282.5
29.0,99.8,220.0,172.5,262.5
29.0,115.8,165.0,137.5,292.5
29.0,89.1,227.5,157.5,272.5
29.0,98.0,270.0,172.5,335.0
29.0,98.4,207.5,122.5,265.0
29.0,87.4,175.0,137.5,215.0
29.0,97.5,192.5,165.0,232.5
29.0,89.7,245.0,195.0,267.5
29.0,74.6,180.0,90.0,227.5
29.0,137.8,247.5,205.0,320.0
29.0,106.3,255.0,172.5,292.5
29.0,108.9,230.0,137.5,292.5
29.0,97.1,235.0,155.0,300.0
29.0,66.2,195.0,122.5,227.5
29.0,66.4,130.0,65.0,175.0
29.0,74.4,85.0,57.5,95.0
29.0,89.9,212.5,152.5,277.5
29.0,79.6,187.5,117.5,212.5
29.0,102.1,265.0,155.0,267.5
29.0,73.8,180.0,130.0,222.5
29.0,115.5,172.5,90.0,192.5
29.0,66.8,107.5,65.0,145.0
29.0,57.0,87.5,47.5,107.5
29.0,121.0,305.0,212.5,327.5
29.0,109.7,300.0,185.0,317.5
29.0,102.2,195.0,162.5,267.5
29.0,87.0,205.0,135.0,250.0
29.0,59.3,105.0,67.5,145.0
29.0,75.0,125.0,100.0,150.0
29.0,98.8,210.0,167.5,255.0
29.0,142.8,195.0,195.0,235.0
29.0,58.7,107.5,67.5,145.0
29.0,73.4,77.5,52.5,92.5
29.0,98.1,212.5,160.0,230.0
29.0,123.3,242.5,182.5,250.0
29.0,122.4,259.0,152.0,283.0
29.0,124.0,320.0,222.5,340.0
29.0,121.9,273.0,148.0,286.0
29.0,86.3,172.0,124.0,205.0
29.0,89.3,222.5,145.0,267.5
29.0,86.2,240.0,175.0,280.0
29.0,88.4,227.0,142.0,250.0
29.0,74.8,157.5,127.5,185.0
29.0,90.0,242.0,167.0,251.0
29.0,82.2,267.5,152.5,270.0
29.0,89.3,241.0,164.0,273.0
29.0,80.0,157.5,90.0,170.0
29.0,93.6,235.0,182.5,275.0
29.0,72.4,190.0,135.0,220.0
29.0,123.3,207.5,175.0,227.5
29.0,96.1,197.5,162.5,237.5
29.0,98.9,115.0,110.0,170.0
29.0,65.1,180.0,140.0,227.5
29.0,97.9,259.0,139.0,260.0
29.0,97.8,215.0,147.5,250.0
29.0,74.2,162.5,132.5,172.5
29.0,65.4,122.5,75.0,152.5
29.0,65.2,135.0,62.5,182.5
29.0,73.3,130.0,60.0,158.0
29.0,133.36,232.5,150.0,222.5
29.0,84.3,200.0,110.0,230.0
29.0,81.51,250.0,182.5,365.0
29.0,116.57,337.5,210.0,320.0
29.0,108.4,200.0,145.0,250.0
29.0,62.6,107.5,67.5,140.0
29.0,98.6,209.0,147.0,242.0
29.0,60.3,120.0,62.5,165.0
29.0,99.12,272.5,175.0,340.0
29.0,95.0,240.0,177.5,285.0
29.0,91.5,243.0,132.0,255.0
29.5,117.5,202.5,155.0,240.0
29.5,91.3,257.5,162.5,287.5
29.5,60.1,95.0,55.0,130.0
29.5,55.3,55.0,37.5,90.0
29.5,72.3,165.0,120.0,215.0
29.5,130.9,110.0,85.0,135.0
29.5,82.1,210.0,130.0,257.5
29.5,56.1,85.0,45.0,117.5
29.5,52.5,50.0,35.0,75.0
29.5,61.9,137.5,67.5,187.5
29.5,90.2,170.0,115.0,212.5
29.5,89.3,247.5,155.0,277.5
29.5,81.5,195.0,137.5,235.0
29.5,83.0,200.0,142.5,267.5
29.5,82.2,210.0,135.0,250.0
29.5,90.32,212.5,125.0,242.5
29.5,87.7,237.5,152.5,285.0
29.5,86.6,210.0,132.5,250.0
29.5,65.2,115.0,65.0,137.5
29.5,95.4,265.0,167.5,327.5
29.5,66.1,120.0,55.0,125.0
29.5,106.4,275.0,212.5,282.5
29.5,100.7,280.0,202.5,250.0
29.5,109.1,285.0,185.0,282.5
29.5,107.4,200.0,112.5,245.0
29.5,88.2,112.5,67.5,130.0
29.5,52.0,110.0,60.0,117.5
29.5,87.8,180.0,117.5,205.0
29.5,81.3,160.0,130.0,197.5
29.5,55.6,115.0,65.0,125.0
29.5,107.56,272.5,205.0,282.5
29.5,98.8,257.5,160.0,250.0
29.5,103.2,220.0,145.0,220.0
29.5,92.0,257.5,172.5,297.5
29.5,99.1,172.5,145.0,247.5
29.5,111.3,162.5,85.0,207.5
29.5,104.2,262.5,177.5,255.0
29.5,107.6,230.0,152.5,222.5
29.5,55.5,120.0,67.5,130.0
29.5,99.6,260.0,175.0,267.5
29.5,112.95,300.0,195.0,285.0
29.5,88.3,210.0,130.0,247.5
29.5,79.4,125.0,75.0,150.0
29.5,82.1,112.5,62.5,155.0
29.5,117.9,162.5,90.0,185.0
29.5,136.1,227.5,152.5,235.0
29.5,66.2,137.5,72.5,142.5
29.5,101.3,195.0,145.0,227.5
29.5,109.4,270.0,185.0,305.0
29.5,103.2,200.0,117.5,232.5
29.5,104.0,252.5,177.5,252.5
29.5,106.1,230.0,137.5,252.5
29.5,92.5,220.0,125.0,245.0
29.5,72.5,97.5,55.0,137.5
29.5,104.8,230.0,140.0,215.0
29.5,71.6,132.5,67.5,140.0
29.5,72.9,147.5,115.0,212.5
29.5,108.8,200.0,142.5,250.0
29.5,86.4,130.0,70.0,167.5
29.5,81.2,147.5,120.0,210.0
29.5,97.8,265.0,205.0,290.0
29.5,91.7,187.5,125.0,225.0
29.5,101.2,137.5,100.0,177.5
29.5,74.9,227.5,137.5,235.0
29.5,97.7,255.0,170.0,255.0
29.5,80.8,207.5,140.0,242.5
29.5,78.2,142.5,125.0,215.0
29.5,80.5,225.0,142.5,240.0
29.5,120.0,302.5,190.0,332.5
29.5,101.2,137.5,100.0,177.5
29.5,130.1,230.0,162.5,275.0
29.5,81.7,200.0,137.5,232.5
29.5,76.0,107.5,62.5,132.5
29.5,78.4,200.0,115.0,222.5
29.5,78.4,185.0,122.5,262.5
29.5,57.0,90.0,57.5,127.5
29.5,103.9,215.0,122.5,287.5
29.5,123.1,260.0,150.0,300.0
29.5,77.8,92.5,50.0,117.5
29.5,54.9,92.5,55.0,135.0
29.5,98.0,220.0,137.5,215.0
29.5,90.0,235.0,135.0,222.5
29.5,81.8,215.0,142.5,257.5
29.5,95.4,202.5,140.0,252.5
29.5,56.8,75.0,40.0,82.5
29.5,135.5,235.0,200.0,275.0
29.5,79.95,212.5,132.5,230.0
29.5,105.72,365.0,222.5,370.0
29.5,95.7,170.0,117.5,207.5
29.5,108.8,200.0,142.5,250.0
29.5,55.8,92.5,52.5,100.0
30.0,91.8,255.0,187.5,300.0
30.0,96.0,242.5,180.0,292.5
30.0,66.3,122.5,67.5,150.0
30.0,126.7,122.5,77.5,122.5
30.0,135.2,290.0,182.5,300.0
30.0,98.0,232.5,165.0,215.0
30.0,96.5,135.0,105.0,150.0
30.0,109.0,215.0,162.5,272.5
30.0,85.2,155.0,172.5,197.5
30.0,74.4,97.5,60.0,110.0
30.0,81.2,185.0,125.0,217.5
30.0,98.75,275.0,182.5,335.0
30.0,137.0,245.0,210.0,315.0
30.0,66.8,145.0,70.0,165.0
30.0,53.8,110.0,65.0,145.0
30.0,99.2,270.0,175.0,295.0
30.0,102.5,237.5,155.0,220.0
30.0,122.7,230.0,145.0,275.0
30.0,54.9,120.0,67.5,147.5
30.0,98.6,205.0,125.0,265.0
30.0,86.7,145.0,165.0,205.0
30.0,134.3,227.5,165.0,290.0
30.0,88.1,220.0,140.0,217.5
30.0,66.4,95.0,70.0,142.5
30.0,97.8,112.0,68.0,165.0
30.0,97.8,257.5,167.5,270.0
30.0,55.1,95.0,57.5,142.5
30.0,55.3,96.0,62.0,131.0
30.0,79.7,122.5,60.0,145.0
30.0,122.8,220.0,142.5,227.5
30.0,98.4,202.5,127.5,260.0
30.0,63.6,170.0,130.0,227.5
30.0,120.5,182.5,120.0,190.0
30.0,132.6,127.5,90.0,130.0
30.0,113.5,125.0,55.0,152.5
30.0,93.4,105.0,65.0,117.5
30.0,125.9,220.0,142.5,235.0
30.0,57.7,90.0,50.0,110.0
30.0,82.0,207.5,150.0,260.0
30.0,90.3,180.0,155.0,210.0
30.0,99.1,133.0,75.0,169.0
30.0,69.2,115.0,70.0,150.0
30.0,133.6,300.0,205.0,300.0
30.0,122.1,209.0,195.0,245.0
30.0,88.5,132.5,65.0,132.5
30.0,65.9,90.0,50.0,100.0
30.0,98.4,235.0,167.5,210.0
30.0,140.0,252.5,212.5,322.5
30.0,98.2,255.0,175.0,295.0
30.0,94.0,245.0,187.5,282.5
30.0,68.1,132.5,67.5,152.5
30.0,97.8,227.5,145.0,242.5
30.0,131.5,140.0,90.0,150.0
30.0,132.3,272.5,190.0,287.5
30.0,91.7,107.5,55.0,137.5
30.0,88.2,172.5,100.0,172.5
30.0,98.9,212.5,125.0,272.5
30.0,99.0,225.0,167.5,267.5
30.0,88.7,200.0,122.5,195.0
30.0,81.5,200.0,140.0,247.5
30.0,98.9,212.5,145.0,227.5
30.0,89.7,202.5,165.0,202.5
30.0,114.6,182.5,100.0,207.5
30.5,88.7,215.0,130.0,275.0
30.5,77.5,175.0,137.5,232.5
30.5,101.6,237.5,152.5,255.0
30.5,73.5,177.5,125.0,225.0
30.5,57.6,102.5,52.5,137.5
30.5,88.9,235.0,155.0,302.5
30.5,107.5,105.0,62.5,147.5
30.5,102.5,260.0,182.5,257.5
30.5,90.22,227.5,150.0,290.0
30.5,106.1,192.5,145.0,257.5
30.5,132.3,105.0,67.5,127.5
30.5,71.5,137.5,85.0,157.5
30.5,73.4,142.5,70.0,142.5
30.5,82.5,225.0,142.5,235.0
30.5,86.8,122.5,70.0,155.0
30.5,62.4,100.0,52.5,125.0
30.5,72.8,137.5,70.0,142.5
30.5,120.6,245.0,185.0,275.0
30.5,108.6,277.5,215.0,290.0
30.5,108.8,317.5,195.0,272.5
30.5,126.2,200.0,150.0,230.0
30.5,73.6,95.0,50.0,127.5
30.5,59.4,120.0,65.0,165.0
30.5,90.3,142.5,70.0,137.5
30.5,56.3,122.5,67.5,125.0
30.5,98.6,190.0,140.0,255.0
30.5,106.94,285.0,212.5,297.5
30.5,71.9,107.5,67.5,150.0
30.5,101.7,275.0,192.5,342.5
30.5,82.2,135.0,115.0,205.0
30.5,109.8,205.0,152.5,267.5
30.5,73.4,175.0,147.5,217.5
30.5,162.3,170.0,145.0,200.0
30.5,98.5,82.5,45.0,95.0
30.5,88.0,150.0,92.5,157.5
30.5,112.0,127.5,72.5,137.5
30.5,100.0,62.5,45.0,112.5
30.5,82.0,150.0,132.5,182.5
30.5,80.4,175.0,130.0,197.5
30.5,119.1,265.0,200.0,320.0
30.5,91.9,255.0,135.0,257.5
30.5,109.7,300.0,190.0,287.5
30.5,120.9,275.0,195.0,325.0
30.5,204.3,342.5,215.0,300.0
30.5,82.5,205.0,150.0,270.0
30.5,81.6,142.5,70.0,170.0
30.5,105.4,167.5,112.5,190.0
30.5,64.8,145.0,100.0,162.5
30.5,96.9,182.5,90.0,217.5
30.5,73.9,125.0,102.5,165.0
30.5,92.9,255.0,137.5,255.0
30.5,79.0,102.5,45.0,132.5
30.5,60.8,112.5,67.5,117.5
30.5,73.6,185.0,122.5,230.0
30.5,55.4,125.0,75.0,152.5
30.5,82.2,165.0,115.0,195.0
30.5,103.6,285.0,165.0,292.5
30.5,66.7,135.0,80.0,145.0
30.5,91.9,267.5,172.5,302.5
30.5,88.5,150.0,100.0,212.5
30.5,123.25,245.0,155.0,295.0
30.5,96.0,177.5,110.0,245.0
30.5,108.4,160.0,112.5,197.5
30.5,114.0,205.0,122.5,275.0
30.5,107.2,305.0,195.0,285.0
30.5,76.5,102.5,55.0,107.5
30.5,114.0,217.5,140.0,225.0
30.5,76.9,102.5,45.0,115.0
30.5,150.7,187.5,112.5,255.0
30.5,81.5,95.0,42.5,92.5
30.5,103.6,232.5,147.5,212.5
30.5,104.5,215.0,127.5,255.0
30.5,58.4,90.0,57.5,137.5
30.5,128.7,137.5,75.0,160.0
30.5,91.1,132.5,70.0,162.5
30.5,74.6,165.0,97.5,190.0
30.5,79.7,137.5,70.0,172.5
30.5,83.4,95.0,60.0,140.0
30.5,100.4,110.0,62.5,155.0
30.5,80.7,215.0,127.5,232.5
31.0,87.2,170.0,175.0,227.5
31.0,99.2,275.0,182.5,305.0
31.0,136.3,132.5,95.0,132.5
31.0,110.4,112.5,65.0,122.5
31.0,72.8,192.5,132.5,180.0
31.0,81.3,187.5,125.0,227.5
31.0,76.3,127.5,80.0,162.5
31.0,113.8,187.5,160.0,232.5
31.0,98.7,187.5,110.0,250.0
31.0,73.9,190.0,135.5,190.0
31.0,121.9,275.0,147.5,300.0
31.0,54.6,132.5,77.5,165.0
31.0,98.05,252.5,160.0,345.0
31.0,98.1,230.0,150.0,247.5
31.0,89.9,227.5,132.5,272.5
31.0,113.1,80.0,52.5,145.0
31.0,102.5,110.0,67.5,140.0
31.0,133.9,310.0,190.0,320.0
31.0,94.9,260.0,190.0,277.5
31.0,144.3,260.0,192.5,255.0
31.0,90.08,215.0,142.5,252.5
31.0,134.6,282.5,162.5,272.5
31.0,103.7,220.0,132.5,265.0
31.0,87.4,207.0,128.0,213.0
31.0,106.0,255.0,165.0,297.0
31.0,82.2,192.5,167.5,257.5
31.0,92.3,217.5,142.5,260.0
31.0,65.0,170.0,135.0,212.5
31.0,65.7,137.5,65.0,145.0
31.0,107.2,241.0,143.0,250.0
31.0,104.6,278.0,160.0,273.0
31.0,88.3,212.0,133.0,227.0
31.0,71.0,132.5,62.5,152.5
31.0,89.1,208.0,110.0,261.0
31.0,65.0,162.5,122.5,215.0
31.0,83.0,212.5,155.0,272.5
31.0,108.4,257.5,165.0,245.0
31.0,118.8,215.0,135.0,275.0
31.0,67.0,192.5,127.5,227.5
31.0,72.8,130.0,107.5,170.0
31.0,66.2,135.0,65.0,157.5
31.0,119.7,250.0,170.0,280.0
31.0,74.9,137.5,102.5,170.0
31.0,72.2,137.5,67.5,160.0
31.0,72.3,227.5,137.5,232.5
31.0,73.4,147.5,115.0,182.5
31.0,89.9,185.0,105.0,195.0
31.0,66.3,140.0,65.0,155.0
31.0,65.0,105.0,60.0,122.5
31.0,143.4,260.0,192.5,250.0
31.0,89.0,257.5,162.5,272.5
31.0,92.8,237.5,170.0,227.5
31.0,99.2,235.0,165.0,282.5
31.5,87.0,215.0,137.5,250.0
31.5,65.5,177.5,127.5,200.0
31.5,61.9,172.5,137.5,227.5
31.5,55.2,135.0,77.5,170.0
31.5,72.3,150.0,77.5,142.5
31.5,114.7,215.0,137.5,272.5
31.5,81.3,167.5,130.0,232.5
31.5,61.06,120.0,75.0,152.5
31.5,118.8,287.5,182.5,365.0
31.5,70.7,112.5,67.5,152.5
31.5,129.3,205.0,152.5,230.0
31.5,82.5,217.5,152.5,262.5
31.5,95.0,162.5,82.5,217.5
31.5,91.6,245.0,170.0,272.5
31.5,81.0,207.5,135.0,240.0
31.5,92.9,227.5,145.0,242.5
31.5,80.6,227.5,137.5,245.0
31.5,80.3,115.0,55.0,125.0
31.5,78.5,192.5,147.5,235.0
31.5,104.1,97.5,72.5,165.0
31.5,47.0,72.5,47.5,102.5
31.5,111.3,130.0,67.5,157.5
31.5,74.6,77.5,57.5,112.5
31.5,92.1,250.0,165.0,250.0
31.5,109.5,137.5,87.5,152.5
31.5,93.2,147.5,77.5,175.0
31.5,84.0,132.5,70.0,165.0
31.5,107.9,102.5,57.5,152.5
31.5,92.6,215.0,145.0,300.0
31.5,102.65,112.5,60.0,157.5
31.5,103.7,195.0,145.0,240.0
31.5,67.7,117.5,62.5,117.5
31.5,90.4,222.5,162.5,235.0
31.5,65.2,155.0,122.5,210.0
31.5,149.7,180.0,122.5,227.5
31.5,116.8,187.5,115.0,227.5
31.5,62.7,115.0,72.5,152.5
31.5,80.45,212.5,127.5,235.0
31.5,111.4,177.5,82.5,157.5
31.5,89.0,212.5,157.5,232.5
31.5,74.8,152.5,90.0,192.5
31.5,80.9,115.0,67.5,122.5
31.5,92.2,272.5,175.0,295.0
31.5,105.0,275.0,202.5,285.0
31.5,105.4,120.0,65.0,147.5
31.5,63.0,120.0,55.0,140.0
31.5,62.5,117.5,65.0,152.5
31.5,59.5,50.0,45.0,90.0
31.5,64.0,92.5,42.5,117.5
31.5,68.95,115.0,62.5,132.5
31.5,68.7,160.0,115.0,212.5
31.5,81.3,100.0,60.0,142.5
31.5,95.0,140.0,82.5,205.0
31.5,102.7,187.5,115.0,225.0
31.5,91.1,237.5,102.5,235.0
31.5,93.9,160.0,75.0,175.0
31.5,102.1,205.0,122.5,240.0
31.5,78.1,185.0,145.0,235.0
31.5,56.6,130.0,65.0,120.0
31.5,66.5,120.0,72.5,147.5
31.5,98.5,205.0,137.5,272.5
31.5,127.0,195.0,185.0,272.5
31.5,82.6,120.0,52.5,142.5
31.5,105.8,125.0,67.5,150.0
31.5,62.5,92.5,60.0,130.0
31.5,87.1,170.0,137.5,217.5
31.5,74.3,152.5,95.0,190.0
31.5,123.7,140.0,77.5,100.0
31.5,105.73,285.0,215.0,300.0
31.5,103.0,107.5,60.0,152.5
31.5,97.2,207.5,125.0,227.5
31.5,74.0,162.5,120.0,172.5
31.5,96.4,172.5,82.5,177.5
31.5,88.5,117.5,70.0,170.0
31.5,66.8,130.0,57.5,137.5
31.5,80.1,130.0,135.0,200.0
31.5,111.7,222.5,170.0,272.5
31.5,80.1,192.5,142.5,232.5
31.5,69.3,122.5,75.0,152.5
31.5,116.9,215.0,170.0,232.5
32.0,57.29,137.5,82.5,165.0
32.0,57.9,115.0,52.5,142.5
32.0,69.6,110.0,57.5,145.0
32.0,88.7,227.5,155.0,240.0
32.0,65.3,154.0,110.0,158.0
32.0,106.9,120.0,65.0,145.0
32.0,72.8,107.5,60.0,145.0
32.0,109.8,185.0,132.5,247.5
32.0,72.8,137.0,66.0,144.0
32.0,74.3,165.0,125.0,182.5
32.0,89.2,227.5,145.0,75.0
32.0,88.5,185.0,177.5,210.0
32.0,133.0,279.0,157.0,284.0
32.0,87.8,192.5,182.5,250.0
32.0,81.5,205.0,93.0,218.0
32.0,73.3,140.0,115.0,185.0
32.0,107.4,130.0,72.5,155.0
32.0,94.2,265.0,187.5,280.0
32.0,119.7,227.5,177.5,260.0
32.0,58.0,100.0,65.0,120.0
32.0,63.7,132.5,67.5,132.5
32.0,116.9,237.5,180.0,262.5
32.0,134.5,317.5,195.0,322.5
32.0,75.0,177.5,112.5,225.0
32.0,94.3,145.5,65.0,160.0
32.0,71.2,115.0,82.5,140.0
32.0,80.95,197.5,122.5,235.0
32.0,80.6,142.5,85.0,170.0
32.0,73.6,90.0,62.5,122.5
32.0,94.0,262.5,192.5,290.0
32.0,202.0,365.0,232.5,310.0
32.0,66.4,95.0,57.5,147.5
32.0,89.7,180.0,127.5,240.0
32.0,92.8,157.5,107.5,190.0
32.0,88.6,200.0,172.5,227.5
32.0,90.7,165.0,110.0,192.5
32.0,59.3,120.0,85.0,147.5
32.0,203.2,230.0,185.0,232.5
32.0,72.7,137.5,72.5,167.5
32.0,127.6,162.5,65.0,175.0
32.0,107.2,240.0,147.5,265.0
32.0,58.4,105.0,72.5,127.5
32.0,107.6,222.5,152.5,280.0
32.0,82.4,202.5,157.5,255.0
32.0,92.8,240.0,172.5,227.5
32.0,182.3,272.5,142.5,235.0
32.5,92.7,185.0,147.5,225.0
32.5,88.8,157.5,75.0,167.5
32.5,81.0,215.0,137.5,240.0
32.5,131.65,130.0,75.0,122.5
32.5,92.8,90.0,60.0,130.0
32.5,70.7,112.5,70.0,160.0
32.5,79.8,192.5,142.5,237.5
32.5,153.8,200.0,142.5,252.5
32.5,117.3,235.0,145.0,245.0
32.5,80.8,180.0,137.5,227.5
32.5,99.1,170.0,90.0,227.5
32.5,72.9,117.5,50.0,140.0
32.5,69.8,125.0,65.0,157.5
32.5,117.35,187.5,92.5,205.0
32.5,92.5,235.0,157.5,302.5
32.5,109.0,132.5,75.0,155.0
32.5,56.1,127.5,80.0,160.0
32.5,66.5,102.5,45.0,120.0
32.5,92.6,215.0,145.0,250.0
32.5,102.4,235.0,155.0,300.0
32.5,72.5,87.5,45.0,110.0
32.5,79.3,110.0,67.5,115.0
32.5,120.9,210.0,175.0,245.0
32.5,79.95,117.5,60.0,147.5
32.5,110.4,142.5,92.5,155.0
32.5,73.2,150.0,100.0,195.0
32.5,101.8,212.5,150.0,240.0
32.5,94.4,167.5,85.0,157.5
32.5,81.05,205.0,120.0,250.0
32.5,97.5,170.0,87.5,220.0
32.5,76.2,120.0,65.0,125.0
32.5,83.3,125.0,105.0,165.0
32.5,102.4,117.5,67.5,170.0
32.5,77.8,195.0,145.0,232.5
32.5,141.4,120.0,85.0,155.0
32.5,68.7,125.0,85.0,145.0
32.5,201.1,352.5,220.0,310.0
32.5,95.2,197.5,140.0,242.5
32.5,84.6,100.0,80.0,130.0
32.5,89.1,192.5,127.5,250.0
32.5,100.6,117.5,67.5,157.5
32.5,78.6,82.5,52.5,115.0
32.5,97.24,172.5,87.5,217.5
32.5,82.2,125.0,62.5,152.5
32.5,102.6,212.5,155.0,217.5
32.5,56.2,137.5,87.5,155.0
32.5,92.1,277.5,175.0,310.0
32.5,81.15,87.5,60.0,122.5
32.5,103.0,115.0,62.5,165.0
32.5,80.0,82.5,65.0,120.0
32.5,106.1,155.0,100.0,172.5
32.5,70.2,105.0,62.5,155.0
32.5,80.8,87.5,50.0,120.0
32.5,60.1,70.0,37.5,92.5
32.5,71.2,125.0,62.5,152.5
32.5,69.9,65.0,37.5,80.0
32.5,103.2,227.5,127.5,250.0
33.0,123.9,227.5,155.0,287.5
33.0,88.3,192.5,145.0,247.5
33.0,135.5,265.0,185.0,287.5
33.0,66.8,175.0,117.5,212.5
33.0,88.7,187.5,130.0,242.5
33.0,98.7,165.0,80.0,172.5
33.0,65.6,142.5,115.0,175.0
33.0,59.7,105.0,45.0,127.5
33.0,74.6,220.0,132.5,270.0
33.0,112.3,137.5,77.5,165.0
33.0,88.8,172.5,112.5,200.0
33.0,67.45,152.5,70.0,155.0
33.0,97.9,147.5,70.0,160.0
33.0,137.1,245.0,180.0,252.5
33.0,115.8,130.0,77.5,190.0
33.0,73.7,145.0,115.0,215.0
33.0,111.0,225.0,172.5,255.0
33.0,62.8,105.0,47.5,145.0
33.0,109.4,285.0,210.0,310.0
33.0,114.0,122.5,70.0,182.5
33.0,88.68,72.5,45.0,95.0
33.0,89.9,112.5,55.0,140.0
33.0,109.1,297.5,215.0,330.0
33.0,56.07,147.5,85.0,157.5
33.0,65.8,107.5,52.5,147.5
33.0,78.5,80.0,45.0,120.0
33.0,89.3,162.5,77.5,172.5
33.0,67.1,167.5,117.5,207.5
33.0,70.0,65.0,37.5,132.5
33.0,97.7,185.0,132.5,227.5
33.0,200.0,367.5,222.5,320.0
33.0,84.2,145.0,72.5,157.5
33.0,97.7,190.0,115.0,207.5
33.0,134.3,275.0,169.0,291.0
33.0,87.2,142.5,92.5,192.5
33.0,88.3,192.5,145.0,247.5
33.0,65.7,147.5,70.0,147.5
33.0,65.9,137.0,66.0,137.0
33.0,86.0,137.5,112.5,202.5
33.0,100.8,137.5,75.0,167.5
33.0,108.3,272.5,200.0,300.0
33.0,106.7,252.5,160.0,287.5
33.5,135.2,210.0,112.5,210.0
33.5,83.8,97.5,57.5,130.0
33.5,59.7,90.0,55.0,112.5
33.5,102.0,162.5,125.0,227.5
33.5,85.2,122.5,100.0,167.5
33.5,93.5,195.0,137.5,205.0
33.5,125.5,225.0,157.5,255.0
33.5,105.6,187.5,137.5,242.5
33.5,81.2,95.0,55.0,130.0
33.5,91.3,162.5,120.0,172.5
33.5,92.0,177.5,137.5,195.0
33.5,68.9,107.5,65.0,160.0
33.5,56.5,112.5,70.0,130.0
33.5,74.0,182.5,122.5,227.5
33.5,71.2,77.5,45.0,105.0
33.5,67.0,107.5,55.0,127.5
33.5,60.4,80.0,47.5,110.0
33.5,112.5,235.0,150.0,250.0
33.5,79.6,152.5,82.5,147.5
33.5,82.2,200.0,147.5,250.0
33.5,79.7,237.5,132.5,262.5
33.5,111.2,245.0,145.0,250.0
33.5,82.5,177.5,127.5,225.0
33.5,138.2,140.0,65.0,142.5
33.5,89.3,250.0,172.5,265.0
33.5,81.0,90.0,52.5,127.5
33.5,73.1,125.0,67.5,132.5
33.5,136.3,125.0,67.5,135.0
33.5,67.5,117.5,62.5,162.5
33.5,86.0,125.0,75.0,160.0
33.5,95.5,107.5,57.5,130.0
33.5,92.0,175.0,137.5,190.0
33.5,88.9,197.5,147.5,242.5
33.5,100.4,245.0,155.0,317.5
33.5,79.9,145.0,77.5,145.0
33.5,60.9,102.5,57.5,112.5
33.5,82.3,127.5,57.5,142.5
33.5,80.2,207.5,152.5,237.5
33.5,63.86,182.5,137.5,232.5
33.5,118.6,180.0,135.0,207.5
33.5,76.0,122.5,82.5,175.0
33.5,103.4,242.5,147.5,247.5
33.5,64.5,162.5,122.5,205.0
33.5,67.5,112.5,60.0,160.0
33.5,75.0,137.5,82.5,185.0
33.5,85.1,130.0,77.5,165.0
33.5,109.6,167.5,85.0,177.5
33.5,61.5,100.0,57.5,112.5
33.5,108.6,170.0,160.0,277.5
33.5,59.2,90.0,42.5,97.5
33.5,116.8,272.5,160.0,282.5
33.5,78.8,50.0,47.5,95.0
33.5,130.95,330.0,200.0,335.0
33.5,60.95,122.5,75.0,165.0
33.5,89.0,195.0,127.5,272.5
33.5,101.5,275.0,150.0,265.0
33.5,93.5,92.5,55.0,117.5
33.5,89.0,130.0,110.0,177.5
33.5,125.5,200.0,115.0,210.0
33.5,73.2,162.5,120.0,207.5
33.5,92.1,225.0,160.0,287.5
33.5,90.2,182.5,117.5,275.0
33.5,65.6,170.0,130.0,220.0
33.5,61.8,125.0,57.5,130.0
33.5,55.7,110.0,70.0,130.0
33.5,74.5,135.0,80.0,185.0
33.5,55.0,80.0,52.5,115.0
33.5,74.8,137.5,70.0,137.5
33.5,68.2,115.0,60.0,130.0
33.5,60.8,97.5,57.5,112.5
33.5,73.4,100.0,50.0,120.0
33.5,83.1,117.5,52.5,145.0
33.5,80.4,135.0,55.0,137.5
33.5,98.8,200.0,152.5,275.0
34.0,88.1,185.0,117.5,240.0
34.0,88.25,182.0,143.0,227.0
34.0,105.0,181.44,142.88,219.99
34.0,64.4,135.0,80.0,182.5
34.0,79.3,100.0,57.5,130.0
34.0,95.1,227.5,160.0,235.0
34.0,73.9,227.5,125.0,265.0
34.0,108.5,277.5,185.0,300.0
34.0,103.2,230.0,60.0,265.0
34.0,56.45,140.0,85.0,150.0
34.0,87.7,162.5,100.0,222.5
34.0,89.05,182.5,100.0,240.0
34.0,72.8,140.0,65.0,165.0
34.0,109.3,97.5,62.5,152.5
34.0,59.4,107.5,62.5,165.0
34.0,64.7,162.5,125.0,207.5
34.0,118.0,235.0,177.5,272.5
34.0,67.4,155.0,110.0,217.5
34.0,75.4,95.0,50.0,140.0
34.0,59.4,140.0,105.0,165.0
34.0,103.9,147.5,75.0,150.0
34.0,67.0,112.5,57.5,145.0
34.0,73.6,110.0,70.0,145.0
34.0,65.6,142.5,117.5,185.0
34.0,118.5,170.0,102.5,200.0
34.0,102.3,237.5,167.5,250.0
34.0,90.0,182.5,120.0,232.5
34.0,80.3,197.5,110.0,242.5
34.0,62.7,92.5,67.5,135.0
34.5,109.1,245.0,152.5,255.0
34.5,75.0,235.0,125.0,265.0
34.5,91.3,227.5,160.0,277.5
34.5,91.5,242.5,150.0,275.0
34.5,93.8,192.5,137.5,245.0
34.5,95.5,90.0,40.0,112.5
34.5,117.8,232.5,145.0,247.5
34.5,81.4,140.0,110.0,225.0
34.5,60.75,95.0,57.5,115.0
34.5,56.7,115.0,75.0,145.0
34.5,75.3,142.5,85.0,197.5
34.5,81.5,170.0,105.0,205.0
34.5,114.6,182.5,140.0,240.0
34.5,104.6,110.0,52.5,105.0
34.5,102.2,222.5,180.0,252.5
34.5,71.4,85.0,45.0,117.5
34.5,102.6,195.0,137.5,257.5
34.5,106.5,165.0,105.0,190.0
34.5,57.9,82.5,40.0,92.5
34.5,59.4,97.5,72.5,125.0
34.5,99.9,120.0,52.5,140.0
34.5,73.3,200.0,135.0,205.0
34.5,60.6,115.0,70.0,152.5
34.5,61.3,115.0,55.0,130.0
34.5,65.2,165.0,112.5,200.0
34.5,90.1,197.5,137.5,210.0
34.5,91.9,177.5,130.0,220.0
34.5,57.3,70.0,40.0,82.5
34.5,102.0,187.5,142.5,215.0
34.5,73.8,170.0,122.5,210.0
34.5,83.1,110.0,60.0,132.5
34.5,74.4,190.0,97.5,280.0
34.5,97.6,287.5,177.5,317.5
34.5,113.4,205.0,117.5,250.0
34.5,78.5,160.0,105.0,192.5
34.5,92.3,227.5,145.0,247.5
34.5,88.4,205.0,147.5,250.0
34.5,71.6,82.5,47.5,112.5
34.5,73.7,142.5,72.5,145.0
34.5,72.9,205.0,142.5,225.0
34.5,120.6,215.0,125.0,227.5
34.5,74.4,142.5,85.0,192.5
34.5,55.9,87.5,57.5,117.5
34.5,102.3,102.5,47.5,102.5
34.5,88.0,162.5,147.5,190.0
34.5,100.6,97.5,77.5,150.0
34.5,92.4,187.5,117.5,277.5
34.5,63.0,97.5,62.5,107.5
34.5,106.6,112.5,80.0,155.0
34.5,57.1,65.0,40.0,82.5
34.5,108.7,252.5,155.0,240.0
34.5,130.9,147.5,87.5,157.5
34.5,58.9,90.0,45.0,90.0
34.5,72.0,182.5,132.5,197.5
34.5,118.7,150.0,80.0,192.5
34.5,97.5,287.5,177.5,315.0
34.5,64.7,110.0,57.5,132.5
34.5,119.75,177.5,102.5,205.0
35.0,120.2,195.0,142.5,227.5
35.0,186.7,345.0,210.0,322.5
35.0,50.2,105.0,57.5,125.0
35.0,118.4,227.5,140.0,247.5
35.0,100.0,295.0,212.5,320.0
35.0,104.2,210.0,142.5,290.0
35.0,65.4,137.5,87.5,187.5
35.0,100.0,277.5,215.0,300.0
35.0,100.0,277.5,215.0,300.0
35.0,108.0,290.0,182.5,320.0
35.0,120.3,200.0,115.0,227.0
35.0,89.8,170.0,97.5,200.0
35.0,89.8,170.0,97.5,200.0
35.0,77.6,127.5,135.0,170.0
35.0,114.5,167.5,127.5,185.0
35.0,77.6,127.5,135.0,170.0
35.0,120.2,195.0,142.5,227.5
35.0,50.2,105.0,57.5,125.0
35.0,82.3,150.0,117.5,230.0
35.0,89.2,205.0,122.5,240.0
35.0,106.5,155.0,102.5,190.0
35.0,106.5,155.0,102.5,190.0
35.0,155.0,272.5,155.0,272.5
35.0,106.2,197.5,140.0,252.5
35.0,54.3,90.0,52.5,160.0
35.0,152.4,285.0,170.0,272.5
35.0,152.4,285.0,170.0,272.5
35.0,82.4,192.5,110.0,242.5
35.0,99.9,145.0,87.5,177.5
35.0,99.9,145.0,87.5,177.5
35.0,117.1,210.0,155.0,247.5
35.0,117.1,210.0,155.0,247.5
35.0,73.0,117.5,72.5,145.0
35.0,73.0,117.5,72.5,145.0
35.0,49.7,82.5,57.5,115.0
35.0,89.8,230.0,160.0,258.0
35.0,49.7,82.5,57.5,115.0
35.0,108.9,97.5,50.0,117.5
35.0,121.0,182.5,107.5,202.5
35.0,108.5,282.5,185.0,305.0
35.0,72.8,117.5,67.5,135.0
35.0,89.2,205.0,122.5,240.0
35.0,73.15,127.5,65.0,157.5
35.0,72.8,117.5,67.5,135.0
35.0,123.0,367.5,222.5,355.0
35.0,73.15,127.5,65.0,157.5
35.0,91.1,212.5,155.0,227.5
35.0,92.8,200.0,127.5,232.5
35.0,180.0,330.0,212.5,332.5
35.0,80.7,187.5,117.5,215.0
35.0,78.9,155.0,75.0,165.0
35.0,78.9,155.0,75.0,165.0
35.0,59.4,110.0,65.0,152.5
35.0,118.2,97.0,67.0,122.0
35.0,54.1,85.0,52.5,147.5
35.0,100.0,295.0,212.5,320.0
35.0,71.5,110.0,67.5,157.5
35.0,59.4,110.0,65.0,152.5
35.0,107.73,220.0,190.0,247.5
35.0,107.73,220.0,190.0,247.5
35.0,99.4,200.0,185.0,200.0
35.5,116.3,207.5,137.5,252.5
35.5,107.2,250.0,145.0,245.0
35.5,73.5,77.5,62.5,95.0
35.5,96.7,190.0,137.5,212.5
35.5,74.7,185.0,90.0,275.0
35.5,90.0,237.5,140.0,257.5
35.5,73.6,147.5,72.5,150.0
35.5,63.0,75.0,57.5,97.5
35.5,67.2,132.5,77.5,162.5
35.5,67.7,147.5,82.5,170.0
35.5,87.5,140.0,72.5,167.5
35.5,72.9,155.0,75.0,145.0
35.5,63.7,75.0,42.5,105.0
35.5,103.3,205.0,122.5,250.0
35.5,133.2,150.0,85.0,160.0
35.5,103.4,192.5,117.5,242.5
35.5,83.6,117.5,85.0,130.0
35.5,79.5,152.5,87.5,207.5
35.5,70.5,135.0,60.0,135.0
35.5,62.2,110.0,65.0,147.5
35.5,93.0,235.0,137.5,260.0
35.5,85.3,120.0,62.5,147.5
35.5,64.2,82.5,45.0,110.0
35.5,74.0,205.0,142.5,220.0
35.5,73.93,192.5,140.0,212.5
35.5,73.4,140.0,120.0,205.0
35.5,85.2,165.0,127.5,200.0
35.5,107.7,230.0,150.0,255.0
35.5,60.5,77.5,60.0,115.0
35.5,179.9,165.0,125.0,207.5
35.5,78.4,150.0,90.0,205.0
35.5,82.7,115.0,85.0,140.0
35.5,82.5,112.5,85.0,125.0
35.5,73.8,205.0,137.5,220.0
35.5,103.7,195.0,122.5,227.5
35.5,60.0,72.5,55.0,110.0
35.5,78.5,160.0,92.5,215.0
35.5,108.5,100.0,55.0,115.0
35.5,81.6,122.5,75.0,152.5
35.5,66.0,177.5,117.5,227.5
35.5,72.2,152.5,102.5,162.5
35.5,80.0,140.0,120.0,200.0
35.5,67.8,140.0,77.5,162.5
36.0,86.0,192.5,132.5,215.0
36.0,99.2,175.0,145.0,230.0
36.0,185.7,300.0,202.5,290.0
36.0,51.2,107.5,62.5,125.0
36.0,71.2,95.0,45.0,125.0
36.0,51.2,107.5,62.5,125.0
36.0,51.2,105.0,65.0,120.0
36.0,51.2,105.0,65.0,120.0
36.0,71.1,140.0,75.0,170.0
36.0,109.2,297.5,187.5,295.0
36.0,122.8,227.5,157.5,257.5
36.0,122.8,227.5,157.5,257.5
36.0,51.5,102.5,60.0,127.5
36.0,106.0,167.5,102.5,195.0
36.0,88.8,215.0,125.0,227.5
36.0,97.5,132.5,62.5,172.5
36.0,97.5,132.5,62.5,172.5
36.0,96.4,182.5,125.0,200.0
36.0,106.0,167.5,102.5,195.0
36.0,51.5,102.5,60.0,127.5
36.0,79.7,170.0,77.0,168.0
36.0,72.2,92.5,50.0,112.5
36.0,74.5,130.0,77.5,140.0
36.0,123.0,260.0,175.0,255.0
36.0,122.05,237.5,142.5,277.5
36.0,126.7,200.0,132.5,220.0
36.0,124.1,208.0,118.0,230.0
36.0,111.6,100.0,57.5,127.5
36.0,95.0,120.0,57.5,160.0
36.0,74.55,230.0,130.0,272.5
36.0,86.0,192.5,132.5,215.0
36.0,111.6,100.0,57.5,127.5
36.0,51.6,105.0,60.0,177.5
36.0,58.9,70.0,35.0,97.5
36.0,81.3,175.0,80.0,177.5
36.0,96.2,160.0,95.0,185.0
36.0,96.2,160.0,95.0,185.0
36.0,124.1,208.0,118.0,230.0
36.0,81.3,175.0,80.0,177.5
36.0,82.1,165.0,120.0,250.0
36.0,99.9,300.0,197.5,322.5
36.0,58.9,70.0,35.0,97.5
36.0,88.8,210.0,140.0,242.5
36.0,79.7,170.0,77.0,168.0
36.5,108.2,245.0,142.5,240.0
36.5,54.8,75.0,35.0,97.5
36.5,79.1,110.0,85.0,120.0
36.5,98.2,170.0,115.0,205.0
36.5,99.1,117.5,65.0,157.5
36.5,110.4,160.0,132.5,207.5
36.5,95.4,105.0,52.5,122.5
36.5,65.5,157.5,87.5,170.0
36.5,83.0,182.5,120.0,227.5
36.5,98.6,192.5,112.5,282.5
36.5,89.5,115.0,110.0,170.0
36.5,69.2,90.0,55.0,115.0
36.5,81.8,180.0,140.0,205.0
36.5,71.65,115.0,72.5,140.0
36.5,102.9,152.5,115.0,195.0
36.5,92.0,180.0,137.5,182.5
36.5,90.2,195.0,140.0,215.0
36.5,128.9,147.5,130.0,237.5
36.5,65.5,85.0,52.5,115.0
36.5,67.5,87.5,55.0,115.0
36.5,87.3,160.0,105.0,210.0
36.5,107.5,97.5,57.5,137.5
36.5,103.1,205.0,117.5,235.0
36.5,84.3,155.0,110.0,195.0
36.5,167.7,107.5,75.0,185.0
36.5,74.7,102.5,65.0,127.5
36.5,128.3,182.5,145.0,245.0
36.5,64.2,155.0,82.5,165.0
36.5,78.6,115.0,72.5,150.0
36.5,130.3,137.5,80.0,182.5
36.5,65.5,170.0,125.0,230.0
36.5,65.6,167.5,112.5,225.0
36.5,73.7,145.0,115.0,200.0
36.5,73.95,200.0,97.5,255.0
36.5,64.6,95.0,45.0,87.5
37.0,98.4,182.5,130.0,232.5
37.0,184.7,75.0,55.0,120.0
37.0,184.7,75.0,55.0,120.0
37.0,98.0,230.0,125.0,230.0
37.0,122.5,182.5,182.5,272.5
37.0,149.9,262.5,197.5,272.5
37.0,137.0,242.5,220.0,272.5
37.0,64.7,105.0,50.0,125.0
37.0,98.0,230.0,125.0,230.0
37.0,131.0,137.5,72.5,165.0
37.0,78.3,190.0,105.0,234.0
37.0,96.0,157.5,150.0,205.0
37.0,155.8,290.0,175.0,279.0
37.0,131.0,137.5,72.5,165.0
37.0,155.8,290.0,175.0,279.0
37.0,82.6,195.0,110.0,212.5
37.0,80.3,192.5,110.0,247.5
37.0,78.3,190.0,105.0,234.0
37.0,99.9,177.5,145.0,220.0
37.0,88.3,145.0,70.0,162.5
37.0,86.0,185.0,107.5,215.0
37.0,86.8,112.5,55.0,105.0
37.0,187.9,75.0,62.5,127.5
37.0,180.0,85.0,65.0,125.0
37.0,157.0,137.5,72.5,132.5
37.0,86.6,215.0,142.5,257.5
37.0,80.4,125.0,67.5,160.0
37.0,106.4,172.5,105.0,197.5
37.0,79.6,145.0,80.0,182.5
37.0,180.0,85.0,65.0,125.0
37.0,106.4,172.5,105.0,197.5
37.0,88.8,215.0,60.0,272.5
37.0,86.0,140.0,65.0,165.0
37.0,107.7,165.0,105.0,195.0
37.0,81.8,95.0,47.5,110.0
37.0,183.7,85.0,57.5,125.0
37.0,187.9,75.0,62.5,127.5
37.0,86.8,112.5,55.0,105.0
37.0,183.7,85.0,57.5,125.0
37.0,105.5,175.0,127.5,200.0
37.0,79.6,79.0,60.0,118.0
37.0,65.3,95.0,62.5,110.0
37.0,122.5,182.5,182.5,272.5
37.0,82.3,70.0,42.5,95.0
37.0,124.0,247.5,178.0,267.5
37.0,104.3,88.0,62.0,144.0
37.0,104.3,88.0,62.0,144.0
37.0,124.0,247.5,178.0,267.5
37.5,122.5,240.0,137.5,282.5
37.5,65.52,152.5,85.0,170.0
37.5,126.5,125.0,92.5,187.5
37.5,90.71,165.0,107.5,202.5
37.5,91.9,200.0,115.0,220.0
37.5,88.3,172.5,130.0,255.0
37.5,99.0,125.0,72.5,150.0
37.5,86.5,142.5,62.5,162.5
37.5,83.4,115.0,67.5,132.5
37.5,122.6,240.0,137.5,277.5
37.5,85.5,145.0,100.0,200.0
37.5,111.4,177.5,125.0,190.0
37.5,88.6,150.0,102.5,175.0
37.5,74.1,110.0,57.5,175.0
37.5,78.8,160.0,112.5,190.0
37.5,56.3,105.0,80.0,115.0
37.5,71.9,132.5,57.5,137.5
37.5,79.1,152.5,115.0,182.5
37.5,71.0,102.5,47.5,127.5
37.5,56.2,107.5,80.0,112.5
37.5,99.7,125.0,75.0,152.5
37.5,102.4,210.0,130.0,240.0
37.5,120.7,300.0,195.0,320.0
37.5,91.3,197.5,107.5,220.0
37.5,103.4,182.5,107.5,192.5
37.5,90.7,127.5,125.0,190.0
37.5,103.9,170.0,125.0,170.0
37.5,99.1,130.0,70.0,152.5
37.5,105.0,195.0,125.0,232.5
37.5,82.2,102.5,70.0,155.0
37.5,97.8,185.0,115.0,215.0
37.5,78.4,150.0,125.0,230.0
37.5,83.4,157.5,82.5,187.5
37.5,87.5,125.0,57.5,155.0
37.5,96.1,112.5,70.0,122.5
37.5,74.0,197.5,140.0,207.5
37.5,82.5,172.5,140.0,235.0
37.5,113.6,210.0,137.5,227.5
37.5,116.2,230.0,157.5,265.0
37.5,117.7,275.0,192.5,290.0
37.5,94.0,165.0,132.5,192.5
37.5,96.2,95.0,50.0,110.0
37.5,55.4,85.0,45.0,100.0
37.5,73.5,210.0,132.5,207.5
37.5,131.3,152.5,85.0,195.0
37.5,115.1,97.5,52.5,122.5
37.5,132.6,145.0,85.0,182.5
38.0,110.1,115.0,47.5,117.5
38.0,97.8,155.0,97.5,162.5
38.0,136.3,235.0,160.0,267.5
38.0,127.6,247.5,140.0,230.0
38.0,127.6,247.5,140.0,230.0
38.0,136.3,235.0,160.0,267.5
38.0,134.4,230.0,155.0,267.5
38.0,79.5,160.0,117.5,195.0
38.0,134.4,230.0,155.0,267.5
38.0,92.4,237.5,155.0,282.5
38.0,81.7,130.0,70.0,172.5
38.0,74.1,177.0,116.0,203.0
38.0,124.1,215.0,152.5,252.5
38.0,81.6,122.5,72.5,165.0
38.0,81.7,130.0,70.0,172.5
38.0,80.0,155.0,110.0,220.0
38.0,72.3,67.5,40.0,92.5
38.0,64.5,98.0,45.0,82.5
38.0,80.0,160.0,107.5,222.5
38.0,64.5,98.0,45.0,82.5
38.0,74.0,177.5,120.0,210.0
38.0,65.5,118.0,52.0,120.0
38.0,64.6,97.5,47.5,85.0
38.0,80.0,160.0,107.5,222.5
38.0,99.9,73.0,51.0,137.0
38.0,104.3,200.0,130.0,245.0
38.0,64.6,97.5,47.5,85.0
38.0,89.0,137.5,70.0,167.5
38.0,131.5,217.5,152.5,262.5
38.0,64.7,117.5,62.5,185.0
38.0,110.0,227.5,167.5,265.0
38.0,90.4,100.0,57.5,137.5
38.0,137.6,216.0,164.0,241.0
38.0,120.8,207.5,147.5,245.0
38.0,86.4,215.0,137.5,260.0
38.0,89.0,137.5,70.0,167.5
38.0,137.6,216.0,164.0,241.0
38.0,90.4,100.0,57.5,137.5
38.5,117.7,262.5,190.0,295.0
38.5,92.3,162.5,127.5,205.0
38.5,51.9,80.0,52.5,90.0
38.5,117.5,305.0,197.5,322.5
38.5,66.1,70.0,47.5,85.0
38.5,88.8,192.5,130.0,265.0
38.5,98.5,190.0,115.0,185.0
38.5,131.4,170.0,92.5,200.0
38.5,80.6,102.5,70.0,160.0
38.5,82.9,125.0,75.0,160.0
38.5,68.7,112.5,75.0,122.5
38.5,76.9,80.0,52.5,107.5
38.5,75.5,120.0,50.0,152.5
38.5,74.1,145.0,120.0,205.0
38.5,86.9,125.0,77.5,157.5
38.5,97.4,220.0,152.5,280.0
38.5,82.05,90.0,52.5,112.5
38.5,91.2,205.0,140.0,235.0
38.5,80.1,90.0,52.5,100.0
38.5,82.3,130.0,75.0,157.5
38.5,83.9,135.0,77.5,155.0
38.5,88.4,205.0,115.0,227.5
38.5,66.3,122.5,62.5,142.5
38.5,91.6,192.5,130.0,257.5
38.5,128.6,190.0,147.5,235.0
38.5,128.1,250.0,220.0,272.5
38.5,91.1,162.5,130.0,212.5
38.5,119.4,182.5,135.0,215.0
38.5,62.9,127.5,72.5,172.5
38.5,75.4,112.5,50.0,137.5
38.5,88.6,110.0,60.0,142.5
38.5,116.3,110.0,55.0,137.5
38.5,122.8,295.0,210.0,325.0
38.5,67.0,120.0,60.0,137.5
38.5,94.7,100.0,70.0,135.0
38.5,100.2,217.5,150.0,277.5
38.5,116.1,242.5,190.0,285.0
38.5,93.0,187.5,140.0,187.5
38.5,55.3,92.5,55.0,105.0
38.5,99.9,205.0,107.5,185.0
38.5,79.2,155.0,117.5,230.0
38.5,62.9,95.0,52.5,137.5
38.5,78.9,220.0,132.5,202.5
38.5,56.4,100.0,55.0,117.5
39.0,118.7,247.5,182.5,275.0
39.0,80.0,162.0,106.0,213.0
39.0,78.9,157.5,115.0,197.5
39.0,81.6,137.5,67.5,170.0
39.0,81.6,137.5,67.5,170.0
39.0,122.05,220.0,185.0,235.0
39.0,88.2,172.5,95.0,165.0
39.0,129.5,257.5,175.0,270.0
39.0,85.7,117.5,60.0,142.5
39.0,129.5,257.5,175.0,270.0
39.0,117.0,115.0,70.0,145.0
39.0,80.0,162.0,106.0,213.0
39.0,88.3,170.0,87.5,195.0
39.0,125.7,285.0,160.0,282.5
39.0,88.3,170.0,87.5,195.0
39.0,52.2,67.5,45.0,75.0
39.0,88.4,170.0,87.5,197.5
39.0,85.7,117.5,60.0,142.5
39.0,97.4,225.0,155.0,240.0
39.0,118.0,112.5,70.0,145.5
39.0,105.9,200.0,127.5,250.0
39.0,128.7,255.0,167.5,260.0
39.0,109.2,255.0,145.0,242.5
39.0,81.2,137.5,75.0,175.0
39.0,81.2,137.5,75.0,175.0
39.0,78.9,157.5,115.0,197.5
39.0,78.2,147.5,92.5,182.5
39.0,88.4,170.0,87.5,197.5
39.0,116.6,212.5,162.5,242.5
39.0,132.1,220.0,195.0,257.5
39.0,88.8,112.5,62.5,147.5
39.0,97.4,225.0,155.0,240.0
39.0,106.0,210.0,160.0,235.0
39.0,58.5,95.0,70.0,125.0
39.0,132.1,220.0,195.0,257.5
39.5,82.2,107.5,65.0,145.0
39.5,98.6,157.5,125.0,195.0
39.5,74.4,127.5,55.0,155.0
39.5,105.0,247.5,157.5,287.5
39.5,119.1,265.0,185.0,292.5
39.5,58.4,115.0,82.5,127.5
39.5,58.3,122.5,85.0,132.5
39.5,103.91,247.5,157.5,277.5
39.5,138.9,195.0,165.0,205.0
39.5,97.7,205.0,117.5,215.0
39.5,82.2,172.5,105.0,182.5
39.5,69.9,25.0,52.5,110.0
39.5,132.5,80.0,57.5,150.0
39.5,83.0,187.5,112.5,265.0
39.5,99.1,200.0,117.5,207.5
39.5,97.7,205.0,117.5,215.0
39.5,105.0,247.5,157.5,287.5
39.5,59.85,132.5,75.0,172.5
39.5,76.8,205.0,130.0,200.0
39.5,96.9,195.0,120.0,242.5
39.5,136.1,92.5,55.0,170.0
39.5,104.5,242.5,115.0,220.0
39.5,144.6,182.5,150.0,170.0
39.5,69.9,25.0,52.5,110.0
39.5,104.1,262.5,120.0,230.0
39.5,71.5,130.0,52.5,140.0
39.5,140.6,210.0,137.5,250.0
39.5,76.8,205.0,130.0,200.0
39.5,122.32,292.5,160.0,285.0
39.5,101.7,245.0,145.0,275.0
39.5,99.1,200.0,117.5,207.5
39.5,83.0,187.5,112.5,265.0
39.5,81.75,170.0,122.5,172.5
39.5,59.4,132.5,75.0,180.0
39.5,59.4,132.5,75.0,180.0
39.5,96.9,195.0,120.0,242.5
39.5,66.4,122.5,60.0,137.5
39.5,82.2,107.5,65.0,145.0
39.5,58.3,122.5,85.0,132.5
39.5,71.5,130.0,52.5,140.0
39.5,60.8,110.0,82.5,142.5
39.5,123.22,295.0,207.5,310.0
39.5,74.4,127.5,55.0,155.0
39.5,60.8,110.0,82.5,142.5
39.5,119.1,265.0,185.0,292.5
39.5,144.6,182.5,150.0,170.0
39.5,88.6,142.5,80.0,160.0
39.5,58.4,115.0,82.5,127.5
39.5,104.1,262.5,120.0,230.0
39.5,71.8,100.0,60.0,107.5
39.5,101.7,245.0,145.0,275.0
39.5,118.4,255.0,192.5,292.5
39.5,88.6,142.5,80.0,160.0
39.5,97.3,110.0,75.0,142.5
39.5,71.8,100.0,60.0,107.5
39.5,118.4,255.0,192.5,292.5
40.0,95.0,160.0,130.0,185.0
40.0,81.2,192.5,145.0,217.5
40.0,95.3,177.5,97.5,200.0
40.0,107.1,117.5,85.0,170.0
40.0,87.2,120.0,65.0,155.0
40.0,107.1,117.5,85.0,170.0
40.0,122.0,290.0,157.5,295.0
40.0,95.3,177.5,97.5,200.0
40.0,123.8,260.0,155.0,275.0
40.0,73.6,220.0,127.5,235.0
40.0,81.2,192.5,145.0,217.5
40.0,66.7,117.5,75.0,147.5
40.0,72.0,210.0,125.0,220.0
40.0,63.4,92.5,55.0,127.5
40.0,127.6,120.0,72.5,160.0
40.0,127.6,120.0,72.5,160.0
40.0,84.8,95.0,65.0,117.5
40.0,72.0,210.0,125.0,220.0
40.0,96.0,217.5,142.5,250.0
40.0,80.6,163.0,113.0,214.0
40.0,64.1,75.0,60.0,102.5
40.0,129.75,265.0,167.5,283.0
40.0,80.6,163.0,113.0,214.0
40.0,64.1,75.0,60.0,102.5
40.0,87.2,120.0,65.0,155.0
40.0,81.3,130.0,70.0,172.5
40.0,91.6,177.5,92.5,197.5
40.0,96.0,217.5,142.5,250.0
40.0,81.3,130.0,70.0,172.5
40.0,98.1,218.5,155.0,220.0
40.0,90.7,87.5,60.0,117.5
40.0,122.8,285.0,155.0,287.5
40.0,91.6,177.5,92.5,197.5
40.0,90.7,87.5,60.0,117.5
40.0,66.8,112.5,55.0,137.5
40.0,98.8,212.5,147.5,250.0
40.0,74.1,205.0,130.0,237.5
40.5,72.0,120.0,67.5,130.0
40.5,81.9,220.0,145.0,200.0
40.5,81.5,182.5,145.0,210.0
40.5,81.9,220.0,145.0,200.0
40.5,124.6,317.5,200.0,330.0
40.5,128.8,250.0,142.5,290.0
40.5,116.4,202.5,165.0,252.5
40.5,124.39,310.0,202.5,337.5
40.5,128.8,250.0,142.5,290.0
40.5,82.0,125.0,77.5,177.5
40.5,94.2,90.0,52.5,95.0
40.5,84.0,142.5,82.5,162.5
40.5,94.2,90.0,52.5,95.0
40.5,81.5,182.5,145.0,210.0
40.5,104.35,255.0,157.5,300.0
40.5,81.5,120.0,77.5,170.0
40.5,82.0,125.0,77.5,177.5
40.5,103.3,260.0,182.5,250.0
40.5,72.0,120.0,67.5,130.0
40.5,116.4,202.5,165.0,252.5
40.5,74.75,130.0,50.0,145.0
40.5,72.2,90.0,60.0,140.0
40.5,74.6,142.5,105.0,200.0
40.5,138.8,190.0,162.5,212.5
40.5,81.5,120.0,77.5,170.0
40.5,117.4,277.5,197.5,280.0
40.5,81.3,192.5,112.5,260.0
40.5,81.1,190.0,112.5,260.0
40.5,117.0,262.5,200.0,287.5
40.5,91.5,75.0,50.0,125.0
40.5,81.1,190.0,112.5,260.0
40.5,148.9,237.5,150.0,255.0
40.5,103.3,260.0,182.5,250.0
40.5,103.5,252.5,165.0,285.0
40.5,124.6,317.5,200.0,330.0
40.5,81.3,192.5,112.5,260.0
40.5,73.9,40.0,52.5,135.0
40.5,103.5,252.5,165.0,285.0
40.5,133.75,230.0,170.0,272.5
40.5,142.4,227.5,150.0,250.0
40.5,74.75,130.0,50.0,145.0
40.5,117.4,277.5,197.5,280.0
40.5,75.3,85.0,55.0,117.5
40.5,105.8,187.5,145.0,232.5
40.5,91.5,75.0,50.0,125.0
40.5,117.0,262.5,200.0,287.5
40.5,104.4,185.0,135.0,210.0
40.5,138.8,190.0,162.5,212.5
40.5,70.5,35.0,47.5,122.5
40.5,60.1,92.5,55.0,132.5
40.5,142.4,227.5,150.0,250.0
40.5,124.39,310.0,202.5,337.5
40.5,117.1,192.5,170.0,250.0
40.5,117.1,192.5,170.0,250.0
40.5,70.5,35.0,47.5,122.5
40.5,75.3,85.0,55.0,117.5
40.5,84.0,142.5,82.5,162.5
40.5,73.9,40.0,52.5,135.0
40.5,74.6,142.5,105.0,200.0
40.5,157.2,207.5,110.0,222.5
40.5,118.61,275.0,200.0,290.0
41.0,122.8,185.0,135.0,217.5
41.0,124.0,255.0,215.0,265.0
41.0,124.0,255.0,215.0,265.0
41.0,99.0,115.0,80.0,172.5
41.0,80.0,117.5,55.0,145.0
41.0,80.0,117.5,55.0,145.0
41.0,66.8,107.5,62.5,140.0
41.0,62.6,95.0,55.0,110.0
41.0,99.0,115.0,80.0,172.5
41.0,81.2,120.0,62.5,147.5
41.0,80.4,110.0,65.0,137.5
41.0,66.8,107.5,62.5,140.0
41.0,81.2,125.0,65.0,152.5
41.0,96.3,180.0,85.0,202.5
41.0,96.3,180.0,85.0,202.5
41.0,96.9,192.5,137.5,232.5
41.0,73.5,215.0,120.0,225.0
41.0,65.3,102.5,60.0,115.0
41.0,93.7,90.0,55.0,130.0
41.0,81.2,120.0,62.5,147.5
41.0,93.7,90.0,55.0,130.0
41.0,80.4,110.0,65.0,137.5
41.0,81.2,125.0,65.0,152.5
41.5,109.3,155.0,110.0,205.0
41.5,70.4,130.0,70.0,140.0
41.5,60.4,72.5,57.5,122.5
41.5,163.1,235.0,120.0,255.0
41.5,99.0,177.5,120.0,232.5
41.5,62.0,75.0,60.0,122.5
41.5,72.2,142.5,80.0,162.5
41.5,127.9,170.0,125.0,192.5
41.5,70.4,130.0,70.0,140.0
41.5,118.2,190.0,162.5,255.0
41.5,60.4,72.5,57.5,122.5
41.5,99.0,177.5,120.0,232.5
41.5,118.2,190.0,162.5,255.0
41.5,127.9,170.0,125.0,192.5
41.5,61.2,87.5,47.5,107.5
41.5,61.5,97.5,55.0,140.0
41.5,72.2,142.5,80.0,162.5
41.5,61.2,87.5,47.5,107.5
41.5,126.3,270.0,175.0,282.5
41.5,83.3,90.0,47.5,125.0
41.5,83.3,90.0,47.5,125.0
41.5,126.33,322.5,195.0,340.0
41.5,120.6,230.0,160.0,260.0
41.5,118.6,205.0,170.0,272.5
41.5,79.4,95.0,67.5,132.5
41.5,61.1,90.0,47.5,120.0
41.5,121.1,287.5,202.5,300.0
41.5,61.1,90.0,47.5,120.0
41.5,73.5,145.0,80.0,162.5
41.5,110.8,125.0,107.5,147.5
41.5,110.8,125.0,107.5,147.5
41.5,144.6,117.5,62.5,180.0
41.5,126.6,255.0,165.0,277.5
41.5,126.6,255.0,165.0,277.5
41.5,115.5,215.0,145.0,250.0
41.5,79.4,95.0,67.5,132.5
41.5,119.64,282.5,202.5,295.0
41.5,127.6,277.5,177.5,290.0
41.5,121.1,287.5,202.5,300.0
41.5,142.4,195.0,142.5,205.0
41.5,120.6,230.0,160.0,260.0
41.5,142.3,102.5,57.5,167.5
41.5,106.9,265.0,132.5,245.0
41.5,127.6,277.5,177.5,290.0
41.5,82.4,127.5,80.0,177.5
41.5,82.4,127.5,80.0,177.5
41.5,144.6,117.5,62.5,180.0
41.5,73.5,145.0,80.0,162.5
41.5,142.3,102.5,57.5,167.5
41.5,115.5,215.0,145.0,250.0
41.5,54.2,92.5,50.0,117.5
41.5,106.9,265.0,132.5,245.0
42.0,109.9,255.0,160.0,265.0
42.0,71.7,145.0,112.5,240.0
42.0,109.9,255.0,160.0,265.0
42.0,114.8,205.0,160.0,220.0
42.0,107.9,220.0,150.0,240.0
42.0,81.2,122.5,70.0,140.0
42.0,86.5,137.5,67.5,152.5
42.0,96.7,170.0,130.0,240.0
42.0,97.3,165.0,137.5,192.5
42.0,74.3,222.5,132.5,240.0
42.0,122.8,287.5,157.5,287.5
42.0,65.9,92.5,60.0,115.0
42.0,106.8,277.5,140.0,282.5
42.0,65.9,92.5,60.0,115.0
42.0,71.7,145.0,112.5,240.0
42.0,86.5,137.5,67.5,152.5
42.0,114.8,205.0,160.0,220.0
42.0,74.3,222.5,132.5,240.0
42.0,96.7,170.0,130.0,240.0
42.0,74.0,142.5,82.5,162.5
42.0,74.0,142.5,82.5,162.5
42.0,112.8,250.0,155.0,255.0
42.0,73.8,220.0,120.0,240.0
42.0,74.3,145.0,82.5,162.5
42.0,81.3,142.5,85.0,160.0
42.0,114.95,227.5,160.0,230.0
42.0,81.3,142.5,85.0,160.0
42.0,86.2,187.5,107.5,197.5
42.0,86.2,187.5,107.5,197.5
42.0,104.7,255.0,205.0,277.5
42.0,97.3,165.0,137.5,192.5
42.0,136.8,97.0,64.0,147.0
42.0,100.0,187.5,122.5,227.5
42.0,64.6,82.5,45.0,112.5
42.0,74.3,145.0,82.5,162.5
42.0,112.8,250.0,155.0,255.0
42.5,81.2,105.0,67.5,147.5
42.5,118.8,235.0,162.5,257.5
42.5,118.8,235.0,162.5,257.5
42.5,88.5,180.0,130.0,215.0
42.5,129.8,182.5,135.0,200.0
42.5,99.4,182.5,120.0,235.0
42.5,83.7,112.5,60.0,132.5
42.5,50.9,77.5,60.0,95.0
42.5,52.5,92.5,47.5,110.0
42.5,101.1,92.5,62.5,135.0
42.5,52.5,92.5,47.5,110.0
42.5,118.7,247.5,165.0,282.5
42.5,62.8,112.5,72.5,122.5
42.5,83.7,112.5,60.0,132.5
42.5,81.2,105.0,67.5,147.5
42.5,63.3,100.0,55.0,140.0
42.5,68.7,105.0,62.5,130.0
42.5,122.89,295.0,210.0,302.5
42.5,91.1,140.0,100.0,142.5
42.5,97.2,142.5,92.5,170.0
42.5,129.8,182.5,135.0,200.0
42.5,51.0,77.5,65.0,107.5
42.5,117.4,240.0,162.5,255.0
42.5,67.4,130.0,80.0,137.5
42.5,51.0,77.5,65.0,107.5
42.5,50.9,77.5,60.0,95.0
42.5,91.1,140.0,100.0,142.5
42.5,62.0,85.0,47.5,115.0
42.5,86.9,195.0,147.5,217.5
42.5,74.03,142.5,80.0,157.5
42.5,143.9,125.0,57.5,182.5
42.5,120.15,175.0,100.0,185.0
42.5,120.15,175.0,100.0,185.0
42.5,99.2,80.0,62.5,115.0
42.5,88.5,180.0,130.0,215.0
42.5,76.1,140.0,82.5,157.5
42.5,89.5,142.5,82.5,160.0
42.5,110.2,62.5,150.0,177.5
42.5,82.0,90.0,50.0,135.0
42.5,89.5,142.5,82.5,160.0
42.5,62.0,85.0,47.5,115.0
42.5,149.7,140.0,60.0,120.0
42.5,108.4,152.5,112.5,187.5
42.5,76.1,140.0,82.5,157.5
42.5,143.9,125.0,57.5,182.5
42.5,81.4,205.0,152.5,215.0
42.5,89.6,140.0,85.0,165.0
42.5,99.2,80.0,62.5,115.0
42.5,108.7,147.5,112.5,182.5
42.5,79.1,110.0,67.5,140.0
42.5,118.7,247.5,165.0,282.5
42.5,149.7,140.0,60.0,120.0
42.5,85.9,100.0,57.5,142.5
42.5,86.9,195.0,147.5,217.5
42.5,99.4,182.5,120.0,235.0
42.5,108.4,152.5,112.5,187.5
42.5,79.1,110.0,67.5,140.0
42.5,89.8,187.5,125.0,215.0
42.5,62.8,112.5,72.5,122.5
42.5,89.6,140.0,85.0,165.0
42.5,110.2,62.5,150.0,177.5
43.0,117.4,227.5,162.5,240.0
43.0,99.5,165.0,115.0,187.5
43.0,74.35,137.5,77.5,140.0
43.0,67.65,25.0,25.0,75.0
43.0,92.6,107.5,57.5,140.0
43.0,82.1,105.0,70.0,145.0
43.0,51.8,85.0,65.0,112.5
43.0,117.4,227.5,162.5,240.0
43.0,112.9,210.0,157.5,250.0
43.0,74.5,142.5,82.5,145.0
43.0,74.5,142.5,82.5,145.0
43.0,108.3,272.5,142.5,290.0
43.0,69.7,85.0,52.5,105.0
43.0,74.35,137.5,77.5,140.0
43.0,106.7,190.0,172.5,215.0
43.0,114.9,250.0,162.5,272.5
43.0,74.5,130.0,85.0,160.0
43.0,51.8,85.0,65.0,112.5
43.0,70.4,90.0,57.5,117.5
43.0,74.7,228.5,133.0,250.0
43.0,87.5,130.0,65.0,147.5
43.0,123.1,255.0,182.5,240.0
43.0,87.5,130.0,65.0,147.5
43.0,123.1,255.0,182.5,240.0
43.0,114.9,250.0,162.5,272.5
43.0,113.4,240.0,167.5,265.0
43.0,98.4,195.0,122.5,232.5
43.5,56.4,115.0,67.5,120.0
43.5,92.3,107.5,62.5,152.5
43.5,119.12,235.0,170.0,250.0
43.5,56.2,115.0,67.5,117.5
43.5,63.4,115.0,75.0,125.0
43.5,92.3,107.5,62.5,152.5
43.5,122.62,295.0,215.0,305.0
43.5,72.5,97.5,60.0,125.0
43.5,98.0,165.0,115.0,205.0
43.5,92.0,152.5,110.0,177.5
43.5,97.9,112.5,102.5,145.0
43.5,65.2,95.0,65.0,137.5
43.5,56.2,115.0,67.5,117.5
43.5,116.7,265.0,162.5,290.0
43.5,92.0,152.5,110.0,177.5
43.5,119.5,247.5,167.5,267.5
43.5,63.4,115.0,75.0,125.0
43.5,52.5,92.5,52.5,110.0
43.5,52.5,92.5,52.5,110.0
43.5,65.2,95.0,65.0,137.5
43.5,93.6,165.0,115.0,230.0
43.5,93.6,165.0,115.0,230.0
43.5,80.4,162.5,142.5,217.5
43.5,143.2,120.0,60.0,190.0
43.5,122.55,287.5,215.0,297.5
43.5,82.5,105.0,65.0,132.5
43.5,143.2,120.0,60.0,190.0
43.5,107.8,170.0,115.0,227.5
43.5,122.55,287.5,215.0,297.5
43.5,68.25,102.5,57.5,135.0
43.5,91.4,147.5,105.0,180.0
43.5,74.0,137.5,80.0,142.5
43.5,80.4,162.5,142.5,217.5
43.5,91.4,147.5,105.0,180.0
43.5,81.8,165.0,142.5,232.5
43.5,82.5,105.0,65.0,132.5
43.5,91.4,150.0,110.0,167.5
43.5,84.0,102.5,67.5,130.0
43.5,84.0,102.5,67.5,130.0
43.5,72.0,125.0,55.0,140.0
43.5,199.5,247.5,167.5,267.5
43.5,116.7,265.0,162.5,290.0
43.5,81.8,165.0,142.5,232.5
43.5,56.4,115.0,67.5,120.0
43.5,72.0,125.0,55.0,140.0
43.5,89.75,145.0,85.0,167.5
43.5,92.2,170.0,120.0,197.5
43.5,74.0,137.5,80.0,142.5
43.5,91.4,150.0,110.0,167.5
43.5,97.9,112.5,102.5,145.0
43.5,89.75,145.0,85.0,167.5
44.0,106.8,142.5,192.5,250.0
44.0,51.7,97.5,47.5,105.0
44.0,72.9,132.5,85.0,155.0
44.0,108.4,160.0,120.0,242.5
44.0,79.1,60.0,60.0,102.5
44.0,72.9,132.5,85.0,155.0
44.0,79.1,60.0,60.0,102.5
44.0,99.43,240.4,24.95,274.42
44.0,106.8,142.5,192.5,250.0
44.0,76.1,90.0,47.5,100.0
44.0,105.5,157.5,185.0,252.5
44.0,51.7,97.5,47.5,105.0
44.0,87.0,130.0,67.5,145.0
44.0,87.4,135.0,67.5,150.0
44.0,87.4,135.0,67.5,150.0
44.0,99.43,240.4,24.95,274.42
44.0,93.4,115.0,70.0,137.5
44.0,96.1,105.0,52.5,122.5
44.0,87.0,130.0,67.5,145.0
44.0,114.9,187.5,112.5,210.0
44.0,108.7,150.0,150.0,227.5
44.0,144.6,274.0,120.0,300.0
44.0,76.1,90.0,47.5,100.0
44.0,114.9,187.5,112.5,210.0
44.0,93.4,115.0,70.0,137.5
44.0,95.0,192.5,150.0,230.0
44.0,95.0,192.5,150.0,230.0
44.0,120.7,210.0,170.0,290.0
44.0,73.8,130.0,85.0,162.0
44.0,73.8,130.0,85.0,162.0
44.0,144.6,274.0,120.0,300.0
44.5,72.4,72.5,42.5,105.0
44.5,122.4,267.5,175.0,300.0
44.5,55.2,125.0,70.0,145.0
44.5,73.2,115.0,60.0,127.5
44.5,72.8,65.0,42.5,100.0
44.5,55.2,125.0,70.0,145.0
44.5,81.7,177.5,147.5,250.0
44.5,96.0,122.5,60.0,132.5
44.5,127.8,227.5,137.5,250.0
44.5,81.9,155.0,147.5,242.5
44.5,54.1,120.0,67.5,122.5
44.5,118.6,165.0,120.0,192.5
44.5,81.7,177.5,147.5,250.0
44.5,81.9,155.0,147.5,242.5
44.5,55.6,92.5,67.5,107.5
44.5,72.4,72.5,42.5,105.0
44.5,146.1,127.5,57.5,182.5
44.5,66.5,85.0,50.0,122.5
44.5,116.7,185.0,182.5,195.0
44.5,122.4,267.5,175.0,300.0
44.5,96.0,122.5,60.0,132.5
44.5,118.6,165.0,120.0,192.5
44.5,55.6,92.5,67.5,107.5
44.5,146.1,127.5,57.5,182.5
44.5,83.0,120.0,67.5,110.0
44.5,54.1,120.0,67.5,122.5
44.5,66.5,85.0,50.0,122.5
44.5,73.2,115.0,60.0,127.5
44.5,104.2,125.0,105.0,170.0
44.5,104.2,125.0,105.0,170.0
44.5,116.7,185.0,182.5,195.0
44.5,83.0,120.0,67.5,110.0
44.5,74.4,70.0,52.5,95.0
44.5,74.4,70.0,52.5,95.0
44.5,74.15,145.0,80.0,165.0
45.0,141.2,302.0,191.0,295.0
45.0,51.2,85.0,52.5,105.0
45.0,141.2,302.0,191.0,295.0
45.0,51.2,85.0,52.5,105.0
45.0,100.0,205.0,142.5,217.5
45.0,99.1,142.5,57.5,142.5
45.0,91.9,112.0,67.0,127.0
45.0,111.6,132.5,92.5,175.0
45.0,120.7,235.0,170.0,287.5
45.0,120.2,227.5,182.5,275.0
45.0,85.4,77.5,72.5,115.0
45.0,83.7,90.0,52.5,115.0
45.0,83.7,90.0,52.5,115.0
45.0,108.9,207.5,175.0,227.5
45.0,104.3,90.0,65.0,107.5
45.0,99.1,142.5,57.5,142.5
45.0,106.4,195.0,147.5,217.5
45.5,108.1,125.0,147.5,187.5
45.5,98.4,137.5,62.5,150.0
45.5,143.0,82.5,62.5,110.0
45.5,101.4,145.0,102.5,177.5
45.5,79.9,105.0,52.5,127.5
45.5,81.8,187.5,150.0,252.5
45.5,117.5,190.0,140.0,205.0
45.5,116.1,185.0,175.0,190.0
45.5,101.4,145.0,102.5,177.5
45.5,90.4,110.0,72.5,147.5
45.5,90.4,110.0,72.5,147.5
45.5,95.6,125.0,75.0,152.5
45.5,101.3,132.5,105.0,162.5
45.5,143.0,82.5,62.5,110.0
45.5,117.5,190.0,140.0,205.0
45.5,114.1,185.0,112.5,225.0
45.5,81.8,187.5,150.0,252.5
45.5,116.1,185.0,175.0,190.0
45.5,95.6,125.0,75.0,152.5
45.5,108.1,125.0,147.5,187.5
45.5,69.9,102.5,92.5,107.5
45.5,79.9,105.0,52.5,127.5
45.5,65.8,97.5,57.5,122.5
45.5,74.2,82.5,60.0,115.0
45.5,147.3,85.0,65.0,117.5
45.5,147.3,85.0,65.0,117.5
45.5,101.3,132.5,105.0,162.5
45.5,65.8,97.5,57.5,122.5
45.5,85.5,70.0,45.0,97.5
45.5,130.1,257.5,170.0,292.5
45.5,85.5,70.0,45.0,97.5
46.0,101.8,175.0,112.5,227.5
46.0,84.4,202.5,122.5,237.5
46.0,110.0,242.5,145.0,260.0
46.0,133.5,240.0,182.5,262.5
46.0,57.0,82.5,40.0,102.5
46.0,105.6,300.0,195.0,275.0
46.0,57.0,82.5,40.0,102.5
46.0,98.6,227.5,150.0,265.0
46.0,138.15,290.0,167.5,272.5
46.0,119.2,190.0,120.0,237.5
46.0,65.9,90.0,62.5,132.5
46.0,101.8,175.0,112.5,227.5
46.0,90.0,130.0,75.0,147.5
46.0,90.0,130.0,75.0,147.5
46.0,138.15,290.0,167.5,272.5
46.0,119.2,190.0,120.0,237.5
46.0,103.3,215.0,160.0,273.0
46.0,105.1,195.0,155.0,240.0
46.0,98.5,220.0,152.5,245.0
46.0,147.6,192.5,160.0,227.5
46.0,99.0,137.5,65.0,140.0
46.0,66.6,125.0,65.0,145.0
46.0,62.2,84.0,53.0,104.0
46.0,99.2,47.5,32.5,67.5
46.0,72.2,127.5,72.5,172.5
46.0,63.8,112.5,70.0,145.0
46.0,99.0,137.5,65.0,140.0
46.5,100.6,87.5,47.5,107.5
46.5,61.4,120.0,65.0,157.5
46.5,135.3,175.0,140.0,192.5
46.5,97.8,135.0,100.0,175.0
46.5,134.9,165.0,127.5,175.0
46.5,90.9,165.0,115.0,190.0
46.5,135.3,175.0,140.0,192.5
46.5,150.1,92.5,67.5,110.0
46.5,81.5,95.0,52.5,120.0
46.5,81.5,95.0,52.5,120.0
46.5,65.6,182.5,112.5,200.0
46.5,147.3,87.5,67.5,110.0
46.5,98.2,100.0,50.0,107.5
46.5,91.7,185.0,120.0,227.5
46.5,62.8,87.5,45.0,102.5
46.5,97.8,135.0,100.0,175.0
46.5,138.3,197.5,130.0,250.0
46.5,61.4,87.5,45.0,102.5
46.5,81.3,100.0,62.5,130.0
46.5,88.6,190.0,102.5,230.0
46.5,100.6,87.5,47.5,107.5
46.5,147.3,87.5,67.5,110.0
46.5,90.8,155.0,112.5,187.5
46.5,83.0,217.5,130.0,227.5
46.5,85.3,110.0,55.0,110.0
46.5,89.2,125.0,52.5,137.5
46.5,131.1,205.0,150.0,210.0
46.5,86.0,122.5,67.5,115.0
46.5,96.6,200.0,142.5,220.0
46.5,96.6,200.0,142.5,220.0
46.5,131.1,205.0,150.0,210.0
46.5,134.9,165.0,127.5,175.0
46.5,98.2,100.0,50.0,107.5
46.5,86.0,122.5,67.5,115.0
46.5,150.1,92.5,67.5,110.0
46.5,85.3,110.0,55.0,110.0
46.5,93.3,135.0,65.0,152.5
46.5,90.9,165.0,115.0,190.0
46.5,81.3,100.0,62.5,130.0
46.5,65.6,182.5,112.5,200.0
46.5,90.8,155.0,112.5,187.5
47.0,98.8,240.0,155.0,255.0
47.0,81.2,172.5,112.5,180.0
47.0,113.0,172.5,145.0,227.5
47.0,113.7,137.0,97.0,163.0
47.0,58.7,95.0,45.0,107.5
47.0,81.3,70.0,62.5,107.5
47.0,66.4,105.0,47.5,117.5
47.0,66.4,110.0,67.5,157.5
47.0,126.9,272.5,177.5,320.0
47.0,66.4,105.0,47.5,117.5
47.0,149.8,182.5,170.0,227.5
47.0,78.5,110.0,72.5,150.0
47.0,90.6,185.0,125.0,235.0
47.0,66.8,82.5,55.0,120.0
47.0,100.0,135.0,65.0,147.5
47.0,78.5,110.0,72.5,150.0
47.0,89.4,135.0,77.5,152.5
47.0,86.6,112.5,80.0,182.5
47.0,86.6,112.5,80.0,182.5
47.0,78.9,102.5,62.5,142.5
47.0,89.4,135.0,77.5,152.5
47.0,80.7,217.5,122.5,242.5
47.0,123.6,277.5,177.5,322.5
47.0,79.9,137.5,75.0,162.5
47.0,84.3,200.0,135.0,212.5
47.0,149.8,182.5,170.0,227.5
47.0,90.3,77.5,52.5,117.5
47.0,100.0,135.0,65.0,147.5
47.0,89.7,172.5,122.5,227.5
47.0,71.2,117.5,70.0,170.0
47.0,99.9,235.0,150.0,260.0
47.0,98.3,200.0,125.0,240.0
47.0,58.7,95.0,45.0,107.5
47.0,65.0,115.0,67.5,165.0
47.0,84.3,200.0,135.0,212.5
47.0,81.3,70.0,62.5,107.5
47.5,92.2,167.5,102.5,195.0
47.5,81.8,197.5,152.5,265.0
47.5,97.7,130.0,60.0,132.5
47.5,83.6,117.5,52.5,140.0
47.5,81.8,197.5,152.5,265.0
47.5,129.9,100.0,50.0,135.0
47.5,73.7,62.5,40.0,95.0
47.5,83.6,117.5,52.5,140.0
47.5,95.5,147.5,82.5,160.0
47.5,105.0,100.0,50.0,112.5
47.5,132.8,175.0,147.5,190.0
47.5,63.0,100.0,55.0,112.5
47.5,63.0,100.0,55.0,112.5
47.5,110.1,115.0,55.0,122.5
47.5,60.0,82.5,62.5,112.5
47.5,98.35,142.5,80.0,157.5
47.5,110.1,115.0,55.0,122.5
47.5,95.5,147.5,82.5,160.0
47.5,85.6,120.0,55.0,142.5
47.5,98.35,142.5,80.0,157.5
47.5,59.1,85.0,62.5,110.0
47.5,105.0,100.0,50.0,112.5
47.5,129.9,100.0,50.0,135.0
47.5,81.5,120.0,65.0,117.5
47.5,97.9,172.5,140.0,222.5
47.5,66.2,97.5,52.5,115.0
47.5,89.7,125.0,57.5,145.0
47.5,97.9,172.5,140.0,222.5
47.5,60.0,82.5,62.5,112.5
47.5,92.2,167.5,102.5,195.0
47.5,59.1,85.0,62.5,110.0
47.5,81.5,120.0,65.0,117.5
47.5,89.7,125.0,57.5,145.0
47.5,85.6,120.0,55.0,142.5
47.5,66.2,97.5,52.5,115.0
47.5,128.1,85.0,50.0,130.0
48.0,69.1,85.0,50.0,137.5
48.0,73.7,90.0,65.0,105.0
48.0,72.9,80.0,55.0,110.0
48.0,69.1,85.0,50.0,137.5
48.0,72.9,67.5,55.0,97.5
48.0,106.4,245.0,170.0,260.0
48.0,72.9,67.5,55.0,97.5
48.0,107.3,187.5,142.5,232.5
48.0,107.3,187.5,142.5,232.5
48.0,87.7,182.5,122.5,240.0
48.0,88.6,192.5,125.0,245.0
48.5,137.9,110.0,70.0,127.5
48.5,68.5,102.5,57.5,120.0
48.5,84.3,122.5,72.5,145.0
48.5,128.4,120.0,67.5,155.0
48.5,88.1,122.5,55.0,132.5
48.5,90.6,187.5,127.5,227.5
48.5,60.9,80.0,40.0,95.0
48.5,90.6,187.5,127.5,227.5
48.5,60.9,80.0,40.0,95.0
48.5,90.4,120.0,137.5,220.0
48.5,137.9,110.0,70.0,127.5
48.5,128.4,120.0,67.5,155.0
48.5,138.2,102.5,65.0,127.5
48.5,90.5,142.5,112.5,165.0
48.5,113.9,125.0,60.0,137.5
48.5,80.7,150.0,127.5,170.0
48.5,149.8,225.0,145.0,217.5
48.5,88.1,122.5,55.0,132.5
48.5,66.2,102.5,52.5,127.5
48.5,117.3,147.5,137.5,175.0
48.5,82.5,200.0,152.5,270.0
48.5,90.5,142.5,112.5,165.0
48.5,90.4,120.0,137.5,220.0
48.5,61.9,90.0,52.5,130.0
48.5,66.2,102.5,52.5,127.5
48.5,149.8,225.0,145.0,217.5
48.5,68.5,102.5,57.5,120.0
48.5,82.5,200.0,152.5,270.0
48.5,138.2,102.5,65.0,127.5
48.5,80.7,150.0,127.5,170.0
48.5,61.9,90.0,52.5,130.0
48.5,85.6,122.5,72.5,137.5
48.5,85.6,122.5,72.5,137.5
48.5,113.9,125.0,60.0,137.5
49.0,126.4,185.0,130.0,220.0
49.0,78.9,60.0,60.0,112.5
49.0,55.6,95.0,50.0,120.0
49.0,65.0,100.0,57.5,145.0
49.0,98.2,207.5,130.0,242.5
49.0,65.0,100.0,57.5,145.0
49.0,75.4,124.0,55.0,165.0
49.0,75.4,124.0,55.0,165.0
49.0,74.6,118.0,70.5,132.5
49.0,83.6,112.5,67.5,142.5
49.0,89.0,155.0,110.0,185.0
49.0,107.8,215.0,147.5,247.5
49.0,124.0,200.0,130.0,230.0
49.0,89.0,155.0,110.0,185.0
49.0,74.6,118.0,70.5,132.5
49.0,66.7,102.5,60.0,130.0
49.0,107.8,215.0,147.5,247.5
49.0,76.0,122.5,75.0,137.5
49.0,83.6,112.5,67.5,142.5
49.0,92.4,92.5,52.5,112.5
49.0,66.7,102.5,60.0,130.0
49.0,76.0,122.5,75.0,137.5
49.5,81.1,172.5,102.5,217.5
49.5,127.6,252.5,145.0,275.5
49.5,143.8,110.0,77.5,125.0
49.5,61.1,80.0,57.5,105.0
49.5,81.1,172.5,102.5,217.5
49.5,61.1,80.0,57.5,105.0
49.5,143.8,110.0,77.5,125.0
49.5,64.0,90.0,55.0,137.5
49.5,138.2,112.5,70.0,122.5
49.5,92.9,145.0,92.5,185.0
49.5,92.9,145.0,92.5,185.0
49.5,140.7,120.0,75.0,137.5
49.5,128.2,150.0,137.5,182.5
49.5,64.7,87.5,55.0,62.5
49.5,128.2,150.0,137.5,182.5
49.5,140.7,120.0,75.0,137.5
49.5,81.2,165.0,105.0,227.5
49.5,64.7,87.5,55.0,62.5
49.5,138.2,112.5,70.0,122.5
49.5,71.1,112.5,92.5,147.5
49.5,72.3,25.0,37.5,82.5
50.0,129.1,255.0,165.0,290.0
50.0,66.86,160.12,140.16,220.45
50.0,67.2,112.5,67.5,130.0
50.0,74.4,115.0,70.0,135.0
50.0,65.5,112.5,55.0,152.5
50.0,65.5,112.5,55.0,152.5
50.0,74.4,115.0,70.0,135.0
50.0,72.8,130.0,41.0,162.0
50.0,83.5,93.0,40.0,125.0
50.0,72.8,130.0,41.0,162.0
50.0,67.2,112.5,67.5,130.0
50.0,127.1,215.0,115.0,232.5
50.0,83.2,110.0,62.5,132.5
50.0,83.5,93.0,40.0,125.0
50.0,63.91,90.0,55.0,150.0
50.0,96.3,110.0,67.5,137.5
50.0,129.1,255.0,165.0,290.0
50.0,123.3,182.5,140.0,210.0
50.0,123.3,182.5,140.0,210.0
50.5,78.61,170.0,97.5,215.0
50.5,65.9,102.5,82.5,165.0
50.5,95.6,165.0,102.5,185.0
50.5,109.3,185.0,142.5,205.0
50.5,76.5,170.0,100.0,220.0
50.5,105.0,97.5,70.0,142.5
50.5,114.4,127.5,60.0,150.0
50.5,88.5,142.5,115.0,197.5
50.5,116.3,177.5,187.5,222.5
50.5,78.0,172.5,100.0,230.0
50.5,95.0,182.5,150.0,215.0
50.5,108.0,232.5,160.0,207.5
50.5,136.04,115.0,70.0,120.0
50.5,116.3,177.5,187.5,222.5
50.5,105.0,97.5,70.0,142.5
50.5,144.4,127.5,80.0,127.5
50.5,144.4,127.5,80.0,127.5
50.5,76.5,170.0,100.0,220.0
50.5,94.3,175.0,145.0,205.0
50.5,74.1,25.0,35.0,70.0
50.5,95.0,182.5,150.0,215.0
50.5,66.8,115.0,85.0,167.5
50.5,66.8,115.0,85.0,167.5
50.5,78.0,172.5,100.0,230.0
50.5,95.6,165.0,102.5,185.0
50.5,84.0,127.5,100.0,158.0
50.5,77.6,165.0,97.5,215.0
50.5,56.4,87.5,52.5,115.0
50.5,114.4,127.5,60.0,150.0
50.5,65.9,102.5,82.5,165.0
51.0,51.6,45.0,32.5,67.5
51.0,105.8,105.0,67.5,145.0
51.0,98.9,190.0,135.0,180.0
51.0,73.9,46.0,32.0,78.0
51.0,106.0,265.0,177.5,265.0
51.0,111.2,227.5,100.0,260.0
51.0,81.6,122.5,75.0,132.5
51.0,121.5,210.0,147.5,220.0
51.0,73.5,48.0,30.0,77.0
51.0,99.7,100.0,72.5,140.0
51.0,73.9,46.0,32.0,78.0
51.0,65.8,120.0,60.0,155.0
51.0,60.5,110.0,57.5,122.5
51.0,111.2,227.5,100.0,260.0
51.0,102.2,115.0,52.5,140.0
51.0,73.5,48.0,30.0,77.0
51.0,65.8,120.0,60.0,155.0
51.0,99.6,107.5,67.5,145.0
51.0,66.2,125.0,60.0,160.0
51.0,80.7,170.0,130.0,222.5
51.0,64.8,125.0,62.5,162.5
51.0,74.3,160.0,90.0,195.0
51.0,104.0,82.5,62.5,97.5
51.0,86.4,130.0,82.5,142.5
51.0,86.4,130.0,82.5,142.5
51.0,121.5,210.0,147.5,220.0
51.0,114.4,127.5,67.5,160.0
51.0,66.2,125.0,60.0,160.0
51.0,104.0,82.5,62.5,97.5
51.0,80.7,170.0,130.0,222.5
51.0,81.6,122.5,75.0,132.5
51.0,83.5,87.0,48.0,117.0
51.0,74.5,160.0,87.5,200.0
51.0,99.7,100.0,72.5,140.0
51.0,102.2,115.0,52.5,140.0
51.0,108.3,250.0,170.0,250.0
51.0,60.5,110.0,57.5,122.5
51.0,98.9,190.0,135.0,180.0
51.0,105.8,105.0,67.5,145.0
51.5,140.3,117.5,77.5,127.5
51.5,81.5,95.0,47.5,125.0
51.5,114.5,170.0,120.0,227.5
51.5,45.9,82.5,45.0,100.0
51.5,147.8,142.5,80.0,130.0
51.5,45.9,82.5,45.0,100.0
51.5,116.5,120.0,60.0,155.0
51.5,115.0,122.5,60.0,160.0
51.5,76.2,62.5,40.0,85.0
51.5,45.9,80.0,42.5,97.5
51.5,116.5,120.0,60.0,155.0
51.5,121.8,230.0,132.5,255.0
51.5,111.6,160.0,115.0,212.5
51.5,109.69,272.5,185.0,260.0
51.5,95.0,165.0,145.0,207.5
51.5,67.5,170.0,62.5,157.5
51.5,81.5,95.0,47.5,125.0
51.5,95.0,165.0,145.0,207.5
51.5,115.0,122.5,60.0,160.0
51.5,156.4,75.0,42.5,95.0
51.5,121.8,230.0,132.5,255.0
51.5,88.1,185.0,105.0,190.0
51.5,81.3,140.0,125.0,142.5
51.5,113.03,132.5,62.5,157.5
51.5,140.3,117.5,77.5,127.5
51.5,76.2,62.5,40.0,85.0
51.5,56.4,75.0,42.5,95.0
51.5,45.9,80.0,42.5,97.5
51.5,55.2,102.5,52.5,137.5
51.5,147.8,142.5,80.0,130.0
51.5,124.95,245.0,142.5,262.5
52.0,87.0,135.0,75.0,143.0
52.0,61.6,72.5,45.0,97.5
52.0,61.6,72.5,45.0,97.5
52.0,87.0,135.0,75.0,143.0
52.0,97.9,95.0,72.5,135.0
52.0,71.6,65.0,40.0,102.5
52.0,121.3,230.0,157.5,227.5
52.0,156.9,127.5,85.0,147.5
52.0,74.2,75.0,45.0,122.5
52.0,63.1,45.0,35.0,92.5
52.0,74.2,75.0,45.0,122.5
52.0,81.3,175.0,125.0,235.0
52.0,66.6,125.0,57.5,130.0
52.0,117.4,75.0,65.0,92.5
52.0,66.6,125.0,57.5,130.0
52.0,66.9,127.5,62.5,162.5
52.0,66.3,125.0,60.0,137.5
52.0,66.9,127.5,62.5,162.5
52.0,73.3,177.5,85.0,202.5
52.0,66.9,117.5,65.0,147.5
52.0,97.9,95.0,72.5,135.0
52.0,115.2,117.5,65.0,155.0
52.0,109.58,280.0,182.5,267.5
52.0,66.9,117.5,65.0,147.5
52.0,121.0,230.0,157.5,230.0
52.0,71.6,65.0,40.0,102.5
52.5,122.5,122.5,67.5,165.0
52.5,58.9,97.5,60.0,120.0
52.5,101.4,165.0,102.5,177.5
52.5,59.2,100.0,55.0,112.5
52.5,97.2,185.0,175.0,205.0
52.5,81.1,205.0,137.5,212.5
52.5,116.5,120.0,60.0,150.0
52.5,82.1,182.5,135.0,237.5
52.5,98.7,135.0,65.0,155.0
52.5,104.4,172.5,172.5,215.0
52.5,80.2,85.0,37.5,115.0
52.5,105.0,177.5,125.0,215.0
52.5,96.05,170.0,150.0,215.0
52.5,59.2,100.0,55.0,112.5
52.5,55.45,97.5,55.0,137.5
52.5,73.7,85.0,62.5,130.0
52.5,73.7,85.0,62.5,130.0
52.5,80.2,85.0,37.5,115.0
52.5,81.1,205.0,137.5,212.5
52.5,58.9,97.5,60.0,120.0
52.5,82.0,177.5,102.5,232.5
52.5,82.3,167.5,100.0,227.5
52.5,98.45,152.5,160.0,205.0
52.5,114.3,137.5,60.0,152.5
52.5,106.5,265.0,160.0,250.0
52.5,122.6,230.0,142.5,265.0
52.5,72.6,60.0,52.5,107.5
52.5,72.6,60.0,52.5,107.5
52.5,118.0,130.0,70.0,170.0
52.5,104.4,172.5,172.5,215.0
52.5,98.7,135.0,65.0,155.0
52.5,118.0,130.0,70.0,170.0
52.5,105.0,177.5,125.0,215.0
52.5,122.5,122.5,67.5,165.0
52.5,101.4,165.0,102.5,177.5
52.5,118.9,130.0,75.0,160.0
53.0,113.7,210.0,100.0,220.0
53.0,96.3,125.0,87.5,170.0
53.0,105.0,150.0,95.0,185.0
53.0,55.35,25.0,25.0,75.0
53.0,97.6,42.5,40.0,92.5
53.0,98.2,105.0,70.0,135.0
53.0,107.6,105.0,70.0,130.0
53.0,73.3,85.0,62.5,130.0
53.0,99.0,115.0,67.5,145.0
53.0,97.0,110.0,65.0,132.5
53.0,97.6,42.5,40.0,92.5
53.0,103.9,187.5,110.0,195.0
53.0,66.7,120.0,65.0,150.0
53.0,67.0,120.0,60.0,152.5
53.0,73.3,85.0,62.5,130.0
53.0,164.6,132.5,92.5,165.0
53.0,97.0,110.0,65.0,132.5
53.0,67.0,120.0,60.0,152.5
53.0,56.15,90.0,55.0,130.0
53.0,98.5,140.0,115.0,155.0
53.0,79.7,85.0,42.5,117.5
53.0,81.5,192.5,132.5,245.0
53.0,51.6,55.0,35.0,87.5
53.0,98.9,115.0,60.0,140.0
53.0,104.6,162.5,105.0,187.5
53.0,73.7,80.0,60.0,130.0
53.0,73.7,80.0,60.0,130.0
53.0,80.3,190.0,130.0,240.0
53.0,134.5,237.5,152.5,227.5
53.0,66.7,120.0,65.0,150.0
53.0,79.7,85.0,42.5,117.5
53.0,164.6,132.5,92.5,165.0
53.0,58.5,82.5,55.0,102.5
53.0,66.3,122.5,60.0,152.5
53.0,80.3,190.0,130.0,240.0
53.0,65.9,120.0,60.0,157.5
53.0,113.7,210.0,100.0,220.0
53.0,96.3,125.0,87.5,170.0
53.0,97.7,137.5,85.0,177.5
53.0,134.5,237.5,152.5,227.5
53.0,104.6,162.5,105.0,187.5
53.0,94.2,137.5,147.5,240.0
53.5,93.8,50.0,37.5,67.5
53.5,90.8,125.0,115.0,165.0
53.5,93.8,50.0,37.5,67.5
53.5,90.0,127.5,55.0,152.5
53.5,90.0,127.5,55.0,152.5
53.5,90.8,125.0,115.0,165.0
53.5,91.3,67.5,90.0,140.0
53.5,99.8,60.0,42.5,97.5
53.5,80.4,207.5,135.0,220.0
53.5,81.1,182.5,135.0,230.0
53.5,81.8,100.0,47.5,122.5
53.5,116.9,62.5,52.5,120.0
53.5,72.5,145.0,112.5,162.5
53.5,74.2,75.0,57.5,117.5
53.5,83.1,130.0,85.0,152.5
53.5,72.5,145.0,112.5,162.5
53.5,72.9,75.0,55.0,100.0
53.5,81.8,100.0,47.5,122.5
53.5,99.8,60.0,42.5,97.5
53.5,94.8,55.0,40.0,72.5
53.5,89.35,137.5,60.0,145.0
53.5,82.1,180.0,102.5,225.0
53.5,89.2,117.5,70.0,147.5
53.5,82.1,182.5,105.0,240.0
53.5,91.3,67.5,90.0,140.0
54.0,111.1,105.0,70.0,145.0
54.0,97.7,120.0,75.0,150.0
54.0,136.6,227.5,160.0,215.0
54.0,81.4,195.0,137.5,247.5
54.0,112.1,230.0,115.0,232.5
54.0,66.4,155.0,121.0,185.0
54.0,111.1,105.0,70.0,145.0
54.0,111.95,117.5,70.0,137.5
54.0,59.1,97.5,55.0,117.5
54.0,117.31,242.5,105.0,237.5
54.0,65.6,120.0,60.0,157.5
54.0,81.4,195.0,137.5,247.5
54.0,82.4,200.0,137.5,237.5
54.0,66.1,120.0,62.5,152.5
54.0,66.8,125.0,67.5,147.5
54.0,98.9,112.5,65.0,150.0
54.0,66.1,120.0,62.5,152.5
54.0,66.8,125.0,67.5,147.5
54.0,98.1,240.0,146.0,295.0
54.0,98.1,240.0,146.0,295.0
54.0,111.95,117.5,70.0,137.5
54.0,67.1,127.5,60.0,140.0
54.5,69.3,65.0,60.0,117.5
54.5,69.3,65.0,60.0,117.5
54.5,70.4,25.0,62.5,120.0
54.5,70.4,25.0,62.5,120.0
54.5,101.0,65.0,40.0,97.5
54.5,112.5,107.5,132.5,177.5
54.5,101.0,65.0,40.0,97.5
54.5,112.5,107.5,132.5,177.5
54.5,81.88,190.0,110.0,237.5
54.5,115.35,65.0,45.0,130.0
55.0,159.0,115.0,80.0,167.5
55.0,102.5,265.0,182.5,260.0
55.0,159.0,115.0,80.0,167.5
55.0,66.8,130.0,60.0,155.0
55.0,102.5,265.0,182.5,260.0
55.0,66.9,130.0,60.0,152.5
55.0,66.9,130.0,60.0,152.5
55.0,82.25,75.0,75.0,75.0
55.0,80.1,160.0,120.0,200.0
55.0,79.7,80.0,35.0,112.5
55.0,79.9,85.0,37.5,115.0
55.0,79.7,80.0,35.0,112.5
55.0,88.0,80.0,65.0,97.5
55.5,82.15,197.5,107.5,247.5
55.5,69.7,75.0,42.5,110.0
55.5,88.2,85.0,67.5,102.5
55.5,69.7,75.0,42.5,110.0
55.5,79.7,87.5,40.0,110.0
55.5,81.5,122.5,65.0,157.5
55.5,91.4,115.0,102.5,192.5
55.5,88.2,85.0,67.5,102.5
55.5,62.1,62.5,47.5,97.5
55.5,62.1,62.5,47.5,97.5
55.5,91.4,115.0,102.5,192.5
55.5,79.2,120.0,65.0,160.0
55.5,70.4,97.5,55.0,122.5
56.0,104.3,225.0,120.0,225.0
56.0,70.8,90.0,40.0,100.0
56.0,88.2,105.0,72.5,117.5
56.0,71.2,87.5,60.0,135.0
56.0,74.9,107.5,107.5,137.5
56.0,86.9,102.5,65.0,115.0
56.0,88.2,105.0,72.5,117.5
56.0,73.6,92.5,102.5,130.0
56.0,66.2,115.0,57.5,150.0
56.0,99.8,225.0,115.0,210.0
56.0,70.8,90.0,40.0,100.0
56.0,104.3,225.0,120.0,225.0
56.0,74.7,175.0,120.0,222.5
56.0,75.7,105.0,117.5,130.0
56.0,156.6,135.0,82.5,157.5
56.0,72.0,80.0,50.0,92.5
56.0,156.6,135.0,82.5,157.5
56.0,86.9,102.5,65.0,115.0
56.0,72.0,80.0,50.0,92.5
56.0,81.6,95.0,45.0,112.5
56.0,104.8,232.5,122.5,217.5
56.0,160.1,110.0,80.0,142.5
56.0,160.1,110.0,80.0,142.5
56.0,99.9,235.0,110.0,220.0
56.0,103.6,162.5,155.0,190.0
56.0,79.6,92.5,42.5,107.5
56.0,99.9,235.0,110.0,220.0
56.0,107.4,230.0,115.0,215.0
56.0,104.8,232.5,122.5,217.5
56.0,107.4,230.0,115.0,215.0
56.5,81.0,132.5,65.0,150.0
56.5,87.4,95.0,92.5,140.0
56.5,94.5,67.5,45.0,87.5
56.5,56.7,70.0,47.5,90.0
56.5,72.5,105.0,60.0,130.0
56.5,83.2,130.0,87.5,150.0
56.5,90.9,117.5,85.0,135.0
56.5,71.95,105.0,57.5,132.5
56.5,72.5,105.0,60.0,130.0
56.5,56.7,70.0,47.5,90.0
56.5,55.7,72.5,42.5,90.0
56.5,55.2,67.5,45.0,80.0
56.5,100.2,185.0,167.5,207.5
56.5,94.5,67.5,45.0,87.5
56.5,97.7,185.0,160.0,200.0
56.5,83.2,130.0,87.5,150.0
57.0,88.5,107.5,75.0,120.0
57.0,74.4,165.0,112.5,200.0
57.0,70.9,95.0,50.0,122.5
57.0,70.9,95.0,50.0,122.5
57.0,81.19,154.22,124.74,197.31
57.0,77.4,90.0,70.0,115.0
57.0,72.0,92.5,55.0,102.5
57.0,103.6,235.0,120.0,217.5
57.0,88.5,107.5,75.0,120.0
57.0,134.4,192.5,165.0,215.0
57.0,72.0,92.5,55.0,102.5
57.5,61.0,85.0,52.5,90.0
57.5,79.2,127.5,85.0,155.0
57.5,104.3,170.0,135.0,180.0
57.5,87.7,97.5,75.0,112.5
57.5,87.4,102.5,77.5,112.5
57.5,104.3,170.0,135.0,180.0
57.5,68.25,62.5,47.5,95.0
57.5,98.5,195.0,165.0,200.0
57.5,74.6,97.5,70.0,137.5
57.5,61.0,85.0,52.5,90.0
57.5,68.25,62.5,47.5,95.0
57.5,97.4,200.0,167.5,215.0
57.5,97.9,205.0,165.0,220.0
57.5,60.6,77.5,50.0,90.0
57.5,60.6,77.5,50.0,90.0
58.0,70.0,97.5,55.0,127.5
58.0,70.0,97.5,55.0,127.5
58.0,61.7,60.0,47.5,112.5
58.0,67.8,55.0,52.5,110.0
58.0,61.8,67.5,50.0,115.0
58.0,61.7,60.0,47.5,112.5
58.0,148.8,75.0,140.0,130.0
58.0,70.57,92.5,55.0,125.0
58.0,107.7,190.0,140.0,245.0
58.0,111.3,175.0,140.0,245.0
58.0,66.3,75.0,35.0,87.5
58.0,61.8,67.5,50.0,115.0
58.0,69.5,92.5,55.0,110.0
58.5,91.5,150.0,85.0,190.0
58.5,93.0,117.5,100.0,200.0
58.5,91.5,150.0,85.0,190.0
58.5,95.6,147.5,120.0,190.0
58.5,57.5,60.0,52.5,100.0
58.5,93.0,117.5,100.0,200.0
58.5,55.3,62.5,52.5,102.5
58.5,115.8,137.5,125.0,152.5
59.0,61.8,67.5,47.5,115.0
59.0,63.4,100.0,52.5,120.0
59.0,61.8,67.5,47.5,115.0
59.0,63.4,100.0,52.5,120.0
59.0,72.5,110.0,100.0,100.0
59.0,61.5,70.0,47.5,117.5
59.0,61.05,60.0,47.5,102.5
59.0,60.63,62.5,47.5,115.0
59.0,111.2,197.5,117.5,217.5
59.0,61.5,70.0,47.5,117.5
59.0,70.7,70.0,45.0,100.0
59.0,68.35,62.5,45.0,95.0
59.0,72.3,110.0,100.0,145.0
59.0,68.35,62.5,45.0,95.0
59.5,68.8,87.5,57.5,100.0
59.5,68.6,30.0,50.0,87.5
59.5,66.9,85.0,55.0,95.0
59.5,68.6,30.0,50.0,87.5
59.5,82.53,140.0,100.0,182.5
59.5,66.9,85.0,55.0,95.0
59.5,80.95,157.5,137.5,190.0
59.5,69.3,60.0,47.5,90.0
59.5,68.8,87.5,57.5,100.0
60.0,106.5,185.0,135.0,240.0
60.0,60.4,70.0,50.0,115.0
60.0,105.4,145.0,92.5,185.0
60.0,60.4,70.0,50.0,115.0
60.0,64.1,105.0,57.5,122.5
60.0,65.2,105.0,57.5,127.5
60.0,80.5,165.0,142.5,200.0
60.0,64.1,105.0,57.5,122.5
60.5,53.2,55.0,32.5,82.5
60.5,68.42,72.5,50.0,105.0
60.5,52.5,70.0,32.5,82.5
60.5,68.3,70.0,47.5,105.0
60.5,68.3,70.0,47.5,105.0
60.5,92.3,115.0,95.0,205.0
60.5,101.2,187.5,102.5,210.0
60.5,92.3,115.0,95.0,205.0
61.0,62.25,105.0,55.0,132.5
61.0,62.25,105.0,55.0,132.5
61.0,110.3,147.5,135.0,190.0
61.0,73.6,112.5,107.5,160.0
61.0,59.4,100.0,55.0,135.0
61.0,109.6,182.5,145.0,240.0
61.0,109.6,182.5,145.0,240.0
61.0,89.7,90.0,42.5,130.0
61.0,118.0,183.0,93.0,182.0
61.0,58.8,102.5,55.0,130.0
61.0,58.06,97.5,52.5,127.5
61.0,96.7,115.0,128.0,150.0
61.0,89.7,90.0,42.5,130.0
61.0,58.8,102.5,55.0,130.0
61.0,105.8,160.0,136.0,240.0
61.0,101.0,190.0,110.0,215.0
61.0,105.9,157.5,142.5,182.5
61.0,81.5,172.5,140.0,197.5
61.5,68.6,70.0,52.5,102.5
61.5,68.6,70.0,52.5,102.5
61.5,95.3,137.5,92.5,182.5
61.5,69.7,75.0,52.5,110.0
61.5,69.7,75.0,52.5,110.0
61.5,95.3,137.5,92.5,182.5
62.0,89.6,160.0,150.5,62.5
62.0,59.5,100.0,58.0,135.0
62.0,60.8,90.0,52.5,120.0
62.0,108.3,145.0,145.0,195.0
62.0,91.5,82.5,52.5,127.5
62.0,59.8,90.0,52.5,120.0
62.0,94.2,85.0,57.5,137.5
62.0,108.9,162.5,150.0,200.0
62.5,80.1,85.0,52.5,117.5
62.5,80.1,85.0,52.5,117.5
63.0,109.6,167.5,150.0,210.0
63.0,115.6,150.0,145.0,200.0
63.0,51.1,63.0,20.0,103.0
63.0,94.8,92.5,60.0,135.0
63.0,95.3,85.0,60.0,135.5
63.0,93.0,75.0,57.5,140.0
63.0,70.1,60.0,32.5,75.0
63.0,93.0,75.0,57.5,140.0
63.0,70.1,60.0,32.5,75.0
63.5,120.4,75.0,45.0,102.5
63.5,120.4,75.0,45.0,102.5
64.0,88.9,100.0,92.5,150.0
64.0,105.0,120.0,82.5,162.5
64.0,72.1,70.0,40.0,92.5
65.0,105.9,125.0,82.5,172.5
65.0,73.7,60.0,35.0,82.5
65.0,72.2,75.0,42.5,97.5
65.0,98.4,117.5,95.0,185.0
65.0,99.9,130.0,92.5,180.0
65.0,73.7,60.0,35.0,82.5
65.5,119.8,72.5,47.5,100.0
65.5,119.8,72.5,47.5,100.0
65.5,61.9,35.0,35.0,80.0
65.5,119.1,75.0,47.5,107.5
65.5,119.1,75.0,47.5,107.5
66.0,73.4,82.5,47.5,112.5
66.0,97.16,127.5,110.0,182.5
66.0,75.0,87.5,47.5,115.0
66.0,71.3,75.0,42.5,102.5
66.0,69.9,72.5,42.5,105.0
66.0,73.4,82.5,47.5,112.5
66.5,46.4,37.5,20.0,65.0
67.0,97.6,137.5,100.0,170.0
67.0,103.0,137.5,107.5,182.5
68.0,60.6,100.0,52.5,132.5
68.0,70.55,70.0,42.5,105.0
68.0,107.75,138.0,119.0,184.0
68.0,110.0,135.0,117.5,185.0
68.0,108.2,145.0,122.5,190.0
68.0,60.6,100.0,52.5,132.5
68.5,80.2,145.0,120.0,167.5
68.5,88.5,107.5,85.0,150.0
68.5,80.2,145.0,120.0,167.5
68.5,91.6,105.0,77.5,152.5
68.5,88.5,107.5,85.0,150.0
68.5,91.6,105.0,77.5,152.5
69.0,85.15,110.0,62.5,137.5
69.0,60.8,105.0,60.0,137.5
69.0,60.8,105.0,60.0,137.5
69.5,56.8,47.5,35.0,82.5
69.5,57.3,55.0,35.0,85.0
69.5,83.0,147.5,80.0,192.5
69.5,79.2,132.5,90.0,147.5
69.5,83.0,147.5,80.0,192.5
70.0,60.19,113.5,65.0,137.5
70.0,60.1,112.5,62.5,147.5
70.0,102.5,120.0,85.0,137.5
70.0,107.02,117.5,85.0,140.0
70.0,60.87,110.0,63.0,145.0
70.0,105.5,100.0,87.5,137.5
70.0,108.1,97.5,70.0,125.0
70.5,74.0,105.0,57.5,155.0
70.5,74.0,97.5,60.0,150.0
70.5,74.0,105.0,57.5,155.0
70.5,74.0,97.5,60.0,150.0
71.0,105.2,115.0,85.0,142.5
71.0,87.46,80.0,72.5,105.0
71.0,60.4,115.0,67.5,130.0
71.0,98.43,112.5,82.5,127.5
72.0,65.7,62.0,57.0,100.0
72.0,60.8,117.5,67.5,142.5
72.0,58.8,37.5,27.5,85.0
72.0,89.0,92.5,75.0,130.0
72.0,88.75,97.5,67.5,125.0
72.0,58.8,37.5,27.5,85.0
72.5,59.0,35.0,25.0,87.5
72.5,59.0,35.0,25.0,87.5
73.0,86.64,127.5,90.0,185.0
73.0,61.0,112.5,67.5,148.0
73.0,81.89,82.5,65.0,112.5
73.0,89.2,82.5,67.5,117.5
73.0,60.5,107.5,62.5,100.0
73.0,86.91,82.5,65.0,112.5
73.0,60.5,107.5,62.5,100.0
75.0,81.19,120.5,80.5,190.0
75.0,105.35,95.0,80.0,137.5
76.0,107.4,155.0,130.0,205.0
76.0,104.9,142.5,130.0,185.0
77.0,72.5,90.0,67.5,115.0
77.0,107.6,170.0,125.0,65.0
77.0,107.8,165.0,135.0,205.0
77.5,88.7,75.0,70.0,122.5
