IRSEX,MJDAY30A,MJAGE,MJMONSMOKE,MJMONVAPE,MJMONEAT
1,91,991,91,91,91
1,93,17,93,93,93
2,91,991,91,91,91
1,91,991,91,91,91
1,93,15,93,93,93
1,91,991,91,91,91
1,25,18,1,1,2
1,91,991,91,91,91
2,91,991,91,91,91
2,2,14,1,2,2
1,91,991,91,91,91
2,91,991,91,91,91
1,91,991,91,91,91
2,91,991,91,91,91
2,91,991,91,91,91
1,93,16,93,93,93
2,91,991,91,91,91
2,91,991,91,91,91
1,91,991,91,91,91
1,30,14,1,2,2
1,28,24,1,1,1
1,30,16,1,1,1
1,93,18,93,93,93
1,91,991,91,91,91
2,91,991,91,91,91
2,91,991,91,91,91
1,91,991,91,91,91
2,91,991,91,91,91
1,93,27,93,93,93
1,30,13,1,2,2
2,93,20,93,93,93
2,91,991,91,91,91
1,21,12,1,1,1
1,91,991,91,91,91
1,91,991,91,91,91
1,91,991,91,91,91
2,91,991,91,91,91
1,5,17,1,2,2
2,91,991,91,91,91
2,30,26,1,1,1
1,91,991,91,91,91
2,93,17,93,93,93
1,93,12,93,93,93
1,10,18,1,1,2
1,93,17,93,93,93
1,93,23,93,93,93
1,91,991,91,91,91
2,93,16,93,93,93
1,91,991,91,91,91
1,91,991,91,91,91
1,3,17,1,2,2
2,91,991,91,91,91
1,91,991,91,91,91
2,2,20,1,2,1
2,91,991,91,91,91
1,30,14,1,1,2
2,91,991,91,91,91
2,93,17,93,93,93
1,93,23,93,93,93
2,91,991,91,91,91
1,93,16,93,93,93
1,30,13,1,1,1
2,28,17,1,1,1
1,93,15,93,93,93
2,93,30,93,93,93
1,93,18,93,93,93
1,91,991,91,91,91
1,6,13,1,2,2
1,25,18,1,1,2
1,91,991,91,91,91
2,91,991,91,91,91
2,93,14,93,93,93
2,6,19,1,2,2
1,93,14,93,93,93
2,91,991,91,91,91
2,93,16,93,93,93
1,91,991,91,91,91
2,93,15,93,93,93
1,91,991,91,91,91
1,91,991,91,91,91
2,91,991,91,91,91
1,93,16,93,93,93
1,93,12,93,93,93
2,91,991,91,91,91
1,91,991,91,91,91
2,91,991,91,91,91
2,93,21,93,93,93
1,30,12,1,2,2
2,3,35,2,2,1
2,14,14,1,1,2
1,91,991,91,91,91
1,91,991,91,91,91
1,91,991,91,91,91
2,98,998,98,98,98
1,91,991,91,91,91
2,91,991,91,91,91
2,91,991,91,91,91
1,91,991,91,91,91
2,30,15,1,1,2
1,93,16,93,93,93
2,30,14,1,1,2
1,93,994,93,93,93
2,93,18,93,93,93
2,93,42,93,93,93
1,93,16,93,93,93
2,91,991,91,91,91
2,91,991,91,91,91
1,91,991,91,91,91
2,91,991,91,91,91
1,91,991,91,91,91
2,91,991,91,91,91
1,93,33,93,93,93
2,91,991,91,91,91
1,91,991,91,91,91
1,91,991,91,91,91
1,91,991,91,91,91
2,91,991,91,91,91
1,93,20,93,93,93
1,91,991,91,91,91
1,91,991,91,91,91
2,98,13,98,98,98
1,91,991,91,91,91
2,93,20,93,93,93
1,91,991,91,91,91
2,30,17,1,2,2
1,93,16,93,93,93
2,91,991,91,91,91
2,91,991,91,91,91
2,93,20,93,93,93
1,30,24,1,2,2
2,91,991,91,91,91
1,91,991,91,91,91
2,2,18,1,2,2
2,91,991,91,91,91
2,91,991,91,91,91
1,91,991,91,91,91
2,91,991,91,91,91
2,93,18,93,93,93
1,91,991,91,91,91
1,91,991,91,91,91
2,91,991,91,91,91
1,27,16,1,1,2
1,91,991,91,91,91
2,91,991,91,91,91
1,91,991,91,91,91
1,91,991,91,91,91
2,93,17,93,93,93
1,93,26,93,93,93
1,93,19,93,93,93
2,91,991,91,91,91
2,91,991,91,91,91
1,91,991,91,91,91
1,91,991,91,91,91
1,91,991,91,91,91
1,30,19,2,2,1
1,91,991,91,91,91
1,93,18,93,93,93
2,93,16,93,93,93
2,93,16,93,93,93
2,93,27,93,93,93
2,30,14,1,1,1
1,93,27,93,93,93
1,91,991,91,91,91
2,91,991,91,91,91
2,91,991,91,91,91
1,91,991,91,91,91
2,93,994,93,93,93
1,91,991,91,91,91
2,93,20,93,93,93
2,91,991,91,91,91
2,93,42,93,93,93
1,91,991,91,91,91
2,93,18,93,93,93
2,93,16,93,93,93
2,93,16,93,93,93
1,91,991,91,91,91
1,93,21,93,93,93
2,91,991,91,91,91
2,93,16,93,93,93
2,1,14,2,2,2
2,2,12,1,2,2
1,91,991,91,91,91
2,91,991,91,91,91
2,91,991,91,91,91
2,91,991,91,91,91
2,91,991,91,91,91
1,91,991,91,91,91
2,91,991,91,91,91
2,91,991,91,91,91
1,91,991,91,91,91
2,91,991,91,91,91
2,26,16,1,1,2
2,93,19,93,93,93
2,91,991,91,91,91
1,91,991,91,91,91
1,93,23,93,93,93
1,91,991,91,91,91
2,91,991,91,91,91
1,91,991,91,91,91
2,91,991,91,91,91
2,93,19,93,93,93
1,91,991,91,91,91
1,91,991,91,91,91
1,91,991,91,91,91
2,91,991,91,91,91
1,6,19,1,2,1
1,10,17,1,1,2
1,91,991,91,91,91
2,30,13,1,2,2
2,91,991,91,91,91
2,91,991,91,91,91
2,93,24,93,93,93
2,91,991,91,91,91
2,93,15,93,93,93
1,30,24,1,2,2
1,93,14,93,93,93
2,91,991,91,91,91
1,30,14,1,1,2
2,93,20,93,93,93
2,91,991,91,91,91
2,91,991,91,91,91
1,30,14,1,1,2
2,93,23,93,93,93
2,91,991,91,91,91
2,93,20,93,93,93
1,10,13,1,2,2
1,91,991,91,91,91
1,91,991,91,91,91
1,91,991,91,91,91
2,93,19,93,93,93
1,93,19,93,93,93
1,91,991,91,91,91
2,91,991,91,91,91
1,91,991,91,91,91
2,93,17,93,93,93
1,93,62,93,93,93
1,91,991,91,91,91
2,91,991,91,91,91
2,93,994,93,93,93
2,98,985,98,98,98
1,1,17,1,2,2
1,91,991,91,91,91
1,91,991,91,91,91
1,93,20,93,93,93
1,91,991,91,91,91
1,91,991,91,91,91
1,25,16,1,1,1
2,3,16,2,2,1
2,91,991,91,91,91
1,93,14,93,93,93
2,91,991,91,91,91
1,91,991,91,91,91
2,91,991,91,91,91
2,10,21,2,2,1
1,91,991,91,91,91
2,91,991,91,91,91
1,93,16,93,93,93
2,91,991,91,91,91
2,93,21,93,93,93
2,91,991,91,91,91
2,91,991,91,91,91
1,5,15,1,1,1
2,6,14,1,1,2
1,91,991,91,91,91
2,91,991,91,91,91
1,91,991,91,91,91
1,91,991,91,91,91
2,29,15,1,1,2
2,91,991,91,91,91
1,91,991,91,91,91
2,91,991,91,91,91
2,91,991,91,91,91
2,1,15,1,2,2
1,91,991,91,91,91
1,91,991,91,91,91
1,5,19,1,2,2
2,91,991,91,91,91
1,30,14,1,2,2
2,91,991,91,91,91
2,91,991,91,91,91
2,91,991,91,91,91
2,91,991,91,91,91
2,91,991,91,91,91
2,91,991,91,91,91
1,93,18,93,93,93
2,93,19,93,93,93
2,93,17,93,93,93
1,91,991,91,91,91
1,30,18,1,1,2
2,91,991,91,91,91
2,93,16,93,93,93
2,91,991,91,91,91
2,91,991,91,91,91
2,91,991,91,91,91
2,91,991,91,91,91
2,93,41,93,93,93
2,93,27,93,93,93
1,93,13,93,93,93
2,93,17,93,93,93
2,98,998,98,98,98
1,91,991,91,91,91
2,91,991,91,91,91
2,91,991,91,91,91
1,91,991,91,91,91
1,91,991,91,91,91
2,93,17,93,93,93
2,91,991,91,91,91
1,93,19,93,93,93
2,91,991,91,91,91
2,12,12,1,2,2
2,91,991,91,91,91
2,91,991,91,91,91
2,91,991,91,91,91
1,21,23,1,1,2
2,15,18,2,2,1
1,93,24,93,93,93
1,30,12,1,1,2
2,91,991,91,91,91
1,91,991,91,91,91
2,93,21,93,93,93
2,91,991,91,91,91
1,91,991,91,91,91
2,91,991,91,91,91
2,6,21,2,2,1
1,91,991,91,91,91
2,91,991,91,91,91
1,91,991,91,91,91
2,91,991,91,91,91
1,91,991,91,91,91
2,93,17,93,93,93
2,91,991,91,91,91
1,93,18,93,93,93
1,91,991,91,91,91
1,93,16,93,93,93
2,91,991,91,91,91
1,91,991,91,91,91
2,91,991,91,91,91
1,93,21,93,93,93
1,91,991,91,91,91
2,91,991,91,91,91
2,93,14,93,93,93
2,2,15,1,2,2
2,91,991,91,91,91
2,93,17,93,93,93
2,91,991,91,91,91
1,3,17,1,2,2
1,91,991,91,91,91
1,91,991,91,91,91
2,30,18,1,1,2
2,93,14,93,93,93
2,91,991,91,91,91
1,6,18,1,2,2
1,91,991,91,91,91
2,91,991,91,91,91
2,91,991,91,91,91
1,30,15,1,2,1
2,93,35,93,93,93
1,91,991,91,91,91
2,93,22,93,93,93
2,91,991,91,91,91
2,91,991,91,91,91
1,91,991,91,91,91
2,93,18,93,93,93
1,91,991,91,91,91
2,93,18,93,93,93
1,30,16,1,2,2
2,93,28,93,93,93
2,91,991,91,91,91
2,91,991,91,91,91
1,91,991,91,91,91
2,91,991,91,91,91
1,91,991,91,91,91
1,91,991,91,91,91
1,93,26,93,93,93
1,91,991,91,91,91
2,91,991,91,91,91
1,91,991,91,91,91
1,91,991,91,91,91
2,93,22,93,93,93
2,30,21,1,2,2
2,93,22,93,93,93
2,91,991,91,91,91
1,93,11,93,93,93
1,91,991,91,91,91
1,91,991,91,91,91
2,93,15,93,93,93
1,91,991,91,91,91
1,91,991,91,91,91
1,91,991,91,91,91
1,91,991,91,91,91
2,93,19,93,93,93
2,91,991,91,91,91
1,91,991,91,91,91
1,25,16,1,1,2
1,93,20,93,93,93
1,93,24,93,93,93
2,93,45,93,93,93
2,93,25,93,93,93
2,30,11,1,2,2
1,93,15,93,93,93
1,2,13,1,2,2
2,93,15,93,93,93
2,91,991,91,91,91
2,93,17,93,93,93
1,93,22,93,93,93
1,91,991,91,91,91
1,30,21,1,1,1
1,91,991,91,91,91
1,91,991,91,91,91
1,91,991,91,91,91
1,93,16,93,93,93
2,3,16,1,2,2
2,93,13,93,93,93
1,30,16,1,1,2
2,91,991,91,91,91
1,91,991,91,91,91
1,91,991,91,91,91
1,91,991,91,91,91
1,93,18,93,93,93
1,91,991,91,91,91
2,91,991,91,91,91
1,91,991,91,91,91
1,18,13,1,1,1
1,1,17,2,2,2
2,93,45,93,93,93
2,20,16,1,2,2
1,93,15,93,93,93
1,93,22,93,93,93
1,98,985,98,98,98
2,93,19,93,93,93
2,93,16,93,93,93
1,91,991,91,91,91
2,91,991,91,91,91
2,91,991,91,91,91
2,93,17,93,93,93
2,93,16,93,93,93
2,93,16,93,93,93
2,93,11,93,93,93
1,93,16,93,93,93
1,91,991,91,91,91
2,91,991,91,91,91
1,93,14,93,93,93
2,93,70,93,93,93
2,91,991,91,91,91
2,91,991,91,91,91
1,91,991,91,91,91
1,91,991,91,91,91
1,91,991,91,91,91
2,91,991,91,91,91
2,91,991,91,91,91
2,30,20,1,1,1
1,93,15,93,93,93
1,91,991,91,91,91
1,91,991,91,91,91
2,91,991,91,91,91
2,91,991,91,91,91
1,25,23,1,1,1
2,91,991,91,91,91
2,91,991,91,91,91
2,91,991,91,91,91
1,91,991,91,91,91
1,93,14,93,93,93
1,93,13,93,93,93
2,93,42,93,93,93
2,93,28,93,93,93
2,30,14,1,2,2
2,91,991,91,91,91
2,93,14,93,93,93
1,93,18,93,93,93
1,93,10,93,93,93
1,93,21,93,93,93
2,91,991,91,91,91
2,91,991,91,91,91
1,91,991,91,91,91
1,91,991,91,91,91
1,93,13,93,93,93
2,91,991,91,91,91
2,30,17,1,1,1
2,93,20,93,93,93
2,30,29,1,2,2
2,93,22,93,93,93
2,91,991,91,91,91
2,91,991,91,91,91
1,91,991,91,91,91
1,93,21,93,93,93
1,91,991,91,91,91
1,93,19,93,93,93
1,30,18,1,1,2
1,30,15,1,2,2
1,91,991,91,91,91
2,91,991,91,91,91
2,25,18,1,1,2
1,15,8,2,1,1
1,93,22,93,93,93
2,91,991,91,91,91
1,91,991,91,91,91
1,91,991,91,91,91
2,93,14,93,93,93
2,93,16,93,93,93
2,93,15,93,93,93
1,91,991,91,91,91
2,91,991,91,91,91
1,91,991,91,91,91
1,30,11,1,1,1
1,24,18,1,2,2
1,91,991,91,91,91
2,30,12,1,1,2
2,93,25,93,93,93
2,91,991,91,91,91
1,30,18,1,1,2
1,91,991,91,91,91
2,93,40,93,93,93
2,91,991,91,91,91
2,91,991,91,91,91
1,93,17,93,93,93
1,93,29,93,93,93
2,93,13,93,93,93
2,91,991,91,91,91
1,93,55,93,93,93
1,30,18,1,1,1
2,91,991,91,91,91
2,15,17,1,1,1
1,93,18,93,93,93
1,91,991,91,91,91
1,91,991,91,91,91
1,91,991,91,91,91
1,91,991,91,91,91
2,91,991,91,91,91
1,91,991,91,91,91
1,91,991,91,91,91
2,91,991,91,91,91
2,91,991,91,91,91
2,1,12,1,1,2
2,93,18,93,93,93
2,91,991,91,91,91
2,91,991,91,91,91
1,7,21,2,2,1
1,91,991,91,91,91
2,26,15,2,1,2
2,91,991,91,91,91
1,91,991,91,91,91
1,91,991,91,91,91
2,91,991,91,91,91
1,91,991,91,91,91
2,1,17,2,2,1
2,15,28,1,2,2
2,93,14,93,93,93
1,91,991,91,91,91
2,18,16,1,2,2
2,1,19,1,2,1
2,91,991,91,91,91
2,91,991,91,91,91
1,91,991,91,91,91
1,6,16,2,1,2
1,93,19,93,93,93
2,93,60,93,93,93
2,91,991,91,91,91
1,91,991,91,91,91
1,91,991,91,91,91
2,91,991,91,91,91
2,30,20,1,2,2
1,93,14,93,93,93
2,91,991,91,91,91
2,30,17,1,1,2
1,91,991,91,91,91
2,91,991,91,91,91
2,30,16,1,2,2
1,91,991,91,91,91
2,91,991,91,91,91
1,91,991,91,91,91
2,91,991,91,91,91
2,91,991,91,91,91
1,91,991,91,91,91
1,91,991,91,91,91
1,93,16,93,93,93
2,91,991,91,91,91
1,93,40,93,93,93
2,91,991,91,91,91
2,93,18,93,93,93
1,93,12,93,93,93
2,93,35,93,93,93
1,93,17,93,93,93
1,93,14,93,93,93
2,91,991,91,91,91
2,91,991,91,91,91
2,91,991,91,91,91
2,2,19,2,2,1
2,91,991,91,91,91
1,91,991,91,91,91
1,91,991,91,91,91
2,93,14,93,93,93
1,1,14,1,2,2
2,93,15,93,93,93
1,91,991,91,91,91
2,93,17,93,93,93
1,93,15,93,93,93
2,91,991,91,91,91
2,93,17,93,93,93
1,91,991,91,91,91
2,93,48,93,93,93
1,30,13,1,1,2
2,93,16,93,93,93
1,93,30,93,93,93
2,91,991,91,91,91
2,30,15,1,1,1
1,93,12,93,93,93
1,91,991,91,91,91
1,91,991,91,91,91
2,93,18,93,93,93
2,93,18,93,93,93
2,91,991,91,91,91
2,98,985,98,98,98
2,30,18,1,1,2
1,30,17,1,1,1
1,93,18,93,93,93
1,91,991,91,91,91
1,91,991,91,91,91
1,91,991,91,91,91
2,91,991,91,91,91
1,93,16,93,93,93
1,93,20,93,93,93
2,91,991,91,91,91
2,91,991,91,91,91
2,91,991,91,91,91
2,91,991,91,91,91
2,3,13,1,1,2
1,91,991,91,91,91
2,91,991,91,91,91
2,91,991,91,91,91
2,91,991,91,91,91
2,91,991,91,91,91
2,91,991,91,91,91
2,93,27,93,93,93
1,91,991,91,91,91
1,91,991,91,91,91
2,91,991,91,91,91
2,93,14,93,93,93
2,93,16,93,93,93
1,93,12,93,93,93
1,91,991,91,91,91
1,93,16,93,93,93
2,91,991,91,91,91
1,93,17,93,93,93
1,91,991,91,91,91
1,91,991,91,91,91
2,93,14,93,93,93
2,93,17,93,93,93
1,91,991,91,91,91
2,91,991,91,91,91
2,10,17,1,1,2
2,93,12,93,93,93
2,30,23,2,1,2
2,91,991,91,91,91
2,91,991,91,91,91
1,91,991,91,91,91
1,91,991,91,91,91
2,91,991,91,91,91
1,30,15,1,2,2
2,91,991,91,91,91
2,93,16,93,93,93
1,91,991,91,91,91
1,93,17,93,93,93
1,2,17,1,2,2
1,93,21,93,93,93
1,30,16,2,1,2
2,93,23,93,93,93
2,91,991,91,91,91
2,30,15,1,1,1
1,91,991,91,91,91
2,93,17,93,93,93
1,91,991,91,91,91
2,93,14,93,93,93
1,91,991,91,91,91
2,91,991,91,91,91
2,93,17,93,93,93
2,91,991,91,91,91
1,25,12,1,2,2
1,91,991,91,91,91
1,91,991,91,91,91
2,91,991,91,91,91
2,91,991,91,91,91
2,25,15,1,2,2
1,93,20,93,93,93
2,93,17,93,93,93
2,1,18,1,2,2
1,91,991,91,91,91
1,91,991,91,91,91
2,91,991,91,91,91
1,30,16,1,1,1
1,30,18,1,1,1
2,93,38,93,93,93
1,91,991,91,91,91
2,91,991,91,91,91
1,1,15,1,2,1
2,91,991,91,91,91
1,91,991,91,91,91
1,91,991,91,91,91
2,98,15,98,98,98
1,30,13,1,2,2
2,91,991,91,91,91
2,30,12,1,1,2
2,91,991,91,91,91
2,91,991,91,91,91
1,93,23,93,93,93
1,91,991,91,91,91
2,91,991,91,91,91
2,93,14,93,93,93
1,91,991,91,91,91
2,93,18,93,93,93
2,91,991,91,91,91
1,91,991,91,91,91
2,91,991,91,91,91
2,91,991,91,91,91
1,93,25,93,93,93
2,93,14,93,93,93
1,91,991,91,91,91
2,93,2,93,93,93
1,91,991,91,91,91
1,93,16,93,93,93
2,91,991,91,91,91
2,91,991,91,91,91
1,93,14,93,93,93
2,30,18,1,1,1
2,15,12,1,1,2
1,91,991,91,91,91
1,93,18,93,93,93
2,93,35,93,93,93
1,91,991,91,91,91
1,93,18,93,93,93
1,30,20,1,2,2
2,93,15,93,93,93
2,91,991,91,91,91
2,93,14,93,93,93
1,91,991,91,91,91
2,91,991,91,91,91
1,91,991,91,91,91
1,2,17,1,1,2
1,93,18,93,93,93
2,30,13,1,1,1
1,30,14,1,2,2
1,91,991,91,91,91
2,93,14,93,93,93
1,91,991,91,91,91
1,91,991,91,91,91
1,93,16,93,93,93
2,91,991,91,91,91
2,91,991,91,91,91
1,91,991,91,91,91
1,91,991,91,91,91
2,93,18,93,93,93
2,91,991,91,91,91
1,91,991,91,91,91
1,93,25,93,93,93
2,20,10,1,1,2
1,91,991,91,91,91
1,91,991,91,91,91
1,91,991,91,91,91
2,91,991,91,91,91
2,98,985,98,98,98
2,93,14,93,93,93
1,93,30,93,93,93
2,93,18,93,93,93
2,91,991,91,91,91
2,91,991,91,91,91
2,91,991,91,91,91
2,28,17,1,2,2
1,91,991,91,91,91
1,91,991,91,91,91
2,91,991,91,91,91
2,93,26,93,93,93
1,93,18,93,93,93
2,93,21,93,93,93
2,91,991,91,91,91
2,91,991,91,91,91
2,91,991,91,91,91
2,91,991,91,91,91
1,91,991,91,91,91
1,93,13,93,93,93
2,93,13,93,93,93
2,91,991,91,91,91
2,93,15,93,93,93
2,93,14,93,93,93
1,93,13,93,93,93
1,91,991,91,91,91
2,93,14,93,93,93
1,91,991,91,91,91
1,91,991,91,91,91
2,15,18,1,2,2
1,93,17,93,93,93
2,91,991,91,91,91
2,93,17,93,93,93
1,91,991,91,91,91
2,1,16,2,2,1
2,91,991,91,91,91
2,93,15,93,93,93
2,93,38,93,93,93
2,91,991,91,91,91
1,91,991,91,91,91
2,91,991,91,91,91
2,93,14,93,93,93
2,3,14,1,1,2
2,91,991,91,91,91
1,93,19,93,93,93
1,93,16,93,93,93
1,91,991,91,91,91
2,93,15,93,93,93
2,91,991,91,91,91
2,15,19,1,2,2
2,91,991,91,91,91
2,93,9,93,93,93
2,93,19,93,93,93
2,91,991,91,91,91
2,4,19,2,1,2
1,91,991,91,91,91
1,91,991,91,91,91
2,91,991,91,91,91
2,91,991,91,91,91
1,91,991,91,91,91
1,91,991,91,91,91
2,91,991,91,91,91
2,91,991,91,91,91
1,93,18,93,93,93
2,93,16,93,93,93
1,91,991,91,91,91
1,3,15,1,2,2
1,30,14,1,2,2
1,30,14,1,1,1
1,91,991,91,91,91
1,91,991,91,91,91
1,91,991,91,91,91
1,93,16,93,93,93
1,91,991,91,91,91
2,93,17,93,93,93
2,93,17,93,93,93
2,2,16,2,2,1
2,93,19,93,93,93
1,91,991,91,91,91
1,91,991,91,91,91
1,91,991,91,91,91
2,91,991,91,91,91
1,91,991,91,91,91
1,93,28,93,93,93
2,91,991,91,91,91
1,91,991,91,91,91
2,91,991,91,91,91
1,91,991,91,91,91
2,15,16,1,2,2
2,91,991,91,91,91
1,91,991,91,91,91
2,93,21,93,93,93
2,1,20,1,2,2
1,93,17,93,93,93
2,91,991,91,91,91
1,7,18,1,1,2
1,93,13,93,93,93
2,20,17,2,1,1
1,15,13,1,2,2
1,91,991,91,91,91
2,91,991,91,91,91
1,93,20,93,93,93
2,91,991,91,91,91
2,91,991,91,91,91
2,93,15,93,93,93
1,91,991,91,91,91
1,91,991,91,91,91
2,93,17,93,93,93
2,93,23,93,93,93
1,30,13,1,1,1
2,30,16,1,1,1
2,91,991,91,91,91
2,93,41,93,93,93
1,91,991,91,91,91
2,91,991,91,91,91
2,91,991,91,91,91
1,6,19,2,1,2
2,91,991,91,91,91
2,91,991,91,91,91
2,93,24,93,93,93
2,93,19,93,93,93
1,2,19,2,2,1
2,91,991,91,91,91
2,91,991,91,91,91
2,91,991,91,91,91
2,2,17,2,2,2
2,91,991,91,91,91
1,91,991,91,91,91
2,91,991,91,91,91
1,30,17,1,2,2
1,2,24,2,1,2
2,91,991,91,91,91
1,91,991,91,91,91
1,91,991,91,91,91
2,28,21,1,1,2
1,22,16,1,1,2
2,91,991,91,91,91
1,91,991,91,91,91
2,93,30,93,93,93
1,91,991,91,91,91
1,91,991,91,91,91
1,91,991,91,91,91
2,93,21,93,93,93
1,91,991,91,91,91
1,91,991,91,91,91
2,91,991,91,91,91
2,20,18,1,2,2
2,91,991,91,91,91
1,93,19,93,93,93
2,91,991,91,91,91
2,91,991,91,91,91
2,91,991,91,91,91
1,91,991,91,91,91
1,23,13,1,1,2
2,93,16,93,93,93
1,93,17,93,93,93
2,93,16,93,93,93
1,91,991,91,91,91
1,93,25,93,93,93
1,91,991,91,91,91
2,91,991,91,91,91
2,3,17,1,1,1
1,91,991,91,91,91
2,93,13,93,93,93
1,91,991,91,91,91
1,91,991,91,91,91
2,91,991,91,91,91
1,93,12,93,93,93
2,93,18,93,93,93
2,91,991,91,91,91
1,91,991,91,91,91
2,93,16,93,93,93
2,1,27,1,2,2
1,91,991,91,91,91
2,93,15,93,93,93
2,93,16,93,93,93
1,91,991,91,91,91
2,91,991,91,91,91
2,20,18,1,1,1
2,93,16,93,93,93
2,93,15,93,93,93
2,93,13,93,93,93
2,93,23,93,93,93
2,93,20,93,93,93
2,91,991,91,91,91
2,91,991,91,91,91
1,91,991,91,91,91
1,91,991,91,91,91
1,93,15,93,93,93
2,2,15,2,1,2
2,91,991,91,91,91
2,30,17,1,1,1
2,91,991,91,91,91
1,91,991,91,91,91
2,93,24,93,93,93
1,93,17,93,93,93
1,30,18,1,2,2
1,91,991,91,91,91
2,91,991,91,91,91
1,93,35,93,93,93
1,93,19,93,93,93
1,91,991,91,91,91
2,91,991,91,91,91
2,91,991,91,91,91
2,93,28,93,93,93
2,91,991,91,91,91
2,91,991,91,91,91
2,91,991,91,91,91
1,93,14,93,93,93
2,91,991,91,91,91
2,91,991,91,91,91
1,91,991,91,91,91
1,91,991,91,91,91
2,91,991,91,91,91
1,91,991,91,91,91
1,91,991,91,91,91
2,91,991,91,91,91
1,91,991,91,91,91
1,91,991,91,91,91
1,30,18,1,1,2
2,93,42,93,93,93
2,91,991,91,91,91
2,25,12,1,1,1
1,5,17,1,2,2
2,16,21,1,1,1
2,91,991,91,91,91
2,93,24,93,93,93
1,91,991,91,91,91
2,93,26,93,93,93
1,91,991,91,91,91
2,93,17,93,93,93
2,93,61,93,93,93
2,93,14,93,93,93
1,93,17,93,93,93
2,28,15,1,1,1
2,20,12,1,1,1
1,93,42,93,93,93
2,93,18,93,93,93
1,91,991,91,91,91
2,3,19,2,1,1
2,93,18,93,93,93
1,91,991,91,91,91
2,13,17,1,2,1
1,91,991,91,91,91
1,93,18,93,93,93
2,93,55,93,93,93
1,93,14,93,93,93
2,91,991,91,91,91
1,91,991,91,91,91
2,91,991,91,91,91
1,91,991,91,91,91
2,91,991,91,91,91
2,93,15,93,93,93
1,30,12,1,2,1
2,91,991,91,91,91
2,91,991,91,91,91
1,93,19,93,93,93
2,91,991,91,91,91
2,3,12,1,1,1
1,91,991,91,91,91
2,93,15,93,93,93
1,93,20,93,93,93
1,93,20,93,93,93
2,91,991,91,91,91
1,91,991,91,91,91
1,98,15,98,98,98
2,93,14,93,93,93
1,91,991,91,91,91
2,93,17,93,93,93
2,93,14,93,93,93
1,93,21,93,93,93
2,91,991,91,91,91
1,91,991,91,91,91
2,91,991,91,91,91
2,91,991,91,91,91
2,91,991,91,91,91
1,91,991,91,91,91
2,91,991,91,91,91
1,30,21,1,1,1
2,91,991,91,91,91
1,93,18,93,93,93
1,93,25,93,93,93
2,93,19,93,93,93
2,91,991,91,91,91
2,91,991,91,91,91
2,91,991,91,91,91
1,15,14,1,2,2
1,93,16,93,93,93
2,93,14,93,93,93
2,91,991,91,91,91
1,91,991,91,91,91
1,91,991,91,91,91
2,91,991,91,91,91
1,93,18,93,93,93
1,91,991,91,91,91
2,91,991,91,91,91
1,91,991,91,91,91
1,91,991,91,91,91
1,91,991,91,91,91
1,25,16,1,2,2
2,91,991,91,91,91
2,91,991,91,91,91
1,93,17,93,93,93
1,91,991,91,91,91
2,91,991,91,91,91
1,91,991,91,91,91
1,91,991,91,91,91
2,91,991,91,91,91
2,91,991,91,91,91
1,91,991,91,91,91
2,91,991,91,91,91
2,93,13,93,93,93
2,91,991,91,91,91
1,91,991,91,91,91
2,93,17,93,93,93
2,91,991,91,91,91
2,93,18,93,93,93
1,8,20,1,1,2
1,91,991,91,91,91
1,30,15,2,2,2
1,26,15,1,1,2
2,91,991,91,91,91
1,93,14,93,93,93
2,91,991,91,91,91
2,91,991,91,91,91
2,91,991,91,91,91
2,91,991,91,91,91
1,91,991,91,91,91
1,1,19,1,2,2
1,91,991,91,91,91
1,91,991,91,91,91
1,30,16,1,1,2
1,93,18,93,93,93
1,30,15,1,2,2
2,91,991,91,91,91
2,7,16,1,2,2
2,91,991,91,91,91
2,8,15,2,2,1
1,3,18,2,2,2
2,91,991,91,91,91
2,93,18,93,93,93
1,93,23,93,93,93
2,91,991,91,91,91
1,91,991,91,91,91
1,91,991,91,91,91
2,91,991,91,91,91
2,91,991,91,91,91
1,91,991,91,91,91
2,91,991,91,91,91
1,93,25,93,93,93
2,91,991,91,91,91
1,5,14,2,2,1
2,91,991,91,91,91
2,91,991,91,91,91
1,91,991,91,91,91
2,91,991,91,91,91
2,91,991,91,91,91
1,91,991,91,91,91
1,30,18,1,1,2
1,91,991,91,91,91
1,91,991,91,91,91
1,91,991,91,91,91
1,91,991,91,91,91
1,91,991,91,91,91
2,15,16,2,2,1
2,91,991,91,91,91
1,28,15,1,2,1
1,93,19,93,93,93
1,93,14,93,93,93
2,2,42,2,2,1
2,3,12,1,2,2
1,93,16,93,93,93
1,91,991,91,91,91
1,1,24,1,1,2
1,91,991,91,91,91
2,91,991,91,91,91
2,91,991,91,91,91
1,91,991,91,91,91
2,91,991,91,91,91
2,91,991,91,91,91
1,91,991,91,91,91
2,91,991,91,91,91
2,91,991,91,91,91
2,91,991,91,91,91
2,91,991,91,91,91
2,91,991,91,91,91
1,93,13,93,93,93
1,93,16,93,93,93
1,91,991,91,91,91
2,98,15,98,98,98
1,2,17,1,2,1
1,91,991,91,91,91
2,93,21,93,93,93
1,93,15,93,93,93
2,91,991,91,91,91
2,93,15,93,93,93
1,93,21,93,93,93
1,4,15,1,2,2
2,91,991,91,91,91
2,13,13,1,1,1
2,93,13,93,93,93
2,91,991,91,91,91
2,93,18,93,93,93
1,30,7,1,2,1
2,91,991,91,91,91
1,91,991,91,91,91
2,91,991,91,91,91
2,93,15,93,93,93
2,91,991,91,91,91
1,93,18,93,93,93
2,91,991,91,91,91
1,91,991,91,91,91
1,93,20,93,93,93
2,91,991,91,91,91
2,93,18,93,93,93
2,1,19,2,2,1
2,91,991,91,91,91
2,91,991,91,91,91
2,91,991,91,91,91
1,91,991,91,91,91
2,93,20,93,93,93
2,93,22,93,93,93
1,91,991,91,91,91
2,93,16,93,93,93
1,93,18,93,93,93
1,91,991,91,91,91
1,91,991,91,91,91
1,91,991,91,91,91
2,93,16,93,93,93
1,91,991,91,91,91
1,91,991,91,91,91
1,91,991,91,91,91
2,93,18,93,93,93
1,93,18,93,93,93
2,93,18,93,93,93
2,91,991,91,91,91
2,93,16,93,93,93
1,91,991,91,91,91
2,91,991,91,91,91
1,5,18,1,2,2
2,91,991,91,91,91
2,91,991,91,91,91
1,25,17,1,1,2
2,91,991,91,91,91
2,91,991,91,91,91
1,93,21,93,93,93
2,91,991,91,91,91
2,93,16,93,93,93
2,91,991,91,91,91
2,93,20,93,93,93
2,93,16,93,93,93
2,91,991,91,91,91
1,93,15,93,93,93
1,91,991,91,91,91
1,93,25,93,93,93
2,91,991,91,91,91
1,25,15,1,1,1
2,93,16,93,93,93
2,93,14,93,93,93
2,93,16,93,93,93
1,91,991,91,91,91
2,1,18,2,2,1
1,91,991,91,91,91
2,91,991,91,91,91
2,91,991,91,91,91
2,91,991,91,91,91
1,93,21,93,93,93
1,91,991,91,91,91
1,30,13,1,2,2
1,91,991,91,91,91
1,91,991,91,91,91
2,91,991,91,91,91
1,2,20,1,2,2
1,91,991,91,91,91
2,30,15,1,1,2
1,93,22,93,93,93
1,30,16,1,2,2
2,25,16,1,1,1
1,93,36,93,93,93
1,93,13,93,93,93
1,91,991,91,91,91
2,93,60,93,93,93
2,91,991,91,91,91
2,28,19,1,2,2
1,25,17,1,1,2
2,97,15,1,1,2
1,91,991,91,91,91
1,93,17,93,93,93
2,2,16,1,2,2
2,93,18,93,93,93
1,93,15,93,93,93
2,91,991,91,91,91
1,91,991,91,91,91
2,4,11,2,2,1
1,91,991,91,91,91
1,91,991,91,91,91
2,91,991,91,91,91
1,10,28,1,1,2
1,91,991,91,91,91
2,91,991,91,91,91
1,93,18,93,93,93
2,93,4,93,93,93
2,15,15,1,2,1
1,91,991,91,91,91
1,91,991,91,91,91
2,91,991,91,91,91
1,91,991,91,91,91
2,93,16,93,93,93
2,91,991,91,91,91
1,93,18,93,93,93
2,93,16,93,93,93
1,91,991,91,91,91
1,91,991,91,91,91
1,91,991,91,91,91
1,91,991,91,91,91
2,5,14,2,2,1
2,1,21,2,2,1
1,91,991,91,91,91
1,2,13,1,2,2
2,91,991,91,91,91
1,91,991,91,91,91
2,91,991,91,91,91
2,91,991,91,91,91
2,93,14,93,93,93
2,91,991,91,91,91
2,91,991,91,91,91
2,93,19,93,93,93
1,91,991,91,91,91
2,91,991,91,91,91
1,3,16,2,1,2
1,91,991,91,91,91
2,91,991,91,91,91
2,93,19,93,93,93
2,91,991,91,91,91
1,91,991,91,91,91
1,93,13,93,93,93
1,91,991,91,91,91
2,30,14,2,2,1
1,93,21,93,93,93
2,93,16,93,93,93
1,91,991,91,91,91
2,2,17,2,2,1
1,91,991,91,91,91
2,91,991,91,91,91
2,15,13,1,1,2
2,91,991,91,91,91
1,91,991,91,91,91
1,91,991,91,91,91
1,91,991,91,91,91
2,93,18,93,93,93
2,98,18,98,98,98
2,93,15,93,93,93
2,93,22,93,93,93
2,91,991,91,91,91
1,93,16,93,93,93
2,93,32,93,93,93
2,91,991,91,91,91
2,93,17,93,93,93
2,91,991,91,91,91
1,93,16,93,93,93
1,91,991,91,91,91
1,98,35,98,98,98
2,91,991,91,91,91
2,93,14,93,93,93
1,91,991,91,91,91
2,91,991,91,91,91
2,91,991,91,91,91
1,91,991,91,91,91
2,93,18,93,93,93
1,91,991,91,91,91
2,91,991,91,91,91
1,91,991,91,91,91
1,93,16,93,93,93
2,91,991,91,91,91
1,91,991,91,91,91
1,22,18,1,2,2
2,10,16,1,1,2
2,91,991,91,91,91
2,93,17,93,93,93
1,93,16,93,93,93
1,93,19,93,93,93
2,93,10,93,93,93
2,91,991,91,91,91
2,91,991,91,91,91
2,93,19,93,93,93
1,91,991,91,91,91
2,93,14,93,93,93
1,91,991,91,91,91
2,91,991,91,91,91
1,28,14,1,2,2
2,30,19,1,2,1
1,91,991,91,91,91
2,91,991,91,91,91
2,91,991,91,91,91
1,22,13,1,2,2
2,93,21,93,93,93
1,93,15,93,93,93
2,91,991,91,91,91
2,93,15,93,93,93
2,91,991,91,91,91
1,93,16,93,93,93
2,30,18,1,1,2
1,93,16,93,93,93
2,91,991,91,91,91
2,91,991,91,91,91
1,91,991,91,91,91
2,15,14,1,2,1
1,93,21,93,93,93
2,93,20,93,93,93
2,91,991,91,91,91
2,91,991,91,91,91
1,93,16,93,93,93
2,91,991,91,91,91
1,15,22,1,1,2
1,93,20,93,93,93
2,91,991,91,91,91
2,93,15,93,93,93
1,30,13,1,2,2
2,29,11,1,2,2
1,93,31,93,93,93
2,93,18,93,93,93
1,93,23,93,93,93
2,30,25,1,1,1
2,91,991,91,91,91
1,1,13,1,2,1
1,18,16,2,1,2
2,93,25,93,93,93
2,91,991,91,91,91
1,91,991,91,91,91
1,1,16,1,2,2
1,91,991,91,91,91
2,91,991,91,91,91
1,7,10,2,1,2
2,91,991,91,91,91
1,93,20,93,93,93
2,93,18,93,93,93
1,91,991,91,91,91
1,91,991,91,91,91
2,91,991,91,91,91
2,5,27,2,2,1
2,93,14,93,93,93
1,91,991,91,91,91
1,91,991,91,91,91
2,91,991,91,91,91
1,30,13,1,2,2
2,30,16,1,2,1
2,23,18,1,2,2
2,5,17,1,1,2
2,93,18,93,93,93
1,91,991,91,91,91
2,91,991,91,91,91
1,93,19,93,93,93
2,91,991,91,91,91
2,93,15,93,93,93
2,30,14,1,2,2
2,91,991,91,91,91
2,93,18,93,93,93
2,93,24,93,93,93
1,91,991,91,91,91
2,93,20,93,93,93
1,93,15,93,93,93
2,93,22,93,93,93
2,91,991,91,91,91
2,93,15,93,93,93
1,91,991,91,91,91
2,91,991,91,91,91
1,91,991,91,91,91
2,91,991,91,91,91
1,93,14,93,93,93
1,91,991,91,91,91
2,93,21,93,93,93
2,93,16,93,93,93
2,93,20,93,93,93
1,93,15,93,93,93
1,91,991,91,91,91
2,93,16,93,93,93
1,93,24,93,93,93
2,93,18,93,93,93
1,91,991,91,91,91
1,2,17,2,1,2
1,91,991,91,91,91
2,20,15,1,2,1
2,93,18,93,93,93
2,91,991,91,91,91
1,15,20,1,2,2
2,91,991,91,91,91
2,91,991,91,91,91
1,1,27,1,2,2
1,93,15,93,93,93
2,91,991,91,91,91
1,93,18,93,93,93
1,91,991,91,91,91
1,91,991,91,91,91
2,10,16,1,2,2
2,93,18,93,93,93
1,91,991,91,91,91
1,91,991,91,91,91
2,91,991,91,91,91
1,91,991,91,91,91
1,30,18,1,1,1
1,30,17,1,1,2
1,25,15,1,1,1
2,28,15,1,1,2
1,91,991,91,91,91
2,91,991,91,91,91
2,91,991,91,91,91
2,91,991,91,91,91
1,91,991,91,91,91
2,91,991,91,91,91
2,91,991,91,91,91
1,15,15,1,2,2
2,91,991,91,91,91
2,91,991,91,91,91
1,93,16,93,93,93
1,91,991,91,91,91
1,91,991,91,91,91
1,91,991,91,91,91
2,91,991,91,91,91
1,7,12,1,2,2
2,91,991,91,91,91
2,91,991,91,91,91
2,91,991,91,91,91
2,93,19,93,93,93
1,91,991,91,91,91
2,91,991,91,91,91
1,93,18,93,93,93
2,93,21,93,93,93
2,91,991,91,91,91
2,91,991,91,91,91
2,91,991,91,91,91
1,91,991,91,91,91
1,93,19,93,93,93
1,93,14,93,93,93
1,91,991,91,91,91
2,93,15,93,93,93
2,91,991,91,91,91
2,91,991,91,91,91
1,91,991,91,91,91
2,91,991,91,91,91
1,91,991,91,91,91
1,91,991,91,91,91
1,98,14,98,98,98
2,93,50,93,93,93
2,93,15,93,93,93
2,91,991,91,91,91
1,91,991,91,91,91
2,93,13,93,93,93
1,30,18,1,2,2
1,20,16,1,2,2
2,12,13,1,2,2
1,91,991,91,91,91
1,91,991,91,91,91
2,91,991,91,91,91
1,91,991,91,91,91
2,93,18,93,93,93
2,93,18,93,93,93
2,93,35,93,93,93
1,91,991,91,91,91
1,93,35,93,93,93
2,91,991,91,91,91
1,91,991,91,91,91
2,91,991,91,91,91
1,93,15,93,93,93
1,93,14,93,93,93
1,93,33,93,93,93
2,91,991,91,91,91
2,93,18,93,93,93
1,91,991,91,91,91
2,91,991,91,91,91
1,91,991,91,91,91
1,91,991,91,91,91
2,27,16,1,1,2
2,91,991,91,91,91
2,93,16,93,93,93
2,91,991,91,91,91
2,93,13,93,93,93
2,91,991,91,91,91
2,4,14,1,2,2
1,91,991,91,91,91
1,91,991,91,91,91
1,91,991,91,91,91
1,91,991,91,91,91
1,91,991,91,91,91
2,91,991,91,91,91
1,93,14,93,93,93
2,91,991,91,91,91
1,1,21,1,2,2
1,93,20,93,93,93
2,91,991,91,91,91
1,93,17,93,93,93
2,93,13,93,93,93
2,30,19,1,2,1
1,93,15,93,93,93
1,91,991,91,91,91
1,91,991,91,91,91
1,28,15,1,1,2
2,93,18,93,93,93
1,3,21,1,2,1
1,93,15,93,93,93
2,93,16,93,93,93
2,91,991,91,91,91
2,91,991,91,91,91
1,91,991,91,91,91
1,93,17,93,93,93
2,91,991,91,91,91
1,30,15,1,1,2
2,91,991,91,91,91
1,93,18,93,93,93
1,30,16,1,2,1
2,91,991,91,91,91
1,10,15,1,2,2
2,91,991,91,91,91
2,91,991,91,91,91
2,91,991,91,91,91
1,30,18,1,1,2
2,91,991,91,91,91
2,91,991,91,91,91
1,91,991,91,91,91
2,98,16,98,98,98
1,93,18,93,93,93
2,91,991,91,91,91
1,93,20,93,93,93
1,91,991,91,91,91
1,4,17,1,1,1
1,91,991,91,91,91
1,91,991,91,91,91
1,91,991,91,91,91
2,5,21,1,1,2
1,91,991,91,91,91
2,91,991,91,91,91
2,91,991,91,91,91
2,91,991,91,91,91
2,93,18,93,93,93
2,91,991,91,91,91
1,91,991,91,91,91
1,93,21,93,93,93
2,93,15,93,93,93
1,91,991,91,91,91
2,91,991,91,91,91
2,91,991,91,91,91
2,93,24,93,93,93
1,93,21,93,93,93
1,91,991,91,91,91
1,93,24,93,93,93
1,93,15,93,93,93
2,91,991,91,91,91
2,91,991,91,91,91
2,1,20,2,1,2
2,8,17,1,1,2
1,91,991,91,91,91
2,91,991,91,91,91
2,91,991,91,91,91
2,93,20,93,93,93
1,1,25,2,2,1
1,93,16,93,93,93
1,93,17,93,93,93
1,93,14,93,93,93
2,91,991,91,91,91
1,91,991,91,91,91
2,91,991,91,91,91
2,93,21,93,93,93
2,91,991,91,91,91
1,3,15,1,2,2
2,91,991,91,91,91
1,7,15,1,2,2
1,91,991,91,91,91
1,91,991,91,91,91
2,91,991,91,91,91
2,91,991,91,91,91
2,91,991,91,91,91
2,91,991,91,91,91
1,91,991,91,91,91
2,93,21,93,93,93
1,91,991,91,91,91
2,91,991,91,91,91
2,20,14,1,1,1
2,91,991,91,91,91
1,93,19,93,93,93
2,93,20,93,93,93
2,91,991,91,91,91
2,93,21,93,93,93
1,93,2,93,93,93
2,91,991,91,91,91
1,91,991,91,91,91
2,91,991,91,91,91
2,93,20,93,93,93
2,91,991,91,91,91
2,91,991,91,91,91
1,2,21,2,1,2
1,93,18,93,93,93
2,91,991,91,91,91
1,91,991,91,91,91
1,25,15,1,2,1
1,91,991,91,91,91
2,93,16,93,93,93
1,91,991,91,91,91
1,93,19,93,93,93
2,91,991,91,91,91
2,91,991,91,91,91
2,91,991,91,91,91
2,98,13,98,98,98
2,4,16,2,2,2
2,28,11,1,2,2
2,91,991,91,91,91
2,91,991,91,91,91
2,91,991,91,91,91
2,91,991,91,91,91
1,91,991,91,91,91
1,91,991,91,91,91
1,91,991,91,91,91
2,91,991,91,91,91
1,1,17,1,2,2
1,93,16,93,93,93
2,93,18,93,93,93
1,5,13,1,1,2
2,91,991,91,91,91
1,3,21,1,2,2
2,93,19,93,93,93
1,91,991,91,91,91
2,30,24,1,1,2
2,91,991,91,91,91
1,30,17,1,2,2
1,91,991,91,91,91
2,93,18,93,93,93
1,91,991,91,91,91
1,91,991,91,91,91
1,93,16,93,93,93
2,91,991,91,91,91
1,15,24,1,2,2
2,93,14,93,93,93
2,93,14,93,93,93
1,91,991,91,91,91
2,30,18,2,2,1
2,13,15,1,2,2
1,30,13,1,2,2
2,91,991,91,91,91
1,91,991,91,91,91
1,91,991,91,91,91
2,93,18,93,93,93
1,91,991,91,91,91
1,91,991,91,91,91
1,30,15,1,2,2
2,91,991,91,91,91
2,91,991,91,91,91
2,93,16,93,93,93
1,91,991,91,91,91
1,16,16,1,1,2
1,8,17,1,2,1
1,93,15,93,93,93
2,91,991,91,91,91
2,10,16,2,2,1
1,91,991,91,91,91
2,93,20,93,93,93
2,6,55,2,2,2
1,93,18,93,93,93
1,91,991,91,91,91
2,91,991,91,91,91
2,93,15,93,93,93
1,93,75,93,93,93
1,91,991,91,91,91
1,91,991,91,91,91
2,91,991,91,91,91
2,91,991,91,91,91
1,29,17,1,2,2
2,93,20,93,93,93
2,93,22,93,93,93
1,91,991,91,91,91
1,14,18,1,2,2
1,91,991,91,91,91
2,91,991,91,91,91
1,91,991,91,91,91
1,91,991,91,91,91
2,91,991,91,91,91
1,91,991,91,91,91
2,91,991,91,91,91
1,93,19,93,93,93
1,23,22,1,2,1
2,91,991,91,91,91
1,91,991,91,91,91
1,93,17,93,93,93
2,91,991,91,91,91
1,5,22,1,2,2
1,91,991,91,91,91
2,20,17,1,2,2
1,93,15,93,93,93
1,91,991,91,91,91
2,91,991,91,91,91
2,91,991,91,91,91
1,93,30,93,93,93
2,93,16,93,93,93
2,91,991,91,91,91
2,93,18,93,93,93
1,91,991,91,91,91
2,91,991,91,91,91
2,93,9,93,93,93
2,93,18,93,93,93
1,91,991,91,91,91
2,91,991,91,91,91
1,91,991,91,91,91
2,91,991,91,91,91
2,91,991,91,91,91
1,93,21,93,93,93
2,91,991,91,91,91
1,10,17,1,2,1
2,91,991,91,91,91
2,91,991,91,91,91
2,12,18,1,2,2
2,91,991,91,91,91
2,4,17,1,2,1
1,93,14,93,93,93
2,93,22,93,93,93
2,91,991,91,91,91
1,93,16,93,93,93
2,93,13,93,93,93
1,91,991,91,91,91
1,12,17,1,1,2
1,91,991,91,91,91
2,93,16,93,93,93
2,91,991,91,91,91
1,25,16,1,1,2
1,91,991,91,91,91
1,91,991,91,91,91
1,91,991,91,91,91
2,91,991,91,91,91
1,6,21,1,1,1
2,93,19,93,93,93
1,91,991,91,91,91
1,93,17,93,93,93
1,91,991,91,91,91
1,30,18,1,1,1
2,93,16,93,93,93
2,93,15,93,93,93
2,91,991,91,91,91
1,93,18,93,93,93
1,93,23,93,93,93
2,91,991,91,91,91
2,91,991,91,91,91
2,91,991,91,91,91
2,91,991,91,91,91
2,93,31,93,93,93
1,91,991,91,91,91
2,91,991,91,91,91
2,91,991,91,91,91
2,91,991,91,91,91
1,93,13,93,93,93
2,93,18,93,93,93
1,93,16,93,93,93
2,91,991,91,91,91
1,28,18,1,1,2
1,91,991,91,91,91
2,93,35,93,93,93
1,30,7,1,1,1
1,30,15,1,1,2
2,30,17,1,2,2
2,10,18,1,2,2
2,93,18,93,93,93
1,91,991,91,91,91
1,93,17,93,93,93
1,91,991,91,91,91
2,91,991,91,91,91
2,3,21,2,2,1
1,91,991,91,91,91
2,91,991,91,91,91
1,91,991,91,91,91
1,91,991,91,91,91
1,91,991,91,91,91
2,91,991,91,91,91
2,91,991,91,91,91
2,91,991,91,91,91
2,91,991,91,91,91
2,91,991,91,91,91
2,30,24,1,1,1
2,93,20,93,93,93
2,93,12,93,93,93
1,93,13,93,93,93
2,91,991,91,91,91
1,93,12,93,93,93
1,91,991,91,91,91
1,91,991,91,91,91
1,91,991,91,91,91
1,93,17,93,93,93
2,91,991,91,91,91
1,30,27,2,2,1
1,93,25,93,93,93
2,93,20,93,93,93
1,91,991,91,91,91
2,93,23,93,93,93
2,91,991,91,91,91
2,93,20,93,93,93
2,93,16,93,93,93
2,91,991,91,91,91
1,93,16,93,93,93
2,91,991,91,91,91
1,93,21,93,93,93
1,91,991,91,91,91
2,1,19,1,2,2
1,93,17,93,93,93
1,93,19,93,93,93
2,93,16,93,93,93
2,91,991,91,91,91
1,91,991,91,91,91
2,30,15,1,1,1
2,91,991,91,91,91
1,93,13,93,93,93
1,93,21,93,93,93
2,91,991,91,91,91
2,91,991,91,91,91
1,91,991,91,91,91
1,91,991,91,91,91
2,93,22,93,93,93
2,8,18,1,1,2
2,91,991,91,91,91
1,91,991,91,91,91
2,93,26,93,93,93
1,93,21,93,93,93
2,93,30,93,93,93
2,91,991,91,91,91
1,91,991,91,91,91
1,91,991,91,91,91
2,91,991,91,91,91
1,91,991,91,91,91
2,93,18,93,93,93
2,91,991,91,91,91
2,91,991,91,91,91
2,91,991,91,91,91
2,93,15,93,93,93
2,91,991,91,91,91
2,91,991,91,91,91
1,93,20,93,93,93
2,93,21,93,93,93
1,91,991,91,91,91
2,91,991,91,91,91
2,93,18,93,93,93
2,91,991,91,91,91
2,91,991,91,91,91
1,91,991,91,91,91
1,91,991,91,91,91
1,91,991,91,91,91
1,91,991,91,91,91
2,91,991,91,91,91
2,93,23,93,93,93
1,91,991,91,91,91
2,91,991,91,91,91
2,91,991,91,91,91
1,15,12,1,2,2
1,93,19,93,93,93
2,93,24,93,93,93
2,14,13,1,2,2
1,91,991,91,91,91
2,91,991,91,91,91
1,91,991,91,91,91
1,22,16,1,1,2
2,93,18,93,93,93
2,93,18,93,93,93
2,91,991,91,91,91
2,30,16,1,1,1
1,30,16,2,1,2
2,91,991,91,91,91
1,91,991,91,91,91
2,93,16,93,93,93
1,30,16,1,2,2
1,91,991,91,91,91
1,91,991,91,91,91
2,91,991,91,91,91
1,30,21,1,1,1
1,91,991,91,91,91
2,91,991,91,91,91
2,93,15,93,93,93
1,91,991,91,91,91
1,20,16,1,1,2
1,91,991,91,91,91
1,93,13,93,93,93
1,91,991,91,91,91
2,93,14,93,93,93
2,20,17,1,1,1
2,93,16,93,93,93
1,91,991,91,91,91
1,93,16,93,93,93
1,20,16,2,2,1
2,93,15,93,93,93
1,93,12,93,93,93
1,91,991,91,91,91
1,91,991,91,91,91
2,93,18,93,93,93
2,93,18,93,93,93
2,93,23,93,93,93
2,91,991,91,91,91
1,93,17,93,93,93
2,91,991,91,91,91
1,91,991,91,91,91
1,12,17,1,1,1
1,12,20,1,2,1
1,91,991,91,91,91
1,93,12,93,93,93
2,93,15,93,93,93
2,93,21,93,93,93
2,91,991,91,91,91
2,30,22,1,2,1
1,91,991,91,91,91
2,93,16,93,93,93
2,91,991,91,91,91
1,93,18,93,93,93
2,93,24,93,93,93
2,91,991,91,91,91
2,93,33,93,93,93
1,2,16,1,2,1
1,91,991,91,91,91
2,93,16,93,93,93
1,91,991,91,91,91
1,93,20,93,93,93
2,93,19,93,93,93
2,30,21,1,1,1
2,91,991,91,91,91
2,91,991,91,91,91
2,91,991,91,91,91
1,91,991,91,91,91
1,91,991,91,91,91
2,91,991,91,91,91
2,91,991,91,91,91
2,93,18,93,93,93
2,91,991,91,91,91
1,93,18,93,93,93
1,25,16,1,2,2
2,91,991,91,91,91
1,93,20,93,93,93
1,91,991,91,91,91
1,26,14,1,1,2
2,91,991,91,91,91
1,93,17,93,93,93
2,93,14,93,93,93
1,24,13,1,1,1
1,93,16,93,93,93
1,91,991,91,91,91
2,93,16,93,93,93
1,91,991,91,91,91
2,91,991,91,91,91
1,91,991,91,91,91
2,91,991,91,91,91
1,93,16,93,93,93
1,91,991,91,91,91
1,93,17,93,93,93
2,91,991,91,91,91
2,93,15,93,93,93
2,93,36,93,93,93
1,91,991,91,91,91
2,91,991,91,91,91
2,91,991,91,91,91
2,91,991,91,91,91
1,30,18,1,2,2
1,15,13,1,1,2
2,91,991,91,91,91
1,91,991,91,91,91
2,91,991,91,91,91
1,91,991,91,91,91
1,3,17,1,2,2
2,93,14,93,93,93
1,25,18,1,2,2
2,93,11,93,93,93
2,3,15,1,1,2
1,91,991,91,91,91
2,93,19,93,93,93
2,24,16,1,2,2
2,91,991,91,91,91
1,28,20,1,2,2
2,91,991,91,91,91
1,91,991,91,91,91
2,93,18,93,93,93
1,91,991,91,91,91
1,93,17,93,93,93
1,91,991,91,91,91
1,30,9,1,1,1
2,91,991,91,91,91
1,91,991,91,91,91
2,91,991,91,91,91
1,91,991,91,91,91
2,91,991,91,91,91
1,91,991,91,91,91
1,91,991,91,91,91
2,30,12,1,1,2
1,91,991,91,91,91
1,91,991,91,91,91
2,1,12,1,2,1
1,91,991,91,91,91
2,93,15,93,93,93
1,91,991,91,91,91
2,93,14,93,93,93
1,91,991,91,91,91
2,91,991,91,91,91
2,91,991,91,91,91
1,1,15,2,2,2
2,91,991,91,91,91
2,91,991,91,91,91
1,93,15,93,93,93
2,93,20,93,93,93
1,93,31,93,93,93
2,30,12,1,1,2
1,91,991,91,91,91
2,91,991,91,91,91
1,91,991,91,91,91
1,93,17,93,93,93
1,2,14,2,2,1
1,93,15,93,93,93
1,91,991,91,91,91
1,91,991,91,91,91
2,93,14,93,93,93
2,91,991,91,91,91
2,93,18,93,93,93
1,93,18,93,93,93
2,91,991,91,91,91
1,1,15,1,2,2
2,91,991,91,91,91
1,91,991,91,91,91
2,91,991,91,91,91
1,91,991,91,91,91
1,30,12,1,2,1
1,91,991,91,91,91
1,91,991,91,91,91
2,91,991,91,91,91
2,30,30,1,2,2
2,30,20,1,2,2
2,91,991,91,91,91
2,91,991,91,91,91
2,91,991,91,91,91
2,91,991,91,91,91
2,91,991,91,91,91
2,93,19,93,93,93
1,91,991,91,91,91
2,93,16,93,93,93
2,91,991,91,91,91
2,91,991,91,91,91
1,93,50,93,93,93
2,93,21,93,93,93
2,91,991,91,91,91
1,93,21,93,93,93
2,91,991,91,91,91
2,93,16,93,93,93
1,30,12,1,1,2
1,93,30,93,93,93
1,29,25,2,2,1
1,93,16,93,93,93
1,91,991,91,91,91
2,93,31,93,93,93
2,91,991,91,91,91
2,91,991,91,91,91
1,91,991,91,91,91
2,93,15,93,93,93
1,91,991,91,91,91
1,93,19,93,93,93
2,91,991,91,91,91
1,91,991,91,91,91
2,93,15,93,93,93
1,91,991,91,91,91
2,15,18,2,1,1
2,93,14,93,93,93
2,91,991,91,91,91
1,91,991,91,91,91
2,22,16,1,1,2
2,91,991,91,91,91
1,91,991,91,91,91
2,2,16,1,2,2
1,91,991,91,91,91
2,30,14,1,2,2
1,91,991,91,91,91
2,93,17,93,93,93
1,93,18,93,93,93
2,4,14,1,2,2
2,91,991,91,91,91
2,29,14,1,1,1
2,93,16,93,93,93
1,91,991,91,91,91
1,93,20,93,93,93
2,91,991,91,91,91
2,91,991,91,91,91
2,91,991,91,91,91
2,91,991,91,91,91
1,93,15,93,93,93
2,91,991,91,91,91
1,4,17,2,2,1
1,91,991,91,91,91
1,91,991,91,91,91
1,93,14,93,93,93
1,91,991,91,91,91
2,30,14,1,2,2
1,91,991,91,91,91
1,93,20,93,93,93
1,26,15,1,2,2
1,91,991,91,91,91
1,91,991,91,91,91
1,93,18,93,93,93
2,91,991,91,91,91
1,91,991,91,91,91
1,93,25,93,93,93
2,93,14,93,93,93
2,91,991,91,91,91
1,30,14,1,1,1
2,91,991,91,91,91
1,91,991,91,91,91
2,91,991,91,91,91
2,91,991,91,91,91
1,91,991,91,91,91
2,91,991,91,91,91
2,27,12,1,1,1
2,91,991,91,91,91
1,93,22,93,93,93
1,91,991,91,91,91
1,1,18,1,2,2
2,91,991,91,91,91
1,93,14,93,93,93
2,93,14,93,93,93
1,91,991,91,91,91
2,91,991,91,91,91
2,1,23,1,2,2
1,91,991,91,91,91
2,91,991,91,91,91
2,93,20,93,93,93
1,91,991,91,91,91
2,91,991,91,91,91
2,91,991,91,91,91
2,93,26,93,93,93
1,91,991,91,91,91
2,93,30,93,93,93
2,25,12,1,2,2
2,93,17,93,93,93
2,91,991,91,91,91
2,91,991,91,91,91
2,30,14,2,2,1
1,93,16,93,93,93
1,91,991,91,91,91
1,91,991,91,91,91
2,91,991,91,91,91
1,93,18,93,93,93
1,93,16,93,93,93
1,93,14,93,93,93
2,93,17,93,93,93
2,15,18,1,2,2
1,24,16,1,2,2
2,93,14,93,93,93
1,91,991,91,91,91
2,91,991,91,91,91
2,91,991,91,91,91
1,91,991,91,91,91
2,93,25,93,93,93
2,91,991,91,91,91
2,1,19,1,2,2
2,30,12,1,2,2
2,91,991,91,91,91
2,91,991,91,91,91
2,91,991,91,91,91
2,30,14,2,1,1
2,91,991,91,91,91
2,91,991,91,91,91
1,91,991,91,91,91
2,91,991,91,91,91
2,91,991,91,91,91
2,91,991,91,91,91
2,3,14,1,2,2
2,91,991,91,91,91
2,91,991,91,91,91
2,93,24,93,93,93
2,3,25,2,2,1
2,91,991,91,91,91
1,91,991,91,91,91
2,93,15,93,93,93
2,91,991,91,91,91
2,91,991,91,91,91
1,91,991,91,91,91
1,93,18,93,93,93
1,5,16,2,1,2
2,91,991,91,91,91
2,91,991,91,91,91
1,30,13,1,2,2
2,5,45,2,2,1
2,93,13,93,93,93
1,91,991,91,91,91
1,91,991,91,91,91
2,1,24,2,2,1
2,91,991,91,91,91
2,93,19,93,93,93
2,91,991,91,91,91
2,91,991,91,91,91
2,91,991,91,91,91
2,25,15,1,1,1
1,91,991,91,91,91
1,23,15,1,2,2
2,93,18,93,93,93
1,91,991,91,91,91
2,93,17,93,93,93
1,91,991,91,91,91
2,20,14,2,2,1
2,91,991,91,91,91
1,91,991,91,91,91
2,91,991,91,91,91
2,4,18,2,2,1
2,91,991,91,91,91
2,30,13,1,1,1
2,91,991,91,91,91
1,93,16,93,93,93
1,9,17,2,1,2
1,91,991,91,91,91
2,91,991,91,91,91
2,91,991,91,91,91
1,91,991,91,91,91
2,93,13,93,93,93
1,93,17,93,93,93
1,93,18,93,93,93
1,91,991,91,91,91
1,91,991,91,91,91
1,91,991,91,91,91
1,93,17,93,93,93
2,93,18,93,93,93
2,91,991,91,91,91
1,10,14,1,1,1
1,93,21,93,93,93
2,91,991,91,91,91
1,30,13,1,2,1
1,93,18,93,93,93
1,91,991,91,91,91
2,91,991,91,91,91
2,93,16,93,93,93
2,91,991,91,91,91
1,30,16,1,1,2
2,93,15,93,93,93
2,91,991,91,91,91
2,10,18,1,1,2
2,91,991,91,91,91
1,91,991,91,91,91
1,91,991,91,91,91
1,91,991,91,91,91
1,91,991,91,91,91
2,94,994,1,2,2
1,93,14,93,93,93
1,91,991,91,91,91
1,91,991,91,91,91
2,91,991,91,91,91
2,91,991,91,91,91
1,91,991,91,91,91
1,91,991,91,91,91
1,91,991,91,91,91
1,91,991,91,91,91
1,91,991,91,91,91
1,91,991,91,91,91
2,93,15,93,93,93
2,91,991,91,91,91
2,30,15,1,2,2
2,93,22,93,93,93
2,91,991,91,91,91
2,91,991,91,91,91
2,93,30,93,93,93
2,91,991,91,91,91
1,93,18,93,93,93
2,91,991,91,91,91
1,91,991,91,91,91
2,91,991,91,91,91
1,91,991,91,91,91
2,91,991,91,91,91
2,91,991,91,91,91
2,26,13,1,1,2
1,91,991,91,91,91
1,3,17,1,2,2
2,91,991,91,91,91
2,91,991,91,91,91
1,30,14,1,2,2
1,91,991,91,91,91
1,2,13,2,2,2
1,9,21,2,2,1
2,1,15,1,2,2
2,91,991,91,91,91
1,30,12,1,2,2
2,93,20,93,93,93
2,93,17,93,93,93
2,13,13,1,1,2
2,91,991,91,91,91
2,91,991,91,91,91
1,30,13,1,1,2
1,97,997,98,98,98
1,91,991,91,91,91
2,93,20,93,93,93
1,91,991,91,91,91
2,20,13,2,1,2
1,93,15,93,93,93
1,23,12,1,1,1
1,91,991,91,91,91
1,91,991,91,91,91
1,91,991,91,91,91
1,91,991,91,91,91
2,91,991,91,91,91
1,1,19,2,1,2
2,91,991,91,91,91
1,93,13,93,93,93
1,91,991,91,91,91
2,93,16,93,93,93
2,91,991,91,91,91
1,93,35,93,93,93
1,91,991,91,91,91
1,91,991,91,91,91
2,91,991,91,91,91
2,93,17,93,93,93
2,91,991,91,91,91
2,91,991,91,91,91
2,91,991,91,91,91
2,21,14,1,1,2
2,91,991,91,91,91
1,91,991,91,91,91
1,93,994,93,93,93
1,91,991,91,91,91
1,91,991,91,91,91
1,15,16,1,2,1
1,93,17,93,93,93
2,30,16,1,1,2
2,91,991,91,91,91
1,93,17,93,93,93
1,7,18,1,2,1
2,91,991,91,91,91
1,91,991,91,91,91
2,93,15,93,93,93
2,91,991,91,91,91
1,91,991,91,91,91
2,93,17,93,93,93
2,91,991,91,91,91
1,6,16,1,2,2
2,93,18,93,93,93
2,18,13,2,1,2
2,91,991,91,91,91
2,30,14,1,1,1
2,93,14,93,93,93
2,93,23,93,93,93
1,30,18,1,2,2
2,91,991,91,91,91
1,93,36,93,93,93
1,93,18,93,93,93
2,93,32,93,93,93
2,30,14,1,2,2
1,91,991,91,91,91
2,93,15,93,93,93
2,93,16,93,93,93
2,91,991,91,91,91
1,91,991,91,91,91
1,91,991,91,91,91
1,91,991,91,91,91
1,20,20,1,1,2
2,93,13,93,93,93
2,93,18,93,93,93
2,91,991,91,91,91
2,91,991,91,91,91
1,93,13,93,93,93
2,28,40,1,1,1
2,91,991,91,91,91
2,98,998,98,98,98
2,93,14,93,93,93
2,30,17,1,2,2
1,93,25,93,93,93
2,91,991,91,91,91
1,30,14,2,1,2
2,91,991,91,91,91
2,91,991,91,91,91
1,4,18,1,2,2
2,93,45,93,93,93
1,30,13,1,1,2
2,91,991,91,91,91
2,30,18,1,2,2
1,91,991,91,91,91
1,93,14,93,93,93
1,91,991,91,91,91
2,93,18,93,93,93
2,91,991,91,91,91
2,91,991,91,91,91
2,91,991,91,91,91
1,18,15,1,2,2
1,91,991,91,91,91
2,91,991,91,91,91
2,91,991,91,91,91
2,93,21,93,93,93
2,93,16,93,93,93
1,93,20,93,93,93
2,8,24,2,2,1
2,91,991,91,91,91
2,93,17,93,93,93
1,91,991,91,91,91
1,93,17,93,93,93
1,91,991,91,91,91
2,91,991,91,91,91
1,28,13,1,1,2
2,91,991,91,91,91
2,91,991,91,91,91
2,91,991,91,91,91
1,1,21,2,2,2
1,30,16,1,2,2
2,91,991,91,91,91
2,91,991,91,91,91
2,91,991,91,91,91
1,93,17,93,93,93
1,91,991,91,91,91
2,91,991,91,91,91
2,93,21,93,93,93
2,30,15,2,1,2
2,91,991,91,91,91
2,91,991,91,91,91
2,10,18,1,2,2
1,91,991,91,91,91
1,91,991,91,91,91
2,91,991,91,91,91
2,93,16,93,93,93
1,91,991,91,91,91
1,23,23,1,1,1
2,93,16,93,93,93
1,91,991,91,91,91
2,91,991,91,91,91
1,93,22,93,93,93
1,91,991,91,91,91
2,91,991,91,91,91
1,93,55,93,93,93
2,93,21,93,93,93
2,93,16,93,93,93
1,93,15,93,93,93
1,93,24,93,93,93
2,91,991,91,91,91
2,30,18,1,2,2
2,93,21,93,93,93
1,91,991,91,91,91
2,91,991,91,91,91
1,91,991,91,91,91
1,91,991,91,91,91
1,93,15,93,93,93
2,93,18,93,93,93
1,91,991,91,91,91
2,91,991,91,91,91
2,91,991,91,91,91
1,91,991,91,91,91
2,93,17,93,93,93
2,30,12,1,2,2
1,91,991,91,91,91
2,91,991,91,91,91
1,91,991,91,91,91
1,93,12,93,93,93
1,91,991,91,91,91
2,93,18,93,93,93
2,93,14,93,93,93
1,93,15,93,93,93
1,30,18,1,1,1
1,91,991,91,91,91
2,91,991,91,91,91
1,91,991,91,91,91
1,93,36,93,93,93
1,91,991,91,91,91
2,93,16,93,93,93
1,91,991,91,91,91
2,91,991,91,91,91
2,93,18,93,93,93
1,91,991,91,91,91
1,91,991,91,91,91
1,91,991,91,91,91
1,91,991,91,91,91
2,91,991,91,91,91
1,12,13,1,1,2
2,30,19,1,2,1
2,93,18,93,93,93
2,93,16,93,93,93
1,91,991,91,91,91
2,91,991,91,91,91
1,91,991,91,91,91
1,91,991,91,91,91
1,91,991,91,91,91
1,5,30,2,2,1
1,93,23,93,93,93
1,93,22,93,93,93
2,91,991,91,91,91
2,91,991,91,91,91
2,91,991,91,91,91
1,93,19,93,93,93
2,91,991,91,91,91
1,91,991,91,91,91
1,91,991,91,91,91
1,91,991,91,91,91
2,93,18,93,93,93
1,91,991,91,91,91
1,91,991,91,91,91
2,91,991,91,91,91
2,30,12,1,2,2
2,93,14,93,93,93
2,91,991,91,91,91
2,91,991,91,91,91
2,93,13,93,93,93
2,93,41,93,93,93
2,91,991,91,91,91
2,91,991,91,91,91
1,30,17,2,1,2
1,91,991,91,91,91
2,93,16,93,93,93
2,93,16,93,93,93
1,91,991,91,91,91
2,93,18,93,93,93
1,93,40,93,93,93
2,91,991,91,91,91
2,7,12,1,1,2
2,91,991,91,91,91
1,93,16,93,93,93
1,30,15,1,2,2
2,93,32,93,93,93
1,91,991,91,91,91
1,91,991,91,91,91
1,93,18,93,93,93
1,91,991,91,91,91
2,91,991,91,91,91
1,93,14,93,93,93
2,93,24,93,93,93
1,91,991,91,91,91
1,91,991,91,91,91
2,91,991,91,91,91
1,91,991,91,91,91
2,1,16,2,2,1
2,91,991,91,91,91
2,91,991,91,91,91
1,25,20,1,1,2
1,91,991,91,91,91
1,93,16,93,93,93
1,91,991,91,91,91
1,27,13,1,2,2
2,91,991,91,91,91
1,20,5,1,1,1
2,93,13,93,93,93
2,91,991,91,91,91
1,93,18,93,93,93
2,91,991,91,91,91
1,4,16,2,2,1
2,93,25,93,93,93
2,20,16,1,2,1
1,91,991,91,91,91
2,91,991,91,91,91
1,91,991,91,91,91
1,28,13,1,1,1
1,1,19,1,2,2
2,4,19,1,2,2
1,91,991,91,91,91
2,91,991,91,91,91
2,2,21,1,2,2
1,91,991,91,91,91
2,93,19,93,93,93
1,93,25,93,93,93
1,30,13,1,1,2
1,91,991,91,91,91
1,93,21,93,93,93
2,2,16,2,1,2
1,30,12,1,1,1
1,93,18,93,93,93
2,91,991,91,91,91
1,30,19,1,2,2
2,98,16,98,98,98
1,93,20,93,93,93
1,93,13,93,93,93
1,28,16,1,2,1
1,91,991,91,91,91
2,93,17,93,93,93
1,28,17,1,1,1
1,93,15,93,93,93
2,91,991,91,91,91
1,98,19,98,98,98
1,91,991,91,91,91
2,27,18,1,2,1
2,93,20,93,93,93
1,91,991,91,91,91
1,91,991,91,91,91
1,91,991,91,91,91
1,93,16,93,93,93
2,91,991,91,91,91
2,93,21,93,93,93
1,91,991,91,91,91
1,93,14,93,93,93
2,91,991,91,91,91
2,91,991,91,91,91
1,3,14,2,2,1
2,91,991,91,91,91
1,93,17,93,93,93
2,91,991,91,91,91
2,30,15,1,2,2
1,25,14,1,2,2
1,91,991,91,91,91
2,30,15,2,1,2
2,91,991,91,91,91
2,30,13,1,1,2
2,91,991,91,91,91
1,91,991,91,91,91
1,91,991,91,91,91
2,91,991,91,91,91
2,91,991,91,91,91
2,1,21,2,2,2
2,93,18,93,93,93
2,91,991,91,91,91
1,93,22,93,93,93
2,91,991,91,91,91
2,30,20,1,2,1
2,91,991,91,91,91
1,93,18,93,93,93
2,91,991,91,91,91
2,27,17,1,2,2
2,2,15,1,2,2
1,91,991,91,91,91
1,91,991,91,91,91
2,91,991,91,91,91
1,91,991,91,91,91
1,93,15,93,93,93
1,91,991,91,91,91
2,91,991,91,91,91
1,93,15,93,93,93
1,93,20,93,93,93
1,91,991,91,91,91
2,91,991,91,91,91
2,91,991,91,91,91
1,91,991,91,91,91
2,91,991,91,91,91
2,91,991,91,91,91
2,91,991,91,91,91
1,91,991,91,91,91
2,91,991,91,91,91
1,93,14,93,93,93
1,91,991,91,91,91
2,10,16,1,1,1
2,93,15,93,93,93
1,91,991,91,91,91
1,1,20,1,2,2
2,91,991,91,91,91
1,91,991,91,91,91
2,93,15,93,93,93
1,91,991,91,91,91
2,91,991,91,91,91
1,93,18,93,93,93
1,91,991,91,91,91
2,91,991,91,91,91
1,91,991,91,91,91
1,91,991,91,91,91
2,1,19,1,2,2
1,91,991,91,91,91
1,91,991,91,91,91
2,91,991,91,91,91
2,93,11,93,93,93
2,93,15,93,93,93
2,1,15,2,2,2
2,91,991,91,91,91
2,93,33,93,93,93
2,91,991,91,91,91
2,91,991,91,91,91
1,91,991,91,91,91
2,91,991,91,91,91
2,91,991,91,91,91
2,93,12,93,93,93
2,91,991,91,91,91
1,91,991,91,91,91
2,93,16,93,93,93
1,91,991,91,91,91
2,91,991,91,91,91
2,93,13,93,93,93
2,93,14,93,93,93
2,6,11,1,2,2
1,91,991,91,91,91
2,91,991,91,91,91
1,91,991,91,91,91
1,93,19,93,93,93
1,20,14,1,2,1
2,91,991,91,91,91
1,93,17,93,93,93
1,93,20,93,93,93
2,98,19,98,98,98
2,91,991,91,91,91
2,91,991,91,91,91
1,30,15,1,1,1
1,91,991,91,91,91
1,91,991,91,91,91
2,93,18,93,93,93
2,91,991,91,91,91
1,91,991,91,91,91
2,1,39,2,1,2
1,91,991,91,91,91
2,93,15,93,93,93
2,30,15,1,2,1
1,91,991,91,91,91
1,93,16,93,93,93
2,91,991,91,91,91
2,93,15,93,93,93
1,91,991,91,91,91
2,91,991,91,91,91
2,91,991,91,91,91
2,91,991,91,91,91
2,91,991,91,91,91
2,93,14,93,93,93
1,91,991,91,91,91
1,98,985,98,98,98
2,91,991,91,91,91
2,93,29,93,93,93
2,91,991,91,91,91
2,91,991,91,91,91
1,91,991,91,91,91
1,91,991,91,91,91
2,91,991,91,91,91
2,93,14,93,93,93
2,93,25,93,93,93
1,25,16,1,1,1
2,93,16,93,93,93
2,91,991,91,91,91
2,91,991,91,91,91
2,91,991,91,91,91
1,93,17,93,93,93
1,91,991,91,91,91
1,91,991,91,91,91
2,91,991,91,91,91
2,91,991,91,91,91
1,30,5,1,2,2
1,16,16,2,2,1
1,91,991,91,91,91
1,91,991,91,91,91
2,91,991,91,91,91
2,91,991,91,91,91
2,91,991,91,91,91
2,91,991,91,91,91
1,98,13,98,98,98
2,93,14,93,93,93
2,91,991,91,91,91
2,91,991,91,91,91
2,93,25,93,93,93
1,93,21,93,93,93
2,93,12,93,93,93
1,93,17,93,93,93
1,91,991,91,91,91
1,15,15,1,1,2
1,30,14,1,1,1
2,93,18,93,93,93
1,91,991,91,91,91
2,93,14,93,93,93
1,30,18,1,1,1
2,91,991,91,91,91
1,93,20,93,93,93
2,91,991,91,91,91
1,91,991,91,91,91
2,91,991,91,91,91
2,91,991,91,91,91
2,91,991,91,91,91
1,30,12,1,2,2
2,93,17,93,93,93
2,93,12,93,93,93
2,93,11,93,93,93
1,91,991,91,91,91
2,91,991,91,91,91
1,91,991,91,91,91
2,93,18,93,93,93
1,94,20,2,2,1
2,91,991,91,91,91
2,30,17,1,1,2
1,93,17,93,93,93
2,91,991,91,91,91
1,93,16,93,93,93
2,93,16,93,93,93
2,5,16,1,2,1
2,91,991,91,91,91
2,30,12,1,1,2
2,91,991,91,91,91
2,27,19,1,2,2
2,30,16,1,2,2
2,1,25,2,2,1
1,93,18,93,93,93
2,2,20,1,1,2
2,93,25,93,93,93
1,91,991,91,91,91
2,91,991,91,91,91
1,91,991,91,91,91
1,15,32,1,1,2
1,91,991,91,91,91
1,91,991,91,91,91
1,93,16,93,93,93
1,91,991,91,91,91
2,91,991,91,91,91
1,12,16,1,2,2
2,93,20,93,93,93
2,93,16,93,93,93
1,30,16,1,2,2
1,20,19,1,1,1
2,93,13,93,93,93
1,93,16,93,93,93
2,93,20,93,93,93
2,91,991,91,91,91
2,91,991,91,91,91
1,91,991,91,91,91
2,91,991,91,91,91
2,93,18,93,93,93
2,30,14,2,1,1
2,91,991,91,91,91
1,91,991,91,91,91
2,93,15,93,93,93
2,91,991,91,91,91
2,91,991,91,91,91
2,91,991,91,91,91
2,93,12,93,93,93
1,91,991,91,91,91
2,91,991,91,91,91
2,93,16,93,93,93
1,91,991,91,91,91
2,91,991,91,91,91
2,91,991,91,91,91
2,1,18,1,2,2
2,91,991,91,91,91
2,91,991,91,91,91
2,2,15,1,1,1
1,30,15,1,1,1
2,91,991,91,91,91
2,93,14,93,93,93
2,91,991,91,91,91
1,91,991,91,91,91
1,93,21,93,93,93
2,30,19,1,2,2
2,91,991,91,91,91
1,1,19,2,1,2
1,91,991,91,91,91
1,30,11,1,2,2
1,91,991,91,91,91
2,15,16,1,1,1
2,93,17,93,93,93
1,91,991,91,91,91
1,93,18,93,93,93
2,1,39,2,2,1
2,91,991,91,91,91
1,93,14,93,93,93
2,91,991,91,91,91
1,15,18,2,1,2
2,93,14,93,93,93
2,91,991,91,91,91
1,4,14,1,2,2
1,91,991,91,91,91
2,93,15,93,93,93
1,91,991,91,91,91
2,91,991,91,91,91
2,91,991,91,91,91
1,93,15,93,93,93
1,91,991,91,91,91
1,1,22,1,2,2
2,91,991,91,91,91
2,93,18,93,93,93
2,93,18,93,93,93
2,93,17,93,93,93
1,1,17,2,2,2
2,91,991,91,91,91
2,91,991,91,91,91
2,2,17,1,2,2
1,91,991,91,91,91
2,93,16,93,93,93
2,91,991,91,91,91
1,91,991,91,91,91
2,2,16,1,2,2
1,30,18,1,2,2
1,93,16,93,93,93
2,93,17,93,93,93
2,5,22,2,2,2
2,91,991,91,91,91
2,91,991,91,91,91
1,27,17,1,2,2
2,91,991,91,91,91
2,93,21,93,93,93
1,91,991,91,91,91
2,91,991,91,91,91
2,93,16,93,93,93
2,93,12,93,93,93
2,93,15,93,93,93
2,91,991,91,91,91
2,91,991,91,91,91
1,91,991,91,91,91
2,91,991,91,91,91
1,26,16,2,1,2
2,2,12,1,1,1
2,91,991,91,91,91
1,91,991,91,91,91
1,91,991,91,91,91
2,91,991,91,91,91
1,91,991,91,91,91
1,91,991,91,91,91
2,93,21,93,93,93
2,91,991,91,91,91
1,91,991,91,91,91
2,91,991,91,91,91
2,91,991,91,91,91
1,91,991,91,91,91
2,91,991,91,91,91
2,91,991,91,91,91
2,93,14,93,93,93
2,30,14,1,1,2
2,91,991,91,91,91
2,91,991,91,91,91
2,30,26,1,2,2
2,93,13,93,93,93
2,91,991,91,91,91
1,93,14,93,93,93
2,91,991,91,91,91
1,91,991,91,91,91
1,10,17,1,2,2
1,30,17,1,1,2
1,93,16,93,93,93
2,93,18,93,93,93
1,91,991,91,91,91
1,91,991,91,91,91
2,91,991,91,91,91
1,91,991,91,91,91
2,91,991,91,91,91
2,91,991,91,91,91
2,91,991,91,91,91
2,93,17,93,93,93
1,91,991,91,91,91
2,25,19,1,1,1
2,91,991,91,91,91
1,15,22,1,2,2
2,93,18,93,93,93
2,93,21,93,93,93
1,91,991,91,91,91
2,93,18,93,93,93
2,93,20,93,93,93
2,91,991,91,91,91
1,91,991,91,91,91
2,5,14,2,1,2
1,91,991,91,91,91
1,91,991,91,91,91
2,6,21,2,1,2
2,15,23,1,2,2
2,93,19,93,93,93
2,20,14,1,2,2
2,91,991,91,91,91
2,93,18,93,93,93
1,91,991,91,91,91
2,93,21,93,93,93
1,91,991,91,91,91
2,91,991,91,91,91
2,93,13,93,93,93
1,91,991,91,91,91
2,1,11,2,1,2
1,98,985,98,98,98
2,91,991,91,91,91
1,93,26,93,93,93
2,91,991,91,91,91
2,91,991,91,91,91
1,91,991,91,91,91
2,91,991,91,91,91
1,93,14,93,93,93
1,93,25,93,93,93
2,91,991,91,91,91
1,30,16,1,2,2
2,3,12,1,2,2
2,91,991,91,91,91
2,91,991,91,91,91
1,93,17,93,93,93
2,93,14,93,93,93
1,93,14,93,93,93
1,93,31,93,93,93
2,91,991,91,91,91
1,91,991,91,91,91
1,93,18,93,93,93
1,93,16,93,93,93
2,91,991,91,91,91
1,20,17,1,2,1
2,91,991,91,91,91
1,30,19,2,1,1
2,91,991,91,91,91
2,93,16,93,93,93
2,91,991,91,91,91
1,93,17,93,93,93
1,14,18,1,2,1
2,91,991,91,91,91
1,3,12,1,2,2
1,93,24,93,93,93
1,91,991,91,91,91
2,30,11,1,2,2
2,91,991,91,91,91
1,91,991,91,91,91
1,91,991,91,91,91
1,93,18,93,93,93
1,91,991,91,91,91
1,91,991,91,91,91
1,91,991,91,91,91
2,91,991,91,91,91
1,91,991,91,91,91
1,91,991,91,91,91
1,93,18,93,93,93
1,93,11,93,93,93
2,91,991,91,91,91
1,91,991,91,91,91
2,91,991,91,91,91
1,93,16,93,93,93
1,93,26,93,93,93
2,20,17,1,2,1
1,91,991,91,91,91
2,93,14,93,93,93
2,91,991,91,91,91
2,91,991,91,91,91
2,30,14,1,1,1
2,98,13,98,98,98
2,91,991,91,91,91
2,93,16,93,93,93
1,91,991,91,91,91
1,91,991,91,91,91
2,91,991,91,91,91
2,91,991,91,91,91
2,30,17,1,2,1
1,91,991,91,91,91
2,30,13,1,1,2
1,93,15,93,93,93
2,93,14,93,93,93
1,4,17,2,1,2
2,91,991,91,91,91
1,93,17,93,93,93
1,91,991,91,91,91
1,2,16,1,1,2
2,91,991,91,91,91
1,18,16,1,2,2
1,91,991,91,91,91
2,93,16,93,93,93
2,93,16,93,93,93
1,4,24,1,2,1
1,91,991,91,91,91
1,93,18,93,93,93
1,93,16,93,93,93
2,91,991,91,91,91
1,93,19,93,93,93
2,93,15,93,93,93
1,1,16,1,2,2
2,93,17,93,93,93
1,91,991,91,91,91
2,25,13,1,1,1
1,91,991,91,91,91
2,93,17,93,93,93
2,1,21,1,2,2
2,93,21,93,93,93
2,93,15,93,93,93
2,91,991,91,91,91
2,91,991,91,91,91
2,91,991,91,91,91
2,93,17,93,93,93
1,91,991,91,91,91
2,91,991,91,91,91
2,91,991,91,91,91
2,91,991,91,91,91
2,93,16,93,93,93
1,2,19,1,2,1
1,10,20,1,1,1
2,91,991,91,91,91
1,93,13,93,93,93
1,91,991,91,91,91
1,3,11,1,1,2
2,93,14,93,93,93
2,93,16,93,93,93
2,91,991,91,91,91
2,91,991,91,91,91
1,91,991,91,91,91
2,91,991,91,91,91
2,93,21,93,93,93
2,93,20,93,93,93
2,93,14,93,93,93
1,30,15,1,1,2
1,91,991,91,91,91
1,8,21,2,1,2
2,91,991,91,91,91
2,91,991,91,91,91
2,93,18,93,93,93
1,28,17,1,2,1
1,30,16,1,2,2
1,91,991,91,91,91
2,91,991,91,91,91
2,2,16,2,1,2
1,93,17,93,93,93
1,91,991,91,91,91
2,91,991,91,91,91
1,93,13,93,93,93
2,91,991,91,91,91
2,93,15,93,93,93
2,91,991,91,91,91
2,93,23,93,93,93
1,91,991,91,91,91
1,91,991,91,91,91
2,91,991,91,91,91
1,91,991,91,91,91
2,91,991,91,91,91
1,91,991,91,91,91
1,91,991,91,91,91
2,30,17,1,2,2
2,91,991,91,91,91
1,91,991,91,91,91
2,93,18,93,93,93
1,91,991,91,91,91
2,1,23,1,2,2
2,1,13,1,1,2
2,91,991,91,91,91
2,93,16,93,93,93
1,93,15,93,93,93
1,22,18,1,1,1
2,91,991,91,91,91
1,91,991,91,91,91
1,91,991,91,91,91
1,2,14,1,2,2
2,91,991,91,91,91
2,91,991,91,91,91
1,91,991,91,91,91
1,91,991,91,91,91
1,91,991,91,91,91
2,91,991,91,91,91
1,93,16,93,93,93
2,91,991,91,91,91
2,91,991,91,91,91
2,91,991,91,91,91
1,93,18,93,93,93
1,91,991,91,91,91
1,91,991,91,91,91
2,91,991,91,91,91
2,93,20,93,93,93
2,91,991,91,91,91
1,91,991,91,91,91
1,91,991,91,91,91
2,93,18,93,93,93
2,91,991,91,91,91
2,91,991,91,91,91
2,30,13,1,1,2
2,93,30,93,93,93
2,91,991,91,91,91
2,93,16,93,93,93
2,91,991,91,91,91
2,93,16,93,93,93
1,93,17,93,93,93
2,1,16,2,2,1
2,91,991,91,91,91
1,98,8,98,98,98
1,93,18,93,93,93
2,91,991,91,91,91
1,91,991,91,91,91
2,93,19,93,93,93
2,91,991,91,91,91
2,93,18,93,93,93
2,91,991,91,91,91
2,91,991,91,91,91
2,91,991,91,91,91
1,30,12,1,2,2
2,91,991,91,91,91
1,93,16,93,93,93
2,91,991,91,91,91
2,91,991,91,91,91
1,91,991,91,91,91
1,20,18,1,2,2
1,91,991,91,91,91
1,91,991,91,91,91
1,91,991,91,91,91
2,93,30,93,93,93
1,91,991,91,91,91
2,12,17,2,1,1
2,91,991,91,91,91
2,91,991,91,91,91
2,91,991,91,91,91
2,93,22,93,93,93
1,93,19,93,93,93
1,91,991,91,91,91
2,93,18,93,93,93
2,93,15,93,93,93
2,93,21,93,93,93
2,93,15,93,93,93
2,91,991,91,91,91
2,93,14,93,93,93
1,91,991,91,91,91
2,93,20,93,93,93
1,91,991,91,91,91
2,91,991,91,91,91
2,91,991,91,91,91
2,91,991,91,91,91
2,93,17,93,93,93
1,93,16,93,93,93
2,91,991,91,91,91
1,91,991,91,91,91
2,91,991,91,91,91
1,30,13,1,2,1
2,6,13,1,2,2
1,91,991,91,91,91
2,93,18,93,93,93
2,91,991,91,91,91
1,93,16,93,93,93
1,93,14,93,93,93
1,93,17,93,93,93
1,91,991,91,91,91
1,91,991,91,91,91
2,93,52,93,93,93
2,91,991,91,91,91
1,91,991,91,91,91
1,91,991,91,91,91
2,91,991,91,91,91
2,93,15,93,93,93
1,91,991,91,91,91
2,93,18,93,93,93
1,93,13,93,93,93
1,91,991,91,91,91
2,93,17,93,93,93
2,91,991,91,91,91
2,91,991,91,91,91
1,6,18,2,1,1
1,91,991,91,91,91
2,91,991,91,91,91
1,91,991,91,91,91
2,27,19,1,2,2
2,93,15,93,93,93
2,93,22,93,93,93
2,91,991,91,91,91
2,93,16,93,93,93
2,91,991,91,91,91
2,1,14,1,2,2
1,91,991,91,91,91
2,93,30,93,93,93
2,2,14,1,2,2
2,91,991,91,91,91
2,93,18,93,93,93
1,1,10,1,2,2
2,91,991,91,91,91
2,30,12,1,2,2
2,91,991,91,91,91
2,93,16,93,93,93
1,91,991,91,91,91
1,93,45,93,93,93
2,91,991,91,91,91
2,93,17,93,93,93
2,93,25,93,93,93
2,93,21,93,93,93
1,91,991,91,91,91
1,91,991,91,91,91
1,93,13,93,93,93
2,93,15,93,93,93
2,93,16,93,93,93
1,91,991,91,91,91
1,30,19,1,1,2
1,20,14,1,2,1
1,91,991,91,91,91
2,30,16,1,2,2
2,93,20,93,93,93
2,30,15,1,2,1
2,91,991,91,91,91
1,91,991,91,91,91
2,91,991,91,91,91
2,93,28,93,93,93
2,91,991,91,91,91
2,91,991,91,91,91
1,91,991,91,91,91
1,91,991,91,91,91
1,91,991,91,91,91
2,93,13,93,93,93
1,91,991,91,91,91
1,91,991,91,91,91
1,93,22,93,93,93
2,91,991,91,91,91
1,91,991,91,91,91
1,91,991,91,91,91
2,30,7,1,1,1
2,91,991,91,91,91
2,93,15,93,93,93
1,91,991,91,91,91
1,93,18,93,93,93
1,27,25,1,2,2
2,91,991,91,91,91
1,5,16,1,2,2
2,93,12,93,93,93
1,93,16,93,93,93
1,91,991,91,91,91
2,91,991,91,91,91
2,91,991,91,91,91
1,91,991,91,91,91
1,93,16,93,93,93
1,15,15,1,1,1
1,91,991,91,91,91
2,91,991,91,91,91
2,7,13,1,2,2
2,91,991,91,91,91
2,93,25,93,93,93
2,93,18,93,93,93
2,91,991,91,91,91
1,91,991,91,91,91
2,93,13,93,93,93
2,91,991,91,91,91
2,91,991,91,91,91
1,91,991,91,91,91
2,91,991,91,91,91
2,93,18,93,93,93
2,91,991,91,91,91
1,91,991,91,91,91
1,93,14,93,93,93
2,93,52,93,93,93
1,93,21,93,93,93
2,91,991,91,91,91
1,91,991,91,91,91
1,91,991,91,91,91
1,91,991,91,91,91
2,93,19,93,93,93
2,93,14,93,93,93
2,93,18,93,93,93
2,91,991,91,91,91
1,91,991,91,91,91
1,91,991,91,91,91
1,91,991,91,91,91
1,91,991,91,91,91
1,93,15,93,93,93
1,93,17,93,93,93
2,93,18,93,93,93
2,91,991,91,91,91
2,91,991,91,91,91
1,30,15,1,2,2
2,91,991,91,91,91
1,91,991,91,91,91
2,93,14,93,93,93
1,91,991,91,91,91
2,91,991,91,91,91
2,91,991,91,91,91
1,91,991,91,91,91
2,93,16,93,93,93
2,91,991,91,91,91
2,91,991,91,91,91
1,91,991,91,91,91
2,1,20,2,2,1
1,91,991,91,91,91
1,91,991,91,91,91
2,91,991,91,91,91
1,4,58,2,2,1
2,93,16,93,93,93
2,93,21,93,93,93
1,91,991,91,91,91
1,91,991,91,91,91
2,93,18,93,93,93
2,93,17,93,93,93
1,91,991,91,91,91
2,4,24,2,2,1
1,91,991,91,91,91
2,91,991,91,91,91
1,91,991,91,91,91
1,91,991,91,91,91
1,91,991,91,91,91
2,91,991,91,91,91
2,93,14,93,93,93
1,91,991,91,91,91
2,91,991,91,91,91
2,93,21,93,93,93
2,30,15,1,2,1
2,93,12,93,93,93
2,91,991,91,91,91
1,91,991,91,91,91
1,14,14,2,1,2
1,91,991,91,91,91
1,91,991,91,91,91
1,93,18,93,93,93
1,91,991,91,91,91
1,91,991,91,91,91
1,91,991,91,91,91
2,91,991,91,91,91
1,91,991,91,91,91
2,91,991,91,91,91
1,91,991,91,91,91
1,91,991,91,91,91
1,93,23,93,93,93
1,91,991,91,91,91
2,91,991,91,91,91
2,91,991,91,91,91
1,93,20,93,93,93
1,91,991,91,91,91
1,91,991,91,91,91
2,93,22,93,93,93
2,91,991,91,91,91
2,93,19,93,93,93
1,3,19,2,1,2
1,30,18,1,1,1
1,91,991,91,91,91
1,93,19,93,93,93
2,91,991,91,91,91
2,93,13,93,93,93
1,91,991,91,91,91
1,91,991,91,91,91
2,91,991,91,91,91
1,91,991,91,91,91
1,91,991,91,91,91
2,91,991,91,91,91
1,93,17,93,93,93
2,98,14,98,98,98
2,3,18,1,2,2
1,91,991,91,91,91
2,91,991,91,91,91
2,91,991,91,91,91
2,93,27,93,93,93
2,91,991,91,91,91
2,91,991,91,91,91
2,91,991,91,91,91
1,93,20,93,93,93
2,91,991,91,91,91
2,91,991,91,91,91
2,91,991,91,91,91
2,91,991,91,91,91
2,91,991,91,91,91
2,93,20,93,93,93
2,91,991,91,91,91
2,91,991,91,91,91
1,91,991,91,91,91
2,91,991,91,91,91
2,91,991,91,91,91
2,93,27,93,93,93
2,91,991,91,91,91
1,91,991,91,91,91
2,93,13,93,93,93
1,93,16,93,93,93
2,91,991,91,91,91
2,93,16,93,93,93
1,91,991,91,91,91
2,93,17,93,93,93
2,91,991,91,91,91
2,93,20,93,93,93
1,91,991,91,91,91
1,91,991,91,91,91
2,91,991,91,91,91
1,91,991,91,91,91
1,93,14,93,93,93
2,91,991,91,91,91
2,91,991,91,91,91
2,93,15,93,93,93
1,25,16,1,2,2
2,91,991,91,91,91
1,91,991,91,91,91
1,93,17,93,93,93
2,93,20,93,93,93
1,91,991,91,91,91
2,14,15,1,1,1
1,25,22,1,1,1
1,15,15,2,1,2
1,91,991,91,91,91
2,91,991,91,91,91
1,91,991,91,91,91
2,5,18,2,1,2
1,93,14,93,93,93
2,93,13,93,93,93
1,91,991,91,91,91
2,91,991,91,91,91
2,93,21,93,93,93
2,91,991,91,91,91
2,91,991,91,91,91
1,91,991,91,91,91
2,30,13,1,1,1
1,7,13,1,2,2
1,91,991,91,91,91
2,93,31,93,93,93
2,93,18,93,93,93
1,93,18,93,93,93
2,5,30,2,1,1
2,91,991,91,91,91
1,30,18,1,1,1
1,91,991,91,91,91
1,93,17,93,93,93
2,91,991,91,91,91
2,25,30,2,1,1
2,1,14,2,2,1
1,91,991,91,91,91
1,91,991,91,91,91
2,4,17,2,1,1
2,91,991,91,91,91
1,91,991,91,91,91
1,91,991,91,91,91
2,91,991,91,91,91
1,93,25,93,93,93
2,91,991,91,91,91
1,23,18,1,2,2
1,91,991,91,91,91
2,93,16,93,93,93
1,91,991,91,91,91
2,93,20,93,93,93
2,91,991,91,91,91
1,91,991,91,91,91
2,91,991,91,91,91
1,91,991,91,91,91
1,15,19,2,1,2
2,93,18,93,93,93
2,93,12,93,93,93
2,93,25,93,93,93
1,30,12,1,2,2
1,91,991,91,91,91
2,93,21,93,93,93
1,93,16,93,93,93
2,91,991,91,91,91
1,25,19,1,1,2
1,91,991,91,91,91
2,4,19,1,2,2
2,30,25,1,2,1
2,91,991,91,91,91
1,91,991,91,91,91
2,91,991,91,91,91
1,91,991,91,91,91
1,93,18,93,93,93
2,91,991,91,91,91
1,93,15,93,93,93
2,91,991,91,91,91
2,93,16,93,93,93
1,93,15,93,93,93
2,93,20,93,93,93
1,25,17,1,1,1
2,93,22,93,93,93
1,91,991,91,91,91
1,93,15,93,93,93
2,30,21,1,2,2
2,91,991,91,91,91
2,91,991,91,91,91
2,91,991,91,91,91
2,2,13,1,1,1
1,91,991,91,91,91
2,93,16,93,93,93
2,30,33,1,1,2
2,20,19,1,2,2
2,91,991,91,91,91
1,91,991,91,91,91
1,93,32,93,93,93
2,91,991,91,91,91
2,91,991,91,91,91
1,91,991,91,91,91
2,91,991,91,91,91
1,93,18,93,93,93
2,91,991,91,91,91
2,93,23,93,93,93
2,93,19,93,93,93
1,91,991,91,91,91
1,91,991,91,91,91
2,93,15,93,93,93
2,91,991,91,91,91
2,91,991,91,91,91
1,91,991,91,91,91
1,30,11,1,1,1
1,91,991,91,91,91
2,93,18,93,93,93
1,91,991,91,91,91
1,91,991,91,91,91
1,91,991,91,91,91
2,93,13,93,93,93
2,91,991,91,91,91
2,15,16,1,2,1
2,91,991,91,91,91
2,93,12,93,93,93
1,93,28,93,93,93
2,91,991,91,91,91
1,91,991,91,91,91
1,91,991,91,91,91
1,91,991,91,91,91
2,91,991,91,91,91
2,93,18,93,93,93
2,30,17,1,2,2
2,93,14,93,93,93
2,20,16,1,2,2
1,91,991,91,91,91
1,91,991,91,91,91
2,91,991,91,91,91
1,93,18,93,93,93
2,93,17,93,93,93
1,91,991,91,91,91
1,91,991,91,91,91
2,93,16,93,93,93
1,91,991,91,91,91
1,1,18,2,2,1
2,93,19,93,93,93
2,91,991,91,91,91
1,91,991,91,91,91
1,91,991,91,91,91
2,91,991,91,91,91
2,93,26,93,93,93
1,91,991,91,91,91
1,93,20,93,93,93
1,91,991,91,91,91
2,93,15,93,93,93
2,91,991,91,91,91
1,91,991,91,91,91
2,7,20,1,5,5
2,91,991,91,91,91
1,91,991,91,91,91
1,91,991,91,91,91
1,93,18,93,93,93
2,91,991,91,91,91
2,93,18,93,93,93
2,1,37,1,2,2
2,91,991,91,91,91
2,91,991,91,91,91
1,7,21,1,1,2
2,93,12,93,93,93
1,91,991,91,91,91
2,91,991,91,91,91
2,30,17,1,1,2
1,93,18,93,93,93
2,91,991,91,91,91
2,91,991,91,91,91
1,91,991,91,91,91
1,91,991,91,91,91
2,93,20,93,93,93
1,1,23,2,2,1
1,91,991,91,91,91
2,93,40,93,93,93
1,91,991,91,91,91
1,93,31,93,93,93
1,91,991,91,91,91
1,91,991,91,91,91
1,93,18,93,93,93
2,93,15,93,93,93
2,93,16,93,93,93
1,91,991,91,91,91
1,91,991,91,91,91
1,91,991,91,91,91
2,91,991,91,91,91
2,91,991,91,91,91
2,93,17,93,93,93
2,93,20,93,93,93
1,93,19,93,93,93
1,3,16,1,1,1
1,20,12,1,1,2
2,91,991,91,91,91
1,91,991,91,91,91
2,93,20,93,93,93
2,93,23,93,93,93
2,30,14,1,2,2
2,91,991,91,91,91
1,93,18,93,93,93
1,91,991,91,91,91
1,91,991,91,91,91
2,91,991,91,91,91
2,24,13,1,1,2
2,91,991,91,91,91
2,91,991,91,91,91
1,91,991,91,91,91
1,91,991,91,91,91
1,91,991,91,91,91
2,91,991,91,91,91
2,93,23,93,93,93
2,93,14,93,93,93
1,93,19,93,93,93
1,93,17,93,93,93
1,93,18,93,93,93
1,91,991,91,91,91
2,93,18,93,93,93
2,91,991,91,91,91
1,91,991,91,91,91
2,30,16,1,2,2
1,91,991,91,91,91
1,91,991,91,91,91
1,93,22,93,93,93
1,93,16,93,93,93
2,91,991,91,91,91
1,4,8,1,1,2
2,98,15,98,98,98
2,91,991,91,91,91
2,91,991,91,91,91
1,91,991,91,91,91
2,91,991,91,91,91
2,7,15,1,1,2
2,91,991,91,91,91
2,93,17,93,93,93
2,93,15,93,93,93
2,93,12,93,93,93
2,91,991,91,91,91
1,91,991,91,91,91
1,91,991,91,91,91
2,93,15,93,93,93
2,20,11,1,1,2
1,91,991,91,91,91
2,93,14,93,93,93
2,93,15,93,93,93
1,91,991,91,91,91
2,10,13,1,1,1
1,93,20,93,93,93
1,25,18,1,2,2
2,91,991,91,91,91
1,93,17,93,93,93
1,2,14,1,1,2
1,28,18,1,1,2
1,91,991,91,91,91
2,93,20,93,93,93
2,93,15,93,93,93
1,8,17,1,1,2
1,91,991,91,91,91
2,91,991,91,91,91
2,91,991,91,91,91
1,91,991,91,91,91
1,91,991,91,91,91
2,91,991,91,91,91
1,91,991,91,91,91
2,93,15,93,93,93
1,30,18,94,94,4
2,93,18,93,93,93
2,91,991,91,91,91
2,91,991,91,91,91
2,91,991,91,91,91
1,91,991,91,91,91
1,12,21,1,2,1
2,91,991,91,91,91
2,1,18,2,2,1
1,93,13,93,93,93
2,91,991,91,91,91
2,91,991,91,91,91
2,91,991,91,91,91
1,93,17,93,93,93
2,93,16,93,93,93
1,94,13,1,2,2
2,91,991,91,91,91
1,91,991,91,91,91
2,91,991,91,91,91
2,7,14,1,2,2
1,93,16,93,93,93
2,91,991,91,91,91
1,91,991,91,91,91
2,91,991,91,91,91
2,91,991,91,91,91
2,91,991,91,91,91
1,91,991,91,91,91
1,91,991,91,91,91
1,91,991,91,91,91
1,1,28,2,1,2
2,93,18,93,93,93
2,91,991,91,91,91
2,91,991,91,91,91
1,91,991,91,91,91
2,91,991,91,91,91
1,91,991,91,91,91
2,93,19,93,93,93
2,93,18,93,93,93
1,29,18,1,2,2
1,91,991,91,91,91
2,91,991,91,91,91
1,91,991,91,91,91
2,91,991,91,91,91
2,91,991,91,91,91
1,91,991,91,91,91
2,26,19,1,2,1
2,28,13,2,1,2
1,91,991,91,91,91
1,93,16,93,93,93
2,91,991,91,91,91
1,91,991,91,91,91
2,91,991,91,91,91
1,93,14,93,93,93
1,91,991,91,91,91
1,91,991,91,91,91
2,93,14,93,93,93
2,91,991,91,91,91
2,93,13,93,93,93
1,91,991,91,91,91
1,3,16,2,2,1
2,3,15,1,2,2
2,91,991,91,91,91
2,91,991,91,91,91
2,91,991,91,91,91
2,91,991,91,91,91
2,14,17,1,1,2
1,30,17,1,1,1
1,93,16,93,93,93
2,7,16,1,2,2
2,30,17,1,1,1
2,91,991,91,91,91
2,91,991,91,91,91
1,93,17,93,93,93
1,91,991,91,91,91
1,93,24,93,93,93
2,91,991,91,91,91
2,91,991,91,91,91
2,93,23,93,93,93
1,91,991,91,91,91
2,93,13,93,93,93
1,91,991,91,91,91
1,91,991,91,91,91
2,20,15,1,1,2
1,91,991,91,91,91
2,93,19,93,93,93
1,91,991,91,91,91
2,91,991,91,91,91
1,91,991,91,91,91
1,93,21,93,93,93
2,91,991,91,91,91
2,91,991,91,91,91
2,91,991,91,91,91
1,91,991,91,91,91
2,91,991,91,91,91
1,91,991,91,91,91
1,91,991,91,91,91
2,91,991,91,91,91
1,91,991,91,91,91
2,91,991,91,91,91
1,91,991,91,91,91
2,91,991,91,91,91
1,30,11,1,2,1
2,91,991,91,91,91
2,30,18,1,1,1
2,91,991,91,91,91
1,93,17,93,93,93
1,91,991,91,91,91
2,8,16,1,1,2
2,1,21,1,1,2
1,91,991,91,91,91
1,20,18,1,1,1
2,3,12,1,2,2
2,30,18,1,1,1
2,30,25,1,2,1
1,91,991,91,91,91
2,93,18,93,93,93
2,93,18,93,93,93
1,15,12,2,1,2
1,30,19,1,1,1
2,91,991,91,91,91
1,91,991,91,91,91
1,91,991,91,91,91
2,93,16,93,93,93
2,22,19,2,2,1
2,93,18,93,93,93
2,91,991,91,91,91
1,30,18,1,1,1
1,91,991,91,91,91
2,91,991,91,91,91
2,93,34,93,93,93
1,93,14,93,93,93
2,93,14,93,93,93
2,15,19,1,2,1
1,91,991,91,91,91
2,12,19,1,2,1
2,93,18,93,93,93
2,91,991,91,91,91
1,20,17,1,2,2
1,93,21,93,93,93
2,91,991,91,91,91
1,91,991,91,91,91
1,93,15,93,93,93
2,93,13,93,93,93
1,93,24,93,93,93
1,91,991,91,91,91
2,91,991,91,91,91
2,93,14,93,93,93
1,93,20,93,93,93
2,93,16,93,93,93
2,91,991,91,91,91
1,93,28,93,93,93
1,93,17,93,93,93
1,91,991,91,91,91
1,91,991,91,91,91
2,91,991,91,91,91
1,91,991,91,91,91
2,91,991,91,91,91
2,91,991,91,91,91
2,20,20,1,2,1
1,91,991,91,91,91
2,91,991,91,91,91
1,91,991,91,91,91
1,2,19,1,2,2
1,25,16,1,2,2
2,93,15,93,93,93
2,91,991,91,91,91
1,28,12,1,2,2
1,93,42,93,93,93
1,91,991,91,91,91
1,20,18,1,2,1
1,91,991,91,91,91
2,91,991,91,91,91
2,24,14,1,2,1
2,93,16,93,93,93
2,91,991,91,91,91
2,91,991,91,91,91
2,1,18,2,2,1
2,93,16,93,93,93
1,91,991,91,91,91
2,91,991,91,91,91
1,93,20,93,93,93
1,93,14,93,93,93
1,30,14,1,2,2
1,30,17,1,1,1
1,91,991,91,91,91
2,91,991,91,91,91
1,15,16,1,2,1
2,91,991,91,91,91
1,93,994,93,93,93
2,93,20,93,93,93
1,93,32,93,93,93
2,91,991,91,91,91
2,93,30,93,93,93
2,93,15,93,93,93
1,91,991,91,91,91
1,1,61,97,97,97
2,91,991,91,91,91
2,91,991,91,91,91
2,91,991,91,91,91
1,91,991,91,91,91
2,91,991,91,91,91
1,91,991,91,91,91
2,91,991,91,91,91
2,91,991,91,91,91
2,93,17,93,93,93
1,1,35,2,2,1
1,93,14,93,93,93
2,93,19,93,93,93
1,91,991,91,91,91
1,93,14,93,93,93
1,91,991,91,91,91
2,91,991,91,91,91
1,9,42,2,1,2
2,91,991,91,91,91
1,93,22,93,93,93
2,91,991,91,91,91
2,91,991,91,91,91
1,93,16,93,93,93
1,91,991,91,91,91
2,93,14,93,93,93
2,91,991,91,91,91
1,91,991,91,91,91
1,17,19,1,1,1
1,91,991,91,91,91
1,93,14,93,93,93
1,91,991,91,91,91
2,93,12,93,93,93
2,93,18,93,93,93
2,30,18,1,1,1
2,91,991,91,91,91
1,91,991,91,91,91
2,91,991,91,91,91
2,91,991,91,91,91
1,91,991,91,91,91
1,91,991,91,91,91
2,91,991,91,91,91
2,93,21,93,93,93
1,91,991,91,91,91
1,91,991,91,91,91
2,91,991,91,91,91
1,93,17,93,93,93
2,1,19,2,2,1
2,91,991,91,91,91
2,91,991,91,91,91
2,91,991,91,91,91
2,93,14,93,93,93
1,91,991,91,91,91
1,91,991,91,91,91
1,93,20,93,93,93
2,2,27,1,2,2
2,1,48,1,2,2
1,91,991,91,91,91
2,91,991,91,91,91
1,93,28,93,93,93
1,91,991,91,91,91
1,93,18,93,93,93
1,91,991,91,91,91
1,93,21,93,93,93
1,93,22,93,93,93
1,2,19,1,2,2
2,91,991,91,91,91
1,93,20,93,93,93
1,30,16,1,2,2
1,2,18,2,2,1
2,91,991,91,91,91
2,91,991,91,91,91
2,93,994,93,93,93
2,91,991,91,91,91
1,91,991,91,91,91
1,30,18,1,1,2
1,91,991,91,91,91
1,93,22,93,93,93
2,91,991,91,91,91
2,5,15,2,2,1
2,91,991,91,91,91
1,91,991,91,91,91
1,91,991,91,91,91
1,93,18,93,93,93
2,91,991,91,91,91
1,91,991,91,91,91
2,2,19,2,2,1
2,91,991,91,91,91
2,93,25,93,93,93
1,93,16,93,93,93
2,4,12,1,1,1
2,91,991,91,91,91
2,93,16,93,93,93
1,91,991,91,91,91
1,91,991,91,91,91
2,91,991,91,91,91
2,91,991,91,91,91
2,91,991,91,91,91
2,91,991,91,91,91
2,93,19,93,93,93
1,91,991,91,91,91
1,91,991,91,91,91
1,91,991,91,91,91
2,1,12,1,2,2
2,91,991,91,91,91
2,93,15,93,93,93
1,91,991,91,91,91
1,91,991,91,91,91
1,91,991,91,91,91
2,91,991,91,91,91
1,91,991,91,91,91
2,91,991,91,91,91
2,91,991,91,91,91
2,91,991,91,91,91
1,93,13,93,93,93
2,91,991,91,91,91
1,25,14,1,1,2
2,91,991,91,91,91
1,91,991,91,91,91
2,91,991,91,91,91
2,91,991,91,91,91
1,93,12,93,93,93
1,91,991,91,91,91
2,93,21,93,93,93
1,93,17,93,93,93
1,1,12,1,2,2
1,91,991,91,91,91
2,93,36,93,93,93
2,91,991,91,91,91
2,93,18,93,93,93
2,91,991,91,91,91
1,93,39,93,93,93
2,91,991,91,91,91
2,93,17,93,93,93
1,91,991,91,91,91
2,91,991,91,91,91
2,93,24,93,93,93
2,93,16,93,93,93
2,91,991,91,91,91
2,93,20,93,93,93
1,91,991,91,91,91
2,93,15,93,93,93
1,91,991,91,91,91
1,98,985,98,98,98
2,91,991,91,91,91
2,91,991,91,91,91
2,91,991,91,91,91
1,13,12,1,1,1
1,91,991,91,91,91
1,91,991,91,91,91
1,93,33,93,93,93
2,93,16,93,93,93
1,91,991,91,91,91
2,91,991,91,91,91
1,93,16,93,93,93
2,2,15,1,2,1
1,30,16,1,1,2
1,93,16,93,93,93
2,93,16,93,93,93
1,93,29,93,93,93
1,91,991,91,91,91
1,24,14,1,2,2
2,91,991,91,91,91
1,91,991,91,91,91
2,93,24,93,93,93
2,91,991,91,91,91
2,91,991,91,91,91
2,91,991,91,91,91
2,91,991,91,91,91
1,98,985,98,98,98
2,93,13,93,93,93
1,93,16,93,93,93
2,91,991,91,91,91
1,91,991,91,91,91
2,93,21,93,93,93
2,93,18,93,93,93
2,91,991,91,91,91
2,91,991,91,91,91
1,91,991,91,91,91
2,93,19,93,93,93
2,1,40,2,2,1
2,93,12,93,93,93
2,93,14,93,93,93
1,91,991,91,91,91
1,93,15,93,93,93
1,91,991,91,91,91
2,91,991,91,91,91
2,91,991,91,91,91
2,91,991,91,91,91
2,91,991,91,91,91
2,93,14,93,93,93
2,30,18,1,2,2
2,93,18,93,93,93
1,91,991,91,91,91
1,91,991,91,91,91
2,91,991,91,91,91
1,91,991,91,91,91
1,30,15,1,1,2
1,93,18,93,93,93
1,30,13,1,2,2
1,93,25,93,93,93
2,91,991,91,91,91
1,30,14,2,2,2
2,91,991,91,91,91
2,93,27,93,93,93
1,93,12,93,93,93
1,93,33,93,93,93
1,91,991,91,91,91
1,91,991,91,91,91
1,91,991,91,91,91
1,91,991,91,91,91
2,93,12,93,93,93
2,91,991,91,91,91
2,91,991,91,91,91
1,93,23,93,93,93
1,93,12,93,93,93
2,91,991,91,91,91
1,93,23,93,93,93
1,93,20,93,93,93
1,28,16,1,1,2
2,91,991,91,91,91
1,91,991,91,91,91
1,91,991,91,91,91
1,91,991,91,91,91
2,91,991,91,91,91
2,91,991,91,91,91
2,91,991,91,91,91
1,91,991,91,91,91
2,91,991,91,91,91
2,25,18,2,1,2
1,1,24,2,2,1
2,93,24,93,93,93
1,91,991,91,91,91
2,20,31,2,2,2
2,93,22,93,93,93
2,98,12,98,98,98
2,93,16,93,93,93
1,91,991,91,91,91
2,98,18,98,98,98
1,91,991,91,91,91
2,91,991,91,91,91
2,93,16,93,93,93
2,91,991,91,91,91
2,91,991,91,91,91
2,91,991,91,91,91
2,22,23,2,2,1
1,93,15,93,93,93
2,22,16,1,2,2
2,91,991,91,91,91
2,20,16,1,2,2
2,91,991,91,91,91
2,30,15,1,2,1
1,91,991,91,91,91
1,93,16,93,93,93
2,6,14,1,2,2
2,93,13,93,93,93
1,93,18,93,93,93
1,93,18,93,93,93
1,91,991,91,91,91
1,91,991,91,91,91
1,91,991,91,91,91
2,93,17,93,93,93
1,30,19,1,1,2
1,91,991,91,91,91
2,91,991,91,91,91
2,91,991,91,91,91
1,7,16,1,2,2
2,91,991,91,91,91
2,91,991,91,91,91
1,91,991,91,91,91
1,91,991,91,91,91
2,91,991,91,91,91
2,91,991,91,91,91
1,91,991,91,91,91
2,91,991,91,91,91
1,93,22,93,93,93
2,91,991,91,91,91
1,91,991,91,91,91
2,93,18,93,93,93
1,91,991,91,91,91
2,91,991,91,91,91
2,93,19,93,93,93
1,30,17,1,2,2
1,93,19,93,93,93
2,93,20,93,93,93
2,93,13,93,93,93
2,91,991,91,91,91
1,29,12,1,1,1
1,91,991,91,91,91
2,4,16,2,2,1
1,93,13,93,93,93
1,93,22,93,93,93
1,91,991,91,91,91
1,91,991,91,91,91
1,93,25,93,93,93
2,91,991,91,91,91
2,93,14,93,93,93
1,93,22,93,93,93
1,91,991,91,91,91
1,91,991,91,91,91
2,91,991,91,91,91
1,91,991,91,91,91
2,91,991,91,91,91
1,30,12,1,1,1
1,10,16,1,1,2
2,91,991,91,91,91
1,91,991,91,91,91
2,10,18,2,2,2
2,91,991,91,91,91
2,91,991,91,91,91
1,91,991,91,91,91
2,91,991,91,91,91
2,93,14,93,93,93
1,93,16,93,93,93
2,93,16,93,93,93
1,91,991,91,91,91
1,91,991,91,91,91
1,93,30,93,93,93
1,30,10,1,1,1
2,91,991,91,91,91
2,91,991,91,91,91
1,91,991,91,91,91
1,15,21,1,2,2
2,91,991,91,91,91
2,93,17,93,93,93
2,91,991,91,91,91
1,91,991,91,91,91
1,91,991,91,91,91
1,91,991,91,91,91
1,91,991,91,91,91
2,30,11,2,2,2
2,93,16,93,93,93
1,91,991,91,91,91
2,1,18,2,2,1
2,93,26,93,93,93
1,93,16,93,93,93
2,30,15,1,1,2
2,91,991,91,91,91
2,91,991,91,91,91
1,5,16,2,2,1
1,7,18,1,1,2
2,93,17,93,93,93
1,93,19,93,93,93
2,91,991,91,91,91
1,93,15,93,93,93
2,93,25,93,93,93
1,91,991,91,91,91
2,93,16,93,93,93
1,91,991,91,91,91
2,93,15,93,93,93
1,91,991,91,91,91
1,1,45,2,2,1
1,97,997,98,98,98
1,91,991,91,91,91
1,91,991,91,91,91
1,93,24,93,93,93
1,93,16,93,93,93
2,91,991,91,91,91
2,91,991,91,91,91
1,91,991,91,91,91
1,91,991,91,91,91
2,91,991,91,91,91
2,91,991,91,91,91
1,93,15,93,93,93
2,3,13,1,1,1
2,91,991,91,91,91
1,93,13,93,93,93
2,93,21,93,93,93
2,91,991,91,91,91
2,91,991,91,91,91
2,91,991,91,91,91
2,93,14,93,93,93
2,93,19,93,93,93
1,30,12,2,2,2
2,93,50,93,93,93
2,91,991,91,91,91
2,3,14,1,2,2
1,30,13,1,1,2
2,91,991,91,91,91
1,93,17,93,93,93
2,91,991,91,91,91
1,91,991,91,91,91
2,91,991,91,91,91
1,91,991,91,91,91
1,91,991,91,91,91
2,93,28,93,93,93
1,91,991,91,91,91
2,91,991,91,91,91
2,91,991,91,91,91
1,91,991,91,91,91
1,91,991,91,91,91
2,91,991,91,91,91
2,93,17,93,93,93
2,91,991,91,91,91
1,91,991,91,91,91
2,91,991,91,91,91
1,91,991,91,91,91
2,91,991,91,91,91
2,93,15,93,93,93
2,93,15,93,93,93
1,15,18,1,2,2
1,91,991,91,91,91
2,1,14,2,1,2
2,30,16,1,1,1
1,91,991,91,91,91
1,93,16,93,93,93
1,91,991,91,91,91
1,2,16,1,1,2
1,91,991,91,91,91
1,91,991,91,91,91
1,91,991,91,91,91
1,91,991,91,91,91
1,2,17,2,2,1
1,91,991,91,91,91
1,91,991,91,91,91
2,93,23,93,93,93
1,91,991,91,91,91
1,91,991,91,91,91
2,93,18,93,93,93
1,91,991,91,91,91
2,30,21,1,1,1
1,8,17,2,2,2
1,91,991,91,91,91
1,91,991,91,91,91
1,91,991,91,91,91
2,91,991,91,91,91
2,93,18,93,93,93
2,91,991,91,91,91
1,93,20,93,93,93
1,91,991,91,91,91
1,2,17,1,1,2
2,91,991,91,91,91
1,91,991,91,91,91
2,91,991,91,91,91
1,30,16,1,2,2
2,91,991,91,91,91
2,91,991,91,91,91
1,91,991,91,91,91
2,93,15,93,93,93
1,30,14,1,1,1
2,91,991,91,91,91
1,93,75,93,93,93
2,30,17,1,2,2
2,5,15,1,2,2
2,93,20,93,93,93
1,93,23,93,93,93
2,91,991,91,91,91
1,2,13,1,2,1
2,20,13,1,2,1
1,91,991,91,91,91
2,91,991,91,91,91
1,91,991,91,91,91
1,91,991,91,91,91
1,91,991,91,91,91
2,91,991,91,91,91
1,91,991,91,91,91
1,23,18,1,2,2
2,93,19,93,93,93
2,30,12,1,1,1
1,1,15,2,2,1
1,93,16,93,93,93
1,91,991,91,91,91
2,91,991,91,91,91
1,93,16,93,93,93
1,91,991,91,91,91
2,91,991,91,91,91
2,6,30,1,2,2
2,91,991,91,91,91
2,93,21,93,93,93
2,91,991,91,91,91
1,91,991,91,91,91
1,91,991,91,91,91
2,91,991,91,91,91
2,91,991,91,91,91
2,93,21,93,93,93
1,91,991,91,91,91
2,93,14,93,93,93
1,91,991,91,91,91
1,93,21,93,93,93
1,2,23,2,2,1
2,28,15,1,1,1
1,91,991,91,91,91
1,91,991,91,91,91
1,91,991,91,91,91
2,91,991,91,91,91
1,93,18,93,93,93
2,91,991,91,91,91
2,91,991,91,91,91
2,30,16,1,1,1
2,91,991,91,91,91
1,93,19,93,93,93
2,91,991,91,91,91
1,91,991,91,91,91
2,93,21,93,93,93
2,91,991,91,91,91
1,91,991,91,91,91
2,91,991,91,91,91
1,91,991,91,91,91
2,91,991,91,91,91
2,91,991,91,91,91
1,91,991,91,91,91
2,2,32,2,2,1
2,93,16,93,93,93
2,91,991,91,91,91
2,91,991,91,91,91
1,91,991,91,91,91
2,29,15,1,1,2
2,93,15,93,93,93
1,93,18,93,93,93
1,91,991,91,91,91
2,91,991,91,91,91
2,93,15,93,93,93
2,93,17,93,93,93
1,93,17,93,93,93
2,1,15,1,2,2
2,91,991,91,91,91
2,91,991,91,91,91
2,93,40,93,93,93
2,91,991,91,91,91
1,91,991,91,91,91
2,91,991,91,91,91
2,91,991,91,91,91
1,91,991,91,91,91
1,6,23,2,1,1
1,93,14,93,93,93
1,91,991,91,91,91
2,91,991,91,91,91
2,91,991,91,91,91
2,91,991,91,91,91
2,91,991,91,91,91
2,30,14,1,2,2
1,93,20,93,93,93
1,91,991,91,91,91
2,91,991,91,91,91
2,91,991,91,91,91
2,91,991,91,91,91
2,91,991,91,91,91
2,93,17,93,93,93
2,25,14,1,1,1
2,9,15,1,2,2
2,91,991,91,91,91
1,91,991,91,91,91
1,93,16,93,93,93
2,93,15,93,93,93
2,93,17,93,93,93
2,91,991,91,91,91
1,91,991,91,91,91
2,30,12,1,1,1
2,91,991,91,91,91
2,91,991,91,91,91
2,91,991,91,91,91
2,91,991,91,91,91
1,91,991,91,91,91
2,91,991,91,91,91
2,93,17,93,93,93
2,91,991,91,91,91
2,93,25,93,93,93
1,21,15,1,2,2
1,91,991,91,91,91
2,93,16,93,93,93
2,91,991,91,91,91
2,91,991,91,91,91
2,91,991,91,91,91
1,93,18,93,93,93
1,91,991,91,91,91
1,93,15,93,93,93
2,25,20,1,1,2
2,93,21,93,93,93
1,93,994,93,93,93
2,93,18,93,93,93
1,20,18,1,2,2
2,91,991,91,91,91
2,98,13,98,98,98
2,91,991,91,91,91
1,91,991,91,91,91
1,93,17,93,93,93
2,2,18,2,2,1
1,2,18,1,2,2
1,3,20,2,1,1
2,93,17,93,93,93
2,93,13,93,93,93
1,30,12,1,1,1
2,93,13,93,93,93
2,30,13,1,2,2
2,93,23,93,93,93
1,93,18,93,93,93
2,93,16,93,93,93
2,91,991,91,91,91
1,91,991,91,91,91
1,93,14,93,93,93
2,91,991,91,91,91
2,91,991,91,91,91
1,91,991,91,91,91
1,93,13,93,93,93
2,25,14,1,1,1
2,1,14,2,2,1
1,30,21,1,1,2
1,91,991,91,91,91
2,93,20,93,93,93
1,91,991,91,91,91
2,20,16,2,1,2
2,3,15,1,1,1
1,91,991,91,91,91
2,91,991,91,91,91
1,91,991,91,91,91
1,91,991,91,91,91
2,91,991,91,91,91
1,91,991,91,91,91
1,93,12,93,93,93
2,93,14,93,93,93
1,91,991,91,91,91
2,91,991,91,91,91
1,2,17,1,2,1
2,93,19,93,93,93
1,93,18,93,93,93
2,93,15,93,93,93
2,98,985,98,98,98
2,16,18,1,2,2
1,91,991,91,91,91
2,91,991,91,91,91
1,91,991,91,91,91
1,1,27,1,2,2
1,91,991,91,91,91
1,91,991,91,91,91
1,91,991,91,91,91
2,91,991,91,91,91
1,93,17,93,93,93
1,91,991,91,91,91
2,29,14,1,1,1
2,91,991,91,91,91
2,28,12,1,2,2
2,91,991,91,91,91
1,91,991,91,91,91
1,91,991,91,91,91
1,93,16,93,93,93
2,93,14,93,93,93
2,91,991,91,91,91
1,93,15,93,93,93
2,91,991,91,91,91
2,4,13,1,1,2
2,91,991,91,91,91
1,91,991,91,91,91
2,91,991,91,91,91
2,91,991,91,91,91
2,93,21,93,93,93
2,93,16,93,93,93
1,30,14,1,2,2
1,30,21,1,1,1
2,93,19,93,93,93
1,91,991,91,91,91
2,91,991,91,91,91
1,91,991,91,91,91
2,91,991,91,91,91
2,1,16,1,2,2
1,6,25,1,2,2
1,91,991,91,91,91
2,91,991,91,91,91
2,93,59,93,93,93
1,91,991,91,91,91
1,3,1,2,2,2
1,91,991,91,91,91
1,93,35,93,93,93
1,91,991,91,91,91
1,30,20,1,1,2
2,93,19,93,93,93
1,91,991,91,91,91
1,91,991,91,91,91
1,93,18,93,93,93
2,93,12,93,93,93
2,91,991,91,91,91
2,91,991,91,91,91
1,1,16,2,2,1
2,91,991,91,91,91
1,91,991,91,91,91
2,91,991,91,91,91
1,93,24,93,93,93
1,91,991,91,91,91
1,91,991,91,91,91
1,93,20,93,93,93
2,93,17,93,93,93
1,91,991,91,91,91
2,93,17,93,93,93
2,93,16,93,93,93
2,91,991,91,91,91
1,91,991,91,91,91
2,93,20,93,93,93
1,91,991,91,91,91
1,93,20,93,93,93
2,91,991,91,91,91
2,91,991,91,91,91
1,93,15,93,93,93
2,91,991,91,91,91
2,91,991,91,91,91
1,91,991,91,91,91
2,91,991,91,91,91
1,93,18,93,93,93
1,91,991,91,91,91
2,93,20,93,93,93
1,91,991,91,91,91
1,91,991,91,91,91
1,91,991,91,91,91
1,91,991,91,91,91
2,91,991,91,91,91
2,91,991,91,91,91
1,93,30,93,93,93
2,93,18,93,93,93
1,30,13,1,1,2
2,91,991,91,91,91
2,91,991,91,91,91
1,93,25,93,93,93
2,93,14,93,93,93
1,93,12,93,93,93
2,93,21,93,93,93
2,93,25,93,93,93
2,93,16,93,93,93
2,30,17,1,2,2
2,91,991,91,91,91
2,93,20,93,93,93
2,91,991,91,91,91
2,91,991,91,91,91
1,26,15,1,1,1
2,1,16,1,2,2
1,91,991,91,91,91
2,93,19,93,93,93
2,93,13,93,93,93
2,30,14,1,1,1
1,93,21,93,93,93
2,30,14,1,1,2
2,91,991,91,91,91
2,91,991,91,91,91
1,91,991,91,91,91
2,93,16,93,93,93
1,91,991,91,91,91
1,91,991,91,91,91
2,20,16,2,2,1
1,91,991,91,91,91
1,91,991,91,91,91
2,91,991,91,91,91
1,91,991,91,91,91
2,91,991,91,91,91
1,91,991,91,91,91
1,15,23,1,2,2
1,93,11,93,93,93
2,91,991,91,91,91
1,91,991,91,91,91
1,91,991,91,91,91
2,1,16,2,2,1
2,93,20,93,93,93
2,91,991,91,91,91
2,93,27,93,93,93
2,91,991,91,91,91
2,93,15,93,93,93
2,93,14,93,93,93
2,93,17,93,93,93
2,91,991,91,91,91
2,93,19,93,93,93
1,93,15,93,93,93
2,93,15,93,93,93
1,91,991,91,91,91
1,93,18,93,93,93
2,91,991,91,91,91
1,91,991,91,91,91
1,20,16,1,1,2
1,91,991,91,91,91
2,93,26,93,93,93
1,93,16,93,93,93
1,91,991,91,91,91
2,25,15,1,1,2
2,30,15,1,2,2
1,91,991,91,91,91
2,97,23,1,1,1
1,93,17,93,93,93
2,91,991,91,91,91
1,91,991,91,91,91
1,91,991,91,91,91
2,93,14,93,93,93
2,91,991,91,91,91
2,91,991,91,91,91
1,91,991,91,91,91
1,27,15,1,1,1
1,93,21,93,93,93
1,93,20,93,93,93
2,4,15,1,1,2
1,93,21,93,93,93
1,91,991,91,91,91
2,93,20,93,93,93
1,91,991,91,91,91
1,91,991,91,91,91
2,91,991,91,91,91
2,30,12,1,2,2
2,91,991,91,91,91
2,93,17,93,93,93
2,93,18,93,93,93
2,93,20,93,93,93
2,2,21,2,2,1
1,91,991,91,91,91
1,91,991,91,91,91
1,91,991,91,91,91
1,91,991,91,91,91
1,93,24,93,93,93
1,91,991,91,91,91
2,91,991,91,91,91
1,91,991,91,91,91
2,1,27,2,2,1
2,91,991,91,91,91
1,91,991,91,91,91
2,93,19,93,93,93
2,91,991,91,91,91
2,91,991,91,91,91
2,91,991,91,91,91
1,93,45,93,93,93
2,91,991,91,91,91
2,91,991,91,91,91
2,91,991,91,91,91
2,91,991,91,91,91
2,5,11,1,2,2
1,93,16,93,93,93
2,93,24,93,93,93
1,93,17,93,93,93
1,91,991,91,91,91
2,93,24,93,93,93
1,91,991,91,91,91
1,91,991,91,91,91
1,91,991,91,91,91
1,91,991,91,91,91
1,91,991,91,91,91
1,93,21,93,93,93
1,91,991,91,91,91
1,93,14,93,93,93
2,91,991,91,91,91
2,91,991,91,91,91
1,93,14,93,93,93
1,93,45,93,93,93
2,91,991,91,91,91
2,93,14,93,93,93
2,93,15,93,93,93
2,91,991,91,91,91
2,93,18,93,93,93
2,93,25,93,93,93
1,91,991,91,91,91
2,91,991,91,91,91
2,93,29,93,93,93
2,91,991,91,91,91
1,91,991,91,91,91
2,93,18,93,93,93
1,91,991,91,91,91
1,91,991,91,91,91
1,91,991,91,91,91
1,91,991,91,91,91
2,91,991,91,91,91
2,2,9,1,2,2
2,30,13,1,2,2
1,91,991,91,91,91
1,8,12,1,2,2
2,91,991,91,91,91
2,91,991,91,91,91
2,15,16,1,2,2
1,91,991,91,91,91
2,93,15,93,93,93
2,91,991,91,91,91
1,91,991,91,91,91
2,93,23,93,93,93
1,91,991,91,91,91
1,91,991,91,91,91
2,91,991,91,91,91
2,93,20,93,93,93
1,93,15,93,93,93
1,93,19,93,93,93
2,91,991,91,91,91
2,93,12,93,93,93
2,91,991,91,91,91
1,93,37,93,93,93
1,91,991,91,91,91
1,91,991,91,91,91
2,91,991,91,91,91
1,91,991,91,91,91
2,91,991,91,91,91
2,93,23,93,93,93
2,4,15,2,2,1
2,91,991,91,91,91
2,91,991,91,91,91
1,30,14,1,1,1
2,91,991,91,91,91
1,91,991,91,91,91
2,91,991,91,91,91
2,91,991,91,91,91
1,91,991,91,91,91
2,91,991,91,91,91
2,91,991,91,91,91
2,93,25,93,93,93
2,91,991,91,91,91
2,4,15,2,1,2
2,93,13,93,93,93
2,91,991,91,91,91
1,91,991,91,91,91
2,91,991,91,91,91
1,93,17,93,93,93
2,93,30,93,93,93
1,93,18,93,93,93
2,91,991,91,91,91
1,30,14,1,1,1
2,25,11,1,1,1
2,93,18,93,93,93
1,91,991,91,91,91
2,91,991,91,91,91
1,91,991,91,91,91
1,91,991,91,91,91
2,93,15,93,93,93
1,93,12,93,93,93
2,91,991,91,91,91
2,91,991,91,91,91
2,91,991,91,91,91
2,93,28,93,93,93
2,93,34,93,93,93
2,91,991,91,91,91
1,91,991,91,91,91
2,93,18,93,93,93
2,93,16,93,93,93
1,93,21,93,93,93
2,91,991,91,91,91
1,91,991,91,91,91
1,91,991,91,91,91
2,15,12,1,1,2
1,93,24,93,93,93
1,91,991,91,91,91
1,91,991,91,91,91
1,24,10,1,1,2
2,93,6,93,93,93
2,2,15,2,2,1
1,23,15,1,1,2
1,91,991,91,91,91
2,91,991,91,91,91
2,91,991,91,91,91
2,91,991,91,91,91
2,91,991,91,91,91
1,91,991,91,91,91
1,91,991,91,91,91
1,93,14,93,93,93
1,93,18,93,93,93
2,91,991,91,91,91
2,91,991,91,91,91
2,91,991,91,91,91
1,93,18,93,93,93
1,91,991,91,91,91
1,30,17,1,1,1
2,91,991,91,91,91
1,93,22,93,93,93
1,91,991,91,91,91
2,91,991,91,91,91
2,91,991,91,91,91
1,91,991,91,91,91
2,91,991,91,91,91
2,91,991,91,91,91
1,91,991,91,91,91
1,91,991,91,91,91
1,20,11,1,1,2
2,93,18,93,93,93
1,93,21,93,93,93
1,25,15,1,2,2
1,91,991,91,91,91
2,91,991,91,91,91
1,91,991,91,91,91
2,93,18,93,93,93
2,30,16,1,2,1
2,91,991,91,91,91
2,98,19,98,98,98
1,91,991,91,91,91
2,93,16,93,93,93
2,91,991,91,91,91
1,91,991,91,91,91
1,91,991,91,91,91
2,30,18,1,1,1
1,91,991,91,91,91
1,93,24,93,93,93
1,5,15,1,2,2
2,91,991,91,91,91
2,93,26,93,93,93
1,91,991,91,91,91
2,91,991,91,91,91
2,91,991,91,91,91
1,91,991,91,91,91
1,91,991,91,91,91
2,91,991,91,91,91
2,93,20,93,93,93
1,91,991,91,91,91
1,1,18,2,2,1
1,93,17,93,93,93
1,93,16,93,93,93
2,91,991,91,91,91
2,91,991,91,91,91
2,93,18,93,93,93
1,91,991,91,91,91
1,93,17,93,93,93
1,93,18,93,93,93
2,91,991,91,91,91
2,91,991,91,91,91
2,91,991,91,91,91
2,30,18,1,2,2
2,93,17,93,93,93
2,91,991,91,91,91
2,91,991,91,91,91
1,91,991,91,91,91
1,93,18,93,93,93
2,93,20,93,93,93
2,93,14,93,93,93
1,91,991,91,91,91
2,91,991,91,91,91
2,93,30,93,93,93
2,93,20,93,93,93
1,91,991,91,91,91
2,91,991,91,91,91
2,93,19,93,93,93
2,30,15,1,2,2
1,91,991,91,91,91
1,91,991,91,91,91
1,8,12,1,2,1
1,91,991,91,91,91
1,30,14,1,2,2
1,1,14,1,2,2
1,93,16,93,93,93
2,91,991,91,91,91
2,93,18,93,93,93
2,91,991,91,91,91
2,30,14,1,1,2
1,30,18,1,2,2
2,91,991,91,91,91
2,30,14,1,2,1
2,93,23,93,93,93
1,30,19,1,2,2
1,91,991,91,91,91
1,93,16,93,93,93
1,91,991,91,91,91
2,93,22,93,93,93
2,91,991,91,91,91
1,93,18,93,93,93
2,91,991,91,91,91
2,93,17,93,93,93
2,91,991,91,91,91
1,91,991,91,91,91
2,93,17,93,93,93
1,91,991,91,91,91
2,91,991,91,91,91
1,93,12,93,93,93
2,91,991,91,91,91
2,30,16,1,1,1
2,93,11,93,93,93
2,12,16,1,2,1
2,93,17,93,93,93
2,91,991,91,91,91
1,91,991,91,91,91
2,91,991,91,91,91
2,91,991,91,91,91
1,91,991,91,91,91
2,93,14,93,93,93
1,91,991,91,91,91
2,93,15,93,93,93
2,91,991,91,91,91
2,91,991,91,91,91
2,93,18,93,93,93
2,93,25,93,93,93
1,93,16,93,93,93
2,91,991,91,91,91
2,91,991,91,91,91
2,15,14,1,2,2
1,6,15,1,2,2
1,91,991,91,91,91
2,30,11,1,2,2
1,93,18,93,93,93
1,91,991,91,91,91
1,93,14,93,93,93
1,93,38,93,93,93
1,30,30,1,2,2
1,91,991,91,91,91
2,91,991,91,91,91
2,91,991,91,91,91
2,30,16,1,2,2
2,91,991,91,91,91
2,30,12,1,1,2
1,91,991,91,91,91
1,91,991,91,91,91
2,91,991,91,91,91
2,91,991,91,91,91
2,93,14,93,93,93
2,91,991,91,91,91
1,93,18,93,93,93
2,91,991,91,91,91
1,91,991,91,91,91
1,1,18,5,1,2
1,93,13,93,93,93
1,91,991,91,91,91
2,93,15,93,93,93
2,91,991,91,91,91
1,91,991,91,91,91
1,91,991,91,91,91
2,93,12,93,93,93
2,91,991,91,91,91
2,91,991,91,91,91
2,93,65,93,93,93
2,2,15,2,2,1
2,93,23,93,93,93
2,93,18,93,93,93
2,91,991,91,91,91
2,91,991,91,91,91
2,91,991,91,91,91
2,93,13,93,93,93
1,91,991,91,91,91
2,91,991,91,91,91
1,91,991,91,91,91
2,5,16,1,5,5
1,91,991,91,91,91
1,28,16,1,1,1
2,91,991,91,91,91
1,91,991,91,91,91
2,93,14,93,93,93
1,93,13,93,93,93
1,1,21,2,2,1
2,5,20,1,1,2
1,93,18,93,93,93
1,91,991,91,91,91
1,93,21,93,93,93
2,93,19,93,93,93
2,91,991,91,91,91
1,93,35,93,93,93
2,91,991,91,91,91
1,3,18,1,2,2
2,93,40,93,93,93
1,91,991,91,91,91
1,93,18,93,93,93
1,1,14,1,1,2
1,93,18,93,93,93
2,91,991,91,91,91
2,91,991,91,91,91
1,91,991,91,91,91
1,93,20,93,93,93
1,93,27,93,93,93
2,91,991,91,91,91
2,93,15,93,93,93
1,93,15,93,93,93
2,93,20,93,93,93
2,91,991,91,91,91
2,93,16,93,93,93
2,93,18,93,93,93
1,29,13,1,2,2
2,91,991,91,91,91
1,22,18,1,2,1
2,91,991,91,91,91
1,91,991,91,91,91
1,30,12,1,1,1
2,91,991,91,91,91
2,93,21,93,93,93
1,93,22,93,93,93
2,30,13,1,2,1
2,91,991,91,91,91
2,91,991,91,91,91
1,93,20,93,93,93
1,23,16,2,2,2
2,91,991,91,91,91
2,91,991,91,91,91
1,91,991,91,91,91
2,91,991,91,91,91
1,93,22,93,93,93
2,93,25,93,93,93
2,93,15,93,93,93
2,91,991,91,91,91
1,91,991,91,91,91
1,91,991,91,91,91
2,93,28,93,93,93
1,3,15,1,2,1
2,91,991,91,91,91
2,91,991,91,91,91
2,6,17,1,1,2
2,1,18,1,2,2
1,91,991,91,91,91
2,93,20,93,93,93
2,93,21,93,93,93
1,91,991,91,91,91
2,91,991,91,91,91
1,93,19,93,93,93
2,1,13,1,2,2
2,91,991,91,91,91
2,30,13,1,1,2
1,93,15,93,93,93
2,93,19,93,93,93
1,93,20,93,93,93
2,91,991,91,91,91
2,91,991,91,91,91
1,93,16,93,93,93
1,27,14,1,2,2
1,91,991,91,91,91
1,93,13,93,93,93
2,93,14,93,93,93
2,93,24,93,93,93
2,91,991,91,91,91
2,93,16,93,93,93
1,3,16,1,1,1
2,91,991,91,91,91
1,91,991,91,91,91
2,93,16,93,93,93
2,93,18,93,93,93
1,91,991,91,91,91
2,91,991,91,91,91
1,93,18,93,93,93
1,93,16,93,93,93
2,91,991,91,91,91
1,93,17,93,93,93
2,91,991,91,91,91
2,91,991,91,91,91
1,91,991,91,91,91
1,91,991,91,91,91
2,91,991,91,91,91
2,91,991,91,91,91
2,91,991,91,91,91
2,93,15,93,93,93
2,93,15,93,93,93
2,1,19,2,2,1
1,91,991,91,91,91
2,91,991,91,91,91
2,30,30,1,2,1
2,91,991,91,91,91
2,91,991,91,91,91
1,93,15,93,93,93
2,91,991,91,91,91
1,93,15,93,93,93
2,2,16,1,1,2
2,93,18,93,93,93
1,91,991,91,91,91
1,93,11,93,93,93
1,91,991,91,91,91
2,91,991,91,91,91
2,30,17,1,2,2
1,91,991,91,91,91
2,93,18,93,93,93
1,91,991,91,91,91
1,93,18,93,93,93
2,91,991,91,91,91
2,93,19,93,93,93
2,25,16,1,1,1
2,91,991,91,91,91
2,20,13,1,1,1
1,91,991,91,91,91
1,93,19,93,93,93
2,93,16,93,93,93
2,93,18,93,93,93
2,93,16,93,93,93
1,93,18,93,93,93
2,91,991,91,91,91
2,91,991,91,91,91
1,91,991,91,91,91
2,93,19,93,93,93
1,91,991,91,91,91
1,91,991,91,91,91
1,91,991,91,91,91
1,91,991,91,91,91
1,91,991,91,91,91
1,91,991,91,91,91
1,93,22,93,93,93
2,91,991,91,91,91
2,91,991,91,91,91
1,91,991,91,91,91
2,91,991,91,91,91
1,91,991,91,91,91
1,1,20,2,2,1
1,91,991,91,91,91
1,93,15,93,93,93
2,93,20,93,93,93
1,93,13,93,93,93
2,93,32,93,93,93
2,93,17,93,93,93
1,91,991,91,91,91
2,2,14,1,2,2
2,93,13,93,93,93
1,93,18,93,93,93
2,91,991,91,91,91
2,91,991,91,91,91
2,91,991,91,91,91
1,93,50,93,93,93
1,30,14,1,1,2
1,91,991,91,91,91
2,91,991,91,91,91
2,91,991,91,91,91
2,93,14,93,93,93
1,1,6,1,2,2
2,91,991,91,91,91
1,91,991,91,91,91
1,91,991,91,91,91
2,91,991,91,91,91
1,29,13,1,1,2
1,20,14,2,1,2
1,91,991,91,91,91
1,91,991,91,91,91
2,3,16,1,2,2
2,93,21,93,93,93
2,91,991,91,91,91
2,91,991,91,91,91
2,4,16,2,1,1
2,91,991,91,91,91
1,93,16,93,93,93
2,93,21,93,93,93
1,93,15,93,93,93
2,91,991,91,91,91
1,93,997,93,93,93
2,20,13,1,1,1
2,93,20,93,93,93
2,26,16,1,2,2
1,98,16,98,98,98
1,93,17,93,93,93
1,91,991,91,91,91
2,91,991,91,91,91
2,91,991,91,91,91
1,93,18,93,93,93
1,93,31,93,93,93
1,30,14,2,2,2
2,91,991,91,91,91
1,91,991,91,91,91
2,30,16,1,1,1
2,93,14,93,93,93
2,91,991,91,91,91
2,91,991,91,91,91
1,91,991,91,91,91
2,91,991,91,91,91
2,91,991,91,91,91
2,13,15,1,2,1
2,93,15,93,93,93
2,91,991,91,91,91
1,30,15,1,1,2
2,93,30,93,93,93
2,91,991,91,91,91
1,91,991,91,91,91
1,93,21,93,93,93
1,93,21,93,93,93
2,91,991,91,91,91
2,91,991,91,91,91
2,91,991,91,91,91
2,93,14,93,93,93
2,93,22,93,93,93
1,93,25,93,93,93
2,20,17,1,1,1
1,91,991,91,91,91
1,91,991,91,91,91
1,30,13,1,2,1
2,91,991,91,91,91
1,93,22,93,93,93
2,91,991,91,91,91
1,91,991,91,91,91
1,91,991,91,91,91
2,91,991,91,91,91
1,91,991,91,91,91
2,93,23,93,93,93
1,30,12,1,2,2
1,98,19,98,98,98
2,15,15,1,2,2
2,93,18,93,93,93
1,93,17,93,93,93
1,91,991,91,91,91
1,93,16,93,93,93
1,93,28,93,93,93
2,91,991,91,91,91
2,93,25,93,93,93
1,93,22,93,93,93
2,93,21,93,93,93
2,93,16,93,93,93
2,91,991,91,91,91
2,91,991,91,91,91
2,91,991,91,91,91
2,91,991,91,91,91
1,91,991,91,91,91
2,91,991,91,91,91
2,91,991,91,91,91
1,91,991,91,91,91
1,1,16,1,1,2
1,91,991,91,91,91
2,91,991,91,91,91
1,5,19,2,1,2
1,93,18,93,93,93
2,91,991,91,91,91
1,93,14,93,93,93
2,93,19,93,93,93
1,30,15,1,2,2
1,91,991,91,91,91
2,93,16,93,93,93
2,1,15,2,2,1
1,4,15,1,1,2
2,91,991,91,91,91
2,91,991,91,91,91
1,91,991,91,91,91
2,91,991,91,91,91
2,93,21,93,93,93
2,91,991,91,91,91
1,93,23,93,93,93
2,91,991,91,91,91
2,91,991,91,91,91
2,93,13,93,93,93
2,1,20,1,2,2
2,93,20,93,93,93
2,91,991,91,91,91
2,91,991,91,91,91
2,91,991,91,91,91
2,3,20,1,1,1
2,91,991,91,91,91
2,91,991,91,91,91
1,93,18,93,93,93
1,91,991,91,91,91
2,93,14,93,93,93
2,93,18,93,93,93
1,91,991,91,91,91
1,93,20,93,93,93
2,91,991,91,91,91
1,91,991,91,91,91
2,91,991,91,91,91
1,93,55,93,93,93
2,91,991,91,91,91
2,1,50,2,2,1
2,91,991,91,91,91
2,91,991,91,91,91
2,2,18,1,2,1
1,93,20,93,93,93
2,93,21,93,93,93
1,91,991,91,91,91
2,93,18,93,93,93
2,91,991,91,91,91
1,91,991,91,91,91
2,93,21,93,93,93
2,93,23,93,93,93
2,93,26,93,93,93
2,91,991,91,91,91
2,91,991,91,91,91
2,93,15,93,93,93
2,91,991,91,91,91
2,91,991,91,91,91
2,91,991,91,91,91
1,10,12,1,1,2
1,98,11,98,98,98
1,93,18,93,93,93
2,91,991,91,91,91
2,91,991,91,91,91
2,93,14,93,93,93
2,93,18,93,93,93
2,93,12,93,93,93
1,91,991,91,91,91
2,91,991,91,91,91
2,93,16,93,93,93
1,30,15,1,2,2
2,3,14,1,2,2
2,5,14,1,2,2
2,4,14,1,2,2
2,91,991,91,91,91
1,93,18,93,93,93
2,1,50,2,2,2
1,91,991,91,91,91
2,91,991,91,91,91
1,8,19,1,1,1
2,30,18,2,2,1
1,91,991,91,91,91
2,91,991,91,91,91
2,91,991,91,91,91
2,93,15,93,93,93
2,93,13,93,93,93
1,91,991,91,91,91
1,20,11,1,2,2
2,91,991,91,91,91
2,10,17,1,1,1
1,93,18,93,93,93
1,91,991,91,91,91
1,91,991,91,91,91
1,3,12,1,1,2
2,93,14,93,93,93
1,93,30,93,93,93
1,91,991,91,91,91
2,91,991,91,91,91
1,91,991,91,91,91
2,1,54,1,2,2
1,91,991,91,91,91
2,91,991,91,91,91
1,25,12,1,2,2
2,91,991,91,91,91
1,91,991,91,91,91
1,91,991,91,91,91
2,6,17,1,2,2
2,30,20,1,1,1
1,91,991,91,91,91
2,91,991,91,91,91
2,93,40,93,93,93
2,91,991,91,91,91
2,30,15,1,1,1
2,91,991,91,91,91
2,12,10,1,1,2
1,1,19,2,2,1
1,17,15,1,2,2
2,91,991,91,91,91
1,93,15,93,93,93
2,91,991,91,91,91
2,20,20,2,1,1
2,91,991,91,91,91
2,30,14,1,2,1
1,91,991,91,91,91
2,91,991,91,91,91
1,93,23,93,93,93
1,91,991,91,91,91
2,93,20,93,93,93
2,91,991,91,91,91
1,91,991,91,91,91
2,91,991,91,91,91
1,28,16,1,1,2
1,91,991,91,91,91
1,91,991,91,91,91
1,91,991,91,91,91
2,91,991,91,91,91
1,93,22,93,93,93
2,5,18,1,2,2
2,30,18,1,2,2
2,91,991,91,91,91
2,3,34,2,2,1
2,91,991,91,91,91
2,91,991,91,91,91
1,91,991,91,91,91
1,93,19,93,93,93
2,91,991,91,91,91
1,91,991,91,91,91
1,91,991,91,91,91
1,91,991,91,91,91
1,30,19,1,2,2
2,91,991,91,91,91
1,93,17,93,93,93
2,93,18,93,93,93
2,93,16,93,93,93
1,20,33,2,1,1
2,91,991,91,91,91
2,93,18,93,93,93
1,91,991,91,91,91
2,30,13,1,2,1
1,91,991,91,91,91
2,93,19,93,93,93
2,6,17,1,1,2
1,91,991,91,91,91
1,91,991,91,91,91
2,91,991,91,91,91
1,91,991,91,91,91
1,91,991,91,91,91
2,91,991,91,91,91
2,91,991,91,91,91
2,93,18,93,93,93
2,91,991,91,91,91
2,91,991,91,91,91
2,91,991,91,91,91
2,91,991,91,91,91
1,91,991,91,91,91
1,91,991,91,91,91
1,93,19,93,93,93
2,93,18,93,93,93
2,91,991,91,91,91
1,91,991,91,91,91
2,91,991,91,91,91
2,20,16,1,1,1
1,91,991,91,91,91
2,91,991,91,91,91
1,91,991,91,91,91
2,91,991,91,91,91
2,7,8,1,1,1
2,93,18,93,93,93
2,93,18,93,93,93
2,91,991,91,91,91
2,91,991,91,91,91
1,91,991,91,91,91
2,91,991,91,91,91
2,91,991,91,91,91
1,91,991,91,91,91
1,91,991,91,91,91
1,93,15,93,93,93
2,93,16,93,93,93
1,91,991,91,91,91
1,91,991,91,91,91
1,91,991,91,91,91
1,93,18,93,93,93
2,91,991,91,91,91
2,30,17,1,2,2
1,16,17,1,2,2
2,30,14,1,1,1
2,91,991,91,91,91
2,91,991,91,91,91
2,91,991,91,91,91
1,91,991,91,91,91
2,91,991,91,91,91
1,91,991,91,91,91
2,91,991,91,91,91
2,93,13,93,93,93
1,93,15,93,93,93
1,5,14,2,1,2
1,91,991,91,91,91
2,91,991,91,91,91
1,91,991,91,91,91
1,93,14,93,93,93
2,93,15,93,93,93
2,93,27,93,93,93
2,91,991,91,91,91
2,91,991,91,91,91
1,91,991,91,91,91
2,91,991,91,91,91
1,91,991,91,91,91
2,3,13,2,1,2
1,93,14,93,93,93
1,91,991,91,91,91
2,91,991,91,91,91
2,91,991,91,91,91
2,91,991,91,91,91
1,93,18,93,93,93
1,91,991,91,91,91
2,91,991,91,91,91
2,91,991,91,91,91
2,91,991,91,91,91
2,93,20,93,93,93
1,93,18,93,93,93
1,30,16,1,1,2
2,91,991,91,91,91
1,91,991,91,91,91
2,91,991,91,91,91
2,91,991,91,91,91
1,91,991,91,91,91
1,91,991,91,91,91
2,91,991,91,91,91
1,91,991,91,91,91
2,91,991,91,91,91
1,91,991,91,91,91
1,91,991,91,91,91
2,91,991,91,91,91
1,91,991,91,91,91
1,91,991,91,91,91
1,93,41,93,93,93
1,93,20,93,93,93
2,91,991,91,91,91
2,93,15,93,93,93
2,93,18,93,93,93
2,25,18,1,2,2
1,93,19,93,93,93
2,91,991,91,91,91
1,93,20,93,93,93
2,91,991,91,91,91
2,91,991,91,91,91
2,30,15,2,1,2
2,91,991,91,91,91
1,25,18,1,1,1
1,91,991,91,91,91
1,91,991,91,91,91
1,30,14,1,2,2
1,93,18,93,93,93
1,91,991,91,91,91
2,91,991,91,91,91
2,93,14,93,93,93
1,93,19,93,93,93
1,91,991,91,91,91
1,91,991,91,91,91
2,91,991,91,91,91
1,93,14,93,93,93
1,91,991,91,91,91
1,91,991,91,91,91
2,93,16,93,93,93
1,93,12,93,93,93
2,91,991,91,91,91
1,93,25,93,93,93
2,91,991,91,91,91
2,91,991,91,91,91
1,7,19,2,2,1
1,91,991,91,91,91
1,91,991,91,91,91
1,7,15,1,1,1
1,93,14,93,93,93
1,93,17,93,93,93
2,93,27,93,93,93
2,14,15,1,2,2
2,91,991,91,91,91
1,91,991,91,91,91
2,91,991,91,91,91
2,91,991,91,91,91
2,91,991,91,91,91
1,91,991,91,91,91
2,93,23,93,93,93
1,93,16,93,93,93
1,93,15,93,93,93
2,91,991,91,91,91
2,91,991,91,91,91
2,10,16,1,2,1
2,93,18,93,93,93
2,30,18,1,1,1
2,93,18,93,93,93
1,93,17,93,93,93
1,15,16,1,1,1
2,4,19,1,2,1
2,91,991,91,91,91
1,93,22,93,93,93
1,91,991,91,91,91
1,91,991,91,91,91
2,91,991,91,91,91
1,91,991,91,91,91
2,91,991,91,91,91
1,93,18,93,93,93
2,91,991,91,91,91
1,93,16,93,93,93
2,91,991,91,91,91
1,93,15,93,93,93
2,91,991,91,91,91
1,30,12,1,2,1
2,93,15,93,93,93
1,91,991,91,91,91
1,91,991,91,91,91
2,91,991,91,91,91
2,2,30,2,2,1
1,30,13,1,1,2
2,93,18,93,93,93
2,91,991,91,91,91
2,93,13,93,93,93
1,91,991,91,91,91
1,93,19,93,93,93
2,91,991,91,91,91
1,91,991,91,91,91
1,91,991,91,91,91
2,91,991,91,91,91
1,91,991,91,91,91
2,93,21,93,93,93
2,91,991,91,91,91
1,93,20,93,93,93
2,91,991,91,91,91
2,93,17,93,93,93
1,30,11,1,2,2
1,93,30,93,93,93
2,93,18,93,93,93
1,93,10,93,93,93
2,91,991,91,91,91
2,91,991,91,91,91
2,3,30,2,1,2
1,91,991,91,91,91
2,91,991,91,91,91
1,91,991,91,91,91
2,91,991,91,91,91
1,30,16,1,2,2
1,93,19,93,93,93
2,91,991,91,91,91
1,27,14,1,2,2
2,93,18,93,93,93
1,91,991,91,91,91
2,5,14,1,1,2
2,93,16,93,93,93
2,91,991,91,91,91
2,10,18,2,1,2
2,91,991,91,91,91
1,91,991,91,91,91
1,91,991,91,91,91
2,10,14,1,1,1
2,93,16,93,93,93
2,91,991,91,91,91
2,93,20,93,93,93
2,30,17,1,1,2
1,91,991,91,91,91
1,4,11,1,1,2
2,2,13,1,1,2
2,91,991,91,91,91
2,91,991,91,91,91
1,3,13,1,1,1
2,30,18,1,2,2
2,91,991,91,91,91
2,91,991,91,91,91
2,91,991,91,91,91
1,91,991,91,91,91
1,93,32,93,93,93
1,91,991,91,91,91
2,91,991,91,91,91
1,91,991,91,91,91
2,3,18,1,2,2
2,91,991,91,91,91
2,91,991,91,91,91
1,91,991,91,91,91
1,93,16,93,93,93
2,91,991,91,91,91
1,93,20,93,93,93
2,91,991,91,91,91
1,91,991,91,91,91
2,30,15,1,2,2
2,30,13,1,2,2
2,91,991,91,91,91
2,93,21,93,93,93
2,6,17,2,1,1
1,91,991,91,91,91
2,91,991,91,91,91
1,25,20,1,1,2
2,91,991,91,91,91
1,91,991,91,91,91
2,91,991,91,91,91
2,93,13,93,93,93
1,1,17,2,1,2
2,93,15,93,93,93
2,91,991,91,91,91
2,91,991,91,91,91
2,91,991,91,91,91
2,93,13,93,93,93
1,30,21,1,2,2
1,91,991,91,91,91
2,93,16,93,93,93
2,91,991,91,91,91
1,93,18,93,93,93
2,26,15,1,1,2
2,91,991,91,91,91
1,91,991,91,91,91
1,93,18,93,93,93
2,91,991,91,91,91
1,91,991,91,91,91
2,91,991,91,91,91
1,93,40,93,93,93
2,91,991,91,91,91
1,91,991,91,91,91
1,91,991,91,91,91
1,26,12,1,1,1
1,10,17,1,2,1
2,3,30,2,2,1
1,91,991,91,91,91
2,93,994,93,93,93
1,91,991,91,91,91
1,91,991,91,91,91
2,91,991,91,91,91
1,30,15,1,2,2
1,93,16,93,93,93
1,91,991,91,91,91
1,91,991,91,91,91
1,29,13,1,1,2
2,91,991,91,91,91
1,91,991,91,91,91
1,93,12,93,93,93
2,91,991,91,91,91
2,91,991,91,91,91
1,30,16,1,1,2
1,93,20,93,93,93
1,30,16,1,1,2
2,93,12,93,93,93
2,91,991,91,91,91
1,91,991,91,91,91
1,93,35,93,93,93
2,30,11,1,2,1
1,91,991,91,91,91
2,91,991,91,91,91
2,93,13,93,93,93
2,91,991,91,91,91
2,93,19,93,93,93
1,93,16,93,93,93
2,91,991,91,91,91
1,93,21,93,93,93
1,91,991,91,91,91
1,1,15,1,2,1
2,91,991,91,91,91
2,91,991,91,91,91
2,91,991,91,91,91
2,93,12,93,93,93
2,18,18,1,2,1
2,91,991,91,91,91
1,91,991,91,91,91
1,91,991,91,91,91
1,91,991,91,91,91
2,93,19,93,93,93
2,91,991,91,91,91
2,91,991,91,91,91
2,91,991,91,91,91
2,91,991,91,91,91
2,91,991,91,91,91
2,91,991,91,91,91
1,91,991,91,91,91
2,91,991,91,91,91
2,93,22,93,93,93
2,91,991,91,91,91
2,91,991,91,91,91
1,91,991,91,91,91
2,30,12,1,1,1
2,91,991,91,91,91
2,91,991,91,91,91
1,91,991,91,91,91
2,91,991,91,91,91
1,93,994,93,93,93
1,91,991,91,91,91
1,91,991,91,91,91
2,91,991,91,91,91
2,93,16,93,93,93
2,91,991,91,91,91
2,91,991,91,91,91
2,93,15,93,93,93
1,93,16,93,93,93
1,93,15,93,93,93
1,91,991,91,91,91
2,14,14,2,1,2
2,91,991,91,91,91
2,93,18,93,93,93
1,91,991,91,91,91
1,91,991,91,91,91
2,91,991,91,91,91
1,91,991,91,91,91
1,91,991,91,91,91
2,91,991,91,91,91
2,91,991,91,91,91
2,93,20,93,93,93
2,91,991,91,91,91
2,91,991,91,91,91
1,91,991,91,91,91
1,91,991,91,91,91
2,91,991,91,91,91
2,91,991,91,91,91
1,30,23,1,1,2
1,91,991,91,91,91
1,91,991,91,91,91
2,91,991,91,91,91
1,91,991,91,91,91
1,30,16,1,1,1
2,93,35,93,93,93
2,93,18,93,93,93
2,4,12,1,2,1
2,91,991,91,91,91
1,93,20,93,93,93
2,91,991,91,91,91
2,25,20,1,2,2
2,20,23,1,2,2
2,91,991,91,91,91
2,91,991,91,91,91
2,91,991,91,91,91
1,93,51,93,93,93
1,91,991,91,91,91
2,30,16,1,1,2
1,91,991,91,91,91
2,25,21,1,2,2
1,91,991,91,91,91
2,91,991,91,91,91
1,93,16,93,93,93
1,91,991,91,91,91
2,93,20,93,93,93
2,93,13,93,93,93
1,91,991,91,91,91
2,93,14,93,93,93
2,91,991,91,91,91
1,30,18,1,2,2
1,91,991,91,91,91
2,93,17,93,93,93
2,91,991,91,91,91
2,91,991,91,91,91
2,91,991,91,91,91
1,91,991,91,91,91
2,91,991,91,91,91
2,93,18,93,93,93
1,93,16,93,93,93
1,91,991,91,91,91
2,93,24,93,93,93
1,25,17,1,1,2
1,91,991,91,91,91
1,91,991,91,91,91
2,91,991,91,91,91
1,91,991,91,91,91
1,2,16,1,2,2
1,91,991,91,91,91
2,91,991,91,91,91
2,91,991,91,91,91
2,91,991,91,91,91
2,91,991,91,91,91
2,93,25,93,93,93
1,2,16,2,2,1
2,93,17,93,93,93
2,91,991,91,91,91
1,91,991,91,91,91
2,91,991,91,91,91
2,91,991,91,91,91
1,91,991,91,91,91
2,93,18,93,93,93
2,10,17,2,1,2
2,2,19,1,2,2
2,93,20,93,93,93
1,93,24,93,93,93
2,93,16,93,93,93
1,20,15,1,2,1
2,93,16,93,93,93
1,91,991,91,91,91
2,91,991,91,91,91
1,91,991,91,91,91
1,91,991,91,91,91
2,91,991,91,91,91
1,30,14,1,1,2
2,93,21,93,93,93
1,1,13,1,2,2
2,30,18,1,1,1
2,91,991,91,91,91
2,93,20,93,93,93
1,91,991,91,91,91
2,30,14,1,2,2
1,93,27,93,93,93
1,93,17,93,93,93
1,30,16,1,1,2
1,91,991,91,91,91
2,30,13,1,2,2
2,93,18,93,93,93
2,91,991,91,91,91
1,93,21,93,93,93
1,93,29,93,93,93
1,93,26,93,93,93
1,91,991,91,91,91
2,93,15,93,93,93
2,91,991,91,91,91
2,91,991,91,91,91
1,91,991,91,91,91
2,93,17,93,93,93
1,93,19,93,93,93
1,91,991,91,91,91
1,91,991,91,91,91
2,93,15,93,93,93
2,91,991,91,91,91
1,91,991,91,91,91
2,91,991,91,91,91
2,93,25,93,93,93
2,91,991,91,91,91
1,12,15,1,2,2
2,4,28,2,1,1
1,25,13,1,1,1
1,98,994,98,98,98
2,2,17,2,1,1
2,3,20,2,2,1
2,93,13,93,93,93
1,91,991,91,91,91
1,91,991,91,91,91
2,91,991,91,91,91
2,1,25,1,2,2
1,93,16,93,93,93
1,93,22,93,93,93
1,30,8,1,1,1
2,93,16,93,93,93
1,91,991,91,91,91
1,91,991,91,91,91
1,1,15,1,2,2
1,2,15,1,2,2
2,93,19,93,93,93
1,91,991,91,91,91
2,91,991,91,91,91
2,98,22,98,98,98
2,30,13,1,1,1
2,91,991,91,91,91
1,93,16,93,93,93
1,91,991,91,91,91
2,91,991,91,91,91
1,93,18,93,93,93
2,93,13,93,93,93
2,91,991,91,91,91
1,91,991,91,91,91
1,91,991,91,91,91
1,91,991,91,91,91
2,91,991,91,91,91
2,93,34,93,93,93
2,29,18,2,1,3
2,91,991,91,91,91
1,91,991,91,91,91
2,91,991,91,91,91
2,91,991,91,91,91
1,93,37,93,93,93
2,91,991,91,91,91
2,93,30,93,93,93
1,91,991,91,91,91
2,30,10,1,1,2
1,91,991,91,91,91
2,91,991,91,91,91
1,93,21,93,93,93
2,91,991,91,91,91
1,91,991,91,91,91
2,91,991,91,91,91
1,91,991,91,91,91
2,91,991,91,91,91
1,91,991,91,91,91
1,30,11,1,2,2
2,91,991,91,91,91
2,93,15,93,93,93
2,91,991,91,91,91
1,2,17,2,2,1
2,91,991,91,91,91
1,93,18,93,93,93
2,91,991,91,91,91
1,10,15,1,2,2
2,91,991,91,91,91
2,93,15,93,93,93
2,91,991,91,91,91
1,93,22,93,93,93
1,20,15,1,2,2
1,93,34,93,93,93
2,91,991,91,91,91
2,93,13,93,93,93
1,91,991,91,91,91
2,91,991,91,91,91
1,91,991,91,91,91
2,91,991,91,91,91
2,91,991,91,91,91
2,30,13,1,2,1
1,91,991,91,91,91
2,91,991,91,91,91
2,93,14,93,93,93
1,93,15,93,93,93
2,93,19,93,93,93
1,91,991,91,91,91
1,91,991,91,91,91
1,93,21,93,93,93
2,93,27,93,93,93
2,91,991,91,91,91
2,30,14,1,2,2
1,91,991,91,91,91
1,91,991,91,91,91
1,91,991,91,91,91
2,93,17,93,93,93
1,93,16,93,93,93
1,91,991,91,91,91
2,93,19,93,93,93
2,30,12,1,1,1
2,91,991,91,91,91
2,29,19,2,1,2
1,93,18,93,93,93
1,93,24,93,93,93
2,93,20,93,93,93
2,91,991,91,91,91
2,91,991,91,91,91
2,20,12,1,2,2
2,1,15,1,2,2
1,30,12,1,1,2
2,93,24,93,93,93
1,91,991,91,91,91
2,27,17,2,1,2
1,91,991,91,91,91
2,91,991,91,91,91
1,91,991,91,91,91
2,91,991,91,91,91
1,91,991,91,91,91
2,93,17,93,93,93
1,93,21,93,93,93
2,91,991,91,91,91
2,91,991,91,91,91
1,91,991,91,91,91
2,93,12,93,93,93
1,91,991,91,91,91
2,91,991,91,91,91
1,93,16,93,93,93
2,91,991,91,91,91
2,91,991,91,91,91
1,91,991,91,91,91
1,24,15,1,2,1
1,91,991,91,91,91
1,91,991,91,91,91
1,20,9,1,2,2
2,30,18,1,2,2
1,91,991,91,91,91
2,93,26,93,93,93
2,91,991,91,91,91
1,91,991,91,91,91
2,98,34,98,98,98
2,91,991,91,91,91
2,20,18,2,2,2
2,1,27,2,2,1
2,93,19,93,93,93
1,91,991,91,91,91
1,93,20,93,93,93
2,91,991,91,91,91
2,91,991,91,91,91
1,91,991,91,91,91
2,91,991,91,91,91
2,93,15,93,93,93
1,93,16,93,93,93
2,93,19,93,93,93
1,91,991,91,91,91
2,91,991,91,91,91
2,91,991,91,91,91
2,93,19,93,93,93
1,93,13,93,93,93
2,91,991,91,91,91
2,93,15,93,93,93
1,93,17,93,93,93
1,91,991,91,91,91
1,91,991,91,91,91
2,93,19,93,93,93
2,28,18,2,2,1
2,91,991,91,91,91
1,93,18,93,93,93
2,91,991,91,91,91
1,29,18,1,1,1
1,91,991,91,91,91
2,93,17,93,93,93
2,93,21,93,93,93
1,91,991,91,91,91
1,93,16,93,93,93
2,93,18,93,93,93
2,30,13,1,2,1
1,91,991,91,91,91
2,1,18,2,1,2
2,91,991,91,91,91
1,91,991,91,91,91
1,4,16,2,2,1
1,91,991,91,91,91
2,93,14,93,93,93
2,91,991,91,91,91
1,91,991,91,91,91
1,93,18,93,93,93
2,91,991,91,91,91
2,93,21,93,93,93
2,93,23,93,93,93
1,91,991,91,91,91
2,30,17,1,2,2
1,91,991,91,91,91
2,91,991,91,91,91
2,93,15,93,93,93
2,91,991,91,91,91
2,93,15,93,93,93
2,93,28,93,93,93
1,91,991,91,91,91
2,93,18,93,93,93
2,93,17,93,93,93
1,91,991,91,91,91
2,93,17,93,93,93
2,91,991,91,91,91
1,93,15,93,93,93
2,93,22,93,93,93
2,91,991,91,91,91
1,10,20,1,2,1
1,91,991,91,91,91
1,91,991,91,91,91
2,20,16,1,2,2
1,93,20,93,93,93
2,91,991,91,91,91
2,93,18,93,93,93
1,91,991,91,91,91
1,91,991,91,91,91
2,93,16,93,93,93
2,91,991,91,91,91
2,91,991,91,91,91
1,91,991,91,91,91
1,30,15,1,2,2
1,91,991,91,91,91
2,8,20,1,1,1
2,91,991,91,91,91
2,5,18,2,1,1
1,30,16,1,2,1
1,91,991,91,91,91
1,91,991,91,91,91
2,93,25,93,93,93
2,93,16,93,93,93
2,93,19,93,93,93
2,93,19,93,93,93
2,91,991,91,91,91
1,93,16,93,93,93
2,15,15,1,1,2
2,91,991,91,91,91
1,91,991,91,91,91
1,91,991,91,91,91
1,91,991,91,91,91
1,91,991,91,91,91
1,91,991,91,91,91
2,93,14,93,93,93
1,91,991,91,91,91
1,91,991,91,91,91
1,91,991,91,91,91
1,93,12,93,93,93
2,91,991,91,91,91
1,91,991,91,91,91
2,4,13,1,1,2
1,91,991,91,91,91
1,91,991,91,91,91
1,91,991,91,91,91
2,93,23,93,93,93
2,91,991,91,91,91
2,93,18,93,93,93
1,20,30,1,1,1
2,93,13,93,93,93
2,91,991,91,91,91
2,1,14,2,2,1
2,91,991,91,91,91
1,91,991,91,91,91
1,91,991,91,91,91
2,91,991,91,91,91
1,91,991,91,91,91
1,30,17,1,2,2
1,91,991,91,91,91
2,93,16,93,93,93
1,30,13,1,2,2
1,93,16,93,93,93
1,91,991,91,91,91
1,93,16,93,93,93
2,91,991,91,91,91
1,93,16,93,93,93
2,91,991,91,91,91
1,91,991,91,91,91
2,93,22,93,93,93
2,91,991,91,91,91
2,93,23,93,93,93
1,91,991,91,91,91
2,93,17,93,93,93
1,93,23,93,93,93
1,91,991,91,91,91
2,91,991,91,91,91
2,91,991,91,91,91
1,93,14,93,93,93
2,91,991,91,91,91
2,93,18,93,93,93
2,2,16,1,2,2
1,93,17,93,93,93
2,25,15,1,1,2
2,91,991,91,91,91
1,93,14,93,93,93
2,91,991,91,91,91
1,93,18,93,93,93
1,91,991,91,91,91
1,93,15,93,93,93
1,91,991,91,91,91
1,15,17,2,2,1
1,91,991,91,91,91
2,91,991,91,91,91
1,91,991,91,91,91
2,93,21,93,93,93
1,93,12,93,93,93
1,91,991,91,91,91
2,91,991,91,91,91
1,7,16,1,2,2
2,91,991,91,91,91
2,91,991,91,91,91
1,91,991,91,91,91
2,93,18,93,93,93
2,91,991,91,91,91
1,93,16,93,93,93
1,91,991,91,91,91
1,91,991,91,91,91
1,93,18,93,93,93
2,91,991,91,91,91
2,1,15,1,1,2
2,93,12,93,93,93
1,91,991,91,91,91
1,91,991,91,91,91
2,91,991,91,91,91
1,10,16,1,2,1
2,1,14,2,2,1
2,3,38,2,2,1
2,91,991,91,91,91
1,91,991,91,91,91
1,91,991,91,91,91
2,91,991,91,91,91
2,93,20,93,93,93
2,91,991,91,91,91
1,91,991,91,91,91
1,91,991,91,91,91
2,20,16,1,2,1
2,93,18,93,93,93
2,91,991,91,91,91
1,91,991,91,91,91
2,91,991,91,91,91
2,91,991,91,91,91
2,93,19,93,93,93
1,91,991,91,91,91
2,2,17,1,2,2
1,91,991,91,91,91
2,91,991,91,91,91
2,91,991,91,91,91
1,93,38,93,93,93
2,91,991,91,91,91
2,91,991,91,91,91
2,93,14,93,93,93
2,91,991,91,91,91
2,91,991,91,91,91
2,91,991,91,91,91
2,93,15,93,93,93
2,91,991,91,91,91
2,91,991,91,91,91
2,91,991,91,91,91
1,91,991,91,91,91
2,30,15,1,2,2
2,93,24,93,93,93
2,91,991,91,91,91
2,91,991,91,91,91
1,91,991,91,91,91
1,3,13,1,2,1
1,91,991,91,91,91
2,91,991,91,91,91
1,91,991,91,91,91
2,93,17,93,93,93
1,91,991,91,91,91
2,93,23,93,93,93
2,93,21,93,93,93
2,93,23,93,93,93
1,91,991,91,91,91
1,91,991,91,91,91
2,91,991,91,91,91
1,30,13,1,2,2
1,91,991,91,91,91
2,93,16,93,93,93
2,91,991,91,91,91
1,93,21,93,93,93
1,91,991,91,91,91
1,91,991,91,91,91
1,91,991,91,91,91
1,93,18,93,93,93
2,91,991,91,91,91
2,91,991,91,91,91
2,93,16,93,93,93
2,93,21,93,93,93
2,28,16,1,1,2
1,10,16,1,1,2
1,91,991,91,91,91
2,28,18,1,1,1
2,91,991,91,91,91
2,28,15,2,2,2
1,91,991,91,91,91
1,93,21,93,93,93
1,91,991,91,91,91
1,93,16,93,93,93
2,91,991,91,91,91
1,93,20,93,93,93
1,91,991,91,91,91
2,93,21,93,93,93
2,91,991,91,91,91
1,1,28,2,2,1
2,98,14,98,98,98
2,93,22,93,93,93
2,29,14,1,1,2
1,25,13,1,1,1
2,91,991,91,91,91
2,91,991,91,91,91
1,91,991,91,91,91
1,91,991,91,91,91
2,30,13,1,1,2
1,91,991,91,91,91
2,93,16,93,93,93
2,91,991,91,91,91
2,93,22,93,93,93
2,93,27,93,93,93
2,91,991,91,91,91
2,91,991,91,91,91
1,93,17,93,93,93
2,2,16,2,2,2
2,91,991,91,91,91
2,93,18,93,93,93
2,91,991,91,91,91
2,91,991,91,91,91
2,93,14,93,93,93
2,91,991,91,91,91
2,91,991,91,91,91
1,91,991,91,91,91
2,30,14,1,1,2
2,91,991,91,91,91
1,93,17,93,93,93
1,91,991,91,91,91
1,91,991,91,91,91
2,91,991,91,91,91
1,5,16,1,1,2
1,30,18,1,2,2
2,93,13,93,93,93
2,6,14,1,2,2
1,91,991,91,91,91
2,2,16,1,1,1
2,91,991,91,91,91
1,91,991,91,91,91
2,91,991,91,91,91
2,93,18,93,93,93
1,93,23,93,93,93
1,93,19,93,93,93
2,10,14,1,2,2
2,5,15,1,2,2
1,93,18,93,93,93
2,93,17,93,93,93
1,91,991,91,91,91
1,93,20,93,93,93
1,93,21,93,93,93
2,8,11,1,2,2
1,91,991,91,91,91
1,93,20,93,93,93
1,91,991,91,91,91
1,91,991,91,91,91
2,91,991,91,91,91
2,91,991,91,91,91
1,91,991,91,91,91
1,93,17,93,93,93
1,91,991,91,91,91
2,4,13,1,2,1
1,91,991,91,91,91
2,91,991,91,91,91
1,91,991,91,91,91
2,91,991,91,91,91
1,93,16,93,93,93
2,93,30,93,93,93
2,91,991,91,91,91
2,5,17,1,2,2
2,91,991,91,91,91
2,93,14,93,93,93
2,93,14,93,93,93
1,91,991,91,91,91
1,93,21,93,93,93
1,6,18,2,2,1
2,30,17,1,2,2
2,5,19,1,1,1
1,93,16,93,93,93
2,91,991,91,91,91
1,93,22,93,93,93
1,91,991,91,91,91
2,91,991,91,91,91
1,91,991,91,91,91
2,91,991,91,91,91
2,91,991,91,91,91
2,91,991,91,91,91
1,91,991,91,91,91
2,30,25,1,2,2
1,93,13,93,93,93
2,93,18,93,93,93
2,91,991,91,91,91
1,91,991,91,91,91
1,30,18,1,1,2
2,93,15,93,93,93
1,93,16,93,93,93
1,91,991,91,91,91
1,91,991,91,91,91
2,91,991,91,91,91
2,30,14,1,2,2
1,93,17,93,93,93
1,91,991,91,91,91
1,93,16,93,93,93
1,93,19,93,93,93
2,91,991,91,91,91
2,93,17,93,93,93
1,93,30,93,93,93
2,8,19,2,1,2
2,91,991,91,91,91
1,30,16,1,1,2
1,91,991,91,91,91
2,93,17,93,93,93
1,91,991,91,91,91
2,93,22,93,93,93
2,91,991,91,91,91
2,91,991,91,91,91
2,93,19,93,93,93
2,93,18,93,93,93
1,93,15,93,93,93
2,93,22,93,93,93
2,93,33,93,93,93
1,93,14,93,93,93
2,93,50,93,93,93
1,91,991,91,91,91
2,91,991,91,91,91
1,91,991,91,91,91
2,91,991,91,91,91
1,91,991,91,91,91
2,93,16,93,93,93
2,93,24,93,93,93
2,30,16,1,2,2
2,91,991,91,91,91
2,91,991,91,91,91
2,93,14,93,93,93
2,20,16,1,2,2
1,93,29,93,93,93
1,91,991,91,91,91
1,91,991,91,91,91
2,91,991,91,91,91
2,91,991,91,91,91
2,93,21,93,93,93
1,91,991,91,91,91
2,91,991,91,91,91
2,93,19,93,93,93
2,91,991,91,91,91
2,91,991,91,91,91
2,91,991,91,91,91
1,91,991,91,91,91
2,30,15,1,2,2
2,91,991,91,91,91
2,93,16,93,93,93
1,30,16,1,2,2
1,91,991,91,91,91
1,3,17,1,2,2
2,91,991,91,91,91
1,93,15,93,93,93
2,98,14,98,98,98
1,91,991,91,91,91
1,91,991,91,91,91
2,93,16,93,93,93
2,91,991,91,91,91
1,91,991,91,91,91
2,91,991,91,91,91
2,8,30,1,2,2
2,93,18,93,93,93
2,91,991,91,91,91
1,15,20,1,1,1
1,91,991,91,91,91
2,93,15,93,93,93
1,91,991,91,91,91
2,8,18,2,1,2
1,91,991,91,91,91
2,91,991,91,91,91
2,91,991,91,91,91
2,93,19,93,93,93
1,5,15,1,2,2
1,91,991,91,91,91
1,93,14,93,93,93
1,94,18,1,2,2
2,93,19,93,93,93
1,91,991,91,91,91
1,30,16,1,2,2
1,91,991,91,91,91
2,91,991,91,91,91
2,91,991,91,91,91
1,91,991,91,91,91
2,93,21,93,93,93
1,91,991,91,91,91
1,91,991,91,91,91
2,91,991,91,91,91
1,91,991,91,91,91
2,93,16,93,93,93
2,93,19,93,93,93
1,93,62,93,93,93
2,91,991,91,91,91
1,91,991,91,91,91
1,30,15,1,1,1
2,91,991,91,91,91
2,93,18,93,93,93
2,91,991,91,91,91
2,91,991,91,91,91
2,91,991,91,91,91
2,91,991,91,91,91
1,91,991,91,91,91
2,91,991,91,91,91
1,93,16,93,93,93
2,91,991,91,91,91
1,30,12,1,2,2
1,93,19,93,93,93
2,93,16,93,93,93
1,91,991,91,91,91
1,91,991,91,91,91
2,93,16,93,93,93
2,91,991,91,91,91
1,93,22,93,93,93
2,91,991,91,91,91
2,7,12,1,2,1
2,91,991,91,91,91
1,91,991,91,91,91
1,93,20,93,93,93
1,91,991,91,91,91
2,91,991,91,91,91
1,91,991,91,91,91
1,30,14,1,1,1
1,91,991,91,91,91
1,93,14,93,93,93
1,93,17,93,93,93
2,91,991,91,91,91
1,91,991,91,91,91
1,93,13,93,93,93
2,93,15,93,93,93
2,91,991,91,91,91
2,93,16,93,93,93
1,91,991,91,91,91
2,28,15,1,2,1
1,91,991,91,91,91
2,91,991,91,91,91
1,91,991,91,91,91
1,91,991,91,91,91
2,93,28,93,93,93
1,91,991,91,91,91
1,30,12,1,2,2
1,91,991,91,91,91
1,91,991,91,91,91
2,91,991,91,91,91
2,91,991,91,91,91
2,91,991,91,91,91
1,91,991,91,91,91
1,91,991,91,91,91
2,91,991,91,91,91
2,4,26,2,2,1
2,93,15,93,93,93
1,91,991,91,91,91
1,2,16,1,2,2
2,91,991,91,91,91
2,91,991,91,91,91
2,93,23,93,93,93
2,91,991,91,91,91
1,91,991,91,91,91
2,93,18,93,93,93
1,93,25,93,93,93
2,91,991,91,91,91
1,14,21,2,1,1
1,26,19,1,2,2
2,91,991,91,91,91
1,91,991,91,91,91
2,93,14,93,93,93
1,91,991,91,91,91
2,91,991,91,91,91
2,91,991,91,91,91
2,91,991,91,91,91
1,91,991,91,91,91
1,91,991,91,91,91
2,91,991,91,91,91
1,91,991,91,91,91
1,91,991,91,91,91
1,17,16,1,1,1
1,91,991,91,91,91
2,4,18,1,1,2
1,91,991,91,91,91
2,91,991,91,91,91
1,93,15,93,93,93
1,91,991,91,91,91
1,91,991,91,91,91
1,91,991,91,91,91
1,22,15,1,2,2
2,93,20,93,93,93
1,93,15,93,93,93
1,5,22,1,2,1
2,93,18,93,93,93
1,93,19,93,93,93
2,7,17,1,2,2
1,91,991,91,91,91
2,91,991,91,91,91
1,93,16,93,93,93
1,93,21,93,93,93
1,91,991,91,91,91
1,93,16,93,93,93
1,91,991,91,91,91
2,30,16,1,2,2
2,93,20,93,93,93
2,91,991,91,91,91
2,30,13,1,1,1
2,91,991,91,91,91
1,93,17,93,93,93
2,93,16,93,93,93
2,91,991,91,91,91
2,93,16,93,93,93
1,91,991,91,91,91
2,4,20,1,2,2
1,91,991,91,91,91
1,91,991,91,91,91
1,91,991,91,91,91
2,93,17,93,93,93
2,91,991,91,91,91
1,91,991,91,91,91
1,20,18,1,1,2
1,91,991,91,91,91
1,91,991,91,91,91
1,91,991,91,91,91
1,91,991,91,91,91
1,91,991,91,91,91
1,91,991,91,91,91
2,93,21,93,93,93
2,93,27,93,93,93
2,93,43,93,93,93
2,91,991,91,91,91
2,93,17,93,93,93
2,91,991,91,91,91
1,91,991,91,91,91
2,10,15,1,1,1
1,30,14,1,2,2
2,30,17,1,1,1
2,91,991,91,91,91
1,2,15,1,2,2
2,91,991,91,91,91
2,91,991,91,91,91
2,91,991,91,91,91
2,93,16,93,93,93
2,91,991,91,91,91
2,3,16,1,2,1
2,91,991,91,91,91
2,91,991,91,91,91
2,93,16,93,93,93
2,93,23,93,93,93
2,5,13,2,2,1
2,93,60,93,93,93
2,93,18,93,93,93
1,93,15,93,93,93
2,93,14,93,93,93
1,91,991,91,91,91
2,93,35,93,93,93
1,93,21,93,93,93
2,93,16,93,93,93
2,20,18,1,2,1
2,93,18,93,93,93
1,91,991,91,91,91
2,93,45,93,93,93
1,1,20,1,2,2
1,93,23,93,93,93
1,91,991,91,91,91
1,4,16,1,1,2
2,1,21,2,1,2
1,91,991,91,91,91
2,93,22,93,93,93
1,91,991,91,91,91
1,91,991,91,91,91
1,27,22,2,1,1
1,30,12,1,2,2
2,93,14,93,93,93
1,91,991,91,91,91
2,91,991,91,91,91
2,93,24,93,93,93
2,91,991,91,91,91
1,91,991,91,91,91
2,91,991,91,91,91
2,91,991,91,91,91
2,93,18,93,93,93
1,91,991,91,91,91
2,93,25,93,93,93
1,93,16,93,93,93
2,91,991,91,91,91
1,93,12,93,93,93
2,93,15,93,93,93
2,91,991,91,91,91
2,91,991,91,91,91
2,91,991,91,91,91
1,91,991,91,91,91
2,93,16,93,93,93
1,91,991,91,91,91
1,91,991,91,91,91
1,93,16,93,93,93
2,21,15,1,2,1
2,91,991,91,91,91
1,91,991,91,91,91
1,91,991,91,91,91
2,93,15,93,93,93
1,93,14,93,93,93
1,30,18,2,2,1
2,30,16,1,2,2
2,30,18,1,2,2
1,93,15,93,93,93
2,91,991,91,91,91
1,91,991,91,91,91
2,93,21,93,93,93
1,91,991,91,91,91
2,91,991,91,91,91
1,91,991,91,91,91
1,5,65,2,2,1
2,91,991,91,91,91
1,1,24,1,2,2
2,91,991,91,91,91
2,91,991,91,91,91
2,91,991,91,91,91
2,91,991,91,91,91
2,91,991,91,91,91
1,91,991,91,91,91
1,91,991,91,91,91
2,30,12,1,1,1
1,93,25,93,93,93
2,91,991,91,91,91
2,93,18,93,93,93
2,91,991,91,91,91
1,91,991,91,91,91
1,20,19,1,2,1
2,93,14,93,93,93
2,93,16,93,93,93
2,93,14,93,93,93
2,91,991,91,91,91
1,30,13,1,2,2
2,93,20,93,93,93
1,93,16,93,93,93
2,91,991,91,91,91
2,30,15,1,1,1
2,4,16,1,2,1
1,91,991,91,91,91
1,91,991,91,91,91
2,15,16,1,2,1
2,91,991,91,91,91
1,91,991,91,91,91
2,91,991,91,91,91
2,93,16,93,93,93
1,93,21,93,93,93
2,91,991,91,91,91
1,91,991,91,91,91
2,12,12,1,2,1
1,93,13,93,93,93
2,93,16,93,93,93
1,91,991,91,91,91
1,91,991,91,91,91
2,91,991,91,91,91
2,91,991,91,91,91
1,91,991,91,91,91
2,91,991,91,91,91
2,91,991,91,91,91
1,91,991,91,91,91
2,91,991,91,91,91
1,91,991,91,91,91
1,91,991,91,91,91
1,91,991,91,91,91
1,5,17,1,2,2
2,93,21,93,93,93
2,91,991,91,91,91
1,91,991,91,91,91
2,91,991,91,91,91
1,91,991,91,91,91
1,91,991,91,91,91
1,24,10,1,2,2
1,91,991,91,91,91
1,93,22,93,93,93
2,93,45,93,93,93
2,91,991,91,91,91
1,91,991,91,91,91
1,12,15,1,2,1
2,93,15,93,93,93
2,91,991,91,91,91
1,93,14,93,93,93
2,91,991,91,91,91
1,93,14,93,93,93
2,93,18,93,93,93
2,91,991,91,91,91
1,91,991,91,91,91
2,91,991,91,91,91
2,91,991,91,91,91
1,5,18,1,1,2
2,91,991,91,91,91
1,28,18,1,2,1
1,30,15,1,1,1
2,93,15,93,93,93
2,93,25,93,93,93
1,93,12,93,93,93
1,91,991,91,91,91
1,91,991,91,91,91
2,91,991,91,91,91
2,91,991,91,91,91
1,91,991,91,91,91
1,91,991,91,91,91
2,91,991,91,91,91
1,91,991,91,91,91
2,2,18,2,2,1
1,91,991,91,91,91
2,91,991,91,91,91
2,91,991,91,91,91
1,91,991,91,91,91
1,91,991,91,91,91
1,93,15,93,93,93
2,93,15,93,93,93
1,93,15,93,93,93
1,91,991,91,91,91
2,91,991,91,91,91
2,93,17,93,93,93
2,91,991,91,91,91
2,12,17,1,1,2
2,91,991,91,91,91
2,1,16,1,2,2
1,91,991,91,91,91
1,91,991,91,91,91
1,91,991,91,91,91
2,11,15,1,1,2
1,4,14,1,2,2
2,7,22,2,2,2
1,91,991,91,91,91
1,93,12,93,93,93
2,91,991,91,91,91
2,93,24,93,93,93
2,93,15,93,93,93
1,28,13,1,2,2
2,30,20,1,2,2
1,3,14,2,1,2
2,1,14,1,2,2
1,91,991,91,91,91
1,91,991,91,91,91
1,91,991,91,91,91
1,91,991,91,91,91
1,91,991,91,91,91
1,93,16,93,93,93
1,93,16,93,93,93
2,30,18,1,2,1
1,91,991,91,91,91
2,30,20,2,2,1
1,91,991,91,91,91
2,91,991,91,91,91
2,93,15,93,93,93
2,16,16,1,2,2
2,91,991,91,91,91
2,91,991,91,91,91
1,93,12,93,93,93
1,93,21,93,93,93
1,91,991,91,91,91
2,93,16,93,93,93
1,91,991,91,91,91
1,93,16,93,93,93
2,93,22,93,93,93
1,20,16,1,2,2
2,91,991,91,91,91
1,30,14,1,2,2
2,91,991,91,91,91
1,91,991,91,91,91
2,93,23,93,93,93
2,93,17,93,93,93
2,1,16,2,2,1
2,91,991,91,91,91
2,91,991,91,91,91
1,93,17,93,93,93
2,91,991,91,91,91
2,91,991,91,91,91
2,93,19,93,93,93
2,91,991,91,91,91
2,91,991,91,91,91
2,91,991,91,91,91
1,91,991,91,91,91
1,30,8,1,1,1
2,93,17,93,93,93
2,91,991,91,91,91
2,93,19,93,93,93
2,91,991,91,91,91
2,91,991,91,91,91
2,93,18,93,93,93
1,91,991,91,91,91
2,91,991,91,91,91
2,91,991,91,91,91
2,91,991,91,91,91
2,91,991,91,91,91
1,93,13,93,93,93
2,91,991,91,91,91
2,91,991,91,91,91
2,91,991,91,91,91
2,91,991,91,91,91
2,93,12,93,93,93
1,93,16,93,93,93
2,91,991,91,91,91
1,93,17,93,93,93
1,91,991,91,91,91
1,91,991,91,91,91
2,93,25,93,93,93
2,91,991,91,91,91
2,91,991,91,91,91
2,91,991,91,91,91
1,91,991,91,91,91
1,91,991,91,91,91
1,91,991,91,91,91
1,30,19,1,2,1
1,5,7,1,2,2
1,91,991,91,91,91
1,93,13,93,93,93
1,93,21,93,93,93
2,93,14,93,93,93
2,91,991,91,91,91
2,91,991,91,91,91
2,93,16,93,93,93
1,91,991,91,91,91
1,91,991,91,91,91
2,93,16,93,93,93
2,91,991,91,91,91
2,93,20,93,93,93
1,93,22,93,93,93
1,25,13,1,1,2
1,91,991,91,91,91
1,91,991,91,91,91
1,30,15,1,2,2
2,93,13,93,93,93
2,91,991,91,91,91
1,91,991,91,91,91
1,91,991,91,91,91
1,91,991,91,91,91
1,91,991,91,91,91
1,93,16,93,93,93
2,91,991,91,91,91
2,91,991,91,91,91
2,91,991,91,91,91
2,91,991,91,91,91
2,93,31,93,93,93
1,91,991,91,91,91
2,93,21,93,93,93
2,20,20,1,2,1
1,29,15,1,2,2
2,93,19,93,93,93
1,30,12,1,2,2
2,91,991,91,91,91
1,93,15,93,93,93
2,93,14,93,93,93
2,91,991,91,91,91
1,91,991,91,91,91
2,91,991,91,91,91
1,2,18,1,2,2
1,98,997,98,98,98
2,93,22,93,93,93
2,5,45,2,2,1
2,91,991,91,91,91
2,93,17,93,93,93
1,91,991,91,91,91
1,30,16,1,2,2
1,91,991,91,91,91
2,91,991,91,91,91
1,1,13,1,1,2
1,93,21,93,93,93
1,91,991,91,91,91
2,5,21,2,2,1
1,91,991,91,91,91
2,91,991,91,91,91
2,91,991,91,91,91
2,91,991,91,91,91
1,91,991,91,91,91
2,93,17,93,93,93
1,93,16,93,93,93
2,91,991,91,91,91
2,91,991,91,91,91
1,91,991,91,91,91
2,91,991,91,91,91
1,93,55,93,93,93
2,25,21,1,1,1
2,91,991,91,91,91
1,91,991,91,91,91
2,93,13,93,93,93
1,20,13,1,2,2
2,91,991,91,91,91
2,93,16,93,93,93
1,91,991,91,91,91
1,91,991,91,91,91
2,91,991,91,91,91
2,91,991,91,91,91
1,27,20,1,2,2
2,91,991,91,91,91
1,91,991,91,91,91
1,91,991,91,91,91
1,91,991,91,91,91
2,91,991,91,91,91
1,93,38,93,93,93
1,91,991,91,91,91
2,91,991,91,91,91
1,91,991,91,91,91
2,91,991,91,91,91
2,91,991,91,91,91
2,20,18,1,1,1
2,93,18,93,93,93
2,91,991,91,91,91
2,91,991,91,91,91
1,93,17,93,93,93
2,91,991,91,91,91
2,91,991,91,91,91
2,5,32,2,2,1
1,91,991,91,91,91
1,30,16,1,1,2
1,93,18,93,93,93
2,91,991,91,91,91
2,20,10,1,1,1
2,30,18,1,2,2
1,91,991,91,91,91
1,91,991,91,91,91
2,91,991,91,91,91
2,91,991,91,91,91
1,91,991,91,91,91
1,91,991,91,91,91
1,93,21,93,93,93
2,93,16,93,93,93
1,91,991,91,91,91
1,91,991,91,91,91
2,93,53,93,93,93
2,91,991,91,91,91
1,91,991,91,91,91
2,91,991,91,91,91
2,91,991,91,91,91
2,91,991,91,91,91
2,91,991,91,91,91
1,91,991,91,91,91
1,91,991,91,91,91
2,91,991,91,91,91
1,93,11,93,93,93
1,91,991,91,91,91
1,91,991,91,91,91
1,93,19,93,93,93
1,93,15,93,93,93
1,93,19,93,93,93
2,91,991,91,91,91
1,93,20,93,93,93
1,91,991,91,91,91
1,91,991,91,91,91
2,91,991,91,91,91
1,91,991,91,91,91
1,91,991,91,91,91
2,93,13,93,93,93
2,4,16,1,2,2
2,93,32,93,93,93
1,91,991,91,91,91
1,93,16,93,93,93
1,93,20,93,93,93
1,93,17,93,93,93
2,91,991,91,91,91
2,93,18,93,93,93
2,91,991,91,91,91
1,13,16,1,2,2
2,91,991,91,91,91
1,93,24,93,93,93
1,93,21,93,93,93
1,93,28,93,93,93
1,15,15,1,2,2
1,5,15,1,2,2
1,91,991,91,91,91
2,91,991,91,91,91
2,91,991,91,91,91
1,91,991,91,91,91
2,91,991,91,91,91
2,93,13,93,93,93
1,2,12,1,1,1
2,93,19,93,93,93
2,29,18,1,2,1
1,91,991,91,91,91
1,93,22,93,93,93
2,93,16,93,93,93
2,91,991,91,91,91
2,30,13,1,1,1
2,93,45,93,93,93
1,3,15,1,1,1
1,27,16,2,1,2
1,91,991,91,91,91
1,12,16,1,2,2
1,30,19,1,2,2
2,28,20,1,2,2
2,93,17,93,93,93
2,4,17,2,1,2
2,91,991,91,91,91
2,91,991,91,91,91
1,91,991,91,91,91
1,91,991,91,91,91
2,93,18,93,93,93
2,91,991,91,91,91
1,91,991,91,91,91
2,91,991,91,91,91
2,93,20,93,93,93
2,93,15,93,93,93
1,91,991,91,91,91
1,91,991,91,91,91
2,93,11,93,93,93
1,91,991,91,91,91
1,91,991,91,91,91
1,91,991,91,91,91
2,93,17,93,93,93
1,91,991,91,91,91
1,93,13,93,93,93
2,91,991,91,91,91
1,12,29,2,1,1
2,93,21,93,93,93
1,93,24,93,93,93
1,91,991,91,91,91
2,91,991,91,91,91
1,91,991,91,91,91
1,93,19,93,93,93
1,91,991,91,91,91
1,93,16,93,93,93
1,30,18,1,2,2
2,91,991,91,91,91
2,91,991,91,91,91
2,91,991,91,91,91
2,16,20,2,1,2
1,91,991,91,91,91
1,91,991,91,91,91
1,91,991,91,91,91
1,91,991,91,91,91
1,91,991,91,91,91
1,91,991,91,91,91
2,91,991,91,91,91
2,91,991,91,91,91
2,91,991,91,91,91
1,91,991,91,91,91
1,91,991,91,91,91
2,93,19,93,93,93
2,93,17,93,93,93
1,93,13,93,93,93
1,1,17,1,1,2
2,91,991,91,91,91
1,91,991,91,91,91
2,93,18,93,93,93
1,91,991,91,91,91
1,12,16,1,1,1
2,93,18,93,93,93
2,91,991,91,91,91
2,93,16,93,93,93
1,91,991,91,91,91
1,91,991,91,91,91
2,93,18,93,93,93
2,93,25,93,93,93
1,93,20,93,93,93
2,91,991,91,91,91
1,91,991,91,91,91
2,93,16,93,93,93
2,91,991,91,91,91
1,14,19,1,2,2
1,91,991,91,91,91
1,93,16,93,93,93
2,93,20,93,93,93
2,91,991,91,91,91
2,91,991,91,91,91
2,91,991,91,91,91
2,91,991,91,91,91
2,91,991,91,91,91
2,91,991,91,91,91
1,91,991,91,91,91
1,93,16,93,93,93
1,91,991,91,91,91
1,91,991,91,91,91
1,30,16,1,1,1
2,91,991,91,91,91
2,91,991,91,91,91
2,91,991,91,91,91
2,91,991,91,91,91
1,91,991,91,91,91
2,91,991,91,91,91
2,91,991,91,91,91
2,93,17,93,93,93
2,93,13,93,93,93
2,93,11,93,93,93
1,93,18,93,93,93
1,93,16,93,93,93
1,91,991,91,91,91
2,91,991,91,91,91
2,93,17,93,93,93
1,91,991,91,91,91
2,93,14,93,93,93
2,91,991,91,91,91
1,91,991,91,91,91
1,93,16,93,93,93
2,13,15,1,1,1
2,93,18,93,93,93
2,8,15,1,1,2
2,91,991,91,91,91
2,93,20,93,93,93
1,91,991,91,91,91
2,6,32,2,2,1
2,91,991,91,91,91
1,91,991,91,91,91
2,93,21,93,93,93
2,91,991,91,91,91
2,1,13,2,2,2
1,93,14,93,93,93
2,93,24,93,93,93
1,91,991,91,91,91
1,93,27,93,93,93
2,91,991,91,91,91
1,25,16,1,1,1
2,93,25,93,93,93
2,91,991,91,91,91
2,93,20,93,93,93
1,91,991,91,91,91
2,91,991,91,91,91
2,91,991,91,91,91
1,93,19,93,93,93
2,30,12,1,2,2
2,93,12,93,93,93
2,91,991,91,91,91
2,93,17,93,93,93
2,91,991,91,91,91
1,10,17,2,2,1
2,93,15,93,93,93
1,4,15,1,1,2
2,91,991,91,91,91
1,25,14,1,2,2
2,91,991,91,91,91
2,91,991,91,91,91
2,91,991,91,91,91
1,30,9,1,1,1
1,93,15,93,93,93
2,93,19,93,93,93
1,91,991,91,91,91
1,91,991,91,91,91
2,1,18,1,1,2
2,91,991,91,91,91
2,91,991,91,91,91
1,91,991,91,91,91
1,10,19,2,1,2
2,91,991,91,91,91
1,91,991,91,91,91
2,91,991,91,91,91
1,91,991,91,91,91
1,91,991,91,91,91
2,5,14,1,1,1
1,93,15,93,93,93
1,15,14,1,1,1
1,30,15,1,1,2
1,91,991,91,91,91
2,93,21,93,93,93
1,9,12,2,1,2
1,93,18,93,93,93
1,1,18,1,2,2
2,91,991,91,91,91
1,2,20,1,2,2
1,93,17,93,93,93
2,91,991,91,91,91
1,91,991,91,91,91
2,91,991,91,91,91
2,93,15,93,93,93
2,93,20,93,93,93
1,93,16,93,93,93
2,25,18,2,1,2
1,93,16,93,93,93
2,91,991,91,91,91
2,91,991,91,91,91
2,91,991,91,91,91
1,91,991,91,91,91
1,93,14,93,93,93
2,91,991,91,91,91
2,93,19,93,93,93
2,6,18,1,2,2
1,2,13,2,2,1
2,17,14,1,2,2
2,93,22,93,93,93
1,93,21,93,93,93
1,91,991,91,91,91
2,93,21,93,93,93
1,91,991,91,91,91
2,91,991,91,91,91
1,93,22,93,93,93
2,91,991,91,91,91
2,5,14,1,1,2
1,93,13,93,93,93
2,17,13,1,1,1
2,28,18,1,1,1
1,91,991,91,91,91
2,91,991,91,91,91
1,91,991,91,91,91
2,91,991,91,91,91
1,91,991,91,91,91
1,1,14,1,2,2
2,4,25,1,1,1
1,93,17,93,93,93
1,93,19,93,93,93
2,2,17,1,2,2
1,91,991,91,91,91
1,91,991,91,91,91
2,91,991,91,91,91
2,93,19,93,93,93
2,30,14,1,2,2
2,91,991,91,91,91
2,3,17,2,1,2
2,93,16,93,93,93
1,12,18,1,2,2
1,91,991,91,91,91
2,93,25,93,93,93
2,30,16,1,1,1
1,93,21,93,93,93
2,93,15,93,93,93
1,98,18,98,98,98
2,91,991,91,91,91
1,91,991,91,91,91
1,91,991,91,91,91
1,91,991,91,91,91
1,29,18,1,2,1
1,91,991,91,91,91
2,91,991,91,91,91
1,91,991,91,91,91
1,91,991,91,91,91
1,93,6,93,93,93
2,91,991,91,91,91
2,93,14,93,93,93
1,93,15,93,93,93
1,91,991,91,91,91
2,91,991,91,91,91
1,93,16,93,93,93
1,93,16,93,93,93
2,91,991,91,91,91
2,93,19,93,93,93
1,91,991,91,91,91
1,91,991,91,91,91
2,91,991,91,91,91
2,91,991,91,91,91
1,91,991,91,91,91
2,93,20,93,93,93
1,91,991,91,91,91
2,30,15,1,1,2
1,91,991,91,91,91
2,93,14,93,93,93
1,93,16,93,93,93
2,1,16,1,2,2
1,20,17,1,1,1
2,91,991,91,91,91
1,15,15,2,1,1
2,91,991,91,91,91
1,91,991,91,91,91
1,91,991,91,91,91
1,93,18,93,93,93
1,91,991,91,91,91
1,93,40,93,93,93
2,2,15,1,1,1
2,91,991,91,91,91
2,91,991,91,91,91
2,91,991,91,91,91
2,93,15,93,93,93
2,91,991,91,91,91
2,10,16,2,2,2
2,91,991,91,91,91
2,91,991,91,91,91
2,91,991,91,91,91
2,91,991,91,91,91
2,93,29,93,93,93
1,91,991,91,91,91
1,91,991,91,91,91
2,98,17,98,98,98
2,91,991,91,91,91
2,6,18,1,2,2
1,93,18,93,93,93
1,91,991,91,91,91
1,91,991,91,91,91
1,93,17,93,93,93
1,5,28,1,1,2
2,91,991,91,91,91
1,93,23,93,93,93
1,91,991,91,91,91
2,91,991,91,91,91
1,91,991,91,91,91
1,30,15,1,1,1
2,91,991,91,91,91
2,91,991,91,91,91
2,91,991,91,91,91
1,93,16,93,93,93
2,91,991,91,91,91
1,91,991,91,91,91
2,91,991,91,91,91
2,5,26,2,1,1
1,91,991,91,91,91
1,91,991,91,91,91
1,93,16,93,93,93
1,4,18,1,2,1
2,91,991,91,91,91
2,93,16,93,93,93
2,91,991,91,91,91
1,91,991,91,91,91
2,6,16,2,2,1
1,91,991,91,91,91
1,2,14,2,2,1
2,91,991,91,91,91
2,93,35,93,93,93
2,91,991,91,91,91
2,2,20,2,2,1
1,91,991,91,91,91
2,93,27,93,93,93
2,93,18,93,93,93
1,2,18,1,2,1
2,91,991,91,91,91
1,93,14,93,93,93
1,91,991,91,91,91
1,27,20,1,2,2
2,3,16,1,2,2
1,14,11,1,2,2
1,91,991,91,91,91
1,91,991,91,91,91
1,91,991,91,91,91
1,91,991,91,91,91
2,93,21,93,93,93
1,98,18,98,98,98
2,91,991,91,91,91
2,15,12,1,2,2
1,91,991,91,91,91
2,30,9,1,2,1
2,91,991,91,91,91
2,30,9,1,2,2
2,30,17,1,2,2
2,93,22,93,93,93
1,91,991,91,91,91
2,91,991,91,91,91
1,91,991,91,91,91
2,91,991,91,91,91
2,91,991,91,91,91
2,93,21,93,93,93
2,91,991,91,91,91
2,93,19,93,93,93
2,93,18,93,93,93
2,91,991,91,91,91
2,91,991,91,91,91
1,91,991,91,91,91
2,91,991,91,91,91
2,91,991,91,91,91
1,93,24,93,93,93
1,91,991,91,91,91
2,91,991,91,91,91
2,30,18,1,2,1
1,93,13,93,93,93
2,91,991,91,91,91
2,91,991,91,91,91
1,91,991,91,91,91
2,93,32,93,93,93
1,93,16,93,93,93
2,93,13,93,93,93
1,91,991,91,91,91
2,91,991,91,91,91
2,93,22,93,93,93
2,91,991,91,91,91
2,91,991,91,91,91
2,91,991,91,91,91
1,91,991,91,91,91
1,93,15,93,93,93
2,91,991,91,91,91
2,91,991,91,91,91
2,91,991,91,91,91
2,4,21,1,1,1
2,93,18,93,93,93
1,3,14,2,1,2
1,91,991,91,91,91
1,91,991,91,91,91
2,93,41,93,93,93
1,91,991,91,91,91
1,30,18,1,2,2
1,18,16,1,2,2
2,5,22,2,2,1
1,91,991,91,91,91
2,93,26,93,93,93
1,91,991,91,91,91
1,93,21,93,93,93
1,93,21,93,93,93
2,93,14,93,93,93
2,91,991,91,91,91
1,15,17,1,2,2
1,91,991,91,91,91
2,91,991,91,91,91
2,91,991,91,91,91
2,93,17,93,93,93
1,91,991,91,91,91
1,93,15,93,93,93
1,91,991,91,91,91
2,93,20,93,93,93
2,91,991,91,91,91
2,1,21,1,1,2
1,91,991,91,91,91
2,91,991,91,91,91
2,91,991,91,91,91
1,93,15,93,93,93
1,93,16,93,93,93
2,91,991,91,91,91
1,93,20,93,93,93
1,91,991,91,91,91
1,30,20,2,1,2
1,91,991,91,91,91
1,93,10,93,93,93
1,91,991,91,91,91
1,14,24,1,1,1
1,93,17,93,93,93
2,93,14,93,93,93
1,93,17,93,93,93
2,93,17,93,93,93
1,91,991,91,91,91
1,93,12,93,93,93
2,93,13,93,93,93
1,30,18,1,2,2
1,13,18,1,2,2
1,93,34,93,93,93
1,91,991,91,91,91
1,91,991,91,91,91
2,91,991,91,91,91
1,91,991,91,91,91
1,91,991,91,91,91
1,91,991,91,91,91
1,91,991,91,91,91
2,91,991,91,91,91
1,91,991,91,91,91
2,91,991,91,91,91
2,91,991,91,91,91
2,91,991,91,91,91
1,91,991,91,91,91
1,93,18,93,93,93
1,25,16,1,2,2
1,91,991,91,91,91
2,91,991,91,91,91
1,93,18,93,93,93
1,91,991,91,91,91
1,30,10,1,1,1
2,91,991,91,91,91
1,91,991,91,91,91
2,93,16,93,93,93
2,91,991,91,91,91
2,93,25,93,93,93
2,30,47,1,2,2
1,91,991,91,91,91
2,93,17,93,93,93
2,30,16,2,1,2
1,91,991,91,91,91
1,4,14,1,2,2
2,12,22,1,2,2
1,91,991,91,91,91
2,3,18,2,2,2
2,93,19,93,93,93
2,8,14,2,1,1
1,91,991,91,91,91
2,93,20,93,93,93
1,30,18,1,1,2
1,91,991,91,91,91
2,91,991,91,91,91
1,91,991,91,91,91
2,91,991,91,91,91
2,91,991,91,91,91
1,91,991,91,91,91
2,93,15,93,93,93
1,91,991,91,91,91
2,91,991,91,91,91
2,93,16,93,93,93
1,91,991,91,91,91
1,91,991,91,91,91
1,91,991,91,91,91
1,91,991,91,91,91
2,5,14,1,1,2
1,91,991,91,91,91
2,91,991,91,91,91
1,93,19,93,93,93
2,91,991,91,91,91
1,93,18,93,93,93
2,91,991,91,91,91
2,93,15,93,93,93
1,91,991,91,91,91
2,91,991,91,91,91
2,91,991,91,91,91
2,21,36,2,1,1
1,93,37,93,93,93
1,91,991,91,91,91
1,91,991,91,91,91
1,93,17,93,93,93
2,91,991,91,91,91
2,93,19,93,93,93
1,91,991,91,91,91
2,93,14,93,93,93
1,91,991,91,91,91
1,91,991,91,91,91
2,91,991,91,91,91
2,93,16,93,93,93
2,91,991,91,91,91
1,91,991,91,91,91
1,93,35,93,93,93
2,91,991,91,91,91
2,10,18,2,2,2
2,93,21,93,93,93
1,91,991,91,91,91
2,30,15,1,2,1
1,93,17,93,93,93
1,93,16,93,93,93
2,3,16,1,2,2
1,30,14,1,2,2
2,91,991,91,91,91
1,93,19,93,93,93
2,91,991,91,91,91
2,93,15,93,93,93
2,4,16,2,2,1
1,91,991,91,91,91
2,91,991,91,91,91
1,20,14,1,2,1
2,93,38,93,93,93
1,91,991,91,91,91
1,91,991,91,91,91
2,91,991,91,91,91
1,2,13,2,1,2
1,91,991,91,91,91
2,91,991,91,91,91
2,91,991,91,91,91
1,91,991,91,91,91
1,10,10,1,2,2
2,91,991,91,91,91
2,91,991,91,91,91
2,93,17,93,93,93
2,91,991,91,91,91
2,91,991,91,91,91
2,91,991,91,91,91
1,91,991,91,91,91
1,91,991,91,91,91
1,91,991,91,91,91
2,91,991,91,91,91
2,93,12,93,93,93
2,30,11,1,1,1
1,91,991,91,91,91
2,93,10,93,93,93
1,1,24,2,1,2
1,93,19,93,93,93
1,30,8,1,2,1
1,93,16,93,93,93
2,93,19,93,93,93
2,30,21,2,1,2
1,25,25,1,1,2
1,91,991,91,91,91
2,91,991,91,91,91
2,91,991,91,91,91
2,93,18,93,93,93
2,93,16,93,93,93
1,93,14,93,93,93
1,93,18,93,93,93
2,91,991,91,91,91
2,91,991,91,91,91
2,91,991,91,91,91
1,93,14,93,93,93
2,30,13,1,2,1
1,91,991,91,91,91
1,10,12,2,2,2
1,91,991,91,91,91
2,30,12,1,2,1
1,91,991,91,91,91
2,91,991,91,91,91
1,93,15,93,93,93
2,91,991,91,91,91
1,13,15,1,1,2
1,30,15,1,2,2
2,91,991,91,91,91
2,93,17,93,93,93
1,93,12,93,93,93
2,91,991,91,91,91
2,91,991,91,91,91
1,91,991,91,91,91
2,93,19,93,93,93
1,30,13,1,2,2
1,91,991,91,91,91
2,91,991,91,91,91
2,91,991,91,91,91
2,91,991,91,91,91
2,93,22,93,93,93
2,91,991,91,91,91
1,91,991,91,91,91
2,93,20,93,93,93
2,12,19,2,2,1
2,91,991,91,91,91
1,91,991,91,91,91
2,18,14,2,1,2
1,93,16,93,93,93
2,91,991,91,91,91
1,91,991,91,91,91
2,7,16,1,1,1
2,91,991,91,91,91
2,30,15,1,1,2
1,1,20,1,2,2
2,91,991,91,91,91
2,93,14,93,93,93
1,91,991,91,91,91
1,91,991,91,91,91
2,93,14,93,93,93
1,91,991,91,91,91
2,91,991,91,91,91
1,28,17,1,2,2
2,91,991,91,91,91
1,93,21,93,93,93
2,93,27,93,93,93
2,91,991,91,91,91
1,93,20,93,93,93
1,91,991,91,91,91
2,3,40,2,2,1
1,91,991,91,91,91
2,91,991,91,91,91
1,91,991,91,91,91
1,93,23,93,93,93
2,93,13,93,93,93
1,93,17,93,93,93
1,91,991,91,91,91
2,91,991,91,91,91
2,91,991,91,91,91
1,3,19,1,1,2
1,91,991,91,91,91
1,93,15,93,93,93
1,91,991,91,91,91
1,91,991,91,91,91
2,91,991,91,91,91
1,93,18,93,93,93
2,91,991,91,91,91
2,25,16,1,2,2
1,91,991,91,91,91
1,91,991,91,91,91
2,20,18,1,1,2
2,93,16,93,93,93
1,91,991,91,91,91
1,91,991,91,91,91
2,1,18,1,2,2
1,93,19,93,93,93
1,91,991,91,91,91
1,93,24,93,93,93
2,91,991,91,91,91
1,91,991,91,91,91
1,91,991,91,91,91
1,30,17,1,2,2
1,30,14,1,1,1
2,93,21,93,93,93
2,93,18,93,93,93
1,15,13,1,2,2
2,30,15,1,2,1
2,91,991,91,91,91
2,91,991,91,91,91
2,91,991,91,91,91
2,18,19,1,1,2
1,91,991,91,91,91
1,93,18,93,93,93
1,91,991,91,91,91
1,91,991,91,91,91
2,91,991,91,91,91
2,91,991,91,91,91
2,91,991,91,91,91
2,93,15,93,93,93
2,93,14,93,93,93
1,91,991,91,91,91
1,91,991,91,91,91
2,1,28,2,2,1
2,93,14,93,93,93
1,91,991,91,91,91
2,4,16,1,1,1
2,91,991,91,91,91
1,91,991,91,91,91
1,93,23,93,93,93
2,91,991,91,91,91
2,93,14,93,93,93
1,28,15,1,2,2
2,30,15,1,2,2
2,91,991,91,91,91
2,91,991,91,91,91
2,30,17,1,2,2
1,91,991,91,91,91
1,91,991,91,91,91
1,91,991,91,91,91
2,30,14,1,1,1
2,91,991,91,91,91
2,91,991,91,91,91
1,93,24,93,93,93
2,91,991,91,91,91
2,93,22,93,93,93
1,91,991,91,91,91
2,91,991,91,91,91
1,91,991,91,91,91
1,93,19,93,93,93
1,93,13,93,93,93
1,3,17,1,1,2
2,91,991,91,91,91
1,20,16,1,1,2
1,1,21,2,1,2
2,91,991,91,91,91
1,93,16,93,93,93
2,2,13,1,2,2
1,93,23,93,93,93
1,29,16,1,2,2
1,91,991,91,91,91
1,30,15,1,1,1
1,93,16,93,93,93
2,91,991,91,91,91
1,93,20,93,93,93
1,30,19,1,2,2
1,91,991,91,91,91
1,91,991,91,91,91
1,30,14,1,2,1
1,91,991,91,91,91
2,93,21,93,93,93
2,93,18,93,93,93
2,91,991,91,91,91
1,91,991,91,91,91
2,91,991,91,91,91
1,91,991,91,91,91
2,93,23,93,93,93
1,93,24,93,93,93
1,91,991,91,91,91
1,93,14,93,93,93
1,91,991,91,91,91
2,91,991,91,91,91
1,91,991,91,91,91
2,91,991,91,91,91
1,91,991,91,91,91
2,30,22,1,2,2
2,91,991,91,91,91
2,93,16,93,93,93
2,91,991,91,91,91
1,91,991,91,91,91
2,91,991,91,91,91
2,91,991,91,91,91
1,91,991,91,91,91
2,93,18,93,93,93
2,91,991,91,91,91
1,25,15,1,2,2
1,93,11,93,93,93
2,91,991,91,91,91
1,91,991,91,91,91
2,93,24,93,93,93
2,91,991,91,91,91
2,91,991,91,91,91
1,91,991,91,91,91
1,10,21,2,2,2
2,91,991,91,91,91
2,91,991,91,91,91
2,91,991,91,91,91
2,3,20,1,2,2
2,91,991,91,91,91
2,91,991,91,91,91
1,91,991,91,91,91
2,91,991,91,91,91
1,91,991,91,91,91
2,91,991,91,91,91
2,30,25,1,2,2
1,91,991,91,91,91
2,93,14,93,93,93
1,93,16,93,93,93
2,91,991,91,91,91
2,93,17,93,93,93
2,93,21,93,93,93
2,91,991,91,91,91
2,91,991,91,91,91
1,91,991,91,91,91
2,91,991,91,91,91
1,91,991,91,91,91
2,91,991,91,91,91
1,91,991,91,91,91
1,91,991,91,91,91
2,91,991,91,91,91
1,91,991,91,91,91
2,2,13,1,2,2
2,93,15,93,93,93
1,91,991,91,91,91
2,93,17,93,93,93
2,91,991,91,91,91
2,93,15,93,93,93
1,91,991,91,91,91
2,93,16,93,93,93
2,91,991,91,91,91
2,93,38,93,93,93
1,93,15,93,93,93
1,91,991,91,91,91
1,30,15,1,2,2
1,91,991,91,91,91
1,93,19,93,93,93
2,93,14,93,93,93
1,91,991,91,91,91
1,91,991,91,91,91
1,91,991,91,91,91
2,18,15,1,2,2
2,91,991,91,91,91
1,93,53,93,93,93
1,93,19,93,93,93
1,91,991,91,91,91
2,1,22,1,2,2
2,91,991,91,91,91
2,1,17,1,2,2
2,93,14,93,93,93
1,91,991,91,91,91
2,93,40,93,93,93
2,91,991,91,91,91
2,3,18,1,1,1
2,91,991,91,91,91
2,93,13,93,93,93
1,91,991,91,91,91
2,25,19,1,1,1
1,91,991,91,91,91
1,91,991,91,91,91
1,91,991,91,91,91
2,91,991,91,91,91
1,91,991,91,91,91
2,17,12,1,1,2
1,98,17,98,98,98
2,93,25,93,93,93
2,91,991,91,91,91
2,93,17,93,93,93
1,93,15,93,93,93
1,93,18,93,93,93
1,93,10,93,93,93
1,91,991,91,91,91
1,91,991,91,91,91
2,93,15,93,93,93
2,93,18,93,93,93
2,91,991,91,91,91
1,91,991,91,91,91
2,91,991,91,91,91
2,30,15,1,1,1
1,1,24,2,1,2
2,91,991,91,91,91
1,91,991,91,91,91
2,91,991,91,91,91
1,91,991,91,91,91
1,91,991,91,91,91
2,91,991,91,91,91
1,91,991,91,91,91
1,91,991,91,91,91
1,91,991,91,91,91
2,91,991,91,91,91
2,91,991,91,91,91
2,91,991,91,91,91
1,1,21,1,2,2
1,10,13,1,1,2
2,2,7,1,1,2
1,98,12,98,98,98
2,91,991,91,91,91
2,93,18,93,93,93
2,27,15,1,2,1
1,91,991,91,91,91
2,93,16,93,93,93
2,91,991,91,91,91
2,5,13,1,1,1
1,13,15,2,1,1
2,93,18,93,93,93
1,91,991,91,91,91
1,93,15,93,93,93
2,91,991,91,91,91
2,91,991,91,91,91
2,91,991,91,91,91
1,91,991,91,91,91
1,91,991,91,91,91
1,93,13,93,93,93
2,91,991,91,91,91
2,93,40,93,93,93
2,91,991,91,91,91
2,91,991,91,91,91
2,93,17,93,93,93
2,91,991,91,91,91
1,93,16,93,93,93
1,93,13,93,93,93
2,93,20,93,93,93
1,20,22,1,1,2
2,30,17,1,1,2
2,91,991,91,91,91
2,91,991,91,91,91
2,93,17,93,93,93
2,93,17,93,93,93
2,93,20,93,93,93
1,30,14,2,1,1
1,91,991,91,91,91
1,93,19,93,93,93
2,93,21,93,93,93
2,12,18,1,2,2
1,93,21,93,93,93
2,20,15,1,2,2
1,91,991,91,91,91
1,91,991,91,91,91
2,91,991,91,91,91
1,91,991,91,91,91
1,91,991,91,91,91
2,91,991,91,91,91
2,91,991,91,91,91
1,91,991,91,91,91
2,91,991,91,91,91
1,91,991,91,91,91
2,91,991,91,91,91
2,93,20,93,93,93
2,91,991,91,91,91
2,91,991,91,91,91
2,93,18,93,93,93
1,23,16,2,1,1
1,93,22,93,93,93
2,93,18,93,93,93
2,93,20,93,93,93
2,91,991,91,91,91
1,93,16,93,93,93
2,91,991,91,91,91
2,93,35,93,93,93
2,93,14,93,93,93
2,93,16,93,93,93
1,93,18,93,93,93
1,91,991,91,91,91
2,93,16,93,93,93
1,93,21,93,93,93
2,91,991,91,91,91
2,91,991,91,91,91
1,91,991,91,91,91
1,91,991,91,91,91
2,13,18,1,1,2
1,93,20,93,93,93
1,93,21,93,93,93
2,91,991,91,91,91
1,91,991,91,91,91
1,93,17,93,93,93
2,91,991,91,91,91
2,18,15,1,2,2
2,91,991,91,91,91
2,91,991,91,91,91
2,91,991,91,91,91
1,91,991,91,91,91
1,91,991,91,91,91
2,93,16,93,93,93
2,91,991,91,91,91
1,27,17,1,2,1
1,93,32,93,93,93
2,91,991,91,91,91
2,91,991,91,91,91
2,91,991,91,91,91
2,93,15,93,93,93
2,91,991,91,91,91
2,91,991,91,91,91
1,91,991,91,91,91
1,98,994,98,98,98
1,91,991,91,91,91
1,91,991,91,91,91
2,91,991,91,91,91
1,93,15,93,93,93
2,93,20,93,93,93
1,25,17,1,1,1
2,91,991,91,91,91
1,93,17,93,93,93
1,91,991,91,91,91
2,93,13,93,93,93
1,91,991,91,91,91
2,91,991,91,91,91
1,91,991,91,91,91
1,91,991,91,91,91
2,93,15,93,93,93
1,91,991,91,91,91
2,30,13,1,1,2
2,91,991,91,91,91
1,93,17,93,93,93
1,30,12,1,1,2
1,91,991,91,91,91
2,93,19,93,93,93
1,91,991,91,91,91
2,91,991,91,91,91
1,91,991,91,91,91
1,91,991,91,91,91
2,10,16,2,2,1
1,30,13,2,1,2
2,91,991,91,91,91
2,91,991,91,91,91
2,2,17,2,2,2
2,93,15,93,93,93
2,91,991,91,91,91
1,91,991,91,91,91
1,91,991,91,91,91
2,91,991,91,91,91
2,26,19,1,1,1
1,30,12,1,1,2
1,91,991,91,91,91
2,4,24,1,1,2
1,91,991,91,91,91
1,93,19,93,93,93
1,25,15,1,2,1
1,91,991,91,91,91
1,91,991,91,91,91
1,91,991,91,91,91
2,93,7,93,93,93
2,93,18,93,93,93
2,91,991,91,91,91
2,1,15,1,2,2
1,91,991,91,91,91
2,91,991,91,91,91
1,91,991,91,91,91
2,91,991,91,91,91
1,93,18,93,93,93
1,6,19,2,2,1
1,91,991,91,91,91
2,91,991,91,91,91
2,93,15,93,93,93
1,93,15,93,93,93
2,91,991,91,91,91
2,91,991,91,91,91
2,93,18,93,93,93
2,93,23,93,93,93
2,91,991,91,91,91
1,30,12,1,1,2
1,91,991,91,91,91
1,91,991,91,91,91
1,30,14,1,2,1
2,14,15,1,1,1
2,91,991,91,91,91
2,91,991,91,91,91
1,93,23,93,93,93
1,93,22,93,93,93
2,91,991,91,91,91
2,93,17,93,93,93
2,91,991,91,91,91
2,91,991,91,91,91
1,91,991,91,91,91
1,91,991,91,91,91
1,4,15,1,2,2
1,91,991,91,91,91
1,93,23,93,93,93
1,91,991,91,91,91
2,91,991,91,91,91
1,91,991,91,91,91
2,93,21,93,93,93
1,91,991,91,91,91
1,91,991,91,91,91
2,91,991,91,91,91
2,91,991,91,91,91
1,91,991,91,91,91
2,3,7,1,1,1
2,91,991,91,91,91
1,93,14,93,93,93
2,91,991,91,91,91
2,93,17,93,93,93
1,1,18,1,2,2
1,91,991,91,91,91
1,93,18,93,93,93
1,91,991,91,91,91
1,91,991,91,91,91
1,91,991,91,91,91
2,9,13,1,1,2
1,1,12,1,2,2
2,93,16,93,93,93
2,91,991,91,91,91
1,91,991,91,91,91
1,91,991,91,91,91
1,91,991,91,91,91
2,93,14,93,93,93
2,93,18,93,93,93
1,5,25,2,2,1
2,93,51,93,93,93
2,91,991,91,91,91
2,91,991,91,91,91
1,91,991,91,91,91
1,91,991,91,91,91
1,91,991,91,91,91
1,1,16,1,1,2
1,91,991,91,91,91
2,93,15,93,93,93
1,93,30,93,93,93
2,9,14,1,2,2
2,91,991,91,91,91
1,93,18,93,93,93
1,91,991,91,91,91
1,91,991,91,91,91
2,12,13,1,1,2
1,30,17,1,1,2
1,93,11,93,93,93
2,93,16,93,93,93
1,91,991,91,91,91
1,91,991,91,91,91
2,15,18,1,1,2
2,93,14,93,93,93
2,93,14,93,93,93
2,91,991,91,91,91
2,93,15,93,93,93
2,93,30,93,93,93
1,1,15,2,1,2
1,93,21,93,93,93
1,91,991,91,91,91
2,93,16,93,93,93
1,91,991,91,91,91
2,93,16,93,93,93
1,91,991,91,91,91
2,91,991,91,91,91
2,7,17,1,1,2
2,91,991,91,91,91
1,24,18,1,2,1
2,91,991,91,91,91
2,93,31,93,93,93
1,91,991,91,91,91
1,93,15,93,93,93
2,91,991,91,91,91
2,91,991,91,91,91
1,93,15,93,93,93
2,91,991,91,91,91
2,91,991,91,91,91
2,91,991,91,91,91
2,91,991,91,91,91
1,91,991,91,91,91
2,91,991,91,91,91
2,91,991,91,91,91
1,93,18,93,93,93
1,91,991,91,91,91
2,91,991,91,91,91
2,91,991,91,91,91
2,2,23,2,2,1
1,15,14,1,2,2
1,5,19,1,1,2
1,91,991,91,91,91
2,93,16,93,93,93
1,30,13,1,1,1
2,91,991,91,91,91
1,91,991,91,91,91
2,93,21,93,93,93
2,30,12,1,1,1
2,5,21,1,2,1
2,91,991,91,91,91
1,91,991,91,91,91
2,91,991,91,91,91
1,91,991,91,91,91
2,2,17,1,2,2
2,91,991,91,91,91
1,91,991,91,91,91
1,91,991,91,91,91
1,91,991,91,91,91
1,93,22,93,93,93
2,91,991,91,91,91
1,93,17,93,93,93
2,91,991,91,91,91
1,91,991,91,91,91
1,91,991,91,91,91
2,28,16,1,2,2
1,93,17,93,93,93
1,93,16,93,93,93
2,4,16,2,1,1
1,91,991,91,91,91
2,2,45,1,1,2
2,93,16,93,93,93
2,91,991,91,91,91
2,93,16,93,93,93
2,91,991,91,91,91
2,24,15,2,2,1
1,93,20,93,93,93
2,93,16,93,93,93
1,5,12,1,1,2
1,30,17,1,1,1
1,91,991,91,91,91
2,91,991,91,91,91
2,93,21,93,93,93
1,91,991,91,91,91
2,91,991,91,91,91
1,3,38,2,2,1
2,25,18,1,2,1
1,91,991,91,91,91
1,2,16,1,2,1
2,91,991,91,91,91
1,30,17,1,2,2
2,93,18,93,93,93
2,93,27,93,93,93
1,91,991,91,91,91
2,7,15,1,1,1
2,91,991,91,91,91
2,93,20,93,93,93
1,91,991,91,91,91
2,93,16,93,93,93
2,15,18,1,1,1
1,93,18,93,93,93
1,5,24,1,2,2
1,93,14,93,93,93
2,91,991,91,91,91
2,91,991,91,91,91
2,91,991,91,91,91
2,93,13,93,93,93
2,91,991,91,91,91
1,91,991,91,91,91
1,93,19,93,93,93
2,27,18,1,1,1
2,91,991,91,91,91
1,91,991,91,91,91
2,25,16,1,1,1
1,1,15,2,1,2
1,91,991,91,91,91
2,91,991,91,91,91
2,25,13,1,1,1
2,91,991,91,91,91
1,93,18,93,93,93
2,91,991,91,91,91
2,91,991,91,91,91
1,91,991,91,91,91
1,91,991,91,91,91
1,93,14,93,93,93
1,20,19,1,2,1
2,91,991,91,91,91
1,20,18,1,1,1
2,3,18,1,2,1
1,93,25,93,93,93
2,1,19,4,4,5
2,91,991,91,91,91
1,91,991,91,91,91
2,93,23,93,93,93
1,91,991,91,91,91
2,91,991,91,91,91
2,93,14,93,93,93
2,91,991,91,91,91
1,91,991,91,91,91
2,2,17,1,2,2
2,91,991,91,91,91
2,91,991,91,91,91
1,91,991,91,91,91
1,30,12,1,1,1
2,93,46,93,93,93
2,93,21,93,93,93
1,91,991,91,91,91
1,91,991,91,91,91
2,93,16,93,93,93
1,93,30,93,93,93
2,93,22,93,93,93
2,93,15,93,93,93
2,91,991,91,91,91
1,12,20,1,2,1
2,93,15,93,93,93
1,93,20,93,93,93
2,1,15,1,1,2
2,9,20,1,1,2
1,91,991,91,91,91
2,91,991,91,91,91
1,91,991,91,91,91
2,93,16,93,93,93
1,91,991,91,91,91
2,25,13,2,1,2
2,91,991,91,91,91
2,91,991,91,91,91
2,93,20,93,93,93
2,93,12,93,93,93
1,91,991,91,91,91
1,93,18,93,93,93
2,91,991,91,91,91
2,91,991,91,91,91
2,30,24,1,2,2
2,91,991,91,91,91
2,93,21,93,93,93
2,91,991,91,91,91
2,91,991,91,91,91
1,91,991,91,91,91
2,93,16,93,93,93
1,93,26,93,93,93
1,93,17,93,93,93
1,91,991,91,91,91
1,91,991,91,91,91
2,91,991,91,91,91
2,7,12,1,2,2
1,91,991,91,91,91
1,91,991,91,91,91
1,91,991,91,91,91
2,93,40,93,93,93
2,97,18,1,2,2
1,25,19,2,1,1
2,91,991,91,91,91
2,91,991,91,91,91
1,91,991,91,91,91
2,91,991,91,91,91
2,91,991,91,91,91
2,93,14,93,93,93
1,20,16,1,2,2
2,93,35,93,93,93
2,91,991,91,91,91
1,91,991,91,91,91
2,91,991,91,91,91
2,91,991,91,91,91
2,91,991,91,91,91
2,93,17,93,93,93
1,91,991,91,91,91
1,93,16,93,93,93
1,93,20,93,93,93
2,93,23,93,93,93
1,30,15,1,1,2
1,93,16,93,93,93
2,93,15,93,93,93
1,91,991,91,91,91
1,91,991,91,91,91
1,91,991,91,91,91
1,91,991,91,91,91
1,91,991,91,91,91
1,2,19,1,2,2
2,91,991,91,91,91
2,93,11,93,93,93
2,91,991,91,91,91
1,91,991,91,91,91
1,91,991,91,91,91
2,91,991,91,91,91
1,91,991,91,91,91
1,93,19,93,93,93
2,91,991,91,91,91
2,93,25,93,93,93
1,91,991,91,91,91
2,91,991,91,91,91
2,93,16,93,93,93
2,91,991,91,91,91
2,91,991,91,91,91
2,93,12,93,93,93
1,93,14,93,93,93
2,91,991,91,91,91
2,93,17,93,93,93
2,91,991,91,91,91
2,91,991,91,91,91
1,91,991,91,91,91
2,91,991,91,91,91
1,91,991,91,91,91
1,91,991,91,91,91
2,93,17,93,93,93
1,91,991,91,91,91
1,91,991,91,91,91
2,6,8,1,1,2
2,91,991,91,91,91
2,93,19,93,93,93
2,91,991,91,91,91
1,91,991,91,91,91
2,2,17,2,1,1
2,93,25,93,93,93
2,91,991,91,91,91
2,20,13,1,1,1
1,91,991,91,91,91
2,91,991,91,91,91
1,91,991,91,91,91
2,93,20,93,93,93
1,91,991,91,91,91
2,91,991,91,91,91
1,93,14,93,93,93
1,91,991,91,91,91
1,91,991,91,91,91
1,30,12,1,1,2
1,91,991,91,91,91
2,93,30,93,93,93
2,7,9,1,2,2
2,91,991,91,91,91
2,91,991,91,91,91
2,91,991,91,91,91
2,93,20,93,93,93
2,93,18,93,93,93
1,91,991,91,91,91
2,93,23,93,93,93
2,93,35,93,93,93
2,91,991,91,91,91
1,91,991,91,91,91
2,3,15,2,2,1
1,91,991,91,91,91
2,91,991,91,91,91
1,91,991,91,91,91
1,91,991,91,91,91
1,91,991,91,91,91
1,91,991,91,91,91
2,93,16,93,93,93
1,91,991,91,91,91
1,9,13,1,1,1
1,91,991,91,91,91
2,2,15,2,2,1
1,91,991,91,91,91
1,91,991,91,91,91
2,30,16,1,2,2
1,91,991,91,91,91
2,91,991,91,91,91
2,20,12,1,2,2
1,91,991,91,91,91
2,91,991,91,91,91
1,93,13,93,93,93
2,93,16,93,93,93
1,91,991,91,91,91
1,2,1,2,1,2
2,30,13,2,1,2
2,91,991,91,91,91
2,93,18,93,93,93
2,91,991,91,91,91
2,2,19,1,2,2
1,91,991,91,91,91
2,91,991,91,91,91
2,3,14,1,1,1
2,91,991,91,91,91
1,91,991,91,91,91
2,91,991,91,91,91
2,93,40,93,93,93
1,91,991,91,91,91
2,93,14,93,93,93
2,1,16,1,1,2
2,91,991,91,91,91
1,91,991,91,91,91
2,91,991,91,91,91
1,93,16,93,93,93
1,93,13,93,93,93
1,93,20,93,93,93
2,91,991,91,91,91
2,91,991,91,91,91
2,91,991,91,91,91
1,30,11,1,2,2
1,91,991,91,91,91
2,91,991,91,91,91
1,91,991,91,91,91
1,91,991,91,91,91
2,91,991,91,91,91
1,91,991,91,91,91
2,91,991,91,91,91
2,93,13,93,93,93
1,93,19,93,93,93
1,91,991,91,91,91
2,91,991,91,91,91
2,91,991,91,91,91
2,91,991,91,91,91
1,91,991,91,91,91
2,93,20,93,93,93
1,93,23,93,93,93
1,91,991,91,91,91
1,93,18,93,93,93
2,91,991,91,91,91
1,91,991,91,91,91
2,93,18,93,93,93
1,91,991,91,91,91
1,91,991,91,91,91
2,30,16,1,1,1
1,93,25,93,93,93
1,91,991,91,91,91
1,10,12,1,2,2
1,93,18,93,93,93
2,93,17,93,93,93
1,30,18,1,2,2
1,91,991,91,91,91
2,91,991,91,91,91
1,93,14,93,93,93
1,93,26,93,93,93
2,93,25,93,93,93
2,93,13,93,93,93
2,93,13,93,93,93
1,93,16,93,93,93
1,91,991,91,91,91
2,30,14,1,2,2
1,15,10,1,1,1
1,29,15,1,1,2
2,91,991,91,91,91
1,91,991,91,91,91
2,91,991,91,91,91
2,93,18,93,93,93
1,91,991,91,91,91
2,91,991,91,91,91
2,91,991,91,91,91
2,93,16,93,93,93
1,91,991,91,91,91
2,93,45,93,93,93
2,91,991,91,91,91
2,93,18,93,93,93
1,91,991,91,91,91
2,91,991,91,91,91
2,2,14,2,2,1
2,93,15,93,93,93
1,91,991,91,91,91
1,93,17,93,93,93
2,91,991,91,91,91
1,93,16,93,93,93
2,93,19,93,93,93
2,91,991,91,91,91
2,12,18,2,2,1
1,93,13,93,93,93
1,93,17,93,93,93
1,1,16,2,1,2
1,93,19,93,93,93
1,91,991,91,91,91
2,91,991,91,91,91
1,93,20,93,93,93
1,91,991,91,91,91
2,91,991,91,91,91
1,93,22,93,93,93
1,1,15,1,2,2
1,15,12,1,1,2
1,91,991,91,91,91
2,20,17,1,2,2
1,91,991,91,91,91
2,91,991,91,91,91
1,93,21,93,93,93
2,93,15,93,93,93
1,91,991,91,91,91
2,91,991,91,91,91
2,93,15,93,93,93
1,91,991,91,91,91
2,91,991,91,91,91
1,93,17,93,93,93
1,91,991,91,91,91
1,93,18,93,93,93
2,93,32,93,93,93
2,91,991,91,91,91
1,91,991,91,91,91
2,91,991,91,91,91
1,93,10,93,93,93
2,30,15,1,1,1
2,93,13,93,93,93
2,93,13,93,93,93
2,26,16,2,2,1
2,91,991,91,91,91
1,91,991,91,91,91
1,91,991,91,91,91
1,91,991,91,91,91
1,2,14,1,2,2
2,93,16,93,93,93
1,93,15,93,93,93
1,91,991,91,91,91
2,93,27,93,93,93
1,93,12,93,93,93
2,91,991,91,91,91
2,91,991,91,91,91
1,91,991,91,91,91
1,91,991,91,91,91
2,1,16,1,2,2
1,91,991,91,91,91
2,91,991,91,91,91
2,93,18,93,93,93
2,91,991,91,91,91
2,91,991,91,91,91
1,91,991,91,91,91
1,93,17,93,93,93
2,91,991,91,91,91
1,91,991,91,91,91
2,93,13,93,93,93
2,91,991,91,91,91
2,91,991,91,91,91
2,91,991,91,91,91
1,91,991,91,91,91
1,2,15,1,1,2
1,93,50,93,93,93
1,91,991,91,91,91
1,91,991,91,91,91
2,93,18,93,93,93
1,91,991,91,91,91
2,15,26,2,1,2
1,91,991,91,91,91
1,91,991,91,91,91
1,91,991,91,91,91
2,93,20,93,93,93
1,91,991,91,91,91
2,91,991,91,91,91
1,91,991,91,91,91
2,91,991,91,91,91
2,91,991,91,91,91
2,3,19,1,2,2
1,91,991,91,91,91
1,93,30,93,93,93
1,93,14,93,93,93
2,93,21,93,93,93
2,91,991,91,91,91
1,91,991,91,91,91
1,91,991,91,91,91
2,93,14,93,93,93
2,91,991,91,91,91
2,91,991,91,91,91
2,93,18,93,93,93
2,30,12,1,1,2
2,91,991,91,91,91
2,93,21,93,93,93
2,91,991,91,91,91
2,91,991,91,91,91
1,93,18,93,93,93
2,91,991,91,91,91
1,93,12,93,93,93
2,91,991,91,91,91
1,91,991,91,91,91
1,91,991,91,91,91
1,91,991,91,91,91
1,93,23,93,93,93
1,93,17,93,93,93
1,5,15,2,1,1
1,91,991,91,91,91
2,91,991,91,91,91
2,91,991,91,91,91
2,91,991,91,91,91
1,24,18,1,1,2
2,91,991,91,91,91
2,91,991,91,91,91
1,91,991,91,91,91
2,30,18,1,2,2
2,91,991,91,91,91
1,27,15,1,1,2
2,91,991,91,91,91
1,91,991,91,91,91
2,91,991,91,91,91
1,91,991,91,91,91
2,91,991,91,91,91
1,93,16,93,93,93
1,20,16,1,2,2
2,93,23,93,93,93
1,91,991,91,91,91
1,91,991,91,91,91
1,91,991,91,91,91
1,93,15,93,93,93
2,91,991,91,91,91
2,91,991,91,91,91
1,91,991,91,91,91
1,91,991,91,91,91
2,30,14,1,1,2
1,91,991,91,91,91
2,93,21,93,93,93
1,27,16,1,2,2
2,93,14,93,93,93
2,93,18,93,93,93
1,91,991,91,91,91
2,91,991,91,91,91
1,91,991,91,91,91
2,91,991,91,91,91
2,91,991,91,91,91
1,93,15,93,93,93
1,91,991,91,91,91
1,93,15,93,93,93
2,98,17,98,98,98
1,91,991,91,91,91
2,2,17,2,1,2
2,93,30,93,93,93
1,93,22,93,93,93
1,91,991,91,91,91
1,91,991,91,91,91
2,3,18,2,2,1
1,91,991,91,91,91
2,91,991,91,91,91
1,93,28,93,93,93
2,5,16,1,2,2
2,30,20,1,1,1
1,8,36,2,2,1
1,93,28,93,93,93
1,91,991,91,91,91
1,91,991,91,91,91
1,91,991,91,91,91
1,3,17,1,2,2
2,91,991,91,91,91
2,91,991,91,91,91
1,91,991,91,91,91
2,91,991,91,91,91
1,8,15,1,2,1
1,23,23,2,2,1
1,93,18,93,93,93
1,91,991,91,91,91
2,91,991,91,91,91
2,93,16,93,93,93
2,30,16,1,1,2
2,91,991,91,91,91
1,91,991,91,91,91
1,25,21,1,2,2
1,91,991,91,91,91
2,91,991,91,91,91
1,91,991,91,91,91
2,28,19,1,1,1
2,91,991,91,91,91
1,93,15,93,93,93
2,91,991,91,91,91
2,91,991,91,91,91
1,93,35,93,93,93
2,91,991,91,91,91
1,91,991,91,91,91
1,91,991,91,91,91
2,91,991,91,91,91
2,91,991,91,91,91
2,30,40,2,2,2
1,91,991,91,91,91
1,30,16,1,2,1
2,30,13,2,2,2
2,10,18,1,1,2
2,93,21,93,93,93
1,91,991,91,91,91
2,91,991,91,91,91
2,93,35,93,93,93
1,91,991,91,91,91
1,98,9,98,98,98
1,91,991,91,91,91
2,93,13,93,93,93
2,93,997,93,93,93
2,91,991,91,91,91
2,91,991,91,91,91
2,91,991,91,91,91
2,91,991,91,91,91
1,91,991,91,91,91
2,1,14,1,2,2
2,93,12,93,93,93
2,91,991,91,91,91
2,93,21,93,93,93
2,93,20,93,93,93
2,26,19,1,2,2
1,30,15,1,2,2
2,93,16,93,93,93
2,93,15,93,93,93
2,93,15,93,93,93
2,93,15,93,93,93
1,93,17,93,93,93
2,91,991,91,91,91
2,93,17,93,93,93
1,1,22,1,2,2
1,91,991,91,91,91
2,91,991,91,91,91
2,93,21,93,93,93
1,93,20,93,93,93
1,91,991,91,91,91
2,1,20,1,2,2
2,91,991,91,91,91
2,93,49,93,93,93
2,91,991,91,91,91
2,93,16,93,93,93
1,91,991,91,91,91
1,91,991,91,91,91
1,93,17,93,93,93
2,91,991,91,91,91
2,93,16,93,93,93
2,91,991,91,91,91
1,22,18,1,2,1
1,91,991,91,91,91
2,93,29,93,93,93
2,93,23,93,93,93
2,91,991,91,91,91
2,91,991,91,91,91
1,91,991,91,91,91
1,98,37,98,98,98
2,91,991,91,91,91
2,93,19,93,93,93
2,91,991,91,91,91
2,91,991,91,91,91
1,91,991,91,91,91
1,20,17,1,1,1
2,26,16,1,1,1
1,93,14,93,93,93
1,91,991,91,91,91
2,93,15,93,93,93
2,91,991,91,91,91
2,91,991,91,91,91
2,93,17,93,93,93
2,30,16,1,2,2
2,91,991,91,91,91
1,93,17,93,93,93
1,91,991,91,91,91
1,91,991,91,91,91
1,93,15,93,93,93
1,93,18,93,93,93
1,91,991,91,91,91
2,91,991,91,91,91
1,2,17,1,2,2
1,91,991,91,91,91
1,91,991,91,91,91
1,30,13,1,2,2
2,91,991,91,91,91
2,93,13,93,93,93
2,91,991,91,91,91
2,91,991,91,91,91
1,93,15,93,93,93
2,91,991,91,91,91
2,91,991,91,91,91
2,91,991,91,91,91
2,91,991,91,91,91
1,93,12,93,93,93
1,91,991,91,91,91
1,91,991,91,91,91
1,93,21,93,93,93
2,93,16,93,93,93
1,91,991,91,91,91
2,93,18,93,93,93
2,5,16,1,2,2
1,91,991,91,91,91
1,93,14,93,93,93
2,91,991,91,91,91
1,93,18,93,93,93
2,91,991,91,91,91
1,91,991,91,91,91
1,93,21,93,93,93
1,25,16,1,2,2
1,93,21,93,93,93
2,20,15,1,2,1
1,91,991,91,91,91
2,91,991,91,91,91
1,3,20,1,2,1
1,93,22,93,93,93
2,93,15,93,93,93
2,91,991,91,91,91
2,91,991,91,91,91
2,91,991,91,91,91
2,93,24,93,93,93
1,91,991,91,91,91
1,91,991,91,91,91
2,91,991,91,91,91
1,91,991,91,91,91
1,91,991,91,91,91
1,91,991,91,91,91
2,2,19,2,2,1
2,91,991,91,91,91
2,91,991,91,91,91
2,98,18,98,98,98
1,30,12,1,1,1
1,93,18,93,93,93
1,27,16,1,2,2
2,91,991,91,91,91
2,91,991,91,91,91
2,93,20,93,93,93
1,93,13,93,93,93
2,91,991,91,91,91
2,91,991,91,91,91
2,93,13,93,93,93
2,6,21,1,2,2
1,93,21,93,93,93
2,91,991,91,91,91
1,93,19,93,93,93
2,91,991,91,91,91
2,91,991,91,91,91
1,93,12,93,93,93
1,91,991,91,91,91
1,91,991,91,91,91
2,91,991,91,91,91
2,25,19,1,1,1
2,93,23,93,93,93
2,93,36,93,93,93
1,93,13,93,93,93
1,30,18,1,1,2
2,93,19,93,93,93
1,93,15,93,93,93
2,2,16,2,1,1
1,93,20,93,93,93
1,91,991,91,91,91
1,91,991,91,91,91
1,91,991,91,91,91
1,30,16,1,1,1
2,91,991,91,91,91
1,91,991,91,91,91
1,30,21,1,2,2
2,91,991,91,91,91
1,91,991,91,91,91
2,93,15,93,93,93
1,91,991,91,91,91
2,93,16,93,93,93
2,91,991,91,91,91
1,91,991,91,91,91
1,3,18,2,1,1
1,91,991,91,91,91
2,91,991,91,91,91
1,91,991,91,91,91
2,1,21,2,1,2
1,1,21,1,2,2
1,93,30,93,93,93
1,91,991,91,91,91
1,91,991,91,91,91
2,30,15,1,1,2
2,91,991,91,91,91
1,91,991,91,91,91
2,93,16,93,93,93
2,93,6,93,93,93
2,1,20,2,2,1
1,91,991,91,91,91
1,1,18,2,2,1
2,91,991,91,91,91
2,1,12,2,1,2
2,91,991,91,91,91
2,91,991,91,91,91
1,1,17,1,2,1
2,91,991,91,91,91
2,91,991,91,91,91
1,30,10,1,1,1
2,91,991,91,91,91
2,91,991,91,91,91
2,3,12,1,2,2
2,93,15,93,93,93
2,91,991,91,91,91
2,2,18,2,2,1
2,91,991,91,91,91
2,93,15,93,93,93
1,93,16,93,93,93
1,93,16,93,93,93
1,30,13,1,1,2
1,91,991,91,91,91
2,91,991,91,91,91
2,93,16,93,93,93
2,91,991,91,91,91
2,93,17,93,93,93
2,91,991,91,91,91
1,93,17,93,93,93
1,91,991,91,91,91
2,91,991,91,91,91
1,93,17,93,93,93
1,93,16,93,93,93
1,91,991,91,91,91
2,93,16,93,93,93
1,91,991,91,91,91
1,30,15,1,1,2
2,91,991,91,91,91
1,91,991,91,91,91
1,91,991,91,91,91
1,93,17,93,93,93
2,93,13,93,93,93
2,93,18,93,93,93
1,27,18,1,2,2
2,93,15,93,93,93
2,91,991,91,91,91
1,91,991,91,91,91
1,91,991,91,91,91
2,91,991,91,91,91
2,93,28,93,93,93
2,91,991,91,91,91
2,91,991,91,91,91
1,93,16,93,93,93
1,93,19,93,93,93
2,91,991,91,91,91
1,93,16,93,93,93
2,93,17,93,93,93
1,91,991,91,91,91
2,93,15,93,93,93
2,91,991,91,91,91
1,91,991,91,91,91
2,30,13,1,1,1
2,91,991,91,91,91
2,93,16,93,93,93
2,93,40,93,93,93
2,93,20,93,93,93
2,91,991,91,91,91
2,93,17,93,93,93
1,3,21,1,2,2
2,91,991,91,91,91
2,91,991,91,91,91
2,93,25,93,93,93
2,93,17,93,93,93
2,91,991,91,91,91
2,93,38,93,93,93
2,91,991,91,91,91
2,91,991,91,91,91
2,30,14,1,2,2
1,91,991,91,91,91
2,91,991,91,91,91
2,93,994,93,93,93
1,91,991,91,91,91
2,93,55,93,93,93
1,91,991,91,91,91
1,30,15,1,2,2
1,91,991,91,91,91
1,91,991,91,91,91
1,91,991,91,91,91
2,93,22,93,93,93
1,93,17,93,93,93
2,93,22,93,93,93
2,93,16,93,93,93
1,91,991,91,91,91
2,91,991,91,91,91
2,91,991,91,91,91
1,91,991,91,91,91
1,12,17,1,1,2
1,91,991,91,91,91
2,93,16,93,93,93
1,91,991,91,91,91
1,3,16,1,1,2
2,93,17,93,93,93
1,91,991,91,91,91
2,93,17,93,93,93
2,91,991,91,91,91
2,91,991,91,91,91
2,91,991,91,91,91
2,91,991,91,91,91
1,7,14,1,2,2
2,91,991,91,91,91
1,25,15,1,1,1
2,91,991,91,91,91
1,91,991,91,91,91
2,93,21,93,93,93
2,91,991,91,91,91
1,91,991,91,91,91
2,91,991,91,91,91
1,30,22,1,2,2
2,91,991,91,91,91
2,91,991,91,91,91
2,93,20,93,93,93
1,93,18,93,93,93
1,93,17,93,93,93
2,91,991,91,91,91
2,93,18,93,93,93
1,91,991,91,91,91
1,91,991,91,91,91
2,93,13,93,93,93
2,91,991,91,91,91
2,91,991,91,91,91
2,91,991,91,91,91
1,30,22,1,1,2
2,93,15,93,93,93
2,91,991,91,91,91
2,91,991,91,91,91
1,93,17,93,93,93
2,93,14,93,93,93
1,5,12,3,2,2
2,91,991,91,91,91
1,91,991,91,91,91
2,91,991,91,91,91
2,91,991,91,91,91
2,91,991,91,91,91
1,20,15,1,1,1
2,93,17,93,93,93
1,91,991,91,91,91
2,30,12,1,2,1
1,93,14,93,93,93
1,25,13,1,1,2
2,93,18,93,93,93
1,93,24,93,93,93
2,93,19,93,93,93
2,91,991,91,91,91
2,93,35,93,93,93
2,93,15,93,93,93
1,30,17,2,1,2
1,91,991,91,91,91
1,91,991,91,91,91
2,93,18,93,93,93
2,91,991,91,91,91
2,6,16,1,2,2
1,93,22,93,93,93
2,91,991,91,91,91
2,93,16,93,93,93
2,93,17,93,93,93
2,91,991,91,91,91
1,91,991,91,91,91
2,91,991,91,91,91
2,91,991,91,91,91
2,91,991,91,91,91
1,20,18,1,2,1
1,30,14,1,2,1
1,91,991,91,91,91
1,91,991,91,91,91
1,91,991,91,91,91
1,91,991,91,91,91
2,93,27,93,93,93
2,93,16,93,93,93
1,93,18,93,93,93
2,93,19,93,93,93
2,91,991,91,91,91
1,1,18,1,1,2
2,91,991,91,91,91
2,91,991,91,91,91
2,91,991,91,91,91
1,93,20,93,93,93
2,91,991,91,91,91
2,91,991,91,91,91
1,93,14,93,93,93
1,91,991,91,91,91
1,91,991,91,91,91
2,93,21,93,93,93
2,91,991,91,91,91
1,20,16,1,1,2
2,91,991,91,91,91
2,91,991,91,91,91
1,91,991,91,91,91
2,91,991,91,91,91
2,91,991,91,91,91
2,1,19,2,2,1
1,91,991,91,91,91
2,91,991,91,91,91
1,4,20,1,2,2
2,25,18,1,1,2
2,91,991,91,91,91
1,91,991,91,91,91
1,91,991,91,91,91
2,91,991,91,91,91
1,91,991,91,91,91
2,93,42,93,93,93
1,91,991,91,91,91
1,93,15,93,93,93
1,93,22,93,93,93
2,93,18,93,93,93
2,91,991,91,91,91
1,93,18,93,93,93
1,93,12,93,93,93
1,93,18,93,93,93
1,12,25,1,2,1
2,93,16,93,93,93
1,91,991,91,91,91
2,91,991,91,91,91
2,91,991,91,91,91
1,91,991,91,91,91
1,30,16,1,2,2
1,91,991,91,91,91
1,1,16,1,2,2
1,30,33,1,1,2
1,91,991,91,91,91
2,91,991,91,91,91
1,91,991,91,91,91
1,91,991,91,91,91
2,93,18,93,93,93
1,30,11,1,1,2
2,91,991,91,91,91
2,15,17,1,1,2
2,91,991,91,91,91
2,93,18,93,93,93
2,91,991,91,91,91
1,91,991,91,91,91
1,91,991,91,91,91
1,91,991,91,91,91
1,93,14,93,93,93
2,2,16,1,2,2
2,1,18,2,2,1
2,93,14,93,93,93
1,93,25,93,93,93
1,91,991,91,91,91
1,93,18,93,93,93
2,93,17,93,93,93
2,91,991,91,91,91
1,93,16,93,93,93
2,7,15,1,2,2
1,93,17,93,93,93
1,91,991,91,91,91
2,91,991,91,91,91
2,91,991,91,91,91
1,91,991,91,91,91
2,91,991,91,91,91
1,91,991,91,91,91
2,91,991,91,91,91
2,91,991,91,91,91
1,91,991,91,91,91
2,91,991,91,91,91
1,91,991,91,91,91
2,91,991,91,91,91
1,91,991,91,91,91
2,2,15,1,2,2
1,15,18,1,2,2
2,91,991,91,91,91
1,91,991,91,91,91
1,91,991,91,91,91
1,91,991,91,91,91
2,91,991,91,91,91
2,93,39,93,93,93
1,93,17,93,93,93
2,91,991,91,91,91
2,91,991,91,91,91
2,91,991,91,91,91
1,30,24,2,1,2
1,91,991,91,91,91
2,91,991,91,91,91
1,2,17,1,2,1
2,91,991,91,91,91
2,91,991,91,91,91
1,91,991,91,91,91
1,93,16,93,93,93
1,27,16,1,1,2
1,91,991,91,91,91
1,93,14,93,93,93
1,91,991,91,91,91
1,91,991,91,91,91
2,93,21,93,93,93
2,91,991,91,91,91
2,93,16,93,93,93
1,91,991,91,91,91
1,93,18,93,93,93
2,1,21,1,2,2
1,91,991,91,91,91
2,28,12,1,2,1
2,91,991,91,91,91
1,91,991,91,91,91
2,93,15,93,93,93
1,91,991,91,91,91
2,91,991,91,91,91
2,93,18,93,93,93
2,91,991,91,91,91
1,93,20,93,93,93
2,4,23,2,2,1
1,91,991,91,91,91
2,91,991,91,91,91
1,93,35,93,93,93
2,93,19,93,93,93
1,93,40,93,93,93
2,91,991,91,91,91
1,91,991,91,91,91
2,91,991,91,91,91
2,91,991,91,91,91
2,91,991,91,91,91
1,91,991,91,91,91
1,91,991,91,91,91
1,93,16,93,93,93
1,93,16,93,93,93
1,91,991,91,91,91
1,98,25,98,98,98
1,93,15,93,93,93
1,91,991,91,91,91
2,91,991,91,91,91
1,91,991,91,91,91
2,91,991,91,91,91
1,93,26,93,93,93
2,91,991,91,91,91
1,1,19,1,2,2
2,91,991,91,91,91
1,93,21,93,93,93
2,91,991,91,91,91
2,3,11,1,1,1
2,91,991,91,91,91
1,93,19,93,93,93
2,91,991,91,91,91
2,91,991,91,91,91
2,91,991,91,91,91
2,91,991,91,91,91
1,91,991,91,91,91
2,91,991,91,91,91
1,10,15,1,1,2
1,91,991,91,91,91
2,1,15,5,5,5
2,91,991,91,91,91
1,91,991,91,91,91
2,93,12,93,93,93
1,93,21,93,93,93
1,93,20,93,93,93
2,93,13,93,93,93
2,25,18,1,2,2
1,91,991,91,91,91
2,91,991,91,91,91
1,91,991,91,91,91
2,1,20,2,1,2
2,93,28,93,93,93
2,91,991,91,91,91
1,5,22,1,2,2
1,91,991,91,91,91
1,12,21,2,1,2
2,93,18,93,93,93
2,93,24,93,93,93
2,93,15,93,93,93
1,93,20,93,93,93
1,91,991,91,91,91
1,93,20,93,93,93
2,93,18,93,93,93
2,91,991,91,91,91
2,93,19,93,93,93
2,91,991,91,91,91
2,91,991,91,91,91
1,91,991,91,91,91
2,91,991,91,91,91
2,91,991,91,91,91
1,93,16,93,93,93
1,5,9,1,1,2
2,93,16,93,93,93
1,91,991,91,91,91
2,30,14,1,2,2
2,91,991,91,91,91
2,91,991,91,91,91
1,91,991,91,91,91
1,91,991,91,91,91
1,6,22,2,1,1
2,91,991,91,91,91
2,91,991,91,91,91
1,1,13,1,2,1
1,93,19,93,93,93
1,91,991,91,91,91
2,91,991,91,91,91
1,91,991,91,91,91
2,93,18,93,93,93
2,93,13,93,93,93
2,91,991,91,91,91
1,91,991,91,91,91
2,91,991,91,91,91
1,91,991,91,91,91
2,93,28,93,93,93
1,91,991,91,91,91
1,91,991,91,91,91
2,91,991,91,91,91
1,91,991,91,91,91
1,6,16,2,2,1
2,93,17,93,93,93
2,91,991,91,91,91
1,93,16,93,93,93
1,98,18,98,98,98
2,91,991,91,91,91
2,3,16,1,1,2
2,93,18,93,93,93
1,30,12,1,1,1
2,28,34,2,2,1
1,91,991,91,91,91
1,2,14,1,2,1
2,91,991,91,91,91
2,93,25,93,93,93
2,93,16,93,93,93
1,91,991,91,91,91
1,93,14,93,93,93
1,91,991,91,91,91
1,93,15,93,93,93
2,91,991,91,91,91
1,30,19,1,2,2
1,93,20,93,93,93
1,91,991,91,91,91
2,91,991,91,91,91
2,91,991,91,91,91
2,93,21,93,93,93
2,93,27,93,93,93
1,91,991,91,91,91
1,93,13,93,93,93
2,91,991,91,91,91
1,93,16,93,93,93
1,15,14,1,1,1
2,91,991,91,91,91
2,91,991,91,91,91
2,91,991,91,91,91
2,91,991,91,91,91
1,91,991,91,91,91
1,91,991,91,91,91
1,93,19,93,93,93
2,91,991,91,91,91
1,91,991,91,91,91
2,91,991,91,91,91
2,91,991,91,91,91
1,30,21,1,2,2
1,2,14,1,2,2
2,91,991,91,91,91
2,91,991,91,91,91
1,91,991,91,91,91
2,93,23,93,93,93
2,30,13,1,2,2
2,91,991,91,91,91
1,91,991,91,91,91
2,93,13,93,93,93
2,91,991,91,91,91
1,91,991,91,91,91
1,30,13,1,2,2
1,91,991,91,91,91
2,91,991,91,91,91
1,91,991,91,91,91
2,91,991,91,91,91
2,93,15,93,93,93
1,93,18,93,93,93
1,91,991,91,91,91
2,93,19,93,93,93
2,91,991,91,91,91
1,91,991,91,91,91
1,91,991,91,91,91
2,93,15,93,93,93
2,91,991,91,91,91
1,93,20,93,93,93
1,93,16,93,93,93
1,91,991,91,91,91
2,91,991,91,91,91
1,93,17,93,93,93
1,91,991,91,91,91
2,91,991,91,91,91
2,91,991,91,91,91
2,93,17,93,93,93
1,91,991,91,91,91
2,91,991,91,91,91
1,91,991,91,91,91
1,93,14,93,93,93
2,91,991,91,91,91
1,91,991,91,91,91
1,91,991,91,91,91
1,91,991,91,91,91
2,91,991,91,91,91
1,91,991,91,91,91
2,91,991,91,91,91
1,91,991,91,91,91
1,93,18,93,93,93
2,93,18,93,93,93
1,93,18,93,93,93
2,93,20,93,93,93
1,91,991,91,91,91
2,6,16,2,1,2
1,93,15,93,93,93
2,91,991,91,91,91
2,93,18,93,93,93
1,93,21,93,93,93
1,91,991,91,91,91
1,93,40,93,93,93
1,93,25,93,93,93
2,7,21,1,2,2
2,91,991,91,91,91
1,91,991,91,91,91
1,93,18,93,93,93
2,5,12,1,2,1
1,91,991,91,91,91
1,30,14,1,2,2
1,91,991,91,91,91
1,5,15,1,2,2
2,91,991,91,91,91
1,93,17,93,93,93
1,91,991,91,91,91
1,91,991,91,91,91
1,91,991,91,91,91
1,26,14,1,1,2
2,93,30,93,93,93
2,93,17,93,93,93
2,93,16,93,93,93
1,91,991,91,91,91
2,91,991,91,91,91
1,91,991,91,91,91
1,30,16,1,1,2
1,5,18,1,2,2
2,93,15,93,93,93
1,93,18,93,93,93
1,91,991,91,91,91
2,91,991,91,91,91
1,91,991,91,91,91
1,93,19,93,93,93
1,91,991,91,91,91
2,91,991,91,91,91
2,91,991,91,91,91
2,12,15,1,2,2
2,2,21,1,2,1
2,2,21,1,2,2
2,91,991,91,91,91
1,91,991,91,91,91
1,91,991,91,91,91
2,93,35,93,93,93
2,91,991,91,91,91
2,91,991,91,91,91
2,93,12,93,93,93
1,93,20,93,93,93
2,91,991,91,91,91
1,91,991,91,91,91
2,91,991,91,91,91
1,91,991,91,91,91
1,93,18,93,93,93
1,20,15,1,1,1
2,93,62,93,93,93
2,93,25,93,93,93
2,91,991,91,91,91
1,26,20,1,2,2
1,91,991,91,91,91
2,93,14,93,93,93
2,30,13,1,2,1
1,91,991,91,91,91
2,91,991,91,91,91
2,93,16,93,93,93
1,91,991,91,91,91
1,30,14,1,2,2
2,93,20,93,93,93
1,91,991,91,91,91
1,91,991,91,91,91
2,91,991,91,91,91
1,91,991,91,91,91
2,93,13,93,93,93
2,1,18,2,1,2
2,91,991,91,91,91
1,30,19,1,2,1
2,93,16,93,93,93
1,93,994,93,93,93
2,91,991,91,91,91
2,91,991,91,91,91
2,93,22,93,93,93
2,91,991,91,91,91
2,91,991,91,91,91
1,91,991,91,91,91
2,30,17,1,2,2
2,91,991,91,91,91
1,91,991,91,91,91
1,91,991,91,91,91
2,91,991,91,91,91
2,91,991,91,91,91
2,93,17,93,93,93
2,91,991,91,91,91
2,93,20,93,93,93
1,20,14,1,2,1
2,91,991,91,91,91
2,93,16,93,93,93
1,17,15,1,2,2
2,91,991,91,91,91
2,91,991,91,91,91
1,91,991,91,91,91
2,2,52,1,2,1
1,93,17,93,93,93
1,91,991,91,91,91
2,91,991,91,91,91
2,93,12,93,93,93
2,91,991,91,91,91
1,93,15,93,93,93
2,91,991,91,91,91
1,91,991,91,91,91
1,93,17,93,93,93
2,93,14,93,93,93
2,91,991,91,91,91
2,91,991,91,91,91
2,93,16,93,93,93
2,91,991,91,91,91
2,14,12,2,2,2
1,26,13,1,1,1
2,6,23,2,1,1
1,93,16,93,93,93
1,91,991,91,91,91
2,93,14,93,93,93
1,91,991,91,91,91
1,91,991,91,91,91
1,91,991,91,91,91
2,91,991,91,91,91
2,93,14,93,93,93
1,91,991,91,91,91
2,93,14,93,93,93
1,91,991,91,91,91
2,91,991,91,91,91
2,1,25,2,2,1
2,93,17,93,93,93
2,91,991,91,91,91
1,93,15,93,93,93
2,91,991,91,91,91
1,91,991,91,91,91
2,91,991,91,91,91
2,93,21,93,93,93
2,93,26,93,93,93
2,91,991,91,91,91
2,93,14,93,93,93
1,91,991,91,91,91
2,91,991,91,91,91
2,98,998,98,98,98
2,91,991,91,91,91
2,20,18,1,2,1
1,91,991,91,91,91
2,91,991,91,91,91
1,93,15,93,93,93
2,27,15,1,1,1
1,91,991,91,91,91
1,91,991,91,91,91
2,93,18,93,93,93
1,91,991,91,91,91
1,91,991,91,91,91
1,30,18,2,1,2
2,93,18,93,93,93
1,91,991,91,91,91
1,91,991,91,91,91
2,20,19,1,2,2
2,93,19,93,93,93
1,91,991,91,91,91
1,91,991,91,91,91
2,30,19,1,1,2
2,93,16,93,93,93
2,93,21,93,93,93
1,93,28,93,93,93
2,93,14,93,93,93
1,1,12,1,2,2
2,93,14,93,93,93
1,91,991,91,91,91
2,91,991,91,91,91
2,93,15,93,93,93
1,91,991,91,91,91
1,30,14,1,2,2
2,6,12,1,2,2
1,91,991,91,91,91
1,91,991,91,91,91
2,91,991,91,91,91
2,5,16,1,2,2
1,1,994,2,2,1
2,3,17,2,1,1
1,93,16,93,93,93
2,1,38,2,2,1
2,93,26,93,93,93
2,93,17,93,93,93
1,93,14,93,93,93
1,93,16,93,93,93
2,91,991,91,91,91
2,93,16,93,93,93
1,30,13,1,2,2
2,4,18,1,2,2
2,91,991,91,91,91
2,20,20,1,2,2
2,91,991,91,91,91
1,91,991,91,91,91
2,98,22,98,98,98
2,30,11,1,2,2
2,30,16,1,1,2
2,93,17,93,93,93
1,91,991,91,91,91
1,93,18,93,93,93
1,91,991,91,91,91
2,91,991,91,91,91
1,91,991,91,91,91
2,91,991,91,91,91
1,93,17,93,93,93
2,91,991,91,91,91
2,91,991,91,91,91
2,91,991,91,91,91
2,93,21,93,93,93
1,91,991,91,91,91
2,93,39,93,93,93
1,93,20,93,93,93
1,29,15,1,1,1
2,3,21,1,2,2
2,91,991,91,91,91
1,93,18,93,93,93
1,91,991,91,91,91
1,25,16,1,1,2
2,93,44,93,93,93
2,91,991,91,91,91
2,30,16,1,1,1
2,91,991,91,91,91
1,93,17,93,93,93
2,93,20,93,93,93
2,91,991,91,91,91
1,91,991,91,91,91
2,91,991,91,91,91
2,3,8,1,2,1
1,93,19,93,93,93
2,93,20,93,93,93
1,91,991,91,91,91
1,91,991,91,91,91
2,91,991,91,91,91
1,91,991,91,91,91
1,91,991,91,91,91
1,91,991,91,91,91
1,91,991,91,91,91
1,93,16,93,93,93
1,91,991,91,91,91
2,91,991,91,91,91
1,5,17,1,2,2
1,91,991,91,91,91
1,91,991,91,91,91
1,30,16,1,1,2
1,5,35,2,2,1
2,91,991,91,91,91
2,91,991,91,91,91
2,91,991,91,91,91
2,98,985,98,98,98
1,91,991,91,91,91
2,91,991,91,91,91
2,91,991,91,91,91
1,91,991,91,91,91
1,93,62,93,93,93
1,93,15,93,93,93
2,91,991,91,91,91
2,91,991,91,91,91
2,91,991,91,91,91
1,91,991,91,91,91
2,30,13,2,1,2
2,30,14,1,2,1
2,91,991,91,91,91
2,93,19,93,93,93
2,10,19,1,2,2
1,30,16,1,2,1
1,91,991,91,91,91
2,93,19,93,93,93
2,91,991,91,91,91
1,91,991,91,91,91
1,25,17,1,1,1
2,27,16,1,2,2
2,93,20,93,93,93
1,91,991,91,91,91
2,91,991,91,91,91
2,7,15,2,1,2
1,91,991,91,91,91
1,91,991,91,91,91
2,3,12,2,2,1
2,91,991,91,91,91
2,91,991,91,91,91
2,93,13,93,93,93
2,93,16,93,93,93
1,91,991,91,91,91
2,91,991,91,91,91
1,91,991,91,91,91
1,93,15,93,93,93
2,91,991,91,91,91
2,93,18,93,93,93
1,91,991,91,91,91
2,91,991,91,91,91
1,91,991,91,91,91
2,91,991,91,91,91
2,93,14,93,93,93
2,91,991,91,91,91
1,91,991,91,91,91
1,91,991,91,91,91
1,91,991,91,91,91
1,91,991,91,91,91
2,30,15,1,2,2
1,91,991,91,91,91
2,91,991,91,91,91
1,98,21,98,98,98
2,91,991,91,91,91
2,93,15,93,93,93
2,91,991,91,91,91
2,93,15,93,93,93
2,91,991,91,91,91
2,91,991,91,91,91
1,91,991,91,91,91
2,91,991,91,91,91
2,29,14,1,1,1
1,91,991,91,91,91
1,91,991,91,91,91
1,91,991,91,91,91
1,93,18,93,93,93
1,20,30,1,2,2
2,93,13,93,93,93
2,30,12,1,2,2
1,93,19,93,93,93
2,1,14,1,1,2
2,93,20,93,93,93
1,91,991,91,91,91
1,93,18,93,93,93
1,6,18,2,2,2
2,91,991,91,91,91
1,93,25,93,93,93
2,91,991,91,91,91
1,93,19,93,93,93
2,30,16,1,2,1
2,91,991,91,91,91
2,91,991,91,91,91
2,3,19,2,2,1
1,91,991,91,91,91
1,93,26,93,93,93
2,91,991,91,91,91
2,91,991,91,91,91
1,91,991,91,91,91
1,93,52,93,93,93
1,91,991,91,91,91
1,93,20,93,93,93
2,91,991,91,91,91
2,93,16,93,93,93
1,6,16,1,2,2
2,91,991,91,91,91
2,93,15,93,93,93
2,91,991,91,91,91
2,91,991,91,91,91
2,30,11,1,1,1
2,91,991,91,91,91
2,93,15,93,93,93
2,93,17,93,93,93
1,1,14,2,2,1
1,91,991,91,91,91
1,91,991,91,91,91
2,91,991,91,91,91
1,91,991,91,91,91
2,93,15,93,93,93
1,93,20,93,93,93
1,93,16,93,93,93
1,91,991,91,91,91
2,15,16,1,1,1
2,91,991,91,91,91
1,91,991,91,91,91
1,91,991,91,91,91
2,91,991,91,91,91
2,26,13,1,1,1
1,93,21,93,93,93
2,30,15,1,2,2
2,91,991,91,91,91
2,91,991,91,91,91
2,93,24,93,93,93
2,91,991,91,91,91
2,91,991,91,91,91
2,93,18,93,93,93
1,91,991,91,91,91
1,93,25,93,93,93
2,91,991,91,91,91
2,91,991,91,91,91
2,93,18,93,93,93
1,1,16,1,2,2
2,91,991,91,91,91
2,91,991,91,91,91
2,93,18,93,93,93
1,91,991,91,91,91
2,91,991,91,91,91
1,91,991,91,91,91
1,1,12,1,2,2
1,30,11,1,2,2
1,91,991,91,91,91
1,91,991,91,91,91
2,91,991,91,91,91
1,91,991,91,91,91
1,93,14,93,93,93
2,91,991,91,91,91
1,93,18,93,93,93
2,91,991,91,91,91
1,20,20,1,2,2
1,93,17,93,93,93
2,91,991,91,91,91
2,30,11,1,2,1
1,91,991,91,91,91
2,91,991,91,91,91
1,91,991,91,91,91
2,91,991,91,91,91
2,93,23,93,93,93
2,93,13,93,93,93
2,30,16,1,1,2
2,91,991,91,91,91
1,93,20,93,93,93
2,91,991,91,91,91
1,93,26,93,93,93
1,30,17,1,2,2
2,91,991,91,91,91
2,91,991,91,91,91
1,91,991,91,91,91
2,91,991,91,91,91
2,93,15,93,93,93
1,93,17,93,93,93
1,28,14,1,1,2
1,93,20,93,93,93
1,91,991,91,91,91
2,93,21,93,93,93
2,93,18,93,93,93
1,91,991,91,91,91
2,93,33,93,93,93
1,93,13,93,93,93
2,1,40,1,2,2
2,93,15,93,93,93
1,91,991,91,91,91
2,91,991,91,91,91
1,93,14,93,93,93
1,93,23,93,93,93
2,91,991,91,91,91
1,91,991,91,91,91
1,91,991,91,91,91
1,91,991,91,91,91
2,91,991,91,91,91
2,28,16,1,2,2
2,91,991,91,91,91
2,91,991,91,91,91
2,91,991,91,91,91
1,93,21,93,93,93
2,91,991,91,91,91
2,91,991,91,91,91
2,91,991,91,91,91
2,93,16,93,93,93
2,93,16,93,93,93
2,91,991,91,91,91
1,91,991,91,91,91
1,91,991,91,91,91
2,91,991,91,91,91
1,91,991,91,91,91
2,91,991,91,91,91
2,93,13,93,93,93
1,91,991,91,91,91
2,91,991,91,91,91
1,4,15,1,2,1
1,30,11,1,1,2
2,91,991,91,91,91
2,93,16,93,93,93
2,30,13,1,1,1
1,7,18,1,2,2
1,93,41,93,93,93
2,91,991,91,91,91
2,91,991,91,91,91
2,2,16,1,2,1
2,91,991,91,91,91
2,93,16,93,93,93
2,93,16,93,93,93
1,91,991,91,91,91
2,91,991,91,91,91
2,91,991,91,91,91
1,91,991,91,91,91
1,91,991,91,91,91
2,91,991,91,91,91
1,93,18,93,93,93
1,91,991,91,91,91
1,93,17,93,93,93
2,5,16,2,1,2
1,91,991,91,91,91
1,93,19,93,93,93
2,93,16,93,93,93
2,93,15,93,93,93
2,91,991,91,91,91
1,91,991,91,91,91
1,93,11,93,93,93
2,93,23,93,93,93
2,93,26,93,93,93
2,91,991,91,91,91
2,91,991,91,91,91
2,91,991,91,91,91
1,91,991,91,91,91
1,91,991,91,91,91
1,91,991,91,91,91
2,93,17,93,93,93
2,93,17,93,93,93
2,93,14,93,93,93
1,91,991,91,91,91
1,91,991,91,91,91
2,93,16,93,93,93
1,93,20,93,93,93
1,91,991,91,91,91
2,91,991,91,91,91
2,91,991,91,91,91
2,93,18,93,93,93
2,91,991,91,91,91
1,93,15,93,93,93
1,91,991,91,91,91
2,91,991,91,91,91
2,91,991,91,91,91
1,91,991,91,91,91
1,91,991,91,91,91
2,93,13,93,93,93
1,91,991,91,91,91
1,91,991,91,91,91
2,93,21,93,93,93
1,93,21,93,93,93
1,91,991,91,91,91
2,91,991,91,91,91
1,91,991,91,91,91
2,91,991,91,91,91
2,5,12,1,2,2
2,93,14,93,93,93
1,93,40,93,93,93
2,91,991,91,91,91
1,91,991,91,91,91
1,91,991,91,91,91
2,29,30,2,1,1
1,91,991,91,91,91
1,91,991,91,91,91
2,91,991,91,91,91
2,91,991,91,91,91
2,91,991,91,91,91
1,5,14,1,2,2
1,91,991,91,91,91
1,91,991,91,91,91
2,93,12,93,93,93
2,91,991,91,91,91
2,91,991,91,91,91
2,91,991,91,91,91
1,9,17,1,2,1
1,91,991,91,91,91
1,91,991,91,91,91
2,91,991,91,91,91
1,91,991,91,91,91
1,3,18,1,2,2
2,91,991,91,91,91
1,22,19,1,1,1
1,91,991,91,91,91
2,93,13,93,93,93
2,2,14,2,1,1
2,91,991,91,91,91
1,91,991,91,91,91
2,91,991,91,91,91
1,10,14,1,2,2
1,91,991,91,91,91
2,91,991,91,91,91
1,91,991,91,91,91
2,91,991,91,91,91
2,91,991,91,91,91
1,91,991,91,91,91
1,25,16,1,1,1
1,3,16,1,2,2
1,91,991,91,91,91
1,91,991,91,91,91
2,5,14,1,2,2
1,91,991,91,91,91
2,30,15,1,1,1
1,91,991,91,91,91
1,1,20,1,2,2
2,91,991,91,91,91
1,1,43,2,2,1
1,91,991,91,91,91
1,93,20,93,93,93
2,91,991,91,91,91
1,91,991,91,91,91
1,91,991,91,91,91
1,10,17,1,2,1
1,91,991,91,91,91
1,91,991,91,91,91
2,91,991,91,91,91
2,93,21,93,93,93
2,91,991,91,91,91
1,91,991,91,91,91
2,91,991,91,91,91
1,91,991,91,91,91
2,91,991,91,91,91
2,30,12,1,2,2
1,93,18,93,93,93
1,93,994,93,93,93
2,30,22,1,1,1
2,98,998,98,98,98
2,91,991,91,91,91
1,93,15,93,93,93
1,91,991,91,91,91
1,91,991,91,91,91
2,93,18,93,93,93
1,93,17,93,93,93
2,15,18,1,1,2
2,93,21,93,93,93
2,91,991,91,91,91
2,91,991,91,91,91
1,93,14,93,93,93
2,30,14,1,1,2
2,91,991,91,91,91
2,30,20,1,1,1
1,91,991,91,91,91
1,91,991,91,91,91
1,29,16,1,2,2
2,91,991,91,91,91
1,91,991,91,91,91
2,93,14,93,93,93
2,93,24,93,93,93
2,98,985,98,98,98
2,91,991,91,91,91
2,93,21,93,93,93
2,91,991,91,91,91
1,91,991,91,91,91
1,29,19,1,1,2
2,91,991,91,91,91
1,91,991,91,91,91
2,91,991,91,91,91
2,91,991,91,91,91
1,3,10,1,1,1
1,30,15,1,1,2
1,91,991,91,91,91
1,91,991,91,91,91
1,28,18,1,2,1
2,93,13,93,93,93
1,91,991,91,91,91
1,91,991,91,91,91
1,93,13,93,93,93
1,93,16,93,93,93
1,20,13,1,1,2
2,91,991,91,91,91
2,5,18,1,2,2
1,91,991,91,91,91
2,93,15,93,93,93
2,93,15,93,93,93
2,20,17,1,2,2
1,2,18,1,2,1
1,93,18,93,93,93
2,91,991,91,91,91
2,91,991,91,91,91
1,91,991,91,91,91
2,91,991,91,91,91
1,22,14,1,2,2
2,93,20,93,93,93
2,93,20,93,93,93
1,12,18,1,2,1
1,91,991,91,91,91
2,93,18,93,93,93
2,91,991,91,91,91
1,2,18,1,2,2
1,91,991,91,91,91
2,91,991,91,91,91
1,91,991,91,91,91
1,93,20,93,93,93
1,93,12,93,93,93
1,93,16,93,93,93
2,91,991,91,91,91
2,2,14,1,1,2
1,91,991,91,91,91
1,30,12,1,1,1
2,10,25,1,1,2
2,93,12,93,93,93
2,91,991,91,91,91
1,93,16,93,93,93
2,91,991,91,91,91
2,93,15,93,93,93
1,93,16,93,93,93
2,93,13,93,93,93
2,1,15,1,2,2
1,91,991,91,91,91
2,91,991,91,91,91
2,93,18,93,93,93
2,93,21,93,93,93
2,93,19,93,93,93
2,91,991,91,91,91
1,91,991,91,91,91
1,30,16,1,2,2
1,93,21,93,93,93
1,98,16,98,98,98
2,91,991,91,91,91
1,91,991,91,91,91
1,91,991,91,91,91
1,91,991,91,91,91
1,91,991,91,91,91
2,91,991,91,91,91
1,91,991,91,91,91
2,91,991,91,91,91
2,93,16,93,93,93
2,91,991,91,91,91
1,30,16,1,2,2
2,25,17,1,2,1
1,91,991,91,91,91
2,91,991,91,91,91
2,30,13,1,1,1
1,91,991,91,91,91
1,91,991,91,91,91
2,91,991,91,91,91
2,5,18,2,1,2
1,10,11,1,1,1
1,91,991,91,91,91
2,91,991,91,91,91
1,93,15,93,93,93
1,91,991,91,91,91
1,91,991,91,91,91
2,91,991,91,91,91
2,93,15,93,93,93
2,91,991,91,91,91
1,93,16,93,93,93
1,93,18,93,93,93
2,93,21,93,93,93
2,91,991,91,91,91
2,91,991,91,91,91
2,91,991,91,91,91
2,91,991,91,91,91
2,91,991,91,91,91
1,91,991,91,91,91
2,93,15,93,93,93
1,93,10,93,93,93
1,91,991,91,91,91
1,93,22,93,93,93
2,93,30,93,93,93
2,93,14,93,93,93
1,93,13,93,93,93
1,91,991,91,91,91
1,93,36,93,93,93
2,91,991,91,91,91
1,93,16,93,93,93
2,93,18,93,93,93
2,91,991,91,91,91
2,25,16,1,1,1
2,91,991,91,91,91
2,91,991,91,91,91
2,2,14,2,2,2
2,1,26,1,2,1
2,91,991,91,91,91
1,91,991,91,91,91
1,91,991,91,91,91
2,93,15,93,93,93
2,93,12,93,93,93
2,91,991,91,91,91
2,91,991,91,91,91
2,91,991,91,91,91
2,93,18,93,93,93
2,1,19,2,2,1
2,28,15,1,2,1
2,91,991,91,91,91
1,93,15,93,93,93
1,91,991,91,91,91
1,91,991,91,91,91
2,91,991,91,91,91
1,93,18,93,93,93
1,91,991,91,91,91
2,93,25,93,93,93
1,91,991,91,91,91
2,91,991,91,91,91
1,30,16,1,2,2
2,93,12,93,93,93
1,30,14,1,1,1
2,91,991,91,91,91
1,91,991,91,91,91
2,93,20,93,93,93
1,93,19,93,93,93
2,7,15,1,1,2
2,91,991,91,91,91
2,91,991,91,91,91
2,91,991,91,91,91
2,93,14,93,93,93
2,91,991,91,91,91
1,91,991,91,91,91
1,91,991,91,91,91
1,91,991,91,91,91
2,91,991,91,91,91
2,93,16,93,93,93
2,91,991,91,91,91
2,93,16,93,93,93
2,93,25,93,93,93
1,91,991,91,91,91
1,91,991,91,91,91
1,93,13,93,93,93
1,91,991,91,91,91
1,91,991,91,91,91
2,91,991,91,91,91
1,13,22,1,2,2
2,91,991,91,91,91
2,93,13,93,93,93
2,17,20,1,1,1
2,91,991,91,91,91
1,91,991,91,91,91
2,91,991,91,91,91
1,91,991,91,91,91
2,93,16,93,93,93
2,91,991,91,91,91
1,30,14,1,2,2
2,93,19,93,93,93
2,91,991,91,91,91
2,30,14,1,1,2
2,91,991,91,91,91
2,93,21,93,93,93
2,91,991,91,91,91
1,91,991,91,91,91
1,91,991,91,91,91
1,91,991,91,91,91
1,91,991,91,91,91
2,2,18,2,2,1
1,28,14,1,2,1
2,91,991,91,91,91
1,91,991,91,91,91
1,91,991,91,91,91
2,27,14,1,2,1
2,10,14,1,2,1
2,91,991,91,91,91
2,28,14,2,1,1
2,91,991,91,91,91
2,91,991,91,91,91
2,91,991,91,91,91
2,91,991,91,91,91
2,91,991,91,91,91
1,91,991,91,91,91
2,93,18,93,93,93
1,27,19,2,1,2
2,93,17,93,93,93
1,91,991,91,91,91
1,10,9,1,1,2
1,93,15,93,93,93
1,93,19,93,93,93
2,91,991,91,91,91
2,91,991,91,91,91
2,91,991,91,91,91
2,91,991,91,91,91
1,93,41,93,93,93
2,9,16,1,1,1
1,93,14,93,93,93
2,91,991,91,91,91
1,91,991,91,91,91
2,91,991,91,91,91
2,93,15,93,93,93
1,93,16,93,93,93
2,91,991,91,91,91
2,93,18,93,93,93
2,30,16,2,2,1
1,91,991,91,91,91
1,91,991,91,91,91
2,93,17,93,93,93
1,91,991,91,91,91
2,30,18,1,1,2
1,91,991,91,91,91
2,91,991,91,91,91
1,91,991,91,91,91
2,93,17,93,93,93
2,91,991,91,91,91
2,91,991,91,91,91
1,91,991,91,91,91
1,93,21,93,93,93
2,91,991,91,91,91
1,91,991,91,91,91
2,93,20,93,93,93
2,93,16,93,93,93
2,93,14,93,93,93
2,91,991,91,91,91
2,30,18,1,1,1
1,1,19,2,2,1
2,93,16,93,93,93
2,93,19,93,93,93
1,93,17,93,93,93
1,91,991,91,91,91
2,91,991,91,91,91
1,91,991,91,91,91
2,93,13,93,93,93
1,93,15,93,93,93
2,91,991,91,91,91
2,91,991,91,91,91
2,91,991,91,91,91
2,91,991,91,91,91
1,91,991,91,91,91
1,91,991,91,91,91
1,91,991,91,91,91
2,93,16,93,93,93
1,93,12,93,93,93
1,1,16,1,2,2
1,91,991,91,91,91
1,1,16,2,2,1
2,93,21,93,93,93
2,7,17,1,2,1
2,93,16,93,93,93
2,93,19,93,93,93
2,93,18,93,93,93
1,91,991,91,91,91
1,91,991,91,91,91
1,93,38,93,93,93
2,91,991,91,91,91
2,91,991,91,91,91
2,30,21,1,2,1
2,91,991,91,91,91
2,20,15,1,2,2
1,91,991,91,91,91
1,5,16,1,2,2
1,91,991,91,91,91
1,25,13,1,1,1
2,93,16,93,93,93
1,30,11,1,2,2
1,91,991,91,91,91
1,91,991,91,91,91
2,91,991,91,91,91
2,91,991,91,91,91
2,91,991,91,91,91
2,3,15,1,2,1
2,93,17,93,93,93
1,91,991,91,91,91
1,91,991,91,91,91
1,1,16,1,2,2
1,91,991,91,91,91
1,30,13,1,1,2
2,91,991,91,91,91
1,91,991,91,91,91
2,91,991,91,91,91
2,91,991,91,91,91
2,30,14,2,1,1
2,93,17,93,93,93
1,91,991,91,91,91
2,93,25,93,93,93
2,91,991,91,91,91
1,91,991,91,91,91
2,91,991,91,91,91
2,27,17,1,1,1
1,91,991,91,91,91
2,91,991,91,91,91
2,91,991,91,91,91
1,93,35,93,93,93
2,91,991,91,91,91
2,93,16,93,93,93
1,30,12,1,2,1
1,30,17,1,2,2
2,91,991,91,91,91
1,91,991,91,91,91
1,91,991,91,91,91
2,91,991,91,91,91
1,91,991,91,91,91
1,10,13,1,2,2
2,91,991,91,91,91
1,91,991,91,91,91
1,91,991,91,91,91
1,7,14,1,2,2
1,91,991,91,91,91
1,91,991,91,91,91
1,91,991,91,91,91
2,93,18,93,93,93
1,91,991,91,91,91
1,91,991,91,91,91
2,91,991,91,91,91
2,3,18,1,2,2
2,91,991,91,91,91
1,91,991,91,91,91
1,93,12,93,93,93
2,93,21,93,93,93
2,91,991,91,91,91
1,30,14,1,1,1
1,30,12,1,1,2
1,98,13,98,98,98
2,93,20,93,93,93
1,28,15,1,1,2
2,91,991,91,91,91
2,93,16,93,93,93
2,15,13,1,2,1
1,14,12,1,2,2
1,91,991,91,91,91
1,93,18,93,93,93
2,93,12,93,93,93
2,93,36,93,93,93
2,93,14,93,93,93
1,91,991,91,91,91
2,91,991,91,91,91
1,91,991,91,91,91
1,93,18,93,93,93
2,93,16,93,93,93
2,91,991,91,91,91
1,93,12,93,93,93
1,93,16,93,93,93
1,91,991,91,91,91
2,91,991,91,91,91
2,91,991,91,91,91
1,91,991,91,91,91
1,91,991,91,91,91
2,91,991,91,91,91
1,91,991,91,91,91
1,97,13,2,1,2
2,91,991,91,91,91
1,91,991,91,91,91
1,91,991,91,91,91
2,8,18,2,1,2
2,10,15,1,1,1
2,93,48,93,93,93
1,91,991,91,91,91
2,93,16,93,93,93
2,91,991,91,91,91
2,91,991,91,91,91
1,91,991,91,91,91
2,91,991,91,91,91
2,91,991,91,91,91
1,93,18,93,93,93
2,93,21,93,93,93
2,91,991,91,91,91
2,93,16,93,93,93
2,91,991,91,91,91
1,91,991,91,91,91
2,93,14,93,93,93
1,93,14,93,93,93
2,93,35,93,93,93
1,91,991,91,91,91
2,5,994,1,2,2
1,91,991,91,91,91
1,91,991,91,91,91
2,2,16,1,1,2
1,91,991,91,91,91
1,93,15,93,93,93
1,91,991,91,91,91
1,91,991,91,91,91
1,30,16,1,1,2
2,91,991,91,91,91
1,1,10,2,1,2
2,93,12,93,93,93
1,91,991,91,91,91
1,91,991,91,91,91
1,12,19,1,2,2
2,91,991,91,91,91
1,91,991,91,91,91
1,91,991,91,91,91
2,91,991,91,91,91
1,91,991,91,91,91
2,91,991,91,91,91
1,91,991,91,91,91
1,93,15,93,93,93
1,91,991,91,91,91
2,14,21,1,2,1
2,91,991,91,91,91
2,93,21,93,93,93
2,1,34,2,2,1
2,91,991,91,91,91
1,91,991,91,91,91
1,91,991,91,91,91
2,91,991,91,91,91
1,91,991,91,91,91
1,30,16,1,2,1
2,93,13,93,93,93
2,3,14,1,2,1
1,93,18,93,93,93
1,25,14,1,1,1
2,91,991,91,91,91
2,93,20,93,93,93
1,91,991,91,91,91
1,91,991,91,91,91
2,93,20,93,93,93
1,91,991,91,91,91
2,91,991,91,91,91
1,93,18,93,93,93
2,91,991,91,91,91
1,91,991,91,91,91
1,93,21,93,93,93
2,93,14,93,93,93
1,91,991,91,91,91
1,30,13,1,2,1
1,93,43,93,93,93
1,1,22,2,2,1
1,91,991,91,91,91
2,93,20,93,93,93
1,91,991,91,91,91
1,91,991,91,91,91
2,91,991,91,91,91
1,91,991,91,91,91
1,3,18,2,2,2
2,1,34,2,2,2
2,93,22,93,93,93
2,91,991,91,91,91
2,93,18,93,93,93
2,93,30,93,93,93
1,93,17,93,93,93
1,93,21,93,93,93
2,16,13,2,2,1
1,10,17,1,2,2
2,91,991,91,91,91
1,93,20,93,93,93
2,91,991,91,91,91
1,93,16,93,93,93
2,91,991,91,91,91
2,91,991,91,91,91
2,91,991,91,91,91
1,93,17,93,93,93
2,91,991,91,91,91
1,91,991,91,91,91
2,91,991,91,91,91
2,91,991,91,91,91
2,91,991,91,91,91
2,91,991,91,91,91
1,91,991,91,91,91
2,91,991,91,91,91
2,91,991,91,91,91
1,91,991,91,91,91
1,91,991,91,91,91
1,91,991,91,91,91
1,91,991,91,91,91
1,93,16,93,93,93
2,91,991,91,91,91
1,91,991,91,91,91
2,91,991,91,91,91
1,91,991,91,91,91
2,91,991,91,91,91
2,93,15,93,93,93
1,91,991,91,91,91
2,10,12,1,2,2
2,91,991,91,91,91
1,93,22,93,93,93
1,93,17,93,93,93
1,91,991,91,91,91
2,91,991,91,91,91
2,93,15,93,93,93
2,91,991,91,91,91
1,91,991,91,91,91
2,3,26,1,2,1
2,91,991,91,91,91
1,91,991,91,91,91
1,91,991,91,91,91
2,93,22,93,93,93
2,93,22,93,93,93
2,93,19,93,93,93
2,93,23,93,93,93
2,14,6,1,2,2
1,91,991,91,91,91
2,91,991,91,91,91
2,91,991,91,91,91
2,91,991,91,91,91
1,91,991,91,91,91
2,91,991,91,91,91
2,91,991,91,91,91
2,91,991,91,91,91
2,91,991,91,91,91
2,30,13,1,1,1
1,91,991,91,91,91
1,91,991,91,91,91
1,93,21,93,93,93
2,91,991,91,91,91
1,93,18,93,93,93
1,91,991,91,91,91
2,91,991,91,91,91
1,93,27,93,93,93
2,30,13,1,2,2
1,15,15,1,2,2
2,1,20,2,1,2
1,91,991,91,91,91
2,91,991,91,91,91
1,91,991,91,91,91
1,93,18,93,93,93
1,91,991,91,91,91
1,91,991,91,91,91
2,91,991,91,91,91
1,91,991,91,91,91
2,93,19,93,93,93
2,91,991,91,91,91
2,30,34,1,1,2
1,93,18,93,93,93
1,91,991,91,91,91
2,91,991,91,91,91
2,2,16,2,2,1
1,30,11,1,2,1
2,93,17,93,93,93
2,93,42,93,93,93
1,15,16,1,2,2
2,91,991,91,91,91
2,93,18,93,93,93
2,93,19,93,93,93
1,91,991,91,91,91
2,91,991,91,91,91
1,93,16,93,93,93
2,91,991,91,91,91
1,1,17,2,2,1
2,93,17,93,93,93
1,30,17,1,1,1
2,91,991,91,91,91
1,91,991,91,91,91
1,91,991,91,91,91
1,91,991,91,91,91
2,91,991,91,91,91
1,91,991,91,91,91
1,1,15,2,1,2
2,91,991,91,91,91
1,93,17,93,93,93
2,28,14,1,1,2
1,91,991,91,91,91
2,91,991,91,91,91
2,93,21,93,93,93
2,91,991,91,91,91
1,91,991,91,91,91
1,91,991,91,91,91
1,91,991,91,91,91
2,91,991,91,91,91
2,93,16,93,93,93
2,91,991,91,91,91
2,91,991,91,91,91
1,5,32,2,2,1
1,91,991,91,91,91
2,91,991,91,91,91
1,16,15,1,2,2
1,20,16,1,1,1
2,91,991,91,91,91
2,98,13,98,98,98
1,91,991,91,91,91
2,91,991,91,91,91
2,93,18,93,93,93
2,91,991,91,91,91
2,91,991,91,91,91
2,91,991,91,91,91
1,91,991,91,91,91
1,91,991,91,91,91
2,91,991,91,91,91
2,98,985,98,98,98
2,91,991,91,91,91
2,91,991,91,91,91
1,91,991,91,91,91
2,93,13,93,93,93
2,91,991,91,91,91
1,91,991,91,91,91
2,93,21,93,93,93
2,91,991,91,91,91
1,91,991,91,91,91
2,93,35,93,93,93
2,91,991,91,91,91
2,91,991,91,91,91
2,93,20,93,93,93
2,93,14,93,93,93
1,93,14,93,93,93
2,1,30,2,1,2
2,93,994,93,93,93
2,4,13,2,1,2
1,91,991,91,91,91
1,91,991,91,91,91
2,91,991,91,91,91
1,93,35,93,93,93
2,91,991,91,91,91
1,91,991,91,91,91
2,93,19,93,93,93
1,91,991,91,91,91
1,93,17,93,93,93
1,97,997,98,98,98
2,93,18,93,93,93
1,91,991,91,91,91
1,93,18,93,93,93
2,93,13,93,93,93
1,91,991,91,91,91
1,91,991,91,91,91
2,91,991,91,91,91
1,91,991,91,91,91
1,91,991,91,91,91
2,91,991,91,91,91
2,93,15,93,93,93
2,93,16,93,93,93
2,91,991,91,91,91
1,93,16,93,93,93
2,91,991,91,91,91
2,93,18,93,93,93
1,93,16,93,93,93
1,91,991,91,91,91
2,93,20,93,93,93
2,91,991,91,91,91
1,93,16,93,93,93
2,93,15,93,93,93
1,91,991,91,91,91
2,91,991,91,91,91
2,91,991,91,91,91
2,91,991,91,91,91
1,91,991,91,91,91
2,93,16,93,93,93
2,91,991,91,91,91
1,91,991,91,91,91
1,93,13,93,93,93
2,93,16,93,93,93
1,93,13,93,93,93
2,93,16,93,93,93
2,91,991,91,91,91
1,91,991,91,91,91
1,91,991,91,91,91
1,93,21,93,93,93
1,91,991,91,91,91
1,7,13,2,2,1
2,91,991,91,91,91
1,91,991,91,91,91
1,91,991,91,91,91
2,91,991,91,91,91
1,6,12,1,2,2
1,91,991,91,91,91
1,93,14,93,93,93
1,91,991,91,91,91
1,91,991,91,91,91
1,5,15,1,2,2
2,91,991,91,91,91
2,91,991,91,91,91
1,91,991,91,91,91
1,93,14,93,93,93
2,91,991,91,91,91
2,91,991,91,91,91
1,91,991,91,91,91
2,91,991,91,91,91
1,91,991,91,91,91
2,91,991,91,91,91
1,93,20,93,93,93
1,93,19,93,93,93
2,91,991,91,91,91
1,93,12,93,93,93
1,91,991,91,91,91
1,10,23,2,2,1
2,1,16,2,2,1
2,93,18,93,93,93
2,93,18,93,93,93
2,93,20,93,93,93
2,91,991,91,91,91
2,3,24,2,2,1
2,30,7,2,2,2
2,93,28,93,93,93
1,93,16,93,93,93
1,93,16,93,93,93
2,1,17,1,2,2
2,93,15,93,93,93
2,91,991,91,91,91
1,91,991,91,91,91
2,29,19,1,1,1
1,93,33,93,93,93
2,93,30,93,93,93
1,93,26,93,93,93
2,93,22,93,93,93
1,30,11,1,2,1
2,91,991,91,91,91
2,91,991,91,91,91
1,91,991,91,91,91
1,91,991,91,91,91
2,91,991,91,91,91
2,91,991,91,91,91
1,25,13,1,2,2
2,91,991,91,91,91
1,91,991,91,91,91
1,91,991,91,91,91
2,93,12,93,93,93
1,1,12,1,2,2
1,91,991,91,91,91
1,91,991,91,91,91
2,91,991,91,91,91
2,20,25,2,2,1
2,27,11,2,1,2
2,30,18,1,1,1
1,93,16,93,93,93
2,91,991,91,91,91
1,91,991,91,91,91
1,93,14,93,93,93
2,91,991,91,91,91
1,91,991,91,91,91
1,93,16,93,93,93
1,93,21,93,93,93
1,7,14,1,2,2
1,93,17,93,93,93
2,93,24,93,93,93
2,91,991,91,91,91
1,91,991,91,91,91
2,91,991,91,91,91
1,91,991,91,91,91
2,91,991,91,91,91
2,1,20,2,2,1
2,91,991,91,91,91
1,91,991,91,91,91
2,26,18,2,1,1
1,91,991,91,91,91
2,91,991,91,91,91
2,91,991,91,91,91
1,93,18,93,93,93
2,91,991,91,91,91
1,91,991,91,91,91
1,91,991,91,91,91
2,10,12,1,1,1
1,93,40,93,93,93
1,30,13,1,1,2
1,91,991,91,91,91
2,91,991,91,91,91
2,91,991,91,91,91
1,12,17,2,1,2
2,91,991,91,91,91
2,93,14,93,93,93
2,91,991,91,91,91
2,93,15,93,93,93
2,91,991,91,91,91
1,20,11,1,2,2
2,93,16,93,93,93
2,91,991,91,91,91
2,91,991,91,91,91
2,91,991,91,91,91
2,93,15,93,93,93
2,91,991,91,91,91
1,93,14,93,93,93
1,91,991,91,91,91
2,91,991,91,91,91
1,28,17,1,1,1
2,91,991,91,91,91
2,91,991,91,91,91
2,93,15,93,93,93
1,91,991,91,91,91
2,91,991,91,91,91
2,93,14,93,93,93
1,25,17,2,1,2
2,91,991,91,91,91
1,91,991,91,91,91
2,91,991,91,91,91
2,93,18,93,93,93
1,93,17,93,93,93
1,91,991,91,91,91
2,93,19,93,93,93
2,91,991,91,91,91
2,93,30,93,93,93
2,91,991,91,91,91
2,91,991,91,91,91
2,91,991,91,91,91
2,91,991,91,91,91
1,2,16,1,2,2
2,91,991,91,91,91
2,93,17,93,93,93
1,93,18,93,93,93
2,91,991,91,91,91
2,1,16,2,2,1
1,91,991,91,91,91
1,91,991,91,91,91
2,93,20,93,93,93
2,7,15,1,1,1
2,91,991,91,91,91
2,91,991,91,91,91
2,91,991,91,91,91
2,91,991,91,91,91
2,91,991,91,91,91
2,91,991,91,91,91
1,1,13,1,2,2
1,93,18,93,93,93
2,93,40,93,93,93
2,91,991,91,91,91
2,91,991,91,91,91
1,93,19,93,93,93
2,91,991,91,91,91
2,91,991,91,91,91
1,93,16,93,93,93
2,98,985,98,98,98
2,91,991,91,91,91
1,30,14,1,2,2
2,15,16,1,1,2
1,93,19,93,93,93
1,91,991,91,91,91
1,91,991,91,91,91
2,91,991,91,91,91
1,93,15,93,93,93
1,91,991,91,91,91
2,93,13,93,93,93
1,93,16,93,93,93
2,91,991,91,91,91
1,91,991,91,91,91
1,91,991,91,91,91
2,91,991,91,91,91
2,1,15,2,2,1
2,91,991,91,91,91
1,28,17,1,2,1
2,91,991,91,91,91
1,93,18,93,93,93
1,91,991,91,91,91
1,91,991,91,91,91
1,91,991,91,91,91
1,93,15,93,93,93
2,91,991,91,91,91
1,93,12,93,93,93
2,91,991,91,91,91
2,91,991,91,91,91
2,91,991,91,91,91
2,93,22,93,93,93
2,93,12,93,93,93
1,93,17,93,93,93
1,91,991,91,91,91
2,91,991,91,91,91
2,91,991,91,91,91
2,93,18,93,93,93
2,91,991,91,91,91
2,17,28,2,2,1
2,91,991,91,91,91
2,91,991,91,91,91
1,93,11,93,93,93
2,93,20,93,93,93
1,91,991,91,91,91
2,93,17,93,93,93
1,91,991,91,91,91
1,91,991,91,91,91
2,93,18,93,93,93
2,91,991,91,91,91
2,93,15,93,93,93
1,91,991,91,91,91
1,93,19,93,93,93
1,91,991,91,91,91
1,91,991,91,91,91
2,91,991,91,91,91
1,93,16,93,93,93
2,91,991,91,91,91
1,26,12,1,2,2
2,91,991,91,91,91
1,93,14,93,93,93
2,91,991,91,91,91
1,93,21,93,93,93
1,97,997,98,98,98
2,93,12,93,93,93
1,91,991,91,91,91
2,91,991,91,91,91
1,93,14,93,93,93
2,91,991,91,91,91
1,30,17,1,1,1
2,91,991,91,91,91
1,93,13,93,93,93
1,91,991,91,91,91
1,91,991,91,91,91
2,91,991,91,91,91
1,91,991,91,91,91
2,93,21,93,93,93
2,91,991,91,91,91
2,93,19,93,93,93
2,91,991,91,91,91
1,93,14,93,93,93
2,91,991,91,91,91
2,91,991,91,91,91
2,93,17,93,93,93
1,93,13,93,93,93
2,93,22,93,93,93
2,91,991,91,91,91
1,93,25,93,93,93
1,91,991,91,91,91
2,91,991,91,91,91
2,91,991,91,91,91
2,91,991,91,91,91
2,91,991,91,91,91
2,91,991,91,91,91
2,91,991,91,91,91
1,91,991,91,91,91
2,91,991,91,91,91
1,20,17,2,2,1
2,93,18,93,93,93
1,91,991,91,91,91
1,93,14,93,93,93
2,91,991,91,91,91
1,25,14,1,2,2
1,93,16,93,93,93
2,91,991,91,91,91
2,93,22,93,93,93
2,91,991,91,91,91
2,91,991,91,91,91
2,91,991,91,91,91
1,20,14,1,2,2
1,93,15,93,93,93
2,91,991,91,91,91
2,91,991,91,91,91
2,91,991,91,91,91
2,93,19,93,93,93
1,91,991,91,91,91
1,93,17,93,93,93
2,91,991,91,91,91
2,30,14,1,2,2
1,91,991,91,91,91
1,93,17,93,93,93
1,94,15,1,1,2
2,91,991,91,91,91
1,93,21,93,93,93
2,91,991,91,91,91
1,91,991,91,91,91
2,91,991,91,91,91
2,93,21,93,93,93
1,93,16,93,93,93
1,91,991,91,91,91
2,91,991,91,91,91
2,93,16,93,93,93
1,30,7,1,1,1
2,91,991,91,91,91
2,93,17,93,93,93
2,91,991,91,91,91
1,30,14,1,1,2
2,91,991,91,91,91
1,30,15,1,1,1
2,91,991,91,91,91
2,91,991,91,91,91
2,91,991,91,91,91
1,1,14,2,1,2
2,91,991,91,91,91
2,91,991,91,91,91
2,1,18,2,2,1
2,91,991,91,91,91
1,93,15,93,93,93
2,91,991,91,91,91
1,93,21,93,93,93
1,91,991,91,91,91
2,93,14,93,93,93
2,1,18,1,2,2
2,91,991,91,91,91
1,15,17,1,1,2
2,93,19,93,93,93
2,91,991,91,91,91
1,91,991,91,91,91
1,17,12,1,1,2
2,91,991,91,91,91
1,91,991,91,91,91
1,8,12,1,2,2
1,93,16,93,93,93
2,93,16,93,93,93
2,93,20,93,93,93
2,93,19,93,93,93
2,91,991,91,91,91
1,91,991,91,91,91
1,91,991,91,91,91
2,27,13,1,1,2
2,20,15,1,2,2
1,91,991,91,91,91
1,93,30,93,93,93
1,93,15,93,93,93
2,1,58,1,2,2
2,91,991,91,91,91
1,91,991,91,91,91
2,93,18,93,93,93
1,2,20,1,2,2
1,91,991,91,91,91
2,93,16,93,93,93
1,91,991,91,91,91
2,91,991,91,91,91
2,30,10,1,1,1
1,3,17,1,2,1
2,91,991,91,91,91
1,91,991,91,91,91
1,91,991,91,91,91
1,93,18,93,93,93
1,93,17,93,93,93
1,91,991,91,91,91
1,91,991,91,91,91
2,91,991,91,91,91
2,91,991,91,91,91
1,91,991,91,91,91
1,93,21,93,93,93
1,91,991,91,91,91
2,93,24,93,93,93
2,91,991,91,91,91
2,91,991,91,91,91
1,91,991,91,91,91
1,30,15,1,2,2
2,93,17,93,93,93
2,91,991,91,91,91
1,91,991,91,91,91
1,93,20,93,93,93
1,91,991,91,91,91
2,91,991,91,91,91
2,91,991,91,91,91
2,91,991,91,91,91
1,91,991,91,91,91
2,1,22,1,2,2
1,93,21,93,93,93
2,91,991,91,91,91
1,7,18,1,2,2
2,93,20,93,93,93
2,93,16,93,93,93
2,93,16,93,93,93
2,5,20,1,2,1
2,93,19,93,93,93
2,91,991,91,91,91
1,91,991,91,91,91
2,91,991,91,91,91
2,30,17,1,2,2
2,28,15,1,2,1
2,30,16,1,1,1
1,91,991,91,91,91
2,91,991,91,91,91
2,91,991,91,91,91
2,91,991,91,91,91
1,30,18,1,1,1
2,91,991,91,91,91
2,93,33,93,93,93
1,93,18,93,93,93
1,91,991,91,91,91
2,91,991,91,91,91
1,93,19,93,93,93
1,93,18,93,93,93
2,91,991,91,91,91
1,91,991,91,91,91
1,93,16,93,93,93
2,91,991,91,91,91
1,93,60,93,93,93
1,91,991,91,91,91
2,91,991,91,91,91
1,91,991,91,91,91
1,93,21,93,93,93
2,93,20,93,93,93
2,91,991,91,91,91
2,93,19,93,93,93
1,91,991,91,91,91
1,91,991,91,91,91
2,91,991,91,91,91
2,91,991,91,91,91
1,6,14,1,1,2
1,93,19,93,93,93
2,93,15,93,93,93
1,91,991,91,91,91
1,91,991,91,91,91
1,93,55,93,93,93
1,91,991,91,91,91
2,30,15,1,1,2
2,93,26,93,93,93
1,91,991,91,91,91
1,91,991,91,91,91
2,93,12,93,93,93
1,93,18,93,93,93
1,91,991,91,91,91
2,91,991,91,91,91
1,93,18,93,93,93
1,91,991,91,91,91
2,30,11,1,1,1
2,3,16,1,1,2
1,91,991,91,91,91
2,91,991,91,91,91
1,91,991,91,91,91
1,91,991,91,91,91
2,93,40,93,93,93
2,91,991,91,91,91
2,91,991,91,91,91
1,10,18,1,1,1
1,91,991,91,91,91
2,93,17,93,93,93
1,1,16,2,2,1
2,91,991,91,91,91
1,91,991,91,91,91
2,91,991,91,91,91
2,91,991,91,91,91
2,93,11,93,93,93
2,91,991,91,91,91
1,91,991,91,91,91
1,10,13,1,1,2
1,91,991,91,91,91
2,93,15,93,93,93
1,93,16,93,93,93
2,93,21,93,93,93
2,91,991,91,91,91
2,91,991,91,91,91
1,91,991,91,91,91
2,91,991,91,91,91
2,91,991,91,91,91
1,1,22,1,1,2
1,93,17,93,93,93
1,91,991,91,91,91
2,91,991,91,91,91
2,93,30,93,93,93
2,3,17,2,2,1
2,93,16,93,93,93
1,91,991,91,91,91
1,91,991,91,91,91
1,91,991,91,91,91
1,91,991,91,91,91
2,93,15,93,93,93
2,91,991,91,91,91
1,93,25,93,93,93
1,91,991,91,91,91
2,2,20,1,2,1
2,91,991,91,91,91
1,91,991,91,91,91
2,91,991,91,91,91
2,91,991,91,91,91
1,2,17,1,2,2
1,93,15,93,93,93
1,93,10,93,93,93
1,93,17,93,93,93
2,10,13,1,1,2
2,91,991,91,91,91
2,93,18,93,93,93
2,5,21,2,1,2
2,91,991,91,91,91
2,91,991,91,91,91
1,91,991,91,91,91
2,91,991,91,91,91
2,91,991,91,91,91
2,93,14,93,93,93
1,1,12,1,2,2
1,91,991,91,91,91
2,91,991,91,91,91
1,13,17,1,2,2
2,91,991,91,91,91
2,91,991,91,91,91
1,91,991,91,91,91
1,91,991,91,91,91
1,91,991,91,91,91
1,91,991,91,91,91
2,91,991,91,91,91
2,93,20,93,93,93
1,93,19,93,93,93
2,93,18,93,93,93
1,93,20,93,93,93
1,91,991,91,91,91
2,91,991,91,91,91
2,91,991,91,91,91
2,91,991,91,91,91
2,91,991,91,91,91
2,91,991,91,91,91
1,91,991,91,91,91
1,3,17,1,2,2
2,91,991,91,91,91
1,91,991,91,91,91
1,91,991,91,91,91
2,91,991,91,91,91
2,93,21,93,93,93
1,91,991,91,91,91
1,91,991,91,91,91
2,91,991,91,91,91
1,91,991,91,91,91
1,20,14,1,2,1
1,91,991,91,91,91
2,12,18,1,2,2
2,91,991,91,91,91
2,30,21,1,1,1
1,91,991,91,91,91
2,91,991,91,91,91
1,91,991,91,91,91
2,93,33,93,93,93
1,91,991,91,91,91
2,93,18,93,93,93
2,91,991,91,91,91
1,91,991,91,91,91
1,91,991,91,91,91
1,93,13,93,93,93
2,91,991,91,91,91
2,93,16,93,93,93
1,91,991,91,91,91
2,91,991,91,91,91
1,91,991,91,91,91
2,30,13,1,1,2
1,10,16,1,2,2
2,91,991,91,91,91
2,93,18,93,93,93
1,91,991,91,91,91
2,91,991,91,91,91
2,91,991,91,91,91
1,91,991,91,91,91
2,91,991,91,91,91
1,91,991,91,91,91
1,7,21,1,2,2
1,2,15,1,2,2
2,93,18,93,93,93
1,93,16,93,93,93
2,91,991,91,91,91
2,93,19,93,93,93
1,91,991,91,91,91
1,20,15,1,2,2
2,93,22,93,93,93
1,91,991,91,91,91
2,91,991,91,91,91
2,91,991,91,91,91
2,6,16,2,1,2
2,3,16,1,2,2
2,30,16,1,1,2
1,30,10,1,2,2
2,91,991,91,91,91
1,91,991,91,91,91
2,91,991,91,91,91
2,6,19,1,2,2
1,30,13,1,2,2
2,91,991,91,91,91
1,91,991,91,91,91
2,91,991,91,91,91
1,91,991,91,91,91
2,6,35,2,2,2
1,91,991,91,91,91
1,93,19,93,93,93
1,91,991,91,91,91
2,7,25,1,2,2
2,1,17,1,2,2
2,91,991,91,91,91
1,91,991,91,91,91
2,93,29,93,93,93
2,93,14,93,93,93
2,93,16,93,93,93
1,93,18,93,93,93
2,91,991,91,91,91
1,30,13,1,1,1
1,91,991,91,91,91
2,26,14,1,1,2
2,91,991,91,91,91
2,91,991,91,91,91
2,93,21,93,93,93
1,25,14,1,1,1
2,93,20,93,93,93
1,91,991,91,91,91
2,91,991,91,91,91
2,91,991,91,91,91
1,91,991,91,91,91
2,91,991,91,91,91
1,91,991,91,91,91
2,91,991,91,91,91
1,93,20,93,93,93
1,91,991,91,91,91
2,91,991,91,91,91
1,91,991,91,91,91
1,93,20,93,93,93
2,91,991,91,91,91
2,91,991,91,91,91
1,93,18,93,93,93
2,1,27,2,2,1
1,93,17,93,93,93
1,91,991,91,91,91
2,91,991,91,91,91
1,93,13,93,93,93
1,91,991,91,91,91
2,91,991,91,91,91
1,93,21,93,93,93
2,91,991,91,91,91
2,91,991,91,91,91
2,30,14,1,2,2
2,93,17,93,93,93
1,93,38,93,93,93
2,91,991,91,91,91
2,93,13,93,93,93
1,91,991,91,91,91
2,91,991,91,91,91
2,30,30,1,2,1
2,93,32,93,93,93
1,1,12,1,2,2
1,91,991,91,91,91
1,91,991,91,91,91
2,22,14,1,1,1
1,91,991,91,91,91
2,91,991,91,91,91
2,91,991,91,91,91
2,91,991,91,91,91
1,91,991,91,91,91
2,93,17,93,93,93
1,91,991,91,91,91
2,91,991,91,91,91
2,93,21,93,93,93
2,93,14,93,93,93
1,91,991,91,91,91
1,91,991,91,91,91
2,91,991,91,91,91
2,91,991,91,91,91
2,93,15,93,93,93
1,93,16,93,93,93
1,93,21,93,93,93
2,2,21,2,2,1
2,3,21,1,2,5
2,91,991,91,91,91
1,93,25,93,93,93
2,93,16,93,93,93
1,29,15,1,2,2
2,91,991,91,91,91
2,91,991,91,91,91
2,93,16,93,93,93
2,93,50,93,93,93
1,93,18,93,93,93
2,91,991,91,91,91
1,30,16,1,1,2
1,91,991,91,91,91
2,15,19,1,2,2
1,91,991,91,91,91
1,93,21,93,93,93
2,30,17,2,3,2
1,93,16,93,93,93
1,91,991,91,91,91
2,91,991,91,91,91
1,93,18,93,93,93
1,93,28,93,93,93
1,1,30,1,2,2
2,10,17,1,2,2
2,30,13,1,1,1
2,2,21,2,2,1
1,91,991,91,91,91
2,93,35,93,93,93
1,91,991,91,91,91
2,30,18,1,1,2
2,91,991,91,91,91
1,93,35,93,93,93
2,93,17,93,93,93
2,93,19,93,93,93
1,20,21,2,2,2
2,2,17,1,1,1
1,91,991,91,91,91
2,91,991,91,91,91
1,91,991,91,91,91
1,2,16,1,1,1
1,91,991,91,91,91
2,93,14,93,93,93
1,91,991,91,91,91
2,2,12,1,2,2
2,91,991,91,91,91
1,91,991,91,91,91
1,91,991,91,91,91
1,17,15,1,1,1
2,91,991,91,91,91
1,4,20,1,2,2
2,93,18,93,93,93
2,91,991,91,91,91
1,91,991,91,91,91
1,91,991,91,91,91
1,93,13,93,93,93
1,91,991,91,91,91
2,98,998,98,98,98
1,93,16,93,93,93
2,93,19,93,93,93
2,93,13,93,93,93
2,91,991,91,91,91
2,91,991,91,91,91
1,91,991,91,91,91
1,91,991,91,91,91
2,91,991,91,91,91
1,93,34,93,93,93
2,91,991,91,91,91
2,93,12,93,93,93
2,91,991,91,91,91
2,91,991,91,91,91
1,20,20,1,1,1
1,91,991,91,91,91
1,91,991,91,91,91
2,91,991,91,91,91
1,93,17,93,93,93
1,2,13,1,2,2
1,91,991,91,91,91
2,91,991,91,91,91
1,93,21,93,93,93
1,93,15,93,93,93
1,91,991,91,91,91
1,91,991,91,91,91
1,93,14,93,93,93
1,91,991,91,91,91
1,93,17,93,93,93
1,93,17,93,93,93
1,91,991,91,91,91
1,91,991,91,91,91
2,91,991,91,91,91
1,91,991,91,91,91
2,93,19,93,93,93
2,93,16,93,93,93
1,28,12,1,1,2
2,93,31,93,93,93
1,91,991,91,91,91
2,91,991,91,91,91
2,25,10,1,1,2
1,93,18,93,93,93
2,93,18,93,93,93
1,91,991,91,91,91
2,91,991,91,91,91
2,91,991,91,91,91
2,13,17,1,1,1
2,91,991,91,91,91
2,91,991,91,91,91
2,93,18,93,93,93
1,30,9,1,1,2
1,30,14,1,1,1
2,91,991,91,91,91
2,93,19,93,93,93
2,30,16,1,1,2
2,91,991,91,91,91
2,91,991,91,91,91
2,91,991,91,91,91
2,91,991,91,91,91
1,91,991,91,91,91
1,93,14,93,93,93
1,98,998,98,98,98
2,93,14,93,93,93
1,91,991,91,91,91
1,93,15,93,93,93
1,91,991,91,91,91
1,91,991,91,91,91
2,91,991,91,91,91
2,91,991,91,91,91
2,93,18,93,93,93
1,15,15,1,1,1
1,91,991,91,91,91
2,91,991,91,91,91
2,91,991,91,91,91
2,91,991,91,91,91
2,93,17,93,93,93
2,91,991,91,91,91
2,30,13,1,1,1
1,30,15,1,2,1
1,93,21,93,93,93
2,93,19,93,93,93
2,1,17,2,1,2
1,30,16,1,2,1
1,91,991,91,91,91
1,91,991,91,91,91
1,91,991,91,91,91
1,93,17,93,93,93
1,21,29,1,2,1
1,1,15,2,2,2
2,91,991,91,91,91
2,93,20,93,93,93
1,26,7,1,2,2
2,91,991,91,91,91
1,91,991,91,91,91
2,91,991,91,91,91
1,91,991,91,91,91
1,91,991,91,91,91
1,91,991,91,91,91
1,98,10,98,98,98
2,93,18,93,93,93
1,93,20,93,93,93
2,93,18,93,93,93
2,91,991,91,91,91
1,91,991,91,91,91
2,93,15,93,93,93
1,30,13,1,2,2
1,3,16,1,1,2
2,93,19,93,93,93
1,91,991,91,91,91
2,91,991,91,91,91
2,91,991,91,91,91
2,91,991,91,91,91
1,91,991,91,91,91
2,10,16,1,2,2
1,93,22,93,93,93
2,93,14,93,93,93
1,30,16,1,1,2
1,1,16,1,1,2
1,91,991,91,91,91
1,91,991,91,91,91
1,98,17,98,98,98
2,91,991,91,91,91
1,93,15,93,93,93
2,91,991,91,91,91
1,93,18,93,93,93
1,91,991,91,91,91
2,91,991,91,91,91
2,15,13,1,1,1
2,91,991,91,91,91
1,93,18,93,93,93
1,20,14,1,2,2
2,93,16,93,93,93
1,91,991,91,91,91
2,91,991,91,91,91
2,91,991,91,91,91
1,91,991,91,91,91
1,93,17,93,93,93
1,91,991,91,91,91
1,91,991,91,91,91
2,91,991,91,91,91
1,91,991,91,91,91
2,91,991,91,91,91
2,91,991,91,91,91
1,93,25,93,93,93
2,91,991,91,91,91
1,93,25,93,93,93
2,93,15,93,93,93
1,91,991,91,91,91
1,93,18,93,93,93
2,91,991,91,91,91
2,93,19,93,93,93
2,18,13,1,2,2
1,93,22,93,93,93
2,1,18,2,2,1
2,93,13,93,93,93
2,1,17,2,2,1
1,93,20,93,93,93
1,91,991,91,91,91
1,29,15,1,1,2
1,91,991,91,91,91
1,4,15,1,2,2
1,93,10,93,93,93
2,93,21,93,93,93
2,25,14,1,1,2
2,6,20,1,1,1
1,91,991,91,91,91
1,91,991,91,91,91
2,5,21,1,2,1
1,91,991,91,91,91
2,93,35,93,93,93
1,1,15,1,1,1
1,91,991,91,91,91
1,93,15,93,93,93
2,91,991,91,91,91
1,93,18,93,93,93
2,91,991,91,91,91
1,93,13,93,93,93
1,93,22,93,93,93
2,91,991,91,91,91
2,91,991,91,91,91
1,91,991,91,91,91
1,93,12,93,93,93
1,91,991,91,91,91
2,91,991,91,91,91
1,91,991,91,91,91
2,91,991,91,91,91
1,93,18,93,93,93
2,91,991,91,91,91
1,13,16,1,1,2
1,93,20,93,93,93
1,91,991,91,91,91
1,93,16,93,93,93
2,91,991,91,91,91
2,93,15,93,93,93
2,91,991,91,91,91
2,91,991,91,91,91
1,93,20,93,93,93
2,91,991,91,91,91
1,91,991,91,91,91
2,91,991,91,91,91
1,30,16,1,2,2
2,16,17,1,2,2
2,91,991,91,91,91
2,91,991,91,91,91
1,3,16,2,2,1
1,91,991,91,91,91
2,91,991,91,91,91
1,1,16,1,2,2
1,91,991,91,91,91
1,91,991,91,91,91
2,93,18,93,93,93
1,93,19,93,93,93
2,93,30,93,93,93
2,91,991,91,91,91
1,93,16,93,93,93
1,91,991,91,91,91
2,30,17,2,1,2
1,30,9,1,1,2
1,91,991,91,91,91
1,5,14,1,2,2
2,93,17,93,93,93
2,93,39,93,93,93
2,15,21,2,2,2
1,91,991,91,91,91
1,93,16,93,93,93
2,91,991,91,91,91
2,91,991,91,91,91
2,93,15,93,93,93
1,91,991,91,91,91
2,93,20,93,93,93
1,91,991,91,91,91
2,93,19,93,93,93
1,91,991,91,91,91
1,93,20,93,93,93
1,91,991,91,91,91
1,91,991,91,91,91
2,93,20,93,93,93
2,30,11,1,1,2
1,91,991,91,91,91
2,30,13,1,1,2
1,14,12,1,2,2
2,91,991,91,91,91
1,91,991,91,91,91
2,93,15,93,93,93
1,91,991,91,91,91
1,30,15,1,2,2
1,91,991,91,91,91
1,93,14,93,93,93
2,91,991,91,91,91
2,93,19,93,93,93
2,91,991,91,91,91
2,91,991,91,91,91
1,91,991,91,91,91
1,91,991,91,91,91
2,91,991,91,91,91
2,15,17,1,2,2
2,1,19,1,2,2
1,93,18,93,93,93
2,91,991,91,91,91
2,91,991,91,91,91
1,91,991,91,91,91
2,91,991,91,91,91
1,93,13,93,93,93
1,1,16,1,2,1
2,93,22,93,93,93
2,91,991,91,91,91
1,91,991,91,91,91
2,91,991,91,91,91
1,91,991,91,91,91
2,91,991,91,91,91
1,91,991,91,91,91
1,91,991,91,91,91
2,93,25,93,93,93
1,91,991,91,91,91
1,91,991,91,91,91
1,91,991,91,91,91
1,91,991,91,91,91
2,30,20,1,1,1
1,91,991,91,91,91
2,10,23,2,2,1
1,91,991,91,91,91
2,91,991,91,91,91
2,91,991,91,91,91
1,93,11,93,93,93
2,93,17,93,93,93
2,93,16,93,93,93
1,93,18,93,93,93
2,91,991,91,91,91
2,91,991,91,91,91
2,91,991,91,91,91
2,91,991,91,91,91
2,30,16,2,1,1
2,91,991,91,91,91
1,91,991,91,91,91
2,93,19,93,93,93
1,93,19,93,93,93
2,93,20,93,93,93
2,91,991,91,91,91
2,1,17,1,2,2
2,91,991,91,91,91
2,91,991,91,91,91
2,93,29,93,93,93
1,27,19,1,2,1
1,91,991,91,91,91
1,91,991,91,91,91
2,91,991,91,91,91
2,91,991,91,91,91
2,91,991,91,91,91
2,91,991,91,91,91
2,93,13,93,93,93
2,93,25,93,93,93
2,91,991,91,91,91
1,93,22,93,93,93
1,93,17,93,93,93
1,91,991,91,91,91
2,91,991,91,91,91
1,91,991,91,91,91
2,91,991,91,91,91
1,93,19,93,93,93
1,91,991,91,91,91
1,93,17,93,93,93
1,91,991,91,91,91
1,91,991,91,91,91
2,91,991,91,91,91
2,25,18,2,2,2
2,5,13,2,2,1
1,91,991,91,91,91
1,91,991,91,91,91
1,93,16,93,93,93
2,12,13,1,1,1
2,91,991,91,91,91
1,91,991,91,91,91
2,93,16,93,93,93
1,91,991,91,91,91
2,93,18,93,93,93
2,30,18,1,2,3
2,91,991,91,91,91
2,91,991,91,91,91
2,91,991,91,91,91
2,91,991,91,91,91
2,93,22,93,93,93
1,91,991,91,91,91
1,91,991,91,91,91
2,91,991,91,91,91
2,91,991,91,91,91
2,91,991,91,91,91
1,91,991,91,91,91
1,91,991,91,91,91
1,93,15,93,93,93
2,91,991,91,91,91
2,91,991,91,91,91
2,91,991,91,91,91
2,91,991,91,91,91
1,93,18,93,93,93
1,91,991,91,91,91
2,91,991,91,91,91
1,91,991,91,91,91
2,3,14,1,1,2
1,91,991,91,91,91
2,91,991,91,91,91
2,2,23,2,1,2
2,91,991,91,91,91
1,91,991,91,91,91
1,15,18,1,2,2
2,93,18,93,93,93
2,93,16,93,93,93
2,91,991,91,91,91
1,91,991,91,91,91
1,4,14,1,2,2
2,91,991,91,91,91
2,91,991,91,91,91
2,30,20,1,2,1
1,91,991,91,91,91
1,30,19,1,2,1
1,93,18,93,93,93
2,91,991,91,91,91
1,91,991,91,91,91
1,93,16,93,93,93
2,30,24,1,2,2
1,91,991,91,91,91
2,20,18,1,1,1
1,91,991,91,91,91
2,93,28,93,93,93
2,91,991,91,91,91
1,91,991,91,91,91
1,30,16,1,2,2
1,93,20,93,93,93
2,91,991,91,91,91
1,93,14,93,93,93
1,91,991,91,91,91
2,91,991,91,91,91
2,91,991,91,91,91
1,91,991,91,91,91
1,27,13,1,1,1
1,93,18,93,93,93
2,93,17,93,93,93
1,93,19,93,93,93
2,91,991,91,91,91
2,91,991,91,91,91
2,91,991,91,91,91
1,91,991,91,91,91
1,91,991,91,91,91
2,30,13,1,2,1
2,15,20,1,1,2
2,91,991,91,91,91
2,93,17,93,93,93
1,93,20,93,93,93
2,93,25,93,93,93
2,91,991,91,91,91
1,91,991,91,91,91
1,91,991,91,91,91
1,1,21,1,2,2
1,93,15,93,93,93
2,93,18,93,93,93
2,91,991,91,91,91
2,93,9,93,93,93
1,30,22,1,2,2
2,91,991,91,91,91
1,93,18,93,93,93
1,93,16,93,93,93
2,91,991,91,91,91
1,30,15,1,1,1
2,91,991,91,91,91
1,91,991,91,91,91
1,93,15,93,93,93
2,93,18,93,93,93
1,93,20,93,93,93
2,30,15,2,1,2
2,93,16,93,93,93
2,5,16,1,2,1
2,30,13,1,1,1
1,91,991,91,91,91
1,93,15,93,93,93
1,2,16,1,2,2
1,93,18,93,93,93
1,91,991,91,91,91
1,91,991,91,91,91
2,91,991,91,91,91
1,93,15,93,93,93
2,93,18,93,93,93
1,91,991,91,91,91
2,93,15,93,93,93
2,93,26,93,93,93
1,91,991,91,91,91
2,91,991,91,91,91
2,91,991,91,91,91
2,93,21,93,93,93
1,91,991,91,91,91
2,91,991,91,91,91
2,93,13,93,93,93
1,91,991,91,91,91
2,4,16,1,2,1
2,93,16,93,93,93
2,30,13,1,2,1
2,91,991,91,91,91
1,91,991,91,91,91
1,20,37,2,2,1
1,98,17,98,98,98
1,91,991,91,91,91
1,30,15,2,1,2
2,91,991,91,91,91
1,93,15,93,93,93
2,91,991,91,91,91
1,91,991,91,91,91
2,93,17,93,93,93
2,91,991,91,91,91
1,91,991,91,91,91
2,91,991,91,91,91
1,91,991,91,91,91
2,91,991,91,91,91
2,10,20,2,2,1
2,91,991,91,91,91
2,93,13,93,93,93
2,91,991,91,91,91
1,91,991,91,91,91
2,91,991,91,91,91
2,91,991,91,91,91
1,91,991,91,91,91
2,91,991,91,91,91
1,91,991,91,91,91
1,91,991,91,91,91
2,91,991,91,91,91
1,91,991,91,91,91
2,93,20,93,93,93
2,91,991,91,91,91
2,93,18,93,93,93
1,30,14,1,2,2
2,93,25,93,93,93
1,10,23,1,2,2
1,93,14,93,93,93
1,2,30,1,2,1
1,91,991,91,91,91
2,91,991,91,91,91
1,91,991,91,91,91
2,93,16,93,93,93
2,10,15,1,2,2
1,93,13,93,93,93
2,93,20,93,93,93
1,91,991,91,91,91
2,91,991,91,91,91
2,93,15,93,93,93
2,91,991,91,91,91
1,91,991,91,91,91
1,91,991,91,91,91
1,91,991,91,91,91
1,93,16,93,93,93
1,91,991,91,91,91
2,2,21,2,2,1
2,91,991,91,91,91
2,91,991,91,91,91
2,93,16,93,93,93
2,91,991,91,91,91
2,3,15,1,1,1
2,93,18,93,93,93
2,93,16,93,93,93
2,93,14,93,93,93
2,91,991,91,91,91
2,93,13,93,93,93
2,93,18,93,93,93
1,91,991,91,91,91
2,91,991,91,91,91
1,91,991,91,91,91
2,93,20,93,93,93
1,93,20,93,93,93
2,91,991,91,91,91
1,91,991,91,91,91
2,91,991,91,91,91
1,91,991,91,91,91
1,91,991,91,91,91
2,93,15,93,93,93
1,91,991,91,91,91
1,91,991,91,91,91
1,25,14,1,1,1
1,30,18,1,1,1
2,91,991,91,91,91
2,91,991,91,91,91
2,4,17,2,1,1
1,91,991,91,91,91
1,91,991,91,91,91
2,93,15,93,93,93
2,91,991,91,91,91
2,93,12,93,93,93
2,93,25,93,93,93
1,15,8,1,2,2
2,91,991,91,91,91
2,30,20,2,1,2
1,91,991,91,91,91
1,93,17,93,93,93
1,3,12,1,1,2
2,91,991,91,91,91
2,91,991,91,91,91
2,91,991,91,91,91
2,91,991,91,91,91
1,93,17,93,93,93
1,91,991,91,91,91
2,93,18,93,93,93
2,91,991,91,91,91
2,93,6,93,93,93
1,93,13,93,93,93
1,30,18,1,2,2
2,91,991,91,91,91
2,93,22,93,93,93
1,93,18,93,93,93
1,91,991,91,91,91
1,93,14,93,93,93
2,91,991,91,91,91
2,93,34,93,93,93
2,91,991,91,91,91
2,91,991,91,91,91
1,91,991,91,91,91
2,91,991,91,91,91
2,91,991,91,91,91
1,91,991,91,91,91
2,91,991,91,91,91
2,93,16,93,93,93
1,93,15,93,93,93
1,91,991,91,91,91
1,91,991,91,91,91
1,91,991,91,91,91
2,93,18,93,93,93
2,91,991,91,91,91
2,93,16,93,93,93
2,91,991,91,91,91
2,93,22,93,93,93
1,91,991,91,91,91
1,93,17,93,93,93
2,91,991,91,91,91
1,91,991,91,91,91
2,93,19,93,93,93
1,30,17,1,2,2
1,10,14,1,1,2
1,93,34,93,93,93
2,93,16,93,93,93
1,93,16,93,93,93
2,93,17,93,93,93
2,93,21,93,93,93
1,93,18,93,93,93
1,30,12,1,1,2
2,91,991,91,91,91
2,1,21,2,2,1
1,93,21,93,93,93
2,93,18,93,93,93
1,91,991,91,91,91
1,93,18,93,93,93
2,93,17,93,93,93
2,1,20,2,2,1
1,91,991,91,91,91
2,93,15,93,93,93
1,91,991,91,91,91
1,91,991,91,91,91
2,91,991,91,91,91
2,91,991,91,91,91
2,91,991,91,91,91
1,93,17,93,93,93
2,3,12,1,1,1
1,91,991,91,91,91
1,91,991,91,91,91
1,93,22,93,93,93
2,93,17,93,93,93
1,91,991,91,91,91
1,91,991,91,91,91
2,91,991,91,91,91
1,91,991,91,91,91
2,91,991,91,91,91
1,93,15,93,93,93
1,91,991,91,91,91
2,91,991,91,91,91
1,12,18,1,1,1
1,93,17,93,93,93
2,93,18,93,93,93
1,91,991,91,91,91
2,93,22,93,93,93
1,8,12,2,1,2
2,15,13,1,2,2
1,93,14,93,93,93
2,91,991,91,91,91
1,91,991,91,91,91
1,93,18,93,93,93
2,91,991,91,91,91
1,93,15,93,93,93
2,93,16,93,93,93
1,30,15,1,1,2
1,2,17,1,1,2
1,91,991,91,91,91
2,91,991,91,91,91
2,93,13,93,93,93
1,91,991,91,91,91
1,15,15,1,2,2
2,91,991,91,91,91
2,91,991,91,91,91
1,91,991,91,91,91
1,91,991,91,91,91
1,93,21,93,93,93
1,93,15,93,93,93
2,91,991,91,91,91
2,91,991,91,91,91
1,93,16,93,93,93
2,91,991,91,91,91
2,93,18,93,93,93
2,91,991,91,91,91
1,91,991,91,91,91
1,91,991,91,91,91
1,30,7,1,1,1
2,93,19,93,93,93
2,91,991,91,91,91
2,91,991,91,91,91
2,91,991,91,91,91
2,93,17,93,93,93
1,91,991,91,91,91
2,91,991,91,91,91
1,91,991,91,91,91
1,91,991,91,91,91
2,30,30,1,2,1
2,30,13,1,2,2
1,93,15,93,93,93
1,91,991,91,91,91
2,91,991,91,91,91
2,93,18,93,93,93
1,91,991,91,91,91
2,91,991,91,91,91
1,93,20,93,93,93
2,1,16,1,2,1
2,30,21,1,2,1
2,93,13,93,93,93
1,93,16,93,93,93
1,30,12,1,1,2
2,91,991,91,91,91
2,93,15,93,93,93
2,91,991,91,91,91
1,91,991,91,91,91
1,91,991,91,91,91
1,93,16,93,93,93
1,93,15,93,93,93
2,93,23,93,93,93
1,93,15,93,93,93
2,91,991,91,91,91
2,91,991,91,91,91
1,91,991,91,91,91
2,91,991,91,91,91
1,30,16,1,1,2
2,5,15,1,1,2
1,91,991,91,91,91
1,91,991,91,91,91
2,1,16,1,2,2
2,93,21,93,93,93
2,91,991,91,91,91
2,93,25,93,93,93
1,91,991,91,91,91
1,91,991,91,91,91
2,91,991,91,91,91
2,91,991,91,91,91
1,93,11,93,93,93
2,91,991,91,91,91
2,93,17,93,93,93
1,93,15,93,93,93
2,30,20,1,1,2
1,91,991,91,91,91
2,91,991,91,91,91
1,93,21,93,93,93
1,91,991,91,91,91
1,91,991,91,91,91
1,29,16,1,1,1
1,91,991,91,91,91
2,91,991,91,91,91
1,93,16,93,93,93
1,91,991,91,91,91
2,4,14,1,1,2
2,91,991,91,91,91
1,91,991,91,91,91
1,91,991,91,91,91
2,91,991,91,91,91
2,91,991,91,91,91
2,91,991,91,91,91
1,91,991,91,91,91
1,93,14,93,93,93
1,93,16,93,93,93
2,93,21,93,93,93
1,91,991,91,91,91
1,91,991,91,91,91
2,93,12,93,93,93
2,4,10,1,2,1
2,93,27,93,93,93
2,1,24,1,2,2
2,91,991,91,91,91
1,91,991,91,91,91
1,91,991,91,91,91
2,91,991,91,91,91
2,93,17,93,93,93
1,30,15,1,2,1
1,93,17,93,93,93
1,91,991,91,91,91
2,93,20,93,93,93
1,93,16,93,93,93
1,93,25,93,93,93
2,30,16,1,2,2
1,91,991,91,91,91
2,2,23,1,2,2
2,93,16,93,93,93
1,93,20,93,93,93
1,93,20,93,93,93
2,91,991,91,91,91
1,91,991,91,91,91
2,2,21,1,1,2
2,91,991,91,91,91
1,91,991,91,91,91
2,91,991,91,91,91
2,91,991,91,91,91
2,91,991,91,91,91
1,93,18,93,93,93
2,93,23,93,93,93
2,93,19,93,93,93
2,91,991,91,91,91
2,28,16,1,1,2
2,91,991,91,91,91
1,91,991,91,91,91
1,91,991,91,91,91
1,93,17,93,93,93
1,98,20,98,98,98
1,91,991,91,91,91
1,1,22,2,2,1
2,91,991,91,91,91
2,93,23,93,93,93
2,91,991,91,91,91
2,93,12,93,93,93
1,91,991,91,91,91
2,91,991,91,91,91
1,93,16,93,93,93
2,91,991,91,91,91
2,29,16,1,2,1
2,29,14,1,1,2
1,91,991,91,91,91
1,15,13,1,1,2
2,91,991,91,91,91
2,93,18,93,93,93
2,24,26,2,2,1
1,91,991,91,91,91
1,91,991,91,91,91
1,91,991,91,91,91
1,20,22,1,1,1
2,91,991,91,91,91
1,93,40,93,93,93
2,93,18,93,93,93
1,91,991,91,91,91
2,91,991,91,91,91
2,91,991,91,91,91
2,91,991,91,91,91
2,91,991,91,91,91
1,91,991,91,91,91
1,93,15,93,93,93
1,91,991,91,91,91
1,93,16,93,93,93
1,91,991,91,91,91
1,91,991,91,91,91
1,2,18,2,1,2
1,30,14,1,1,1
2,91,991,91,91,91
2,91,991,91,91,91
1,91,991,91,91,91
2,30,11,1,1,1
2,91,991,91,91,91
2,93,18,93,93,93
2,91,991,91,91,91
1,5,12,1,1,2
2,91,991,91,91,91
2,93,25,93,93,93
1,93,21,93,93,93
2,1,50,2,2,1
1,30,15,1,2,2
1,91,991,91,91,91
1,93,21,93,93,93
1,7,16,1,1,2
2,91,991,91,91,91
2,93,15,93,93,93
2,91,991,91,91,91
1,91,991,91,91,91
2,93,17,93,93,93
2,91,991,91,91,91
1,91,991,91,91,91
2,93,25,93,93,93
2,91,991,91,91,91
1,91,991,91,91,91
2,91,991,91,91,91
2,5,30,2,2,1
2,93,14,93,93,93
2,93,18,93,93,93
1,93,18,93,93,93
2,20,15,1,1,2
1,91,991,91,91,91
1,93,20,93,93,93
1,91,991,91,91,91
2,91,991,91,91,91
2,91,991,91,91,91
2,1,17,1,2,2
1,93,25,93,93,93
2,93,15,93,93,93
1,5,16,1,2,2
2,30,22,1,2,1
1,93,16,93,93,93
1,91,991,91,91,91
1,91,991,91,91,91
1,30,16,1,1,2
1,91,991,91,91,91
1,20,16,1,2,2
1,91,991,91,91,91
2,1,20,2,2,1
2,93,12,93,93,93
2,93,22,93,93,93
1,15,22,2,2,1
2,20,15,1,1,2
1,10,19,2,2,1
1,30,8,1,2,1
2,93,19,93,93,93
2,93,14,93,93,93
2,93,25,93,93,93
2,91,991,91,91,91
2,91,991,91,91,91
1,2,18,2,1,2
2,91,991,91,91,91
1,91,991,91,91,91
2,93,21,93,93,93
2,7,21,1,2,2
2,93,15,93,93,93
1,91,991,91,91,91
2,30,11,1,1,1
1,29,14,1,1,1
2,93,17,93,93,93
1,91,991,91,91,91
2,93,55,93,93,93
2,93,13,93,93,93
1,93,16,93,93,93
1,30,17,1,2,1
2,91,991,91,91,91
2,91,991,91,91,91
1,91,991,91,91,91
2,30,17,1,2,2
2,91,991,91,91,91
2,91,991,91,91,91
2,91,991,91,91,91
2,91,991,91,91,91
1,91,991,91,91,91
2,91,991,91,91,91
1,93,18,93,93,93
1,30,13,1,2,2
1,93,18,93,93,93
1,91,991,91,91,91
1,91,991,91,91,91
2,91,991,91,91,91
1,91,991,91,91,91
2,93,32,93,93,93
1,93,15,93,93,93
2,91,991,91,91,91
1,93,12,93,93,93
2,93,16,93,93,93
1,91,991,91,91,91
1,91,991,91,91,91
1,91,991,91,91,91
1,93,35,93,93,93
1,93,16,93,93,93
2,93,16,93,93,93
1,91,991,91,91,91
2,93,16,93,93,93
1,93,25,93,93,93
2,93,13,93,93,93
1,30,16,1,2,2
2,93,14,93,93,93
2,91,991,91,91,91
2,91,991,91,91,91
1,91,991,91,91,91
2,3,18,1,2,2
1,6,17,1,2,2
2,3,15,2,2,2
1,30,62,2,1,1
1,98,16,98,98,98
2,93,27,93,93,93
2,91,991,91,91,91
2,93,13,93,93,93
2,8,10,1,2,2
1,30,16,1,2,2
2,91,991,91,91,91
2,93,18,93,93,93
2,91,991,91,91,91
1,91,991,91,91,91
1,91,991,91,91,91
1,3,12,1,1,2
2,91,991,91,91,91
1,91,991,91,91,91
2,3,14,2,1,2
2,91,991,91,91,91
2,93,15,93,93,93
2,91,991,91,91,91
2,91,991,91,91,91
1,91,991,91,91,91
2,93,15,93,93,93
1,91,991,91,91,91
1,91,991,91,91,91
2,91,991,91,91,91
1,3,13,1,1,1
2,93,15,93,93,93
2,91,991,91,91,91
1,93,18,93,93,93
2,91,991,91,91,91
2,91,991,91,91,91
2,91,991,91,91,91
1,93,17,93,93,93
1,93,16,93,93,93
2,91,991,91,91,91
2,91,991,91,91,91
1,91,991,91,91,91
1,30,16,1,1,2
2,91,991,91,91,91
2,91,991,91,91,91
2,91,991,91,91,91
2,91,991,91,91,91
1,1,18,2,2,1
2,91,991,91,91,91
2,91,991,91,91,91
2,91,991,91,91,91
1,93,19,93,93,93
1,93,12,93,93,93
2,91,991,91,91,91
2,91,991,91,91,91
2,91,991,91,91,91
1,91,991,91,91,91
1,2,20,1,2,2
2,91,991,91,91,91
2,91,991,91,91,91
2,93,28,93,93,93
2,93,14,93,93,93
2,91,991,91,91,91
2,91,991,91,91,91
1,91,991,91,91,91
1,91,991,91,91,91
1,93,18,93,93,93
2,91,991,91,91,91
2,91,991,91,91,91
2,93,18,93,93,93
1,91,991,91,91,91
2,2,16,1,2,2
2,91,991,91,91,91
2,91,991,91,91,91
2,91,991,91,91,91
2,91,991,91,91,91
2,91,991,91,91,91
1,91,991,91,91,91
2,24,18,1,2,2
2,91,991,91,91,91
2,91,991,91,91,91
2,91,991,91,91,91
2,91,991,91,91,91
1,28,13,1,1,1
1,91,991,91,91,91
1,93,21,93,93,93
1,91,991,91,91,91
1,91,991,91,91,91
2,91,991,91,91,91
1,91,991,91,91,91
1,91,991,91,91,91
1,91,991,91,91,91
2,91,991,91,91,91
2,91,991,91,91,91
2,93,30,93,93,93
1,91,991,91,91,91
2,93,20,93,93,93
1,93,24,93,93,93
2,93,16,93,93,93
1,91,991,91,91,91
1,91,991,91,91,91
2,91,991,91,91,91
2,91,991,91,91,91
1,91,991,91,91,91
1,91,991,91,91,91
2,25,16,2,1,2
1,91,991,91,91,91
2,93,17,93,93,93
2,93,25,93,93,93
2,93,19,93,93,93
2,10,16,2,2,1
2,91,991,91,91,91
2,93,13,93,93,93
2,93,25,93,93,93
2,93,17,93,93,93
1,15,17,2,1,2
2,93,15,93,93,93
1,91,991,91,91,91
2,93,19,93,93,93
2,5,13,1,2,1
1,91,991,91,91,91
1,91,991,91,91,91
1,93,19,93,93,93
1,91,991,91,91,91
2,91,991,91,91,91
2,91,991,91,91,91
2,91,991,91,91,91
1,93,20,93,93,93
2,93,17,93,93,93
2,24,11,1,2,2
2,93,16,93,93,93
2,91,991,91,91,91
2,91,991,91,91,91
2,30,14,1,2,2
1,91,991,91,91,91
1,91,991,91,91,91
2,91,991,91,91,91
2,91,991,91,91,91
1,93,19,93,93,93
1,91,991,91,91,91
1,91,991,91,91,91
2,91,991,91,91,91
2,93,18,93,93,93
2,91,991,91,91,91
1,30,15,2,2,1
2,91,991,91,91,91
1,91,991,91,91,91
1,93,13,93,93,93
1,91,991,91,91,91
2,30,15,1,2,2
1,93,16,93,93,93
2,93,18,93,93,93
2,93,18,93,93,93
2,91,991,91,91,91
2,91,991,91,91,91
1,91,991,91,91,91
1,93,16,93,93,93
1,91,991,91,91,91
2,91,991,91,91,91
2,91,991,91,91,91
2,91,991,91,91,91
1,91,991,91,91,91
1,93,18,93,93,93
2,91,991,91,91,91
2,91,991,91,91,91
1,30,12,1,2,2
1,91,991,91,91,91
1,4,14,1,2,1
2,91,991,91,91,91
2,91,991,91,91,91
2,91,991,91,91,91
2,93,20,93,93,93
1,91,991,91,91,91
2,91,991,91,91,91
2,91,991,91,91,91
2,91,991,91,91,91
2,91,991,91,91,91
2,91,991,91,91,91
2,93,50,93,93,93
2,93,12,93,93,93
2,93,16,93,93,93
1,91,991,91,91,91
1,91,991,91,91,91
2,91,991,91,91,91
1,93,18,93,93,93
1,91,991,91,91,91
2,30,12,2,2,1
1,91,991,91,91,91
2,93,16,93,93,93
2,93,15,93,93,93
1,93,20,93,93,93
1,93,14,93,93,93
2,91,991,91,91,91
2,93,13,93,93,93
1,91,991,91,91,91
2,91,991,91,91,91
2,93,40,93,93,93
2,91,991,91,91,91
2,91,991,91,91,91
2,91,991,91,91,91
1,91,991,91,91,91
1,93,21,93,93,93
2,93,21,93,93,93
2,91,991,91,91,91
2,91,991,91,91,91
2,91,991,91,91,91
1,93,15,93,93,93
2,91,991,91,91,91
1,93,16,93,93,93
2,2,15,1,2,1
1,91,991,91,91,91
1,91,991,91,91,91
1,91,991,91,91,91
2,91,991,91,91,91
2,91,991,91,91,91
2,91,991,91,91,91
1,91,991,91,91,91
2,91,991,91,91,91
1,30,9,1,2,2
2,93,18,93,93,93
1,91,991,91,91,91
1,91,991,91,91,91
1,93,16,93,93,93
1,93,16,93,93,93
1,91,991,91,91,91
2,93,18,93,93,93
2,91,991,91,91,91
2,93,22,93,93,93
1,91,991,91,91,91
1,91,991,91,91,91
2,91,991,91,91,91
1,91,991,91,91,91
1,93,14,93,93,93
1,91,991,91,91,91
1,30,14,1,2,1
2,91,991,91,91,91
2,91,991,91,91,91
2,30,14,1,1,2
2,13,22,1,2,2
1,91,991,91,91,91
2,91,991,91,91,91
1,91,991,91,91,91
2,91,991,91,91,91
1,91,991,91,91,91
1,91,991,91,91,91
2,30,17,1,1,1
1,93,17,93,93,93
2,93,17,93,93,93
2,91,991,91,91,91
1,91,991,91,91,91
2,91,991,91,91,91
2,91,991,91,91,91
2,91,991,91,91,91
2,93,17,93,93,93
2,91,991,91,91,91
2,91,991,91,91,91
2,91,991,91,91,91
1,91,991,91,91,91
2,91,991,91,91,91
1,93,15,93,93,93
2,91,991,91,91,91
2,10,17,2,2,1
2,91,991,91,91,91
2,91,991,91,91,91
2,91,991,91,91,91
1,93,19,93,93,93
2,91,991,91,91,91
2,1,17,2,2,1
2,91,991,91,91,91
2,93,17,93,93,93
1,91,991,91,91,91
1,93,17,93,93,93
2,93,17,93,93,93
2,91,991,91,91,91
1,91,991,91,91,91
1,91,991,91,91,91
1,91,991,91,91,91
1,93,18,93,93,93
1,93,20,93,93,93
1,93,15,93,93,93
1,20,32,2,2,1
1,91,991,91,91,91
1,91,991,91,91,91
1,91,991,91,91,91
1,93,14,93,93,93
1,91,991,91,91,91
2,93,14,93,93,93
1,93,15,93,93,93
1,93,15,93,93,93
1,91,991,91,91,91
1,93,18,93,93,93
2,91,991,91,91,91
1,91,991,91,91,91
1,20,20,1,1,2
2,93,42,93,93,93
1,93,17,93,93,93
2,30,15,1,2,2
1,91,991,91,91,91
1,91,991,91,91,91
2,91,991,91,91,91
1,30,14,1,1,2
1,91,991,91,91,91
2,91,991,91,91,91
1,20,11,1,1,2
1,91,991,91,91,91
1,91,991,91,91,91
1,93,16,93,93,93
2,30,23,1,1,2
2,1,17,1,2,2
1,12,16,1,1,2
2,91,991,91,91,91
2,30,10,1,2,2
1,91,991,91,91,91
2,91,991,91,91,91
1,30,15,1,1,1
1,93,22,93,93,93
1,20,18,2,2,1
2,93,17,93,93,93
2,91,991,91,91,91
2,91,991,91,91,91
1,93,15,93,93,93
1,91,991,91,91,91
1,1,19,1,2,2
1,4,35,1,2,3
1,91,991,91,91,91
2,91,991,91,91,91
2,91,991,91,91,91
1,93,21,93,93,93
2,91,991,91,91,91
1,93,21,93,93,93
2,91,991,91,91,91
2,93,25,93,93,93
2,91,991,91,91,91
1,91,991,91,91,91
2,91,991,91,91,91
2,30,16,1,2,2
1,91,991,91,91,91
1,93,18,93,93,93
2,30,30,1,1,1
1,93,17,93,93,93
2,91,991,91,91,91
2,91,991,91,91,91
1,91,991,91,91,91
1,91,991,91,91,91
1,91,991,91,91,91
1,93,14,93,93,93
1,91,991,91,91,91
2,91,991,91,91,91
2,91,991,91,91,91
2,91,991,91,91,91
2,91,991,91,91,91
2,30,12,1,2,2
2,93,14,93,93,93
1,91,991,91,91,91
1,20,19,1,1,1
1,30,10,1,2,2
1,91,991,91,91,91
2,93,19,93,93,93
2,91,991,91,91,91
2,91,991,91,91,91
1,30,18,1,1,1
2,91,991,91,91,91
1,91,991,91,91,91
2,91,991,91,91,91
2,93,16,93,93,93
1,91,991,91,91,91
2,93,14,93,93,93
2,93,23,93,93,93
2,91,991,91,91,91
2,93,40,93,93,93
1,93,21,93,93,93
1,93,20,93,93,93
1,93,11,93,93,93
1,93,27,93,93,93
2,91,991,91,91,91
2,91,991,91,91,91
2,91,991,91,91,91
1,93,22,93,93,93
2,91,991,91,91,91
1,1,16,2,2,1
2,91,991,91,91,91
1,93,19,93,93,93
1,91,991,91,91,91
2,91,991,91,91,91
2,91,991,91,91,91
1,91,991,91,91,91
2,91,991,91,91,91
2,10,7,1,2,2
2,93,15,93,93,93
2,91,991,91,91,91
2,91,991,91,91,91
1,91,991,91,91,91
2,91,991,91,91,91
2,10,24,1,2,1
1,1,13,1,2,2
1,91,991,91,91,91
2,91,991,91,91,91
1,91,991,91,91,91
1,17,14,1,2,1
2,93,22,93,93,93
1,91,991,91,91,91
1,91,991,91,91,91
2,91,991,91,91,91
2,93,15,93,93,93
1,91,991,91,91,91
1,93,17,93,93,93
1,91,991,91,91,91
1,91,991,91,91,91
1,93,15,93,93,93
2,91,991,91,91,91
2,1,18,2,1,2
1,91,991,91,91,91
1,91,991,91,91,91
2,91,991,91,91,91
1,91,991,91,91,91
2,91,991,91,91,91
2,91,991,91,91,91
1,91,991,91,91,91
2,91,991,91,91,91
2,91,991,91,91,91
2,91,991,91,91,91
1,91,991,91,91,91
2,91,991,91,91,91
2,91,991,91,91,91
2,91,991,91,91,91
1,93,14,93,93,93
2,93,21,93,93,93
1,20,15,1,1,1
1,30,18,1,1,1
2,93,19,93,93,93
1,15,21,1,2,2
1,91,991,91,91,91
1,91,991,91,91,91
1,30,15,1,1,2
2,93,38,93,93,93
2,91,991,91,91,91
1,93,13,93,93,93
2,28,15,1,1,2
2,93,20,93,93,93
1,93,15,93,93,93
2,93,21,93,93,93
1,93,14,93,93,93
1,91,991,91,91,91
2,91,991,91,91,91
1,93,21,93,93,93
1,91,991,91,91,91
2,93,18,93,93,93
2,5,18,1,1,1
2,93,18,93,93,93
2,91,991,91,91,91
1,93,14,93,93,93
2,93,17,93,93,93
1,93,15,93,93,93
1,93,18,93,93,93
2,91,991,91,91,91
1,91,991,91,91,91
2,10,15,1,1,1
2,30,12,2,2,2
2,30,18,1,1,1
2,93,18,93,93,93
2,98,985,98,98,98
1,93,20,93,93,93
2,2,10,1,2,2
2,91,991,91,91,91
2,91,991,91,91,91
1,91,991,91,91,91
1,93,16,93,93,93
1,93,14,93,93,93
1,91,991,91,91,91
1,93,30,93,93,93
2,91,991,91,91,91
1,91,991,91,91,91
2,91,991,91,91,91
2,91,991,91,91,91
1,91,991,91,91,91
2,91,991,91,91,91
2,91,991,91,91,91
2,91,991,91,91,91
1,93,18,93,93,93
2,4,21,2,2,1
2,15,18,1,1,2
1,29,18,1,1,1
2,8,16,97,97,4
2,91,991,91,91,91
1,21,19,1,2,2
1,91,991,91,91,91
2,91,991,91,91,91
1,91,991,91,91,91
1,93,18,93,93,93
2,91,991,91,91,91
1,91,991,91,91,91
1,91,991,91,91,91
2,1,13,1,2,2
2,91,991,91,91,91
2,91,991,91,91,91
2,91,991,91,91,91
1,91,991,91,91,91
2,91,991,91,91,91
2,93,18,93,93,93
2,93,18,93,93,93
1,30,16,1,2,1
2,93,18,93,93,93
1,91,991,91,91,91
1,93,15,93,93,93
1,91,991,91,91,91
2,91,991,91,91,91
2,93,13,93,93,93
1,30,17,1,2,2
1,91,991,91,91,91
2,20,17,1,2,2
1,91,991,91,91,91
1,93,20,93,93,93
1,91,991,91,91,91
2,91,991,91,91,91
1,93,12,93,93,93
2,91,991,91,91,91
2,91,991,91,91,91
1,91,991,91,91,91
1,1,18,1,2,2
2,93,18,93,93,93
2,4,18,2,2,2
2,91,991,91,91,91
2,91,991,91,91,91
1,91,991,91,91,91
1,2,994,1,1,2
1,91,991,91,91,91
1,91,991,91,91,91
1,91,991,91,91,91
2,93,16,93,93,93
1,91,991,91,91,91
2,93,22,93,93,93
1,93,22,93,93,93
1,93,22,93,93,93
1,91,991,91,91,91
1,91,991,91,91,91
2,93,14,93,93,93
1,91,991,91,91,91
2,91,991,91,91,91
1,24,11,1,2,2
2,30,14,1,2,2
2,30,44,2,2,2
1,91,991,91,91,91
2,91,991,91,91,91
1,91,991,91,91,91
2,91,991,91,91,91
2,93,14,93,93,93
1,91,991,91,91,91
2,93,16,93,93,93
1,91,991,91,91,91
2,93,19,93,93,93
1,91,991,91,91,91
1,91,991,91,91,91
2,91,991,91,91,91
2,91,991,91,91,91
1,30,19,1,2,2
1,91,991,91,91,91
2,91,991,91,91,91
2,20,18,2,1,1
2,93,21,93,93,93
1,4,18,1,2,2
1,91,991,91,91,91
1,91,991,91,91,91
2,91,991,91,91,91
1,10,24,1,1,1
1,91,991,91,91,91
2,91,991,91,91,91
2,91,991,91,91,91
1,91,991,91,91,91
1,91,991,91,91,91
2,93,17,93,93,93
2,93,20,93,93,93
2,91,991,91,91,91
1,1,18,1,2,2
1,91,991,91,91,91
2,91,991,91,91,91
2,91,991,91,91,91
2,91,991,91,91,91
2,91,991,91,91,91
2,91,991,91,91,91
1,91,991,91,91,91
1,26,17,1,2,2
2,91,991,91,91,91
2,91,991,91,91,91
2,93,35,93,93,93
2,91,991,91,91,91
2,93,21,93,93,93
2,91,991,91,91,91
2,91,991,91,91,91
2,91,991,91,91,91
1,93,16,93,93,93
1,93,25,93,93,93
1,93,16,93,93,93
2,91,991,91,91,91
2,91,991,91,91,91
2,1,19,2,2,1
1,91,991,91,91,91
2,91,991,91,91,91
1,1,19,2,2,1
1,21,14,1,2,2
1,91,991,91,91,91
2,98,998,98,98,98
2,93,15,93,93,93
1,91,991,91,91,91
1,30,13,1,1,1
2,93,14,93,93,93
2,91,991,91,91,91
2,91,991,91,91,91
2,91,991,91,91,91
2,98,18,98,98,98
1,93,20,93,93,93
2,93,35,93,93,93
1,4,17,1,2,2
1,91,991,91,91,91
1,98,13,98,98,98
2,91,991,91,91,91
2,91,991,91,91,91
2,91,991,91,91,91
2,91,991,91,91,91
2,93,16,93,93,93
2,91,991,91,91,91
2,24,12,1,1,1
1,91,991,91,91,91
1,93,17,93,93,93
1,20,19,2,1,2
1,91,991,91,91,91
2,91,991,91,91,91
1,10,11,1,2,1
2,91,991,91,91,91
1,93,28,93,93,93
1,91,991,91,91,91
2,93,25,93,93,93
2,91,991,91,91,91
2,93,20,93,93,93
1,30,14,1,2,2
1,91,991,91,91,91
2,20,20,1,2,1
1,91,991,91,91,91
2,91,991,91,91,91
2,91,991,91,91,91
1,93,15,93,93,93
2,93,26,93,93,93
2,91,991,91,91,91
1,93,17,93,93,93
1,91,991,91,91,91
1,91,991,91,91,91
2,91,991,91,91,91
2,91,991,91,91,91
2,93,16,93,93,93
2,91,991,91,91,91
1,91,991,91,91,91
1,91,991,91,91,91
2,91,991,91,91,91
2,91,991,91,91,91
1,25,14,1,1,1
2,93,12,93,93,93
1,93,17,93,93,93
2,91,991,91,91,91
2,93,18,93,93,93
1,30,14,1,1,1
2,30,16,2,2,1
1,91,991,91,91,91
1,91,991,91,91,91
1,91,991,91,91,91
2,91,991,91,91,91
2,93,16,93,93,93
1,91,991,91,91,91
1,91,991,91,91,91
1,91,991,91,91,91
1,91,991,91,91,91
2,93,16,93,93,93
1,91,991,91,91,91
2,91,991,91,91,91
1,30,13,1,2,1
2,13,12,1,2,2
2,91,991,91,91,91
2,93,20,93,93,93
2,91,991,91,91,91
2,91,991,91,91,91
2,93,15,93,93,93
1,91,991,91,91,91
1,91,991,91,91,91
1,93,18,93,93,93
2,2,14,2,1,2
1,91,991,91,91,91
1,91,991,91,91,91
1,91,991,91,91,91
2,26,17,1,1,1
1,91,991,91,91,91
2,98,15,98,98,98
1,91,991,91,91,91
2,93,18,93,93,93
2,93,23,93,93,93
2,15,13,1,2,2
1,93,20,93,93,93
1,91,991,91,91,91
2,91,991,91,91,91
2,15,16,1,2,2
2,91,991,91,91,91
2,91,991,91,91,91
1,91,991,91,91,91
1,93,18,93,93,93
1,30,17,2,2,1
1,30,17,1,2,2
2,12,20,2,2,1
2,91,991,91,91,91
1,3,31,2,2,1
2,91,991,91,91,91
2,93,18,93,93,93
1,91,991,91,91,91
2,91,991,91,91,91
2,91,991,91,91,91
2,30,16,2,2,1
2,93,14,93,93,93
2,5,19,2,2,1
1,91,991,91,91,91
2,91,991,91,91,91
2,30,10,1,1,2
1,93,19,93,93,93
2,91,991,91,91,91
2,91,991,91,91,91
2,93,32,93,93,93
1,93,14,93,93,93
1,91,991,91,91,91
2,26,14,1,1,2
2,93,21,93,93,93
2,93,17,93,93,93
2,93,15,93,93,93
2,93,16,93,93,93
2,93,14,93,93,93
2,91,991,91,91,91
2,91,991,91,91,91
2,91,991,91,91,91
2,91,991,91,91,91
2,30,14,1,1,2
1,91,991,91,91,91
1,93,12,93,93,93
2,91,991,91,91,91
1,91,991,91,91,91
1,91,991,91,91,91
2,91,991,91,91,91
2,5,18,1,2,2
1,91,991,91,91,91
1,91,991,91,91,91
2,91,991,91,91,91
2,93,17,93,93,93
2,93,16,93,93,93
2,30,22,1,1,1
1,91,991,91,91,91
1,93,22,93,93,93
2,91,991,91,91,91
1,91,991,91,91,91
1,93,24,93,93,93
2,93,21,93,93,93
1,91,991,91,91,91
2,91,991,91,91,91
2,3,19,1,1,1
2,93,18,93,93,93
1,91,991,91,91,91
1,91,991,91,91,91
1,98,15,98,98,98
1,91,991,91,91,91
2,91,991,91,91,91
2,91,991,91,91,91
2,26,16,1,1,1
2,91,991,91,91,91
1,25,18,1,2,2
2,93,17,93,93,93
2,91,991,91,91,91
1,4,14,1,2,2
2,2,13,2,2,2
1,91,991,91,91,91
2,93,14,93,93,93
1,91,991,91,91,91
2,91,991,91,91,91
2,91,991,91,91,91
2,91,991,91,91,91
1,6,16,1,1,1
1,93,16,93,93,93
2,91,991,91,91,91
2,10,14,1,2,2
2,91,991,91,91,91
1,91,991,91,91,91
1,91,991,91,91,91
1,91,991,91,91,91
2,93,15,93,93,93
2,91,991,91,91,91
1,93,17,93,93,93
2,93,18,93,93,93
1,93,15,93,93,93
1,30,16,1,2,2
2,91,991,91,91,91
1,93,10,93,93,93
2,91,991,91,91,91
1,91,991,91,91,91
1,91,991,91,91,91
2,91,991,91,91,91
1,30,16,1,2,1
1,93,15,93,93,93
2,91,991,91,91,91
1,30,25,1,2,2
2,91,991,91,91,91
2,1,19,1,2,2
2,91,991,91,91,91
1,93,15,93,93,93
2,91,991,91,91,91
1,91,991,91,91,91
2,93,18,93,93,93
2,93,18,93,93,93
2,91,991,91,91,91
2,93,56,93,93,93
2,93,18,93,93,93
2,91,991,91,91,91
1,93,19,93,93,93
2,91,991,91,91,91
2,91,991,91,91,91
2,1,16,2,2,1
2,91,991,91,91,91
1,30,16,1,2,2
1,91,991,91,91,91
1,91,991,91,91,91
1,91,991,91,91,91
1,91,991,91,91,91
2,91,991,91,91,91
2,91,991,91,91,91
2,91,991,91,91,91
2,91,991,91,91,91
2,91,991,91,91,91
1,91,991,91,91,91
2,93,20,93,93,93
1,91,991,91,91,91
2,91,991,91,91,91
2,93,16,93,93,93
1,91,991,91,91,91
2,91,991,91,91,91
1,91,991,91,91,91
1,93,16,93,93,93
1,93,13,93,93,93
1,93,19,93,93,93
1,93,18,93,93,93
1,25,13,1,2,2
2,91,991,91,91,91
2,93,16,93,93,93
2,91,991,91,91,91
1,91,991,91,91,91
1,91,991,91,91,91
1,91,991,91,91,91
2,93,12,93,93,93
2,91,991,91,91,91
1,93,18,93,93,93
2,93,18,93,93,93
2,91,991,91,91,91
1,91,991,91,91,91
2,91,991,91,91,91
2,91,991,91,91,91
1,30,12,1,1,2
2,91,991,91,91,91
2,93,18,93,93,93
1,91,991,91,91,91
2,91,991,91,91,91
1,93,15,93,93,93
2,93,30,93,93,93
1,93,16,93,93,93
1,91,991,91,91,91
2,91,991,91,91,91
2,91,991,91,91,91
2,91,991,91,91,91
1,30,21,1,1,2
1,93,17,93,93,93
1,93,18,93,93,93
1,91,991,91,91,91
2,91,991,91,91,91
2,91,991,91,91,91
1,93,19,93,93,93
2,93,22,93,93,93
2,7,19,2,1,2
2,93,21,93,93,93
1,91,991,91,91,91
1,3,15,1,2,2
2,91,991,91,91,91
1,93,22,93,93,93
1,93,19,93,93,93
1,91,991,91,91,91
1,93,21,93,93,93
2,6,16,1,2,2
1,91,991,91,91,91
2,93,17,93,93,93
1,2,15,1,2,2
2,91,991,91,91,91
1,91,991,91,91,91
2,93,13,93,93,93
1,30,10,1,2,2
2,30,12,1,2,2
1,91,991,91,91,91
1,91,991,91,91,91
2,91,991,91,91,91
1,91,991,91,91,91
2,91,991,91,91,91
2,91,991,91,91,91
2,91,991,91,91,91
1,93,13,93,93,93
1,93,14,93,93,93
1,93,25,93,93,93
1,28,15,1,2,2
2,27,15,1,1,1
1,91,991,91,91,91
2,91,991,91,91,91
2,93,35,93,93,93
2,93,16,93,93,93
2,91,991,91,91,91
2,30,26,1,2,2
2,91,991,91,91,91
2,91,991,91,91,91
1,2,13,1,2,2
2,91,991,91,91,91
1,91,991,91,91,91
1,91,991,91,91,91
1,93,18,93,93,93
1,91,991,91,91,91
1,91,991,91,91,91
2,91,991,91,91,91
2,20,18,1,1,2
2,91,991,91,91,91
1,91,991,91,91,91
1,93,14,93,93,93
1,93,20,93,93,93
2,1,12,1,2,2
2,2,13,2,2,2
1,91,991,91,91,91
1,91,991,91,91,91
2,93,35,93,93,93
1,93,15,93,93,93
2,30,15,1,2,2
1,93,18,93,93,93
1,91,991,91,91,91
2,91,991,91,91,91
2,91,991,91,91,91
2,93,14,93,93,93
2,2,16,1,2,2
1,93,11,93,93,93
2,91,991,91,91,91
1,93,16,93,93,93
2,91,991,91,91,91
1,91,991,91,91,91
2,91,991,91,91,91
1,93,20,93,93,93
1,93,22,93,93,93
2,91,991,91,91,91
1,3,13,1,2,2
2,93,13,93,93,93
2,91,991,91,91,91
2,93,19,93,93,93
1,93,17,93,93,93
2,91,991,91,91,91
2,97,16,1,2,2
2,91,991,91,91,91
2,30,16,1,2,2
1,91,991,91,91,91
1,93,17,93,93,93
2,91,991,91,91,91
1,91,991,91,91,91
2,91,991,91,91,91
2,91,991,91,91,91
2,91,991,91,91,91
1,91,991,91,91,91
2,91,991,91,91,91
2,91,991,91,91,91
2,91,991,91,91,91
2,91,991,91,91,91
2,93,17,93,93,93
1,93,20,93,93,93
2,30,13,1,2,1
2,91,991,91,91,91
2,93,15,93,93,93
2,91,991,91,91,91
1,91,991,91,91,91
1,91,991,91,91,91
2,91,991,91,91,91
2,26,16,1,1,1
2,93,20,93,93,93
2,91,991,91,91,91
2,93,16,93,93,93
1,93,14,93,93,93
2,91,991,91,91,91
2,30,16,1,2,1
2,30,18,4,5,4
2,91,991,91,91,91
2,91,991,91,91,91
1,91,991,91,91,91
2,91,991,91,91,91
2,30,21,1,2,2
2,91,991,91,91,91
2,93,15,93,93,93
2,8,15,1,2,1
2,5,28,2,2,1
1,91,991,91,91,91
1,25,20,2,1,1
1,91,991,91,91,91
1,91,991,91,91,91
1,93,16,93,93,93
2,91,991,91,91,91
1,91,991,91,91,91
2,91,991,91,91,91
2,93,12,93,93,93
2,91,991,91,91,91
1,93,16,93,93,93
2,91,991,91,91,91
1,91,991,91,91,91
2,25,27,2,2,1
1,93,16,93,93,93
1,30,21,2,2,2
1,30,15,1,2,2
2,20,15,1,1,1
1,91,991,91,91,91
1,91,991,91,91,91
1,91,991,91,91,91
2,91,991,91,91,91
1,91,991,91,91,91
1,93,15,93,93,93
2,93,16,93,93,93
2,91,991,91,91,91
2,91,991,91,91,91
2,1,20,2,1,1
2,91,991,91,91,91
2,91,991,91,91,91
2,28,15,1,2,2
2,93,17,93,93,93
2,91,991,91,91,91
2,91,991,91,91,91
2,20,14,2,1,2
2,91,991,91,91,91
2,91,991,91,91,91
1,93,17,93,93,93
2,91,991,91,91,91
1,91,991,91,91,91
2,91,991,91,91,91
2,91,991,91,91,91
2,91,991,91,91,91
1,93,17,93,93,93
2,91,991,91,91,91
2,91,991,91,91,91
1,93,25,93,93,93
2,93,17,93,93,93
2,93,17,93,93,93
2,91,991,91,91,91
1,30,12,2,1,2
2,30,21,1,2,2
2,91,991,91,91,91
2,91,991,91,91,91
2,91,991,91,91,91
1,91,991,91,91,91
1,30,12,1,1,1
1,91,991,91,91,91
2,93,21,93,93,93
2,6,16,1,2,2
2,20,13,1,1,1
2,91,991,91,91,91
1,91,991,91,91,91
2,91,991,91,91,91
1,91,991,91,91,91
1,93,20,93,93,93
2,91,991,91,91,91
2,91,991,91,91,91
2,91,991,91,91,91
1,10,15,1,2,2
2,91,991,91,91,91
1,91,991,91,91,91
2,93,22,93,93,93
1,91,991,91,91,91
2,91,991,91,91,91
2,93,14,93,93,93
2,93,15,93,93,93
2,30,15,2,2,1
2,18,18,1,2,1
2,91,991,91,91,91
1,93,18,93,93,93
1,91,991,91,91,91
2,91,991,91,91,91
1,30,13,1,1,2
2,93,26,93,93,93
2,91,991,91,91,91
2,91,991,91,91,91
1,93,20,93,93,93
2,19,16,1,2,2
2,30,16,1,2,2
1,91,991,91,91,91
1,93,21,93,93,93
1,93,21,93,93,93
1,91,991,91,91,91
2,5,14,1,2,2
2,91,991,91,91,91
2,91,991,91,91,91
2,93,16,93,93,93
2,91,991,91,91,91
1,91,991,91,91,91
1,91,991,91,91,91
1,15,14,1,2,2
1,93,17,93,93,93
1,93,20,93,93,93
2,93,20,93,93,93
1,91,991,91,91,91
2,91,991,91,91,91
2,91,991,91,91,91
2,93,13,93,93,93
2,91,991,91,91,91
1,91,991,91,91,91
1,91,991,91,91,91
1,91,991,91,91,91
1,30,18,1,1,2
1,93,13,93,93,93
1,91,991,91,91,91
1,91,991,91,91,91
2,91,991,91,91,91
2,91,991,91,91,91
2,93,14,93,93,93
2,91,991,91,91,91
2,93,15,93,93,93
2,25,23,1,1,1
2,91,991,91,91,91
2,91,991,91,91,91
1,91,991,91,91,91
1,93,13,93,93,93
1,91,991,91,91,91
2,91,991,91,91,91
2,91,991,91,91,91
2,93,18,93,93,93
2,93,13,93,93,93
2,91,991,91,91,91
1,93,17,93,93,93
2,91,991,91,91,91
1,91,991,91,91,91
1,93,25,93,93,93
1,91,991,91,91,91
2,91,991,91,91,91
1,91,991,91,91,91
1,91,991,91,91,91
2,91,991,91,91,91
1,20,8,1,2,2
2,93,17,93,93,93
1,93,21,93,93,93
2,93,18,93,93,93
2,91,991,91,91,91
2,91,991,91,91,91
1,2,12,2,1,2
1,30,15,1,2,2
1,6,18,1,1,2
1,91,991,91,91,91
1,91,991,91,91,91
2,93,17,93,93,93
1,93,45,93,93,93
2,93,13,93,93,93
1,91,991,91,91,91
2,91,991,91,91,91
1,91,991,91,91,91
1,91,991,91,91,91
2,91,991,91,91,91
2,93,15,93,93,93
1,1,15,2,1,2
2,91,991,91,91,91
1,91,991,91,91,91
1,91,991,91,91,91
1,91,991,91,91,91
2,91,991,91,91,91
2,91,991,91,91,91
2,93,13,93,93,93
2,30,13,1,2,2
1,3,17,1,2,2
1,93,14,93,93,93
1,91,991,91,91,91
1,30,21,1,2,2
2,91,991,91,91,91
2,91,991,91,91,91
2,12,17,2,2,1
1,91,991,91,91,91
1,93,20,93,93,93
1,91,991,91,91,91
1,1,18,2,1,2
1,19,12,1,2,2
2,91,991,91,91,91
2,93,17,93,93,93
1,91,991,91,91,91
2,15,16,2,1,1
2,91,991,91,91,91
1,91,991,91,91,91
1,93,22,93,93,93
1,91,991,91,91,91
2,93,19,93,93,93
2,91,991,91,91,91
1,93,27,93,93,93
1,91,991,91,91,91
1,30,16,1,2,2
1,91,991,91,91,91
1,17,17,1,2,1
2,93,15,93,93,93
1,6,24,1,2,2
2,5,14,2,1,2
2,93,15,93,93,93
1,91,991,91,91,91
2,91,991,91,91,91
1,8,5,1,2,2
1,91,991,91,91,91
1,93,994,93,93,93
2,3,18,2,2,1
1,91,991,91,91,91
2,91,991,91,91,91
1,91,991,91,91,91
2,91,991,91,91,91
1,9,28,1,1,2
1,91,991,91,91,91
2,91,991,91,91,91
2,91,991,91,91,91
1,93,27,93,93,93
2,91,991,91,91,91
1,91,991,91,91,91
1,93,16,93,93,93
1,91,991,91,91,91
2,93,16,93,93,93
1,91,991,91,91,91
1,91,991,91,91,91
1,91,991,91,91,91
2,91,991,91,91,91
2,91,991,91,91,91
1,91,991,91,91,91
2,93,14,93,93,93
1,91,991,91,91,91
1,91,991,91,91,91
1,91,991,91,91,91
1,91,991,91,91,91
1,91,991,91,91,91
2,93,11,93,93,93
2,93,20,93,93,93
2,91,991,91,91,91
2,20,16,1,2,2
2,91,991,91,91,91
1,93,16,93,93,93
1,91,991,91,91,91
1,91,991,91,91,91
2,93,994,93,93,93
1,91,991,91,91,91
1,93,13,93,93,93
2,91,991,91,91,91
1,91,991,91,91,91
2,93,18,93,93,93
1,1,20,2,2,1
1,91,991,91,91,91
2,30,13,1,2,2
2,93,26,93,93,93
1,93,18,93,93,93
2,91,991,91,91,91
2,91,991,91,91,91
1,91,991,91,91,91
2,91,991,91,91,91
2,93,26,93,93,93
2,93,15,93,93,93
2,93,21,93,93,93
2,1,18,2,2,1
2,91,991,91,91,91
2,5,15,2,2,1
1,29,15,1,2,2
1,91,991,91,91,91
2,93,21,93,93,93
1,91,991,91,91,91
1,93,25,93,93,93
2,93,16,93,93,93
1,91,991,91,91,91
2,91,991,91,91,91
1,30,14,1,2,1
2,1,18,1,2,2
1,91,991,91,91,91
1,93,30,93,93,93
2,91,991,91,91,91
2,1,17,2,2,1
2,91,991,91,91,91
2,93,25,93,93,93
2,91,991,91,91,91
2,2,14,1,2,2
2,93,16,93,93,93
1,93,18,93,93,93
1,91,991,91,91,91
2,2,18,2,1,1
1,30,16,1,2,2
1,93,21,93,93,93
2,91,991,91,91,91
1,91,991,91,91,91
2,91,991,91,91,91
2,91,991,91,91,91
2,91,991,91,91,91
1,1,18,1,2,2
2,91,991,91,91,91
1,91,991,91,91,91
2,91,991,91,91,91
1,93,16,93,93,93
1,91,991,91,91,91
2,30,12,1,1,2
2,25,15,1,2,2
1,93,21,93,93,93
2,93,15,93,93,93
2,91,991,91,91,91
2,91,991,91,91,91
2,91,991,91,91,91
1,30,17,1,2,2
2,30,21,1,1,2
1,1,22,2,1,2
1,91,991,91,91,91
2,93,44,93,93,93
2,91,991,91,91,91
2,91,991,91,91,91
2,91,991,91,91,91
2,1,19,2,1,2
2,91,991,91,91,91
2,91,991,91,91,91
2,91,991,91,91,91
2,91,991,91,91,91
2,91,991,91,91,91
2,30,13,1,2,2
2,91,991,91,91,91
2,6,24,1,2,2
1,29,18,1,2,2
1,91,991,91,91,91
1,91,991,91,91,91
2,91,991,91,91,91
1,94,994,1,2,2
1,20,16,1,2,2
1,91,991,91,91,91
2,91,991,91,91,91
2,93,17,93,93,93
1,93,16,93,93,93
2,91,991,91,91,91
1,91,991,91,91,91
2,93,11,93,93,93
2,91,991,91,91,91
2,91,991,91,91,91
1,1,19,2,2,1
2,91,991,91,91,91
2,93,13,93,93,93
2,91,991,91,91,91
1,91,991,91,91,91
1,91,991,91,91,91
1,2,18,1,2,1
1,91,991,91,91,91
1,93,994,93,93,93
2,91,991,91,91,91
2,91,991,91,91,91
2,93,16,93,93,93
1,91,991,91,91,91
1,5,16,1,2,2
2,91,991,91,91,91
2,91,991,91,91,91
2,91,991,91,91,91
2,91,991,91,91,91
2,30,18,1,2,2
1,91,991,91,91,91
2,98,985,98,98,98
1,7,13,2,1,2
2,93,14,93,93,93
2,93,14,93,93,93
2,91,991,91,91,91
1,93,21,93,93,93
1,93,17,93,93,93
2,91,991,91,91,91
2,91,991,91,91,91
1,91,991,91,91,91
2,91,991,91,91,91
1,4,12,1,1,2
1,91,991,91,91,91
1,93,25,93,93,93
2,93,21,93,93,93
2,93,39,93,93,93
1,91,991,91,91,91
2,93,19,93,93,93
1,93,22,93,93,93
2,91,991,91,91,91
1,91,991,91,91,91
2,91,991,91,91,91
2,91,991,91,91,91
1,91,991,91,91,91
2,93,18,93,93,93
1,91,991,91,91,91
1,93,17,93,93,93
2,91,991,91,91,91
1,15,18,2,1,1
1,91,991,91,91,91
1,91,991,91,91,91
2,93,10,93,93,93
2,20,17,1,1,1
1,93,22,93,93,93
2,91,991,91,91,91
2,93,17,93,93,93
2,91,991,91,91,91
1,93,20,93,93,93
2,3,17,1,2,2
1,12,17,1,2,2
1,91,991,91,91,91
2,93,21,93,93,93
2,91,991,91,91,91
2,91,991,91,91,91
2,91,991,91,91,91
1,91,991,91,91,91
2,91,991,91,91,91
2,28,14,2,1,1
1,2,12,1,2,2
1,91,991,91,91,91
2,91,991,91,91,91
2,91,991,91,91,91
2,91,991,91,91,91
1,15,12,1,1,1
2,91,991,91,91,91
1,91,991,91,91,91
2,93,40,93,93,93
1,30,9,1,1,1
2,91,991,91,91,91
2,91,991,91,91,91
1,93,18,93,93,93
1,91,991,91,91,91
2,15,15,1,1,2
2,91,991,91,91,91
2,91,991,91,91,91
2,93,21,93,93,93
2,93,45,93,93,93
2,91,991,91,91,91
1,91,991,91,91,91
1,30,16,1,1,2
2,93,17,93,93,93
1,91,991,91,91,91
1,91,991,91,91,91
2,93,20,93,93,93
1,93,16,93,93,93
2,23,15,2,1,2
1,30,8,1,2,2
2,91,991,91,91,91
1,91,991,91,91,91
2,91,991,91,91,91
2,91,991,91,91,91
1,91,991,91,91,91
2,93,12,93,93,93
2,91,991,91,91,91
2,93,13,93,93,93
2,1,19,2,2,1
2,26,54,2,2,1
2,91,991,91,91,91
2,91,991,91,91,91
2,91,991,91,91,91
2,93,23,93,93,93
1,30,16,1,1,2
1,91,991,91,91,91
2,91,991,91,91,91
2,91,991,91,91,91
1,93,15,93,93,93
1,93,16,93,93,93
2,91,991,91,91,91
2,93,20,93,93,93
2,93,16,93,93,93
2,91,991,91,91,91
2,93,17,93,93,93
1,91,991,91,91,91
2,91,991,91,91,91
2,91,991,91,91,91
2,91,991,91,91,91
2,91,991,91,91,91
1,91,991,91,91,91
1,91,991,91,91,91
1,30,16,1,1,2
1,91,991,91,91,91
2,93,14,93,93,93
2,91,991,91,91,91
1,91,991,91,91,91
1,91,991,91,91,91
2,20,17,1,1,2
2,5,13,1,2,2
1,30,17,1,1,1
2,91,991,91,91,91
2,30,13,1,1,1
1,91,991,91,91,91
2,91,991,91,91,91
1,91,991,91,91,91
1,91,991,91,91,91
1,91,991,91,91,91
2,7,33,2,2,1
2,91,991,91,91,91
1,91,991,91,91,91
2,91,991,91,91,91
1,93,19,93,93,93
1,93,16,93,93,93
1,91,991,91,91,91
2,93,15,93,93,93
1,93,15,93,93,93
1,91,991,91,91,91
1,91,991,91,91,91
2,93,21,93,93,93
2,91,991,91,91,91
2,7,20,2,2,1
2,91,991,91,91,91
2,91,991,91,91,91
1,91,991,91,91,91
1,93,18,93,93,93
1,30,22,1,2,2
1,91,991,91,91,91
1,93,14,93,93,93
2,91,991,91,91,91
1,91,991,91,91,91
2,91,991,91,91,91
1,91,991,91,91,91
1,91,991,91,91,91
2,15,25,1,2,2
2,28,18,1,2,2
2,91,991,91,91,91
2,93,17,93,93,93
1,91,991,91,91,91
2,91,991,91,91,91
1,93,16,93,93,93
1,93,20,93,93,93
2,91,991,91,91,91
1,93,16,93,93,93
1,91,991,91,91,91
2,91,991,91,91,91
2,91,991,91,91,91
2,28,16,1,2,2
2,91,991,91,91,91
2,3,19,1,2,2
2,91,991,91,91,91
1,91,991,91,91,91
2,91,991,91,91,91
2,30,12,1,1,2
2,91,991,91,91,91
2,91,991,91,91,91
2,93,23,93,93,93
1,93,22,93,93,93
1,93,14,93,93,93
2,93,16,93,93,93
1,91,991,91,91,91
2,93,15,93,93,93
2,91,991,91,91,91
2,91,991,91,91,91
2,4,18,1,2,2
1,93,18,93,93,93
1,93,18,93,93,93
1,15,20,1,2,2
2,91,991,91,91,91
1,91,991,91,91,91
1,91,991,91,91,91
2,91,991,91,91,91
1,1,14,1,2,2
2,28,15,1,2,1
1,93,16,93,93,93
1,93,21,93,93,93
1,91,991,91,91,91
1,91,991,91,91,91
1,91,991,91,91,91
1,91,991,91,91,91
2,91,991,91,91,91
2,93,20,93,93,93
1,91,991,91,91,91
2,93,18,93,93,93
1,93,17,93,93,93
2,93,14,93,93,93
2,91,991,91,91,91
1,91,991,91,91,91
2,93,16,93,93,93
1,20,15,1,1,1
2,91,991,91,91,91
2,91,991,91,91,91
2,25,16,1,2,2
2,30,21,1,2,2
2,91,991,91,91,91
1,93,18,93,93,93
1,91,991,91,91,91
2,91,991,91,91,91
1,93,20,93,93,93
1,91,991,91,91,91
1,93,36,93,93,93
1,93,17,93,93,93
1,93,17,93,93,93
1,91,991,91,91,91
2,93,25,93,93,93
1,91,991,91,91,91
2,93,19,93,93,93
1,93,18,93,93,93
1,91,991,91,91,91
2,91,991,91,91,91
2,93,17,93,93,93
1,91,991,91,91,91
2,93,16,93,93,93
1,91,991,91,91,91
1,91,991,91,91,91
1,91,991,91,91,91
1,93,19,93,93,93
1,91,991,91,91,91
2,91,991,91,91,91
2,91,991,91,91,91
1,93,18,93,93,93
2,91,991,91,91,91
1,26,14,1,1,1
2,4,16,2,1,2
2,93,22,93,93,93
1,93,25,93,93,93
2,5,13,1,1,2
1,98,985,98,98,98
1,93,18,93,93,93
2,91,991,91,91,91
2,93,33,93,93,93
1,93,25,93,93,93
1,20,16,1,2,2
2,91,991,91,91,91
2,91,991,91,91,91
1,91,991,91,91,91
2,91,991,91,91,91
2,93,28,93,93,93
1,93,12,93,93,93
2,93,28,93,93,93
1,91,991,91,91,91
2,91,991,91,91,91
2,93,25,93,93,93
2,15,18,1,2,1
1,91,991,91,91,91
1,91,991,91,91,91
1,91,991,91,91,91
1,91,991,91,91,91
1,93,14,93,93,93
1,30,14,1,1,2
1,1,15,2,2,1
1,23,15,2,2,1
1,25,18,1,2,1
2,93,23,93,93,93
1,91,991,91,91,91
2,91,991,91,91,91
2,93,17,93,93,93
1,91,991,91,91,91
1,93,15,93,93,93
1,7,18,1,2,2
1,91,991,91,91,91
2,91,991,91,91,91
2,16,12,1,2,2
2,10,19,2,1,1
1,24,16,1,1,2
1,91,991,91,91,91
2,91,991,91,91,91
2,91,991,91,91,91
2,25,19,1,1,1
1,93,11,93,93,93
1,91,991,91,91,91
1,91,991,91,91,91
2,91,991,91,91,91
2,91,991,91,91,91
1,20,17,1,2,2
2,91,991,91,91,91
2,20,36,2,2,2
2,93,18,93,93,93
2,30,14,1,1,1
2,91,991,91,91,91
1,91,991,91,91,91
2,93,14,93,93,93
1,91,991,91,91,91
2,91,991,91,91,91
2,91,991,91,91,91
1,30,14,1,2,2
1,91,991,91,91,91
1,93,15,93,93,93
2,91,991,91,91,91
2,91,991,91,91,91
1,91,991,91,91,91
2,91,991,91,91,91
2,2,12,1,2,2
1,26,27,2,2,1
1,91,991,91,91,91
1,91,991,91,91,91
2,93,14,93,93,93
2,91,991,91,91,91
2,91,991,91,91,91
2,93,14,93,93,93
2,8,14,1,1,2
1,91,991,91,91,91
1,91,991,91,91,91
1,91,991,91,91,91
2,93,14,93,93,93
2,91,991,91,91,91
1,91,991,91,91,91
2,91,991,91,91,91
1,91,991,91,91,91
2,91,991,91,91,91
1,91,991,91,91,91
1,93,16,93,93,93
2,91,991,91,91,91
2,91,991,91,91,91
2,91,991,91,91,91
1,7,15,1,2,2
2,91,991,91,91,91
1,93,12,93,93,93
2,93,15,93,93,93
1,91,991,91,91,91
1,30,16,1,2,1
2,93,16,93,93,93
1,91,991,91,91,91
2,91,991,91,91,91
2,91,991,91,91,91
2,91,991,91,91,91
2,91,991,91,91,91
1,91,991,91,91,91
2,93,18,93,93,93
2,91,991,91,91,91
2,93,20,93,93,93
1,91,991,91,91,91
1,91,991,91,91,91
2,4,16,1,2,1
1,91,991,91,91,91
1,93,21,93,93,93
1,91,991,91,91,91
2,91,991,91,91,91
1,93,19,93,93,93
1,91,991,91,91,91
1,91,991,91,91,91
2,91,991,91,91,91
1,91,991,91,91,91
2,91,991,91,91,91
1,93,19,93,93,93
1,91,991,91,91,91
1,2,26,1,2,1
2,91,991,91,91,91
2,91,991,91,91,91
2,93,18,93,93,93
2,91,991,91,91,91
1,91,991,91,91,91
1,91,991,91,91,91
1,93,16,93,93,93
2,30,15,1,1,1
1,20,12,1,2,2
2,91,991,91,91,91
2,91,991,91,91,91
2,91,991,91,91,91
2,91,991,91,91,91
1,91,991,91,91,91
2,91,991,91,91,91
1,8,16,1,1,2
2,1,16,1,2,2
2,91,991,91,91,91
1,13,25,2,2,1
1,91,991,91,91,91
1,91,991,91,91,91
2,91,991,91,91,91
1,91,991,91,91,91
1,91,991,91,91,91
2,1,19,2,1,2
1,91,991,91,91,91
2,91,991,91,91,91
1,93,19,93,93,93
2,91,991,91,91,91
2,30,13,1,1,2
1,93,15,93,93,93
2,93,19,93,93,93
2,91,991,91,91,91
1,91,991,91,91,91
1,7,24,1,2,2
2,30,19,1,2,1
1,91,991,91,91,91
1,4,18,1,2,1
1,91,991,91,91,91
2,25,14,1,2,2
1,30,18,1,1,2
1,93,17,93,93,93
1,91,991,91,91,91
1,93,15,93,93,93
1,93,25,93,93,93
2,91,991,91,91,91
1,91,991,91,91,91
2,3,16,1,2,2
2,91,991,91,91,91
1,91,991,91,91,91
1,91,991,91,91,91
2,91,991,91,91,91
2,91,991,91,91,91
1,93,20,93,93,93
1,6,16,2,1,2
1,93,19,93,93,93
2,93,21,93,93,93
2,91,991,91,91,91
1,93,20,93,93,93
2,91,991,91,91,91
2,91,991,91,91,91
2,30,14,1,2,2
2,1,50,2,2,1
2,91,991,91,91,91
2,91,991,91,91,91
1,93,17,93,93,93
1,91,991,91,91,91
1,91,991,91,91,91
1,93,18,93,93,93
2,91,991,91,91,91
1,91,991,91,91,91
1,91,991,91,91,91
2,1,15,1,2,1
2,93,15,93,93,93
2,91,991,91,91,91
1,93,18,93,93,93
2,91,991,91,91,91
2,91,991,91,91,91
2,91,991,91,91,91
1,91,991,91,91,91
1,91,991,91,91,91
2,91,991,91,91,91
2,91,991,91,91,91
1,30,16,1,1,2
2,93,16,93,93,93
1,4,16,1,1,1
1,93,16,93,93,93
2,93,24,93,93,93
2,93,17,93,93,93
1,91,991,91,91,91
2,10,18,1,2,2
2,91,991,91,91,91
1,91,991,91,91,91
2,91,991,91,91,91
2,30,16,1,1,2
2,91,991,91,91,91
1,93,16,93,93,93
2,27,13,1,1,2
1,91,991,91,91,91
1,91,991,91,91,91
2,15,18,1,1,2
1,93,15,93,93,93
2,91,991,91,91,91
1,93,17,93,93,93
1,30,12,1,2,2
1,91,991,91,91,91
2,7,12,1,1,1
1,93,19,93,93,93
2,25,14,1,1,1
2,91,991,91,91,91
2,91,991,91,91,91
1,91,991,91,91,91
2,91,991,91,91,91
1,91,991,91,91,91
2,91,991,91,91,91
2,91,991,91,91,91
1,91,991,91,91,91
2,91,991,91,91,91
1,91,991,91,91,91
1,93,25,93,93,93
1,25,19,1,1,1
1,91,991,91,91,91
1,91,991,91,91,91
1,91,991,91,91,91
1,20,16,1,1,1
2,91,991,91,91,91
2,91,991,91,91,91
2,91,991,91,91,91
2,1,15,1,2,2
1,30,14,2,2,2
2,91,991,91,91,91
2,93,15,93,93,93
1,1,15,2,2,1
2,91,991,91,91,91
2,30,18,2,2,2
2,91,991,91,91,91
2,91,991,91,91,91
1,91,991,91,91,91
2,93,17,93,93,93
1,93,24,93,93,93
1,91,991,91,91,91
2,3,24,2,2,2
2,91,991,91,91,91
2,91,991,91,91,91
1,93,15,93,93,93
2,3,14,1,2,2
1,91,991,91,91,91
1,30,12,1,2,2
1,91,991,91,91,91
2,91,991,91,91,91
1,91,991,91,91,91
1,91,991,91,91,91
1,4,18,1,2,2
2,91,991,91,91,91
2,91,991,91,91,91
2,93,18,93,93,93
2,91,991,91,91,91
2,93,22,93,93,93
2,93,16,93,93,93
2,91,991,91,91,91
2,93,19,93,93,93
2,93,20,93,93,93
2,93,16,93,93,93
2,93,29,93,93,93
2,93,19,93,93,93
1,91,991,91,91,91
1,93,13,93,93,93
2,91,991,91,91,91
2,20,16,1,1,1
1,93,23,93,93,93
2,20,16,1,2,2
1,91,991,91,91,91
1,91,991,91,91,91
1,91,991,91,91,91
2,93,15,93,93,93
1,93,15,93,93,93
2,93,16,93,93,93
1,98,11,98,98,98
2,4,14,1,1,2
1,30,14,1,2,2
2,91,991,91,91,91
1,93,14,93,93,93
2,91,991,91,91,91
2,5,17,1,2,2
1,91,991,91,91,91
1,30,16,1,1,1
1,93,18,93,93,93
2,93,21,93,93,93
1,93,17,93,93,93
1,93,21,93,93,93
2,2,17,1,2,2
1,93,15,93,93,93
1,91,991,91,91,91
1,93,17,93,93,93
2,93,28,93,93,93
2,13,19,1,1,2
1,93,16,93,93,93
1,2,14,2,2,1
1,93,9,93,93,93
1,93,19,93,93,93
2,93,50,93,93,93
2,91,991,91,91,91
1,91,991,91,91,91
2,91,991,91,91,91
1,2,13,2,2,1
1,93,15,93,93,93
1,1,18,1,2,2
1,91,991,91,91,91
2,93,16,93,93,93
2,91,991,91,91,91
1,93,15,93,93,93
2,91,991,91,91,91
1,91,991,91,91,91
1,30,16,2,1,2
1,93,16,93,93,93
2,91,991,91,91,91
2,91,991,91,91,91
2,93,30,93,93,93
1,93,22,93,93,93
2,91,991,91,91,91
2,91,991,91,91,91
1,91,991,91,91,91
1,91,991,91,91,91
2,93,18,93,93,93
2,91,991,91,91,91
1,91,991,91,91,91
2,93,18,93,93,93
1,91,991,91,91,91
2,91,991,91,91,91
1,2,70,2,2,2
2,93,15,93,93,93
1,91,991,91,91,91
1,91,991,91,91,91
1,30,20,1,2,2
2,11,16,1,2,2
1,27,16,1,1,2
1,91,991,91,91,91
1,91,991,91,91,91
1,91,991,91,91,91
2,91,991,91,91,91
1,25,18,1,2,1
1,30,17,1,1,1
2,93,12,93,93,93
1,30,15,1,1,1
2,93,18,93,93,93
2,93,13,93,93,93
1,91,991,91,91,91
2,91,991,91,91,91
2,91,991,91,91,91
2,91,991,91,91,91
2,91,991,91,91,91
2,91,991,91,91,91
2,91,991,91,91,91
1,91,991,91,91,91
2,91,991,91,91,91
2,91,991,91,91,91
2,25,16,1,2,2
2,91,991,91,91,91
2,91,991,91,91,91
1,91,991,91,91,91
1,93,14,93,93,93
1,10,22,2,1,2
1,93,16,93,93,93
2,91,991,91,91,91
2,91,991,91,91,91
1,91,991,91,91,91
1,91,991,91,91,91
2,91,991,91,91,91
1,91,991,91,91,91
1,91,991,91,91,91
1,91,991,91,91,91
1,15,16,1,2,2
2,93,40,93,93,93
2,20,18,1,2,1
2,91,991,91,91,91
2,93,25,93,93,93
2,91,991,91,91,91
2,2,15,1,1,1
1,91,991,91,91,91
1,93,18,93,93,93
2,91,991,91,91,91
1,93,30,93,93,93
1,16,14,1,2,2
2,30,21,1,1,1
2,91,991,91,91,91
2,91,991,91,91,91
2,93,25,93,93,93
2,93,12,93,93,93
1,91,991,91,91,91
1,2,19,1,2,1
2,91,991,91,91,91
1,93,13,93,93,93
1,93,19,93,93,93
2,91,991,91,91,91
1,91,991,91,91,91
2,93,25,93,93,93
1,91,991,91,91,91
1,93,16,93,93,93
2,93,17,93,93,93
1,28,14,2,1,2
1,91,991,91,91,91
1,93,16,93,93,93
2,2,16,1,2,1
1,91,991,91,91,91
2,91,991,91,91,91
1,4,16,1,2,2
2,91,991,91,91,91
2,30,16,1,2,1
1,93,15,93,93,93
2,91,991,91,91,91
2,91,991,91,91,91
1,91,991,91,91,91
2,93,26,93,93,93
2,91,991,91,91,91
2,93,14,93,93,93
2,91,991,91,91,91
2,91,991,91,91,91
1,91,991,91,91,91
1,91,991,91,91,91
1,91,991,91,91,91
2,91,991,91,91,91
1,91,991,91,91,91
2,93,15,93,93,93
2,1,17,2,2,1
2,1,12,1,2,2
1,91,991,91,91,91
1,93,16,93,93,93
2,93,13,93,93,93
2,30,16,1,2,2
1,30,18,1,1,2
1,91,991,91,91,91
2,93,18,93,93,93
1,91,991,91,91,91
1,91,991,91,91,91
1,91,991,91,91,91
2,93,23,93,93,93
1,91,991,91,91,91
2,93,43,93,93,93
2,30,15,1,2,2
1,93,11,93,93,93
1,91,991,91,91,91
1,91,991,91,91,91
2,93,30,93,93,93
2,30,16,1,1,2
1,91,991,91,91,91
2,91,991,91,91,91
2,91,991,91,91,91
2,30,9,1,2,1
2,93,13,93,93,93
2,91,991,91,91,91
2,91,991,91,91,91
1,91,991,91,91,91
2,91,991,91,91,91
2,91,991,91,91,91
1,22,10,1,2,2
2,7,16,1,2,1
2,91,991,91,91,91
2,93,24,93,93,93
1,91,991,91,91,91
1,91,991,91,91,91
2,91,991,91,91,91
2,93,14,93,93,93
1,91,991,91,91,91
2,93,14,93,93,93
1,91,991,91,91,91
1,93,30,93,93,93
1,91,991,91,91,91
1,30,30,1,2,2
2,91,991,91,91,91
1,91,991,91,91,91
1,91,991,91,91,91
2,93,16,93,93,93
1,93,18,93,93,93
2,91,991,91,91,91
2,93,16,93,93,93
2,91,991,91,91,91
1,93,20,93,93,93
2,93,23,93,93,93
1,93,14,93,93,93
1,93,15,93,93,93
1,91,991,91,91,91
2,19,19,2,2,1
2,91,991,91,91,91
1,91,991,91,91,91
2,30,14,2,2,1
2,91,991,91,91,91
2,93,15,93,93,93
2,91,991,91,91,91
2,2,17,1,2,2
2,91,991,91,91,91
2,91,991,91,91,91
2,91,991,91,91,91
1,93,19,93,93,93
2,1,14,2,1,1
2,93,16,93,93,93
1,12,14,2,1,1
2,91,991,91,91,91
2,93,18,93,93,93
2,93,11,93,93,93
1,91,991,91,91,91
2,93,19,93,93,93
1,25,29,1,1,2
2,91,991,91,91,91
2,30,15,1,2,2
1,91,991,91,91,91
1,93,19,93,93,93
2,91,991,91,91,91
1,5,18,1,2,2
1,91,991,91,91,91
2,91,991,91,91,91
1,91,991,91,91,91
1,91,991,91,91,91
1,93,17,93,93,93
1,91,991,91,91,91
2,91,991,91,91,91
1,91,991,91,91,91
1,18,16,2,2,1
2,91,991,91,91,91
1,91,991,91,91,91
1,91,991,91,91,91
2,91,991,91,91,91
1,91,991,91,91,91
2,93,16,93,93,93
2,91,991,91,91,91
2,91,991,91,91,91
2,93,14,93,93,93
2,91,991,91,91,91
1,91,991,91,91,91
2,91,991,91,91,91
2,91,991,91,91,91
1,91,991,91,91,91
1,91,991,91,91,91
1,93,14,93,93,93
2,91,991,91,91,91
1,30,16,2,1,1
2,30,14,1,2,2
1,91,991,91,91,91
1,91,991,91,91,91
1,91,991,91,91,91
1,91,991,91,91,91
1,93,14,93,93,93
1,91,991,91,91,91
2,93,18,93,93,93
2,91,991,91,91,91
1,1,16,2,1,2
2,91,991,91,91,91
1,91,991,91,91,91
2,28,17,2,2,2
2,91,991,91,91,91
2,91,991,91,91,91
2,2,14,1,2,2
1,10,17,1,2,2
1,93,15,93,93,93
2,91,991,91,91,91
2,93,30,93,93,93
2,93,29,93,93,93
2,93,16,93,93,93
2,91,991,91,91,91
2,91,991,91,91,91
2,3,21,1,1,2
1,91,991,91,91,91
1,91,991,91,91,91
1,30,12,1,1,2
2,93,18,93,93,93
2,93,22,93,93,93
1,14,15,2,2,1
2,93,18,93,93,93
2,91,991,91,91,91
1,30,15,1,2,2
1,93,15,93,93,93
1,93,14,93,93,93
2,93,30,93,93,93
1,30,13,1,1,2
1,93,13,93,93,93
2,91,991,91,91,91
1,93,18,93,93,93
2,91,991,91,91,91
2,91,991,91,91,91
1,3,12,1,1,1
2,91,991,91,91,91
2,91,991,91,91,91
2,91,991,91,91,91
2,91,991,91,91,91
2,2,15,1,2,2
1,91,991,91,91,91
2,93,14,93,93,93
1,91,991,91,91,91
1,91,991,91,91,91
2,91,991,91,91,91
1,20,18,2,2,1
2,91,991,91,91,91
2,91,991,91,91,91
2,7,16,1,1,2
1,91,991,91,91,91
1,91,991,91,91,91
2,5,21,2,1,1
1,91,991,91,91,91
2,91,991,91,91,91
1,28,15,1,2,2
2,93,15,93,93,93
2,30,25,1,2,2
2,93,18,93,93,93
2,91,991,91,91,91
1,4,18,1,1,2
2,4,15,1,1,2
1,91,991,91,91,91
1,91,991,91,91,91
1,91,991,91,91,91
1,91,991,91,91,91
2,93,18,93,93,93
1,93,16,93,93,93
1,30,14,1,2,2
2,91,991,91,91,91
2,91,991,91,91,91
2,91,991,91,91,91
1,91,991,91,91,91
2,91,991,91,91,91
2,93,7,93,93,93
2,91,991,91,91,91
1,10,12,1,2,2
1,30,20,2,1,2
1,91,991,91,91,91
2,91,991,91,91,91
2,6,16,1,1,1
2,91,991,91,91,91
2,25,17,1,1,2
1,5,17,1,2,2
2,91,991,91,91,91
1,25,18,1,2,2
2,91,991,91,91,91
2,93,25,93,93,93
1,93,32,93,93,93
2,93,16,93,93,93
1,93,19,93,93,93
1,91,991,91,91,91
1,91,991,91,91,91
2,91,991,91,91,91
2,93,21,93,93,93
2,91,991,91,91,91
2,91,991,91,91,91
1,91,991,91,91,91
1,20,11,1,1,2
1,91,991,91,91,91
2,91,991,91,91,91
2,93,20,93,93,93
2,91,991,91,91,91
2,91,991,91,91,91
2,91,991,91,91,91
1,91,991,91,91,91
1,93,22,93,93,93
2,91,991,91,91,91
1,91,991,91,91,91
1,91,991,91,91,91
2,30,15,1,2,2
1,93,22,93,93,93
2,91,991,91,91,91
1,93,27,93,93,93
1,91,991,91,91,91
2,91,991,91,91,91
2,30,14,1,1,2
1,91,991,91,91,91
1,91,991,91,91,91
2,91,991,91,91,91
1,91,991,91,91,91
2,91,991,91,91,91
1,91,991,91,91,91
2,91,991,91,91,91
2,20,13,1,2,2
2,91,991,91,91,91
1,91,991,91,91,91
1,93,17,93,93,93
2,91,991,91,91,91
2,93,17,93,93,93
1,91,991,91,91,91
1,15,13,2,1,2
1,91,991,91,91,91
2,20,12,1,1,2
2,30,19,2,2,2
2,93,33,93,93,93
1,93,19,93,93,93
2,93,20,93,93,93
2,91,991,91,91,91
1,91,991,91,91,91
2,91,991,91,91,91
1,91,991,91,91,91
1,93,18,93,93,93
2,4,16,2,2,1
2,91,991,91,91,91
2,30,16,1,2,2
1,91,991,91,91,91
2,1,16,2,1,2
2,93,18,93,93,93
1,93,15,93,93,93
1,91,991,91,91,91
1,91,991,91,91,91
1,91,991,91,91,91
2,91,991,91,91,91
2,93,16,93,93,93
2,91,991,91,91,91
1,93,12,93,93,93
2,93,22,93,93,93
2,91,991,91,91,91
2,93,18,93,93,93
2,93,12,93,93,93
2,91,991,91,91,91
2,93,29,93,93,93
2,93,18,93,93,93
2,93,19,93,93,93
1,93,18,93,93,93
1,30,16,1,1,1
2,91,991,91,91,91
1,30,18,1,2,2
1,91,991,91,91,91
2,93,17,93,93,93
2,93,26,93,93,93
1,91,991,91,91,91
2,91,991,91,91,91
1,93,18,93,93,93
2,93,18,93,93,93
2,91,991,91,91,91
1,91,991,91,91,91
1,93,18,93,93,93
1,91,991,91,91,91
1,93,16,93,93,93
1,91,991,91,91,91
1,93,17,93,93,93
1,28,15,1,2,2
1,91,991,91,91,91
1,91,991,91,91,91
1,91,991,91,91,91
2,91,991,91,91,91
2,93,16,93,93,93
2,93,15,93,93,93
1,91,991,91,91,91
2,93,18,93,93,93
1,93,17,93,93,93
2,91,991,91,91,91
2,91,991,91,91,91
2,91,991,91,91,91
1,91,991,91,91,91
2,91,991,91,91,91
2,91,991,91,91,91
1,93,17,93,93,93
2,91,991,91,91,91
2,91,991,91,91,91
1,91,991,91,91,91
2,30,17,1,1,2
1,91,991,91,91,91
2,91,991,91,91,91
2,91,991,91,91,91
2,91,991,91,91,91
1,93,21,93,93,93
1,91,991,91,91,91
2,91,991,91,91,91
2,91,991,91,91,91
2,93,18,93,93,93
2,91,991,91,91,91
2,93,18,93,93,93
1,93,17,93,93,93
2,91,991,91,91,91
1,91,991,91,91,91
1,91,991,91,91,91
2,28,18,1,1,2
2,91,991,91,91,91
1,93,19,93,93,93
1,91,991,91,91,91
1,98,994,98,98,98
2,91,991,91,91,91
1,91,991,91,91,91
2,30,17,1,2,2
1,91,991,91,91,91
2,91,991,91,91,91
1,93,21,93,93,93
2,91,991,91,91,91
2,93,14,93,93,93
1,91,991,91,91,91
2,91,991,91,91,91
1,93,14,93,93,93
2,30,16,1,1,2
2,91,991,91,91,91
1,91,991,91,91,91
1,91,991,91,91,91
2,91,991,91,91,91
1,93,18,93,93,93
2,91,991,91,91,91
2,91,991,91,91,91
2,8,20,1,2,1
1,93,10,93,93,93
1,3,13,1,1,2
2,91,991,91,91,91
2,93,19,93,93,93
2,91,991,91,91,91
1,91,991,91,91,91
1,93,12,93,93,93
1,94,16,94,94,94
1,91,991,91,91,91
2,91,991,91,91,91
1,91,991,91,91,91
2,91,991,91,91,91
1,91,991,91,91,91
1,93,29,93,93,93
2,91,991,91,91,91
1,91,991,91,91,91
1,26,13,1,2,2
2,91,991,91,91,91
2,91,991,91,91,91
2,91,991,91,91,91
1,8,30,1,1,2
1,91,991,91,91,91
1,93,24,93,93,93
1,3,15,2,1,2
1,91,991,91,91,91
1,1,20,2,2,1
1,93,12,93,93,93
1,93,22,93,93,93
1,91,991,91,91,91
2,91,991,91,91,91
2,91,991,91,91,91
2,93,17,93,93,93
2,1,18,1,2,2
2,91,991,91,91,91
1,91,991,91,91,91
2,91,991,91,91,91
1,93,20,93,93,93
1,30,16,1,2,2
2,93,18,93,93,93
2,91,991,91,91,91
2,93,16,93,93,93
1,91,991,91,91,91
2,93,18,93,93,93
1,93,13,93,93,93
1,1,17,2,2,1
2,91,991,91,91,91
2,30,19,1,2,1
1,91,991,91,91,91
2,91,991,91,91,91
1,91,991,91,91,91
1,93,18,93,93,93
1,91,991,91,91,91
1,2,13,1,2,2
2,93,27,93,93,93
2,30,14,1,1,2
1,91,991,91,91,91
1,91,991,91,91,91
1,91,991,91,91,91
2,93,23,93,93,93
2,93,20,93,93,93
2,91,991,91,91,91
1,91,991,91,91,91
1,91,991,91,91,91
2,93,15,93,93,93
1,91,991,91,91,91
1,91,991,91,91,91
1,91,991,91,91,91
2,93,13,93,93,93
2,91,991,91,91,91
1,91,991,91,91,91
2,91,991,91,91,91
2,91,991,91,91,91
2,91,991,91,91,91
1,93,25,93,93,93
1,91,991,91,91,91
1,91,991,91,91,91
2,91,991,91,91,91
2,91,991,91,91,91
1,30,11,1,2,2
1,30,15,1,2,2
1,93,25,93,93,93
2,93,16,93,93,93
2,93,17,93,93,93
2,91,991,91,91,91
1,93,23,93,93,93
2,26,16,1,2,1
2,93,43,93,93,93
2,91,991,91,91,91
2,30,18,2,2,1
2,91,991,91,91,91
1,91,991,91,91,91
1,91,991,91,91,91
2,1,14,2,1,2
2,93,15,93,93,93
2,28,15,1,2,2
2,1,17,2,2,1
2,2,19,1,2,2
1,91,991,91,91,91
2,93,1,93,93,93
1,20,12,1,2,2
2,93,18,93,93,93
1,93,12,93,93,93
1,98,998,98,98,98
1,91,991,91,91,91
2,91,991,91,91,91
1,93,11,93,93,93
1,91,991,91,91,91
1,93,22,93,93,93
1,91,991,91,91,91
2,91,991,91,91,91
2,91,991,91,91,91
2,93,13,93,93,93
2,91,991,91,91,91
1,93,19,93,93,93
1,93,23,93,93,93
2,91,991,91,91,91
1,91,991,91,91,91
2,91,991,91,91,91
1,93,15,93,93,93
1,91,991,91,91,91
2,91,991,91,91,91
2,91,991,91,91,91
2,91,991,91,91,91
2,98,985,98,98,98
1,93,30,93,93,93
1,11,18,1,2,1
2,30,18,2,2,2
2,93,18,93,93,93
2,9,14,2,2,1
1,30,16,1,2,2
2,93,38,93,93,93
2,91,991,91,91,91
2,93,20,93,93,93
1,91,991,91,91,91
2,93,14,93,93,93
2,91,991,91,91,91
2,91,991,91,91,91
1,93,13,93,93,93
2,24,21,1,1,2
2,93,22,93,93,93
1,91,991,91,91,91
1,91,991,91,91,91
2,25,13,1,2,2
2,93,20,93,93,93
2,91,991,91,91,91
2,93,17,93,93,93
1,93,10,93,93,93
2,91,991,91,91,91
2,91,991,91,91,91
1,91,991,91,91,91
1,91,991,91,91,91
2,93,20,93,93,93
1,91,991,91,91,91
2,91,991,91,91,91
2,93,19,93,93,93
2,1,12,2,1,2
1,91,991,91,91,91
2,91,991,91,91,91
1,30,15,1,2,2
2,91,991,91,91,91
1,91,991,91,91,91
2,93,21,93,93,93
2,30,13,1,1,2
1,91,991,91,91,91
2,93,16,93,93,93
1,91,991,91,91,91
2,3,21,2,2,1
2,91,991,91,91,91
1,91,991,91,91,91
1,91,991,91,91,91
1,1,18,1,2,2
1,2,16,4,97,97
2,93,20,93,93,93
1,91,991,91,91,91
2,15,18,1,2,2
1,91,991,91,91,91
2,91,991,91,91,91
1,91,991,91,91,91
2,93,24,93,93,93
1,30,13,1,1,2
2,91,991,91,91,91
2,30,16,1,2,1
1,91,991,91,91,91
1,91,991,91,91,91
1,93,14,93,93,93
1,30,16,1,2,1
2,91,991,91,91,91
2,15,20,1,2,2
1,93,16,93,93,93
1,91,991,91,91,91
2,93,18,93,93,93
1,91,991,91,91,91
2,91,991,91,91,91
1,91,991,91,91,91
2,91,991,91,91,91
2,91,991,91,91,91
2,91,991,91,91,91
2,91,991,91,91,91
2,91,991,91,91,91
1,91,991,91,91,91
2,91,991,91,91,91
1,93,18,93,93,93
2,91,991,91,91,91
1,91,991,91,91,91
1,3,16,1,2,2
1,93,17,93,93,93
2,93,14,93,93,93
1,91,991,91,91,91
2,91,991,91,91,91
2,91,991,91,91,91
2,93,20,93,93,93
2,91,991,91,91,91
2,91,991,91,91,91
2,30,14,1,1,2
1,93,14,93,93,93
1,93,16,93,93,93
1,91,991,91,91,91
1,91,991,91,91,91
1,91,991,91,91,91
2,91,991,91,91,91
1,2,17,2,2,1
1,91,991,91,91,91
2,93,13,93,93,93
2,91,991,91,91,91
2,91,991,91,91,91
1,91,991,91,91,91
1,93,21,93,93,93
1,91,991,91,91,91
2,12,15,2,2,2
1,28,18,1,2,2
2,91,991,91,91,91
2,93,13,93,93,93
2,91,991,91,91,91
2,91,991,91,91,91
1,91,991,91,91,91
1,93,23,93,93,93
1,27,17,1,1,1
2,91,991,91,91,91
1,91,991,91,91,91
1,91,991,91,91,91
2,93,17,93,93,93
2,91,991,91,91,91
2,91,991,91,91,91
1,91,991,91,91,91
1,1,18,1,1,2
1,91,991,91,91,91
2,93,24,93,93,93
1,91,991,91,91,91
1,93,17,93,93,93
2,91,991,91,91,91
2,91,991,91,91,91
1,30,14,1,2,2
1,91,991,91,91,91
2,93,13,93,93,93
2,93,18,93,93,93
2,91,991,91,91,91
2,93,15,93,93,93
2,1,14,1,2,2
1,12,15,1,1,1
2,91,991,91,91,91
1,8,35,1,2,2
2,1,29,2,2,1
2,91,991,91,91,91
2,93,12,93,93,93
1,30,14,1,2,2
1,91,991,91,91,91
2,91,991,91,91,91
1,91,991,91,91,91
1,93,17,93,93,93
2,91,991,91,91,91
2,91,991,91,91,91
1,91,991,91,91,91
2,91,991,91,91,91
2,91,991,91,91,91
1,25,15,1,1,2
1,93,16,93,93,93
2,30,12,1,2,1
1,91,991,91,91,91
1,91,991,91,91,91
2,93,16,93,93,93
2,93,17,93,93,93
2,91,991,91,91,91
2,91,991,91,91,91
1,91,991,91,91,91
1,91,991,91,91,91
1,91,991,91,91,91
2,1,63,2,2,2
2,91,991,91,91,91
1,91,991,91,91,91
1,30,16,1,1,2
2,93,35,93,93,93
1,93,21,93,93,93
1,25,15,1,2,1
1,30,16,1,1,1
2,91,991,91,91,91
2,93,12,93,93,93
2,91,991,91,91,91
1,30,12,1,1,2
1,91,991,91,91,91
2,93,16,93,93,93
2,91,991,91,91,91
2,93,13,93,93,93
1,91,991,91,91,91
1,91,991,91,91,91
2,1,19,1,2,2
1,91,991,91,91,91
2,93,19,93,93,93
2,6,18,1,2,2
2,93,13,93,93,93
2,93,20,93,93,93
1,91,991,91,91,91
2,10,15,5,4,4
2,91,991,91,91,91
2,93,14,93,93,93
2,91,991,91,91,91
1,30,15,1,2,2
2,91,991,91,91,91
1,91,991,91,91,91
2,91,991,91,91,91
1,91,991,91,91,91
2,5,16,1,2,2
2,93,14,93,93,93
1,93,15,93,93,93
2,91,991,91,91,91
2,91,991,91,91,91
2,91,991,91,91,91
1,91,991,91,91,91
2,91,991,91,91,91
1,9,18,1,1,1
1,91,991,91,91,91
2,93,17,93,93,93
2,91,991,91,91,91
2,91,991,91,91,91
2,91,991,91,91,91
2,91,991,91,91,91
2,91,991,91,91,91
2,94,18,1,2,2
2,91,991,91,91,91
1,91,991,91,91,91
2,91,991,91,91,91
2,91,991,91,91,91
1,91,991,91,91,91
1,91,991,91,91,91
2,91,991,91,91,91
2,91,991,91,91,91
2,91,991,91,91,91
2,91,991,91,91,91
1,93,18,93,93,93
1,91,991,91,91,91
2,30,16,1,2,2
1,30,13,2,1,2
2,27,16,1,1,1
1,91,991,91,91,91
2,91,991,91,91,91
2,91,991,91,91,91
2,1,16,1,2,2
1,30,12,1,1,2
2,29,16,1,2,2
2,93,17,93,93,93
1,91,991,91,91,91
2,91,991,91,91,91
1,93,20,93,93,93
2,91,991,91,91,91
2,91,991,91,91,91
1,93,17,93,93,93
2,91,991,91,91,91
1,1,60,1,2,2
1,91,991,91,91,91
1,91,991,91,91,91
2,91,991,91,91,91
1,91,991,91,91,91
1,25,17,1,2,2
1,91,991,91,91,91
2,91,991,91,91,91
2,93,18,93,93,93
1,91,991,91,91,91
1,91,991,91,91,91
2,91,991,91,91,91
1,91,991,91,91,91
1,93,15,93,93,93
1,91,991,91,91,91
2,93,13,93,93,93
2,6,12,2,1,2
1,91,991,91,91,91
2,91,991,91,91,91
2,93,17,93,93,93
2,93,30,93,93,93
1,91,991,91,91,91
2,91,991,91,91,91
2,30,13,1,2,2
1,93,19,93,93,93
2,8,17,2,1,1
2,91,991,91,91,91
2,93,14,93,93,93
2,91,991,91,91,91
1,30,17,2,2,1
1,30,19,1,1,2
2,93,14,93,93,93
2,93,18,93,93,93
1,91,991,91,91,91
1,91,991,91,91,91
2,91,991,91,91,91
2,30,17,1,1,1
1,91,991,91,91,91
2,91,991,91,91,91
1,93,16,93,93,93
2,93,16,93,93,93
2,91,991,91,91,91
2,93,23,93,93,93
1,93,13,93,93,93
1,2,22,2,1,1
2,93,23,93,93,93
1,3,15,1,1,1
1,91,991,91,91,91
2,91,991,91,91,91
2,91,991,91,91,91
1,91,991,91,91,91
2,25,18,1,2,2
1,93,15,93,93,93
1,91,991,91,91,91
2,91,991,91,91,91
2,91,991,91,91,91
2,30,14,1,1,1
2,91,991,91,91,91
2,93,23,93,93,93
1,91,991,91,91,91
1,91,991,91,91,91
2,93,14,93,93,93
2,91,991,91,91,91
2,91,991,91,91,91
2,15,16,1,2,1
2,93,21,93,93,93
1,91,991,91,91,91
1,91,991,91,91,91
2,91,991,91,91,91
1,91,991,91,91,91
1,93,25,93,93,93
1,91,991,91,91,91
1,97,997,98,98,98
1,30,12,1,2,2
2,91,991,91,91,91
2,91,991,91,91,91
1,93,15,93,93,93
2,93,14,93,93,93
1,91,991,91,91,91
1,91,991,91,91,91
2,91,991,91,91,91
2,93,20,93,93,93
1,93,17,93,93,93
2,91,991,91,91,91
2,93,15,93,93,93
1,91,991,91,91,91
1,93,23,93,93,93
1,12,18,1,2,2
2,93,24,93,93,93
2,93,19,93,93,93
2,91,991,91,91,91
1,91,991,91,91,91
2,2,13,1,5,2
1,30,13,1,2,1
2,91,991,91,91,91
2,30,15,1,1,1
2,93,17,93,93,93
2,91,991,91,91,91
1,91,991,91,91,91
2,93,16,93,93,93
2,93,18,93,93,93
1,91,991,91,91,91
1,91,991,91,91,91
2,93,16,93,93,93
2,6,20,1,2,2
2,91,991,91,91,91
2,91,991,91,91,91
2,93,994,93,93,93
2,91,991,91,91,91
2,91,991,91,91,91
2,93,12,93,93,93
1,91,991,91,91,91
1,91,991,91,91,91
2,91,991,91,91,91
1,91,991,91,91,91
2,91,991,91,91,91
2,91,991,91,91,91
1,30,15,1,1,1
2,91,991,91,91,91
1,91,991,91,91,91
1,93,14,93,93,93
1,91,991,91,91,91
2,91,991,91,91,91
2,98,985,98,98,98
1,93,18,93,93,93
2,91,991,91,91,91
1,91,991,91,91,91
2,91,991,91,91,91
1,91,991,91,91,91
2,91,991,91,91,91
2,91,991,91,91,91
2,29,12,1,2,1
2,91,991,91,91,91
2,91,991,91,91,91
2,91,991,91,91,91
2,93,43,93,93,93
1,93,23,93,93,93
2,1,30,2,2,1
1,91,991,91,91,91
1,91,991,91,91,91
1,93,21,93,93,93
2,91,991,91,91,91
2,91,991,91,91,91
1,5,21,1,1,1
1,30,14,1,2,2
2,93,11,93,93,93
1,20,18,1,1,1
1,93,19,93,93,93
1,93,17,93,93,93
1,93,994,93,93,93
1,91,991,91,91,91
2,91,991,91,91,91
2,91,991,91,91,91
2,93,16,93,93,93
1,91,991,91,91,91
1,93,21,93,93,93
1,91,991,91,91,91
2,91,991,91,91,91
2,8,16,1,1,2
1,93,45,93,93,93
1,20,15,1,2,2
1,91,991,91,91,91
1,91,991,91,91,91
1,91,991,91,91,91
2,30,13,1,2,2
1,91,991,91,91,91
1,91,991,91,91,91
1,91,991,91,91,91
2,91,991,91,91,91
1,93,18,93,93,93
2,91,991,91,91,91
1,93,20,93,93,93
2,91,991,91,91,91
2,91,991,91,91,91
2,93,19,93,93,93
1,91,991,91,91,91
2,91,991,91,91,91
2,91,991,91,91,91
1,93,15,93,93,93
2,2,17,1,2,2
2,5,17,2,1,2
1,91,991,91,91,91
2,93,12,93,93,93
2,91,991,91,91,91
2,91,991,91,91,91
1,91,991,91,91,91
1,91,991,91,91,91
1,20,18,1,1,2
1,91,991,91,91,91
1,91,991,91,91,91
1,91,991,91,91,91
2,93,14,93,93,93
2,91,991,91,91,91
1,30,15,1,2,2
2,91,991,91,91,91
1,91,991,91,91,91
2,91,991,91,91,91
2,91,991,91,91,91
2,91,991,91,91,91
1,93,15,93,93,93
1,93,17,93,93,93
1,91,991,91,91,91
2,91,991,91,91,91
2,16,19,1,1,2
1,93,37,93,93,93
1,93,23,93,93,93
2,91,991,91,91,91
1,91,991,91,91,91
1,93,30,93,93,93
1,93,19,93,93,93
1,30,12,1,2,2
2,93,21,93,93,93
2,19,18,1,1,2
2,91,991,91,91,91
2,93,14,93,93,93
2,91,991,91,91,91
1,93,18,93,93,93
2,93,17,93,93,93
1,93,18,93,93,93
2,93,27,93,93,93
2,91,991,91,91,91
2,93,12,93,93,93
2,91,991,91,91,91
2,91,991,91,91,91
2,7,12,1,2,2
2,14,16,1,1,2
1,93,17,93,93,93
1,91,991,91,91,91
2,91,991,91,91,91
1,93,17,93,93,93
1,91,991,91,91,91
1,93,23,93,93,93
1,93,16,93,93,93
2,30,28,2,1,2
1,91,991,91,91,91
2,91,991,91,91,91
2,93,17,93,93,93
2,91,991,91,91,91
1,91,991,91,91,91
1,93,17,93,93,93
2,1,17,1,2,2
2,93,30,93,93,93
1,91,991,91,91,91
2,93,17,93,93,93
2,93,20,93,93,93
2,30,14,1,2,2
2,30,12,1,1,2
2,91,991,91,91,91
2,91,991,91,91,91
1,91,991,91,91,91
2,91,991,91,91,91
1,2,19,1,1,2
2,93,22,93,93,93
1,91,991,91,91,91
2,91,991,91,91,91
1,91,991,91,91,91
2,91,991,91,91,91
2,1,16,2,1,2
2,91,991,91,91,91
1,93,18,93,93,93
2,93,17,93,93,93
2,91,991,91,91,91
1,91,991,91,91,91
2,93,17,93,93,93
1,91,991,91,91,91
1,93,18,93,93,93
1,91,991,91,91,91
1,11,43,1,2,1
1,93,12,93,93,93
2,91,991,91,91,91
2,93,16,93,93,93
1,93,17,93,93,93
2,91,991,91,91,91
2,93,16,93,93,93
2,18,18,1,1,1
1,91,991,91,91,91
2,91,991,91,91,91
1,4,17,2,1,1
2,93,15,93,93,93
2,8,25,1,2,2
2,91,991,91,91,91
2,93,15,93,93,93
2,91,991,91,91,91
2,93,16,93,93,93
2,91,991,91,91,91
1,91,991,91,91,91
1,91,991,91,91,91
1,93,19,93,93,93
1,91,991,91,91,91
2,93,16,93,93,93
1,93,14,93,93,93
1,91,991,91,91,91
2,25,14,2,1,2
2,91,991,91,91,91
1,91,991,91,91,91
2,91,991,91,91,91
2,91,991,91,91,91
2,93,22,93,93,93
2,93,18,93,93,93
1,91,991,91,91,91
2,91,991,91,91,91
1,9,25,2,1,2
1,20,11,1,1,1
1,93,14,93,93,93
1,30,14,1,1,2
2,3,18,1,1,2
1,28,22,1,2,1
2,30,17,1,1,2
2,91,991,91,91,91
1,91,991,91,91,91
1,91,991,91,91,91
1,91,991,91,91,91
1,91,991,91,91,91
2,93,21,93,93,93
2,1,21,1,2,2
2,91,991,91,91,91
1,91,991,91,91,91
1,3,33,2,2,1
1,91,991,91,91,91
1,2,15,1,2,2
1,91,991,91,91,91
1,91,991,91,91,91
2,91,991,91,91,91
2,91,991,91,91,91
2,91,991,91,91,91
1,24,18,1,2,1
1,7,28,1,1,2
2,91,991,91,91,91
1,91,991,91,91,91
2,93,14,93,93,93
1,22,17,2,1,1
1,93,19,93,93,93
1,91,991,91,91,91
2,91,991,91,91,91
1,93,15,93,93,93
2,91,991,91,91,91
1,91,991,91,91,91
2,20,22,1,2,2
2,91,991,91,91,91
2,91,991,91,91,91
1,91,991,91,91,91
1,28,18,1,2,2
2,93,16,93,93,93
1,91,991,91,91,91
1,91,991,91,91,91
1,93,12,93,93,93
1,91,991,91,91,91
2,93,22,93,93,93
1,93,19,93,93,93
2,91,991,91,91,91
1,91,991,91,91,91
1,93,16,93,93,93
1,5,21,2,2,1
2,91,991,91,91,91
2,93,14,93,93,93
2,91,991,91,91,91
2,91,991,91,91,91
1,91,991,91,91,91
1,91,991,91,91,91
1,16,16,1,1,2
2,91,991,91,91,91
2,93,15,93,93,93
2,93,20,93,93,93
2,93,15,93,93,93
1,4,17,2,2,2
1,93,15,93,93,93
2,91,991,91,91,91
1,91,991,91,91,91
2,91,991,91,91,91
1,91,991,91,91,91
1,30,9,1,2,2
2,91,991,91,91,91
1,91,991,91,91,91
2,93,18,93,93,93
1,91,991,91,91,91
2,91,991,91,91,91
1,91,991,91,91,91
2,93,12,93,93,93
2,91,991,91,91,91
2,91,991,91,91,91
2,93,25,93,93,93
1,91,991,91,91,91
2,91,991,91,91,91
1,93,38,93,93,93
2,91,991,91,91,91
2,91,991,91,91,91
1,1,17,2,2,1
2,5,15,1,2,2
2,93,16,93,93,93
2,93,41,93,93,93
1,91,991,91,91,91
1,91,991,91,91,91
2,91,991,91,91,91
1,91,991,91,91,91
2,93,20,93,93,93
1,91,991,91,91,91
2,91,991,91,91,91
2,1,20,1,1,2
2,93,17,93,93,93
2,91,991,91,91,91
2,91,991,91,91,91
1,91,991,91,91,91
2,30,7,2,2,2
1,91,991,91,91,91
2,91,991,91,91,91
2,91,991,91,91,91
2,93,16,93,93,93
1,93,18,93,93,93
1,91,991,91,91,91
1,93,18,93,93,93
2,91,991,91,91,91
2,7,16,1,2,2
1,91,991,91,91,91
2,91,991,91,91,91
1,91,991,91,91,91
1,8,40,2,2,2
2,91,991,91,91,91
1,91,991,91,91,91
2,93,18,93,93,93
2,93,18,93,93,93
2,5,13,2,2,1
1,91,991,91,91,91
1,91,991,91,91,91
2,91,991,91,91,91
1,91,991,91,91,91
1,5,9,1,2,2
1,91,991,91,91,91
2,93,19,93,93,93
1,93,18,93,93,93
2,93,16,93,93,93
2,93,14,93,93,93
1,91,991,91,91,91
2,93,18,93,93,93
1,30,10,1,2,2
1,91,991,91,91,91
1,5,11,2,1,2
1,28,18,1,1,2
1,30,15,1,2,2
2,91,991,91,91,91
1,91,991,91,91,91
2,91,991,91,91,91
2,93,21,93,93,93
2,93,14,93,93,93
2,93,13,93,93,93
2,91,991,91,91,91
2,1,21,2,2,3
2,93,14,93,93,93
2,91,991,91,91,91
1,1,15,1,2,2
2,93,16,93,93,93
2,93,15,93,93,93
2,91,991,91,91,91
1,93,21,93,93,93
2,5,19,2,2,1
2,91,991,91,91,91
2,91,991,91,91,91
1,91,991,91,91,91
1,10,18,2,1,2
1,91,991,91,91,91
1,91,991,91,91,91
2,93,20,93,93,93
2,91,991,91,91,91
2,91,991,91,91,91
1,93,21,93,93,93
1,91,991,91,91,91
1,91,991,91,91,91
2,1,18,1,2,2
1,91,991,91,91,91
2,91,991,91,91,91
1,93,18,93,93,93
2,91,991,91,91,91
2,91,991,91,91,91
1,91,991,91,91,91
2,93,27,93,93,93
1,91,991,91,91,91
2,91,991,91,91,91
1,93,17,93,93,93
2,91,991,91,91,91
2,93,16,93,93,93
2,93,12,93,93,93
2,91,991,91,91,91
2,93,20,93,93,93
2,91,991,91,91,91
2,91,991,91,91,91
2,16,15,1,1,2
2,91,991,91,91,91
2,91,991,91,91,91
2,10,15,2,1,1
1,91,991,91,91,91
1,2,15,2,2,1
1,91,991,91,91,91
1,91,991,91,91,91
2,91,991,91,91,91
2,91,991,91,91,91
1,91,991,91,91,91
1,91,991,91,91,91
2,91,991,91,91,91
2,91,991,91,91,91
1,21,15,1,1,2
1,91,991,91,91,91
2,91,991,91,91,91
1,91,991,91,91,91
1,93,14,93,93,93
2,91,991,91,91,91
2,91,991,91,91,91
2,1,15,1,2,2
2,91,991,91,91,91
1,91,991,91,91,91
2,91,991,91,91,91
2,91,991,91,91,91
2,93,19,93,93,93
2,91,991,91,91,91
1,93,16,93,93,93
1,93,18,93,93,93
1,93,19,93,93,93
2,93,17,93,93,93
1,91,991,91,91,91
1,91,991,91,91,91
1,91,991,91,91,91
1,30,24,1,1,1
1,93,15,93,93,93
2,91,991,91,91,91
2,91,991,91,91,91
2,30,12,1,1,1
2,91,991,91,91,91
1,91,991,91,91,91
1,93,65,93,93,93
1,93,17,93,93,93
1,93,63,93,93,93
2,91,991,91,91,91
2,91,991,91,91,91
2,91,991,91,91,91
2,91,991,91,91,91
1,91,991,91,91,91
2,91,991,91,91,91
2,91,991,91,91,91
1,93,18,93,93,93
2,91,991,91,91,91
2,91,991,91,91,91
1,91,991,91,91,91
1,93,12,93,93,93
2,93,16,93,93,93
1,29,14,2,1,1
1,91,991,91,91,91
2,93,12,93,93,93
1,91,991,91,91,91
2,93,13,93,93,93
2,91,991,91,91,91
2,93,19,93,93,93
2,91,991,91,91,91
2,93,18,93,93,93
2,91,991,91,91,91
1,91,991,91,91,91
1,15,15,1,1,2
1,91,991,91,91,91
1,91,991,91,91,91
1,93,20,93,93,93
2,93,12,93,93,93
2,91,991,91,91,91
2,91,991,91,91,91
1,25,16,1,1,2
1,93,41,93,93,93
2,20,16,1,2,1
2,91,991,91,91,91
1,91,991,91,91,91
1,91,991,91,91,91
1,93,17,93,93,93
2,91,991,91,91,91
2,91,991,91,91,91
1,91,991,91,91,91
2,93,19,93,93,93
2,91,991,91,91,91
2,93,41,93,93,93
1,91,991,91,91,91
1,30,14,1,1,1
2,91,991,91,91,91
2,91,991,91,91,91
2,28,19,1,2,2
1,91,991,91,91,91
2,91,991,91,91,91
2,91,991,91,91,91
2,93,19,93,93,93
2,93,17,93,93,93
2,91,991,91,91,91
2,93,16,93,93,93
1,93,15,93,93,93
2,91,991,91,91,91
1,91,991,91,91,91
2,93,20,93,93,93
1,91,991,91,91,91
2,91,991,91,91,91
2,93,23,93,93,93
2,93,22,93,93,93
2,91,991,91,91,91
1,91,991,91,91,91
2,91,991,91,91,91
1,91,991,91,91,91
1,91,991,91,91,91
1,93,18,93,93,93
1,30,17,1,2,1
2,91,991,91,91,91
1,93,17,93,93,93
1,91,991,91,91,91
2,91,991,91,91,91
2,91,991,91,91,91
2,15,28,1,1,2
2,93,12,93,93,93
1,93,22,93,93,93
2,93,17,93,93,93
2,91,991,91,91,91
1,27,15,1,2,1
2,91,991,91,91,91
2,93,17,93,93,93
2,91,991,91,91,91
2,12,15,2,1,2
2,93,14,93,93,93
1,93,18,93,93,93
2,91,991,91,91,91
1,14,14,1,2,2
2,5,13,1,2,2
2,91,991,91,91,91
1,91,991,91,91,91
1,91,991,91,91,91
1,91,991,91,91,91
2,91,991,91,91,91
2,91,991,91,91,91
1,93,17,93,93,93
2,91,991,91,91,91
2,93,31,93,93,93
1,30,16,1,2,1
1,1,15,2,1,2
2,91,991,91,91,91
1,93,17,93,93,93
1,93,26,93,93,93
2,93,17,93,93,93
2,93,14,93,93,93
2,91,991,91,91,91
2,91,991,91,91,91
2,93,13,93,93,93
1,91,991,91,91,91
2,7,14,1,1,2
1,91,991,91,91,91
2,93,16,93,93,93
2,91,991,91,91,91
1,3,12,2,2,1
1,91,991,91,91,91
1,93,16,93,93,93
2,29,11,1,2,2
2,91,991,91,91,91
2,93,22,93,93,93
2,91,991,91,91,91
1,30,16,1,1,1
2,93,25,93,93,93
2,91,991,91,91,91
2,30,21,1,2,2
1,1,15,2,2,1
1,19,11,1,2,2
2,91,991,91,91,91
1,93,21,93,93,93
1,91,991,91,91,91
1,91,991,91,91,91
1,93,12,93,93,93
1,3,19,1,2,1
1,91,991,91,91,91
1,91,991,91,91,91
2,91,991,91,91,91
2,91,991,91,91,91
1,91,991,91,91,91
2,25,14,1,1,2
2,91,991,91,91,91
2,93,25,93,93,93
1,91,991,91,91,91
1,91,991,91,91,91
2,91,991,91,91,91
2,91,991,91,91,91
1,30,17,1,1,1
1,98,17,98,98,98
1,93,15,93,93,93
1,91,991,91,91,91
1,91,991,91,91,91
1,91,991,91,91,91
2,91,991,91,91,91
1,4,16,1,1,1
2,93,22,93,93,93
2,91,991,91,91,91
2,93,15,93,93,93
1,93,22,93,93,93
1,91,991,91,91,91
2,91,991,91,91,91
1,91,991,91,91,91
2,91,991,91,91,91
2,93,18,93,93,93
2,91,991,91,91,91
1,91,991,91,91,91
1,91,991,91,91,91
2,91,991,91,91,91
2,93,33,93,93,93
2,91,991,91,91,91
1,30,14,1,1,2
1,93,15,93,93,93
2,93,20,93,93,93
2,93,19,93,93,93
1,93,18,93,93,93
1,25,14,1,2,1
2,91,991,91,91,91
2,91,991,91,91,91
1,93,20,93,93,93
1,93,24,93,93,93
1,91,991,91,91,91
1,93,14,93,93,93
2,91,991,91,91,91
1,91,991,91,91,91
2,91,991,91,91,91
1,93,16,93,93,93
2,91,991,91,91,91
1,30,12,1,1,1
1,91,991,91,91,91
2,91,991,91,91,91
2,93,12,93,93,93
1,93,18,93,93,93
1,91,991,91,91,91
1,93,20,93,93,93
1,4,15,1,2,2
1,93,14,93,93,93
2,91,991,91,91,91
2,91,991,91,91,91
1,2,15,2,1,1
2,93,19,93,93,93
2,91,991,91,91,91
2,91,991,91,91,91
1,30,22,1,2,2
2,30,19,1,1,2
2,91,991,91,91,91
1,91,991,91,91,91
1,30,15,1,1,1
2,93,16,93,93,93
2,93,14,93,93,93
1,91,991,91,91,91
2,93,17,93,93,93
2,93,18,93,93,93
2,91,991,91,91,91
1,91,991,91,91,91
2,91,991,91,91,91
2,91,991,91,91,91
2,20,16,1,1,2
2,91,991,91,91,91
1,3,17,2,1,2
1,1,17,2,2,1
2,91,991,91,91,91
1,91,991,91,91,91
1,93,18,93,93,93
2,91,991,91,91,91
2,7,12,1,2,2
2,93,15,93,93,93
1,30,21,1,2,2
1,93,15,93,93,93
2,91,991,91,91,91
2,91,991,91,91,91
2,93,17,93,93,93
2,93,14,93,93,93
2,91,991,91,91,91
2,91,991,91,91,91
1,93,26,93,93,93
2,91,991,91,91,91
2,91,991,91,91,91
1,93,16,93,93,93
2,30,23,1,1,1
1,91,991,91,91,91
2,93,18,93,93,93
2,91,991,91,91,91
2,93,14,93,93,93
1,93,18,93,93,93
1,91,991,91,91,91
2,30,14,1,2,1
1,91,991,91,91,91
2,93,17,93,93,93
1,93,26,93,93,93
2,3,16,2,2,1
2,93,19,93,93,93
2,93,14,93,93,93
2,30,19,1,1,1
2,91,991,91,91,91
1,93,16,93,93,93
2,91,991,91,91,91
1,91,991,91,91,91
1,93,20,93,93,93
1,91,991,91,91,91
2,93,15,93,93,93
1,91,991,91,91,91
2,91,991,91,91,91
2,93,18,93,93,93
1,91,991,91,91,91
2,91,991,91,91,91
2,91,991,91,91,91
1,1,12,2,1,2
2,91,991,91,91,91
2,93,27,93,93,93
2,93,19,93,93,93
2,93,12,93,93,93
2,93,13,93,93,93
2,91,991,91,91,91
1,93,22,93,93,93
2,2,16,1,1,1
1,91,991,91,91,91
2,91,991,91,91,91
2,91,991,91,91,91
2,91,991,91,91,91
1,91,991,91,91,91
2,91,991,91,91,91
1,91,991,91,91,91
1,91,991,91,91,91
2,7,15,1,2,1
2,91,991,91,91,91
1,93,65,93,93,93
1,91,991,91,91,91
2,91,991,91,91,91
2,98,13,98,98,98
1,91,991,91,91,91
2,91,991,91,91,91
1,4,15,1,2,2
1,27,17,1,1,1
1,91,991,91,91,91
1,91,991,91,91,91
1,91,991,91,91,91
1,91,991,91,91,91
1,91,991,91,91,91
2,30,13,1,1,1
1,93,14,93,93,93
2,98,15,98,98,98
1,93,21,93,93,93
1,91,991,91,91,91
1,91,991,91,91,91
2,93,37,93,93,93
1,91,991,91,91,91
1,93,17,93,93,93
2,91,991,91,91,91
2,93,18,93,93,93
1,93,14,93,93,93
2,93,19,93,93,93
2,30,21,1,2,2
1,91,991,91,91,91
2,91,991,91,91,91
1,91,991,91,91,91
2,91,991,91,91,91
2,93,17,93,93,93
2,4,18,1,1,2
2,3,18,1,2,2
1,93,18,93,93,93
1,91,991,91,91,91
1,91,991,91,91,91
1,1,19,1,2,2
2,93,15,93,93,93
2,91,991,91,91,91
1,93,14,93,93,93
2,91,991,91,91,91
1,91,991,91,91,91
1,91,991,91,91,91
2,93,16,93,93,93
2,93,47,93,93,93
1,91,991,91,91,91
1,91,991,91,91,91
2,91,991,91,91,91
2,91,991,91,91,91
2,91,991,91,91,91
2,91,991,91,91,91
2,91,991,91,91,91
1,93,16,93,93,93
2,91,991,91,91,91
2,93,20,93,93,93
2,93,16,93,93,93
2,91,991,91,91,91
2,91,991,91,91,91
2,91,991,91,91,91
1,91,991,91,91,91
2,91,991,91,91,91
2,25,21,1,1,1
1,91,991,91,91,91
1,93,18,93,93,93
2,93,27,93,93,93
2,91,991,91,91,91
2,91,991,91,91,91
2,91,991,91,91,91
1,93,9,93,93,93
2,91,991,91,91,91
1,93,16,93,93,93
2,91,991,91,91,91
2,91,991,91,91,91
2,91,991,91,91,91
2,93,21,93,93,93
1,91,991,91,91,91
2,91,991,91,91,91
2,91,991,91,91,91
1,2,18,1,2,2
1,91,991,91,91,91
2,93,17,93,93,93
2,93,12,93,93,93
1,4,25,1,2,2
2,91,991,91,91,91
1,91,991,91,91,91
2,22,16,1,2,2
1,91,991,91,91,91
1,3,18,1,2,2
1,91,991,91,91,91
2,91,991,91,91,91
2,91,991,91,91,91
1,93,23,93,93,93
2,91,991,91,91,91
2,93,14,93,93,93
1,91,991,91,91,91
1,93,14,93,93,93
1,2,15,1,2,2
2,91,991,91,91,91
2,22,13,1,1,1
2,91,991,91,91,91
1,91,991,91,91,91
1,91,991,91,91,91
1,93,16,93,93,93
2,91,991,91,91,91
2,2,17,2,2,1
1,93,25,93,93,93
2,91,991,91,91,91
2,91,991,91,91,91
1,91,991,91,91,91
2,93,21,93,93,93
1,93,15,93,93,93
1,93,16,93,93,93
1,91,991,91,91,91
1,3,16,1,2,2
2,91,991,91,91,91
2,7,17,1,1,1
2,93,18,93,93,93
2,93,18,93,93,93
1,91,991,91,91,91
2,91,991,91,91,91
1,91,991,91,91,91
2,91,991,91,91,91
1,93,17,93,93,93
1,91,991,91,91,91
2,93,17,93,93,93
2,91,991,91,91,91
2,93,42,93,93,93
1,2,14,2,1,1
2,93,15,93,93,93
1,91,991,91,91,91
1,93,17,93,93,93
1,91,991,91,91,91
2,91,991,91,91,91
2,93,16,93,93,93
1,25,10,1,1,1
2,93,18,93,93,93
2,91,991,91,91,91
2,93,16,93,93,93
2,91,991,91,91,91
1,91,991,91,91,91
2,3,16,1,2,2
1,91,991,91,91,91
2,91,991,91,91,91
1,93,15,93,93,93
2,91,991,91,91,91
1,91,991,91,91,91
2,93,14,93,93,93
1,30,13,1,2,2
2,93,22,93,93,93
2,93,13,93,93,93
1,15,19,1,1,1
1,91,991,91,91,91
1,91,991,91,91,91
1,30,11,1,2,2
1,91,991,91,91,91
2,91,991,91,91,91
1,93,18,93,93,93
2,91,991,91,91,91
1,91,991,91,91,91
1,91,991,91,91,91
1,93,14,93,93,93
2,93,25,93,93,93
1,91,991,91,91,91
2,91,991,91,91,91
2,91,991,91,91,91
2,91,991,91,91,91
2,91,991,91,91,91
1,91,991,91,91,91
2,91,991,91,91,91
2,27,13,1,1,1
2,93,18,93,93,93
1,91,991,91,91,91
2,91,991,91,91,91
2,93,16,93,93,93
1,20,17,1,1,2
2,93,15,93,93,93
2,91,991,91,91,91
1,91,991,91,91,91
1,91,991,91,91,91
2,91,991,91,91,91
2,91,991,91,91,91
1,93,16,93,93,93
1,93,14,93,93,93
2,93,17,93,93,93
1,1,19,2,1,2
2,93,16,93,93,93
2,15,18,2,1,2
2,93,23,93,93,93
2,93,19,93,93,93
2,91,991,91,91,91
2,91,991,91,91,91
1,3,12,1,2,2
1,2,12,1,1,2
2,91,991,91,91,91
2,91,991,91,91,91
2,91,991,91,91,91
2,25,13,1,2,1
1,91,991,91,91,91
2,91,991,91,91,91
1,93,15,93,93,93
2,91,991,91,91,91
1,91,991,91,91,91
1,93,18,93,93,93
2,91,991,91,91,91
2,91,991,91,91,91
1,93,19,93,93,93
1,91,991,91,91,91
2,91,991,91,91,91
2,91,991,91,91,91
2,5,15,2,1,2
2,91,991,91,91,91
2,7,25,1,1,2
2,91,991,91,91,91
2,91,991,91,91,91
2,91,991,91,91,91
2,91,991,91,91,91
1,91,991,91,91,91
2,91,991,91,91,91
2,28,17,1,2,2
2,91,991,91,91,91
2,93,15,93,93,93
1,93,17,93,93,93
1,91,991,91,91,91
1,91,991,91,91,91
1,91,991,91,91,91
1,91,991,91,91,91
2,93,18,93,93,93
2,1,35,2,2,1
2,91,991,91,91,91
2,26,11,1,2,2
2,93,18,93,93,93
2,93,22,93,93,93
1,93,23,93,93,93
2,91,991,91,91,91
1,91,991,91,91,91
2,29,10,1,1,1
2,93,16,93,93,93
1,91,991,91,91,91
2,93,24,93,93,93
2,91,991,91,91,91
2,91,991,91,91,91
1,93,20,93,93,93
2,93,12,93,93,93
2,91,991,91,91,91
1,91,991,91,91,91
2,91,991,91,91,91
1,93,16,93,93,93
2,91,991,91,91,91
2,91,991,91,91,91
2,93,16,93,93,93
2,91,991,91,91,91
2,91,991,91,91,91
1,91,991,91,91,91
2,91,991,91,91,91
2,91,991,91,91,91
2,93,16,93,93,93
2,93,18,93,93,93
2,91,991,91,91,91
1,91,991,91,91,91
2,93,20,93,93,93
1,18,19,1,1,1
2,91,991,91,91,91
1,30,19,1,1,1
2,93,16,93,93,93
1,25,12,1,2,2
2,7,17,2,2,1
1,91,991,91,91,91
2,91,991,91,91,91
2,91,991,91,91,91
2,91,991,91,91,91
1,91,991,91,91,91
2,91,991,91,91,91
1,91,991,91,91,91
2,91,991,91,91,91
2,91,991,91,91,91
1,30,12,1,1,2
2,91,991,91,91,91
1,91,991,91,91,91
2,93,21,93,93,93
1,30,11,1,2,2
2,93,18,93,93,93
1,91,991,91,91,91
1,91,991,91,91,91
2,30,17,1,1,2
2,93,21,93,93,93
1,91,991,91,91,91
2,93,19,93,93,93
2,3,20,1,1,2
1,91,991,91,91,91
2,30,12,1,2,1
1,91,991,91,91,91
1,91,991,91,91,91
1,91,991,91,91,91
2,91,991,91,91,91
2,91,991,91,91,91
1,91,991,91,91,91
2,93,40,93,93,93
2,93,15,93,93,93
2,20,16,1,2,2
1,93,17,93,93,93
2,3,20,1,2,1
1,93,21,93,93,93
1,30,16,1,1,1
2,91,991,91,91,91
1,91,991,91,91,91
2,6,16,1,2,2
1,3,14,1,1,2
2,93,20,93,93,93
1,93,15,93,93,93
2,91,991,91,91,91
1,93,16,93,93,93
1,23,14,1,1,1
2,93,18,93,93,93
2,93,17,93,93,93
1,91,991,91,91,91
2,91,991,91,91,91
2,30,14,1,2,2
1,22,9,1,1,1
2,1,25,1,1,2
2,91,991,91,91,91
1,91,991,91,91,91
1,91,991,91,91,91
1,24,15,1,2,2
2,93,38,93,93,93
1,91,991,91,91,91
1,91,991,91,91,91
1,93,16,93,93,93
1,93,24,93,93,93
1,91,991,91,91,91
2,30,18,1,1,2
2,93,17,93,93,93
1,29,20,2,1,2
2,93,17,93,93,93
1,93,14,93,93,93
2,91,991,91,91,91
2,93,16,93,93,93
2,93,16,93,93,93
1,93,15,93,93,93
2,91,991,91,91,91
1,93,19,93,93,93
2,93,21,93,93,93
2,93,40,93,93,93
2,91,991,91,91,91
1,30,16,1,2,2
2,93,18,93,93,93
2,91,991,91,91,91
1,91,991,91,91,91
1,28,11,1,2,2
2,91,991,91,91,91
2,93,18,93,93,93
1,93,19,93,93,93
2,93,12,93,93,93
1,25,15,1,2,1
1,91,991,91,91,91
1,93,20,93,93,93
1,26,16,1,2,2
1,93,18,93,93,93
2,91,991,91,91,91
2,2,16,2,2,1
1,14,11,1,1,1
1,91,991,91,91,91
2,5,25,1,1,2
2,91,991,91,91,91
2,93,19,93,93,93
2,91,991,91,91,91
2,93,15,93,93,93
2,10,18,2,2,1
1,91,991,91,91,91
2,91,991,91,91,91
2,91,991,91,91,91
2,20,16,1,1,2
2,93,50,93,93,93
1,91,991,91,91,91
1,93,997,93,93,93
2,93,18,93,93,93
1,7,17,1,2,2
1,91,991,91,91,91
2,20,14,1,2,2
2,91,991,91,91,91
1,91,991,91,91,91
1,93,16,93,93,93
1,30,15,1,2,2
2,2,14,2,2,1
1,91,991,91,91,91
2,4,16,2,2,1
2,15,16,1,2,1
2,91,991,91,91,91
1,93,18,93,93,93
1,91,991,91,91,91
1,93,22,93,93,93
1,93,22,93,93,93
2,91,991,91,91,91
1,30,21,1,1,1
2,12,25,1,2,2
2,93,16,93,93,93
2,20,17,1,2,2
1,91,991,91,91,91
1,7,40,1,1,1
2,93,18,93,93,93
1,91,991,91,91,91
2,93,17,93,93,93
2,91,991,91,91,91
1,91,991,91,91,91
1,91,991,91,91,91
2,93,11,93,93,93
2,91,991,91,91,91
1,93,15,93,93,93
1,91,991,91,91,91
1,91,991,91,91,91
2,91,991,91,91,91
1,91,991,91,91,91
1,91,991,91,91,91
1,91,991,91,91,91
1,91,991,91,91,91
1,91,991,91,91,91
1,91,991,91,91,91
2,91,991,91,91,91
2,91,991,91,91,91
1,93,18,93,93,93
1,91,991,91,91,91
1,91,991,91,91,91
2,91,991,91,91,91
1,93,13,93,93,93
1,91,991,91,91,91
1,93,14,93,93,93
2,91,991,91,91,91
1,91,991,91,91,91
1,91,991,91,91,91
2,91,991,91,91,91
2,91,991,91,91,91
1,91,991,91,91,91
2,91,991,91,91,91
2,91,991,91,91,91
2,91,991,91,91,91
2,91,991,91,91,91
1,30,13,2,1,1
2,91,991,91,91,91
2,91,991,91,91,91
1,91,991,91,91,91
2,10,17,2,1,2
2,94,994,1,1,1
2,30,12,1,2,2
2,93,18,93,93,93
2,91,991,91,91,91
2,93,21,93,93,93
1,91,991,91,91,91
1,91,991,91,91,91
2,91,991,91,91,91
1,91,991,91,91,91
1,93,19,93,93,93
2,93,22,93,93,93
2,93,16,93,93,93
1,93,16,93,93,93
2,91,991,91,91,91
1,91,991,91,91,91
1,91,991,91,91,91
2,30,13,1,2,2
1,93,15,93,93,93
2,91,991,91,91,91
1,6,12,1,2,2
2,30,17,2,1,2
2,91,991,91,91,91
1,91,991,91,91,91
2,91,991,91,91,91
1,91,991,91,91,91
1,25,19,1,2,2
1,93,16,93,93,93
1,91,991,91,91,91
2,91,991,91,91,91
2,93,16,93,93,93
1,91,991,91,91,91
1,5,16,1,2,2
1,91,991,91,91,91
1,91,991,91,91,91
1,91,991,91,91,91
1,93,21,93,93,93
1,1,16,2,2,1
2,91,991,91,91,91
1,93,17,93,93,93
1,91,991,91,91,91
2,91,991,91,91,91
2,91,991,91,91,91
1,93,15,93,93,93
2,91,991,91,91,91
1,91,991,91,91,91
2,10,25,1,1,1
1,93,20,93,93,93
2,91,991,91,91,91
2,30,20,2,2,2
2,91,991,91,91,91
1,93,12,93,93,93
1,91,991,91,91,91
1,91,991,91,91,91
2,25,18,1,2,2
2,93,16,93,93,93
1,93,25,93,93,93
2,91,991,91,91,91
1,93,20,93,93,93
1,15,12,2,1,2
2,3,16,1,2,1
2,98,998,98,98,98
2,91,991,91,91,91
1,7,17,1,1,2
1,91,991,91,91,91
2,91,991,91,91,91
1,91,991,91,91,91
1,93,18,93,93,93
1,91,991,91,91,91
2,91,991,91,91,91
1,6,18,1,2,2
1,91,991,91,91,91
1,93,18,93,93,93
1,91,991,91,91,91
2,93,15,93,93,93
2,91,991,91,91,91
2,91,991,91,91,91
1,93,23,93,93,93
2,91,991,91,91,91
2,93,13,93,93,93
2,91,991,91,91,91
2,97,997,98,98,98
2,91,991,91,91,91
2,91,991,91,91,91
2,91,991,91,91,91
1,93,18,93,93,93
1,30,9,1,1,1
1,5,15,1,1,1
2,91,991,91,91,91
2,93,13,93,93,93
2,93,17,93,93,93
1,91,991,91,91,91
1,93,17,93,93,93
2,91,991,91,91,91
1,93,17,93,93,93
2,93,34,93,93,93
1,93,18,93,93,93
2,93,19,93,93,93
2,93,16,93,93,93
1,91,991,91,91,91
2,91,991,91,91,91
1,91,991,91,91,91
2,91,991,91,91,91
2,91,991,91,91,91
1,91,991,91,91,91
1,20,17,2,2,1
2,93,17,93,93,93
1,91,991,91,91,91
1,93,12,93,93,93
2,91,991,91,91,91
2,91,991,91,91,91
1,91,991,91,91,91
2,91,991,91,91,91
1,4,17,1,1,1
1,91,991,91,91,91
2,91,991,91,91,91
2,93,16,93,93,93
1,91,991,91,91,91
2,25,16,1,2,1
1,93,18,93,93,93
2,91,991,91,91,91
2,91,991,91,91,91
2,91,991,91,91,91
1,93,15,93,93,93
2,91,991,91,91,91
2,91,991,91,91,91
1,93,21,93,93,93
1,30,16,1,2,1
2,1,18,1,1,2
1,27,22,2,1,2
1,91,991,91,91,91
1,91,991,91,91,91
1,91,991,91,91,91
2,91,991,91,91,91
2,91,991,91,91,91
2,93,15,93,93,93
2,91,991,91,91,91
2,91,991,91,91,91
2,30,15,1,1,1
1,91,991,91,91,91
1,91,991,91,91,91
2,91,991,91,91,91
1,30,12,1,2,2
2,91,991,91,91,91
2,91,991,91,91,91
1,30,16,1,1,1
2,93,15,93,93,93
2,93,24,93,93,93
2,93,17,93,93,93
2,91,991,91,91,91
2,93,18,93,93,93
1,93,18,93,93,93
2,91,991,91,91,91
2,91,991,91,91,91
2,2,17,1,1,2
1,91,991,91,91,91
1,91,991,91,91,91
2,3,18,2,1,2
1,91,991,91,91,91
1,91,991,91,91,91
2,91,991,91,91,91
1,91,991,91,91,91
2,91,991,91,91,91
1,13,7,3,1,1
1,91,991,91,91,91
2,93,18,93,93,93
1,93,17,93,93,93
1,93,17,93,93,93
2,93,16,93,93,93
2,30,12,1,1,2
1,4,15,1,2,2
1,93,16,93,93,93
1,91,991,91,91,91
1,93,17,93,93,93
1,30,17,1,1,1
1,91,991,91,91,91
1,93,18,93,93,93
1,91,991,91,91,91
2,91,991,91,91,91
2,91,991,91,91,91
2,91,991,91,91,91
1,93,20,93,93,93
2,91,991,91,91,91
2,91,991,91,91,91
1,91,991,91,91,91
2,91,991,91,91,91
1,93,18,93,93,93
2,93,16,93,93,93
1,93,18,93,93,93
2,93,18,93,93,93
1,93,21,93,93,93
1,16,14,1,2,2
2,91,991,91,91,91
2,30,17,2,1,2
2,91,991,91,91,91
2,93,21,93,93,93
2,93,17,93,93,93
1,91,991,91,91,91
2,91,991,91,91,91
2,91,991,91,91,91
1,91,991,91,91,91
1,91,991,91,91,91
2,93,17,93,93,93
2,91,991,91,91,91
2,91,991,91,91,91
2,91,991,91,91,91
1,93,17,93,93,93
2,91,991,91,91,91
1,93,15,93,93,93
1,91,991,91,91,91
2,93,22,93,93,93
1,1,11,2,2,2
1,7,19,1,2,2
2,93,15,93,93,93
2,91,991,91,91,91
2,91,991,91,91,91
2,91,991,91,91,91
2,7,18,1,1,2
1,91,991,91,91,91
2,93,16,93,93,93
2,91,991,91,91,91
2,93,16,93,93,93
2,93,14,93,93,93
2,91,991,91,91,91
2,30,19,1,1,1
2,91,991,91,91,91
1,91,991,91,91,91
2,3,14,1,2,1
2,91,991,91,91,91
2,4,17,1,2,2
1,91,991,91,91,91
2,91,991,91,91,91
2,91,991,91,91,91
1,93,18,93,93,93
2,20,18,1,2,2
1,91,991,91,91,91
2,91,991,91,91,91
2,91,991,91,91,91
1,91,991,91,91,91
1,93,22,93,93,93
1,91,991,91,91,91
2,98,16,98,98,98
1,91,991,91,91,91
2,93,16,93,93,93
1,98,13,98,98,98
2,3,15,2,2,1
2,91,991,91,91,91
2,91,991,91,91,91
1,93,12,93,93,93
2,93,18,93,93,93
2,91,991,91,91,91
1,30,17,1,2,2
1,91,991,91,91,91
1,1,26,1,1,1
2,91,991,91,91,91
1,91,991,91,91,91
1,91,991,91,91,91
2,30,14,2,2,1
1,93,12,93,93,93
2,93,17,93,93,93
1,91,991,91,91,91
2,91,991,91,91,91
2,93,15,93,93,93
1,91,991,91,91,91
2,91,991,91,91,91
1,91,991,91,91,91
1,1,9,1,2,2
1,91,991,91,91,91
1,91,991,91,91,91
2,93,19,93,93,93
1,93,18,93,93,93
1,91,991,91,91,91
2,6,13,1,2,1
1,93,15,93,93,93
2,18,15,2,1,2
1,30,12,1,1,2
2,91,991,91,91,91
2,91,991,91,91,91
2,91,991,91,91,91
2,5,14,1,2,1
2,91,991,91,91,91
1,91,991,91,91,91
1,91,991,91,91,91
2,93,18,93,93,93
2,93,16,93,93,93
1,1,22,2,2,1
1,91,991,91,91,91
2,91,991,91,91,91
2,91,991,91,91,91
1,91,991,91,91,91
1,1,39,2,2,1
1,91,991,91,91,91
2,93,25,93,93,93
2,20,15,1,1,1
2,91,991,91,91,91
1,91,991,91,91,91
2,93,14,93,93,93
1,30,20,1,2,2
1,30,16,1,1,2
1,93,16,93,93,93
1,91,991,91,91,91
1,93,16,93,93,93
2,5,15,1,1,1
2,93,17,93,93,93
1,91,991,91,91,91
2,91,991,91,91,91
2,91,991,91,91,91
2,91,991,91,91,91
2,93,20,93,93,93
1,91,991,91,91,91
2,91,991,91,91,91
1,4,15,1,1,1
1,93,20,93,93,93
1,91,991,91,91,91
2,2,18,1,2,2
2,91,991,91,91,91
1,93,17,93,93,93
2,91,991,91,91,91
2,93,15,93,93,93
1,93,15,93,93,93
2,91,991,91,91,91
2,22,11,1,1,2
2,91,991,91,91,91
2,91,991,91,91,91
1,91,991,91,91,91
1,91,991,91,91,91
1,91,991,91,91,91
2,30,15,2,2,1
2,91,991,91,91,91
1,91,991,91,91,91
2,91,991,91,91,91
1,91,991,91,91,91
1,91,991,91,91,91
2,91,991,91,91,91
2,93,25,93,93,93
1,91,991,91,91,91
1,91,991,91,91,91
2,91,991,91,91,91
1,93,23,93,93,93
2,91,991,91,91,91
2,91,991,91,91,91
1,93,19,93,93,93
2,91,991,91,91,91
1,91,991,91,91,91
1,2,21,1,2,2
2,10,26,2,2,1
1,93,28,93,93,93
2,91,991,91,91,91
2,91,991,91,91,91
2,91,991,91,91,91
1,93,18,93,93,93
2,93,18,93,93,93
2,91,991,91,91,91
1,91,991,91,91,91
1,91,991,91,91,91
2,91,991,91,91,91
1,91,991,91,91,91
1,91,991,91,91,91
1,93,16,93,93,93
2,91,991,91,91,91
2,91,991,91,91,91
1,91,991,91,91,91
2,91,991,91,91,91
2,91,991,91,91,91
2,91,991,91,91,91
2,91,991,91,91,91
1,93,14,93,93,93
1,93,19,93,93,93
2,93,16,93,93,93
2,1,24,2,2,1
2,91,991,91,91,91
1,91,991,91,91,91
2,91,991,91,91,91
1,93,17,93,93,93
2,93,19,93,93,93
1,30,14,1,2,2
1,1,16,1,2,2
2,91,991,91,91,91
1,91,991,91,91,91
1,91,991,91,91,91
2,91,991,91,91,91
1,91,991,91,91,91
1,93,16,93,93,93
1,91,991,91,91,91
1,1,14,2,2,1
2,93,15,93,93,93
2,91,991,91,91,91
1,91,991,91,91,91
1,91,991,91,91,91
1,91,991,91,91,91
1,91,991,91,91,91
2,91,991,91,91,91
2,93,17,93,93,93
1,22,16,1,2,2
1,91,991,91,91,91
1,93,16,93,93,93
1,91,991,91,91,91
2,93,18,93,93,93
2,91,991,91,91,91
1,91,991,91,91,91
1,91,991,91,91,91
2,93,23,93,93,93
2,91,991,91,91,91
1,93,22,93,93,93
1,93,23,93,93,93
2,93,15,93,93,93
1,91,991,91,91,91
1,30,17,1,1,1
2,91,991,91,91,91
1,91,991,91,91,91
1,91,991,91,91,91
1,91,991,91,91,91
2,91,991,91,91,91
2,91,991,91,91,91
1,91,991,91,91,91
1,25,16,2,1,1
2,91,991,91,91,91
1,91,991,91,91,91
2,91,991,91,91,91
1,91,991,91,91,91
1,93,20,93,93,93
2,91,991,91,91,91
1,18,15,1,1,2
2,91,991,91,91,91
2,93,12,93,93,93
2,91,991,91,91,91
2,91,991,91,91,91
2,2,15,1,1,2
1,91,991,91,91,91
1,91,991,91,91,91
2,30,18,1,1,1
1,93,18,93,93,93
2,93,20,93,93,93
2,29,12,1,1,1
2,93,19,93,93,93
2,93,28,93,93,93
2,93,15,93,93,93
1,91,991,91,91,91
2,19,13,1,1,2
2,91,991,91,91,91
2,91,991,91,91,91
2,25,16,1,2,2
1,91,991,91,91,91
2,91,991,91,91,91
1,93,14,93,93,93
1,93,19,93,93,93
1,91,991,91,91,91
1,91,991,91,91,91
1,91,991,91,91,91
2,20,18,1,1,2
1,93,18,93,93,93
1,93,12,93,93,93
2,93,24,93,93,93
2,3,19,1,2,2
2,15,15,1,1,2
2,93,17,93,93,93
2,91,991,91,91,91
2,91,991,91,91,91
2,4,13,2,2,2
2,91,991,91,91,91
1,91,991,91,91,91
1,91,991,91,91,91
1,91,991,91,91,91
2,93,69,93,93,93
1,91,991,91,91,91
2,93,15,93,93,93
2,91,991,91,91,91
1,91,991,91,91,91
2,91,991,91,91,91
1,91,991,91,91,91
2,91,991,91,91,91
1,30,13,2,1,1
1,30,16,1,2,2
1,91,991,91,91,91
2,91,991,91,91,91
2,91,991,91,91,91
1,94,17,1,1,2
2,30,18,1,2,1
2,93,17,93,93,93
2,91,991,91,91,91
1,93,17,93,93,93
1,91,991,91,91,91
1,30,15,1,2,2
2,93,23,93,93,93
1,91,991,91,91,91
1,30,11,1,1,2
1,91,991,91,91,91
2,93,16,93,93,93
1,91,991,91,91,91
2,93,16,93,93,93
2,93,23,93,93,93
2,91,991,91,91,91
2,91,991,91,91,91
2,3,15,2,1,2
2,93,18,93,93,93
2,91,991,91,91,91
2,91,991,91,91,91
1,93,16,93,93,93
1,93,20,93,93,93
1,91,991,91,91,91
2,93,17,93,93,93
1,26,13,1,1,2
1,93,16,93,93,93
2,93,15,93,93,93
1,91,991,91,91,91
2,93,15,93,93,93
2,91,991,91,91,91
2,93,15,93,93,93
2,93,15,93,93,93
1,91,991,91,91,91
1,91,991,91,91,91
1,93,15,93,93,93
1,91,991,91,91,91
1,91,991,91,91,91
2,91,991,91,91,91
2,91,991,91,91,91
1,91,991,91,91,91
1,93,16,93,93,93
1,93,20,93,93,93
1,93,18,93,93,93
1,25,18,1,1,1
1,91,991,91,91,91
2,91,991,91,91,91
2,93,18,93,93,93
1,15,18,1,1,1
2,91,991,91,91,91
1,91,991,91,91,91
2,91,991,91,91,91
1,93,16,93,93,93
1,93,18,93,93,93
1,91,991,91,91,91
2,93,23,93,93,93
2,12,12,1,1,2
1,91,991,91,91,91
1,91,991,91,91,91
2,93,15,93,93,93
2,93,15,93,93,93
1,98,17,98,98,98
1,7,16,1,1,2
2,91,991,91,91,91
2,93,14,93,93,93
2,91,991,91,91,91
2,30,16,1,2,2
2,91,991,91,91,91
2,91,991,91,91,91
2,91,991,91,91,91
1,91,991,91,91,91
1,91,991,91,91,91
1,7,12,1,2,2
2,1,20,2,2,1
1,91,991,91,91,91
1,91,991,91,91,91
2,30,12,1,1,2
1,93,19,93,93,93
2,93,25,93,93,93
1,91,991,91,91,91
2,91,991,91,91,91
1,93,21,93,93,93
2,2,23,2,2,1
2,93,12,93,93,93
1,91,991,91,91,91
2,93,17,93,93,93
1,93,18,93,93,93
1,1,21,1,2,1
2,91,991,91,91,91
1,91,991,91,91,91
1,91,991,91,91,91
1,91,991,91,91,91
1,93,22,93,93,93
1,91,991,91,91,91
1,1,17,1,2,2
1,91,991,91,91,91
1,91,991,91,91,91
2,5,17,1,2,2
1,91,991,91,91,91
1,93,28,93,93,93
2,30,14,1,2,1
1,93,28,93,93,93
2,91,991,91,91,91
2,15,17,1,2,2
1,93,13,93,93,93
2,91,991,91,91,91
2,91,991,91,91,91
2,25,16,1,1,2
2,93,62,93,93,93
1,93,21,93,93,93
2,93,19,93,93,93
2,91,991,91,91,91
2,91,991,91,91,91
2,93,20,93,93,93
1,91,991,91,91,91
2,91,991,91,91,91
2,91,991,91,91,91
2,93,14,93,93,93
1,93,17,93,93,93
1,91,991,91,91,91
2,91,991,91,91,91
2,2,15,1,2,1
2,91,991,91,91,91
2,93,11,93,93,93
2,93,21,93,93,93
2,91,991,91,91,91
1,91,991,91,91,91
1,93,18,93,93,93
1,5,12,1,2,2
1,91,991,91,91,91
2,91,991,91,91,91
2,30,10,1,2,2
2,91,991,91,91,91
1,91,991,91,91,91
2,93,16,93,93,93
2,91,991,91,91,91
2,93,16,93,93,93
1,30,14,1,2,2
2,91,991,91,91,91
2,91,991,91,91,91
2,91,991,91,91,91
1,25,20,1,1,2
1,93,15,93,93,93
1,91,991,91,91,91
1,30,14,1,2,1
2,4,18,1,2,1
2,91,991,91,91,91
2,91,991,91,91,91
1,93,20,93,93,93
1,91,991,91,91,91
2,91,991,91,91,91
1,30,14,1,2,2
2,93,17,93,93,93
2,93,14,93,93,93
1,91,991,91,91,91
1,91,991,91,91,91
1,1,19,1,2,1
2,91,991,91,91,91
2,91,991,91,91,91
1,91,991,91,91,91
2,91,991,91,91,91
2,93,18,93,93,93
2,93,19,93,93,93
2,91,991,91,91,91
2,91,991,91,91,91
2,93,16,93,93,93
2,91,991,91,91,91
2,91,991,91,91,91
2,93,19,93,93,93
1,93,17,93,93,93
2,91,991,91,91,91
1,93,17,93,93,93
1,3,18,1,2,2
2,91,991,91,91,91
1,93,18,93,93,93
1,91,991,91,91,91
1,91,991,91,91,91
1,91,991,91,91,91
2,91,991,91,91,91
2,93,17,93,93,93
2,93,39,93,93,93
2,91,991,91,91,91
1,93,21,93,93,93
2,91,991,91,91,91
1,91,991,91,91,91
2,91,991,91,91,91
1,91,991,91,91,91
2,93,25,93,93,93
2,91,991,91,91,91
1,93,13,93,93,93
2,91,991,91,91,91
1,91,991,91,91,91
2,93,18,93,93,93
1,91,991,91,91,91
2,20,31,1,1,1
2,91,991,91,91,91
1,91,991,91,91,91
2,91,991,91,91,91
1,93,16,93,93,93
2,91,991,91,91,91
1,91,991,91,91,91
2,91,991,91,91,91
1,2,15,2,2,1
2,93,17,93,93,93
1,93,14,93,93,93
1,2,13,1,1,2
2,91,991,91,91,91
2,18,16,1,1,2
1,91,991,91,91,91
2,93,17,93,93,93
1,93,18,93,93,93
1,30,14,1,2,1
2,91,991,91,91,91
2,30,13,1,2,2
1,91,991,91,91,91
1,91,991,91,91,91
2,91,991,91,91,91
1,98,19,98,98,98
2,4,16,1,2,2
1,91,991,91,91,91
1,93,13,93,93,93
1,91,991,91,91,91
1,93,17,93,93,93
2,91,991,91,91,91
2,91,991,91,91,91
2,91,991,91,91,91
1,93,15,93,93,93
1,93,16,93,93,93
2,91,991,91,91,91
1,91,991,91,91,91
2,97,997,98,98,98
2,93,25,93,93,93
2,30,18,1,2,2
2,20,13,1,2,1
1,91,991,91,91,91
2,91,991,91,91,91
2,93,11,93,93,93
1,91,991,91,91,91
2,16,20,1,2,2
2,91,991,91,91,91
2,93,20,93,93,93
1,91,991,91,91,91
2,93,25,93,93,93
2,91,991,91,91,91
1,91,991,91,91,91
2,91,991,91,91,91
1,30,13,1,1,1
2,91,991,91,91,91
1,93,18,93,93,93
2,91,991,91,91,91
1,30,7,1,1,2
2,1,18,1,2,2
1,91,991,91,91,91
2,93,14,93,93,93
1,93,32,93,93,93
2,93,18,93,93,93
1,91,991,91,91,91
2,93,18,93,93,93
1,91,991,91,91,91
2,91,991,91,91,91
2,93,15,93,93,93
1,91,991,91,91,91
2,91,991,91,91,91
2,91,991,91,91,91
2,9,17,1,2,2
2,91,991,91,91,91
1,93,21,93,93,93
1,91,991,91,91,91
1,93,18,93,93,93
1,91,991,91,91,91
2,93,21,93,93,93
2,91,991,91,91,91
2,93,35,93,93,93
1,9,14,1,2,2
1,93,17,93,93,93
1,30,16,1,1,1
2,91,991,91,91,91
2,2,17,2,2,1
2,91,991,91,91,91
1,20,15,1,2,2
2,91,991,91,91,91
2,91,991,91,91,91
1,91,991,91,91,91
2,91,991,91,91,91
2,2,16,2,2,1
2,91,991,91,91,91
1,15,15,2,1,2
1,91,991,91,91,91
1,91,991,91,91,91
1,93,20,93,93,93
1,93,14,93,93,93
2,91,991,91,91,91
2,91,991,91,91,91
2,91,991,91,91,91
1,20,19,1,1,1
1,91,991,91,91,91
1,91,991,91,91,91
2,91,991,91,91,91
2,3,18,2,1,2
2,93,20,93,93,93
2,91,991,91,91,91
2,93,11,93,93,93
2,9,25,1,2,1
2,93,19,93,93,93
1,91,991,91,91,91
1,93,18,93,93,93
2,93,16,93,93,93
2,91,991,91,91,91
1,93,21,93,93,93
1,91,991,91,91,91
2,93,18,93,93,93
2,93,21,93,93,93
2,91,991,91,91,91
1,93,19,93,93,93
1,93,11,93,93,93
2,93,16,93,93,93
1,91,991,91,91,91
1,91,991,91,91,91
1,91,991,91,91,91
2,93,14,93,93,93
1,91,991,91,91,91
1,91,991,91,91,91
2,91,991,91,91,91
1,93,17,93,93,93
2,28,16,1,1,2
2,91,991,91,91,91
1,91,991,91,91,91
2,93,21,93,93,93
2,93,25,93,93,93
1,91,991,91,91,91
1,91,991,91,91,91
1,91,991,91,91,91
1,91,991,91,91,91
1,91,991,91,91,91
2,91,991,91,91,91
2,30,12,1,1,1
1,93,24,93,93,93
2,93,15,93,93,93
1,30,18,2,1,2
2,91,991,91,91,91
1,93,15,93,93,93
1,7,14,1,1,2
1,91,991,91,91,91
2,91,991,91,91,91
1,30,15,1,1,2
2,93,16,93,93,93
1,93,18,93,93,93
2,91,991,91,91,91
1,93,16,93,93,93
1,91,991,91,91,91
1,3,15,1,2,2
1,91,991,91,91,91
2,93,18,93,93,93
2,93,19,93,93,93
1,91,991,91,91,91
2,91,991,91,91,91
1,93,16,93,93,93
2,93,16,93,93,93
1,93,15,93,93,93
2,91,991,91,91,91
2,5,18,1,1,1
2,93,16,93,93,93
1,91,991,91,91,91
2,20,18,1,2,1
1,93,18,93,93,93
2,93,14,93,93,93
2,91,991,91,91,91
2,28,13,1,1,2
1,91,991,91,91,91
2,91,991,91,91,91
2,91,991,91,91,91
2,91,991,91,91,91
2,93,15,93,93,93
2,93,13,93,93,93
2,91,991,91,91,91
2,93,19,93,93,93
1,91,991,91,91,91
2,93,16,93,93,93
1,4,15,1,2,2
2,91,991,91,91,91
2,5,16,1,1,1
1,1,17,2,1,2
2,91,991,91,91,91
2,93,20,93,93,93
1,93,16,93,93,93
1,1,18,2,2,2
2,91,991,91,91,91
1,91,991,91,91,91
2,30,12,1,2,2
1,30,12,1,2,1
2,91,991,91,91,91
1,93,19,93,93,93
1,2,18,2,2,1
2,93,14,93,93,93
1,91,991,91,91,91
2,91,991,91,91,91
1,91,991,91,91,91
1,14,18,1,2,2
2,91,991,91,91,91
1,91,991,91,91,91
2,91,991,91,91,91
2,93,18,93,93,93
2,91,991,91,91,91
1,91,991,91,91,91
1,93,13,93,93,93
1,29,16,1,1,1
1,5,18,1,2,2
1,93,17,93,93,93
2,91,991,91,91,91
1,93,13,93,93,93
1,91,991,91,91,91
1,91,991,91,91,91
2,91,991,91,91,91
2,91,991,91,91,91
2,93,19,93,93,93
1,93,16,93,93,93
2,91,991,91,91,91
1,2,11,1,2,2
1,93,30,93,93,93
1,91,991,91,91,91
1,93,20,93,93,93
2,91,991,91,91,91
1,91,991,91,91,91
1,91,991,91,91,91
2,91,991,91,91,91
1,91,991,91,91,91
2,91,991,91,91,91
1,93,14,93,93,93
1,91,991,91,91,91
2,3,17,2,2,1
2,93,17,93,93,93
1,91,991,91,91,91
1,91,991,91,91,91
1,91,991,91,91,91
2,91,991,91,91,91
2,93,19,93,93,93
1,1,21,1,1,2
2,91,991,91,91,91
2,91,991,91,91,91
2,91,991,91,91,91
1,93,19,93,93,93
2,2,14,2,2,1
2,91,991,91,91,91
1,93,18,93,93,93
2,93,15,93,93,93
1,22,16,1,1,1
2,93,20,93,93,93
1,27,16,1,2,2
2,91,991,91,91,91
1,93,16,93,93,93
1,93,17,93,93,93
2,30,9,1,1,1
2,93,13,93,93,93
1,91,991,91,91,91
2,91,991,91,91,91
1,91,991,91,91,91
1,91,991,91,91,91
2,98,994,98,98,98
2,91,991,91,91,91
1,91,991,91,91,91
2,93,22,93,93,93
1,28,22,1,1,1
2,91,991,91,91,91
1,93,15,93,93,93
2,30,14,1,2,2
1,91,991,91,91,91
1,91,991,91,91,91
1,91,991,91,91,91
1,91,991,91,91,91
1,93,18,93,93,93
1,93,15,93,93,93
2,2,16,2,2,1
2,91,991,91,91,91
1,93,19,93,93,93
2,93,16,93,93,93
1,91,991,91,91,91
2,4,12,1,2,2
1,91,991,91,91,91
2,91,991,91,91,91
1,93,20,93,93,93
1,91,991,91,91,91
2,1,21,2,2,1
2,93,63,93,93,93
2,91,991,91,91,91
2,10,16,1,2,1
2,91,991,91,91,91
2,93,16,93,93,93
2,93,23,93,93,93
1,93,20,93,93,93
1,91,991,91,91,91
2,93,18,93,93,93
2,91,991,91,91,91
2,91,991,91,91,91
1,91,991,91,91,91
2,93,28,93,93,93
1,93,18,93,93,93
2,91,991,91,91,91
1,91,991,91,91,91
1,93,20,93,93,93
2,2,30,2,2,1
2,91,991,91,91,91
2,93,21,93,93,93
2,91,991,91,91,91
2,93,15,93,93,93
1,91,991,91,91,91
1,91,991,91,91,91
2,93,16,93,93,93
1,93,9,93,93,93
1,91,991,91,91,91
2,27,17,1,1,1
1,91,991,91,91,91
2,91,991,91,91,91
2,91,991,91,91,91
1,91,991,91,91,91
1,91,991,91,91,91
2,91,991,91,91,91
1,91,991,91,91,91
2,93,24,93,93,93
1,91,991,91,91,91
2,91,991,91,91,91
2,6,20,2,1,1
2,91,991,91,91,91
1,91,991,91,91,91
2,91,991,91,91,91
2,98,9,98,98,98
2,91,991,91,91,91
2,91,991,91,91,91
2,93,18,93,93,93
1,93,15,93,93,93
1,93,15,93,93,93
2,2,36,1,2,2
2,91,991,91,91,91
2,2,16,2,2,1
1,91,991,91,91,91
1,30,16,1,2,1
2,91,991,91,91,91
2,4,16,2,1,2
2,91,991,91,91,91
2,91,991,91,91,91
2,93,23,93,93,93
2,91,991,91,91,91
2,93,14,93,93,93
1,91,991,91,91,91
2,93,14,93,93,93
1,93,15,93,93,93
2,93,23,93,93,93
1,91,991,91,91,91
1,93,13,93,93,93
1,93,18,93,93,93
2,91,991,91,91,91
2,91,991,91,91,91
2,91,991,91,91,91
1,93,18,93,93,93
1,91,991,91,91,91
1,91,991,91,91,91
2,93,21,93,93,93
2,30,13,1,2,1
2,91,991,91,91,91
2,91,991,91,91,91
2,91,991,91,91,91
1,30,13,1,1,2
2,93,17,93,93,93
2,93,18,93,93,93
1,91,991,91,91,91
2,91,991,91,91,91
2,3,20,1,2,1
2,91,991,91,91,91
1,91,991,91,91,91
1,93,18,93,93,93
1,91,991,91,91,91
2,91,991,91,91,91
1,91,991,91,91,91
1,5,15,1,2,2
2,91,991,91,91,91
2,3,19,1,2,2
1,91,991,91,91,91
2,91,991,91,91,91
1,91,991,91,91,91
1,91,991,91,91,91
2,91,991,91,91,91
1,93,14,93,93,93
1,93,18,93,93,93
1,25,19,1,1,2
2,93,42,93,93,93
1,91,991,91,91,91
2,91,991,91,91,91
1,93,17,93,93,93
2,91,991,91,91,91
1,1,16,1,2,2
1,91,991,91,91,91
2,91,991,91,91,91
2,91,991,91,91,91
1,93,20,93,93,93
2,91,991,91,91,91
2,91,991,91,91,91
2,93,14,93,93,93
2,91,991,91,91,91
2,91,991,91,91,91
2,91,991,91,91,91
1,91,991,91,91,91
1,91,991,91,91,91
2,91,991,91,91,91
1,91,991,91,91,91
2,91,991,91,91,91
2,93,18,93,93,93
2,93,18,93,93,93
1,93,25,93,93,93
2,91,991,91,91,91
1,93,12,93,93,93
2,93,24,93,93,93
1,93,19,93,93,93
1,91,991,91,91,91
2,91,991,91,91,91
2,91,991,91,91,91
2,91,991,91,91,91
1,91,991,91,91,91
1,93,13,93,93,93
2,93,15,93,93,93
2,91,991,91,91,91
1,93,16,93,93,93
1,91,991,91,91,91
1,91,991,91,91,91
2,91,991,91,91,91
2,91,991,91,91,91
2,91,991,91,91,91
2,1,30,2,1,2
1,93,14,93,93,93
2,30,13,1,1,2
2,93,22,93,93,93
1,91,991,91,91,91
2,91,991,91,91,91
2,91,991,91,91,91
2,91,991,91,91,91
1,93,16,93,93,93
2,91,991,91,91,91
2,91,991,91,91,91
1,91,991,91,91,91
1,93,19,93,93,93
2,93,21,93,93,93
2,91,991,91,91,91
2,91,991,91,91,91
2,91,991,91,91,91
1,91,991,91,91,91
1,93,16,93,93,93
2,93,27,93,93,93
1,93,18,93,93,93
2,91,991,91,91,91
2,93,36,93,93,93
1,93,20,93,93,93
2,91,991,91,91,91
1,91,991,91,91,91
1,93,16,93,93,93
2,91,991,91,91,91
2,93,20,93,93,93
2,1,13,1,1,2
1,29,18,1,1,1
2,93,15,93,93,93
2,91,991,91,91,91
2,93,12,93,93,93
1,91,991,91,91,91
2,93,18,93,93,93
2,93,16,93,93,93
1,93,17,93,93,93
1,30,17,1,1,2
1,91,991,91,91,91
2,93,16,93,93,93
1,91,991,91,91,91
1,93,17,93,93,93
2,30,13,2,1,2
1,1,21,2,2,1
2,93,27,93,93,93
1,4,16,2,1,2
1,5,19,2,2,1
2,91,991,91,91,91
2,91,991,91,91,91
2,30,21,1,2,1
1,91,991,91,91,91
1,91,991,91,91,91
2,93,15,93,93,93
2,10,16,1,1,2
1,91,991,91,91,91
2,93,17,93,93,93
2,93,20,93,93,93
1,91,991,91,91,91
1,93,10,93,93,93
2,91,991,91,91,91
1,91,991,91,91,91
2,91,991,91,91,91
2,91,991,91,91,91
2,93,21,93,93,93
1,91,991,91,91,91
1,93,20,93,93,93
2,93,15,93,93,93
2,8,12,1,1,2
1,91,991,91,91,91
2,91,991,91,91,91
2,91,991,91,91,91
1,5,18,2,2,2
2,91,991,91,91,91
1,10,7,1,1,2
1,2,16,1,2,2
1,20,18,2,1,2
2,91,991,91,91,91
2,91,991,91,91,91
1,91,991,91,91,91
1,6,16,1,2,2
2,93,20,93,93,93
1,93,10,93,93,93
1,91,991,91,91,91
1,93,17,93,93,93
1,91,991,91,91,91
1,30,14,2,2,2
2,91,991,91,91,91
2,91,991,91,91,91
2,91,991,91,91,91
1,91,991,91,91,91
1,93,16,93,93,93
2,91,991,91,91,91
2,91,991,91,91,91
2,91,991,91,91,91
1,7,6,1,2,2
1,93,11,93,93,93
2,93,17,93,93,93
1,98,28,98,98,98
1,10,14,1,1,1
2,91,991,91,91,91
2,91,991,91,91,91
1,91,991,91,91,91
1,91,991,91,91,91
1,91,991,91,91,91
1,8,16,2,1,2
1,91,991,91,91,91
1,91,991,91,91,91
2,93,16,93,93,93
1,91,991,91,91,91
1,30,9,1,1,2
2,25,18,1,2,1
1,91,991,91,91,91
1,91,991,91,91,91
1,93,16,93,93,93
1,30,15,1,2,2
2,91,991,91,91,91
2,91,991,91,91,91
1,91,991,91,91,91
2,93,13,93,93,93
2,91,991,91,91,91
1,10,20,1,1,2
1,91,991,91,91,91
1,93,19,93,93,93
2,91,991,91,91,91
2,93,16,93,93,93
2,10,21,1,2,1
1,97,14,97,97,97
1,91,991,91,91,91
2,2,56,2,2,1
2,91,991,91,91,91
2,27,13,1,1,1
1,91,991,91,91,91
1,91,991,91,91,91
1,91,991,91,91,91
1,3,14,1,1,1
1,91,991,91,91,91
2,91,991,91,91,91
1,1,21,2,2,1
2,93,18,93,93,93
1,91,991,91,91,91
2,93,17,93,93,93
2,91,991,91,91,91
1,91,991,91,91,91
1,25,16,1,2,1
2,91,991,91,91,91
2,91,991,91,91,91
2,91,991,91,91,91
2,91,991,91,91,91
2,91,991,91,91,91
2,91,991,91,91,91
2,91,991,91,91,91
1,91,991,91,91,91
2,91,991,91,91,91
2,93,18,93,93,93
2,91,991,91,91,91
1,91,991,91,91,91
2,91,991,91,91,91
1,91,991,91,91,91
2,91,991,91,91,91
2,93,18,93,93,93
2,91,991,91,91,91
2,1,13,2,2,1
2,93,17,93,93,93
2,10,18,2,2,1
1,91,991,91,91,91
2,91,991,91,91,91
1,91,991,91,91,91
1,91,991,91,91,91
1,93,16,93,93,93
2,93,16,93,93,93
1,93,16,93,93,93
1,91,991,91,91,91
2,91,991,91,91,91
2,91,991,91,91,91
1,91,991,91,91,91
2,91,991,91,91,91
1,93,23,93,93,93
1,93,16,93,93,93
1,91,991,91,91,91
1,91,991,91,91,91
2,93,16,93,93,93
2,91,991,91,91,91
1,93,18,93,93,93
1,91,991,91,91,91
2,91,991,91,91,91
2,91,991,91,91,91
2,91,991,91,91,91
2,91,991,91,91,91
2,91,991,91,91,91
2,91,991,91,91,91
2,93,17,93,93,93
1,30,12,1,1,1
2,91,991,91,91,91
1,91,991,91,91,91
1,91,991,91,91,91
1,91,991,91,91,91
2,91,991,91,91,91
2,91,991,91,91,91
1,20,15,1,1,2
2,91,991,91,91,91
2,91,991,91,91,91
1,93,16,93,93,93
2,93,18,93,93,93
2,4,37,2,1,1
2,91,991,91,91,91
1,91,991,91,91,91
1,91,991,91,91,91
1,5,18,2,2,2
1,93,24,93,93,93
1,3,20,1,2,1
2,91,991,91,91,91
2,91,991,91,91,91
1,91,991,91,91,91
2,30,14,1,1,1
2,91,991,91,91,91
1,93,18,93,93,93
2,91,991,91,91,91
1,91,991,91,91,91
2,93,32,93,93,93
2,91,991,91,91,91
1,93,16,93,93,93
2,9,25,2,2,1
1,12,12,2,2,2
2,93,14,93,93,93
1,93,23,93,93,93
1,93,18,93,93,93
2,91,991,91,91,91
2,91,991,91,91,91
2,91,991,91,91,91
2,93,14,93,93,93
1,15,20,1,2,1
2,91,991,91,91,91
2,91,991,91,91,91
2,1,21,1,2,2
2,93,17,93,93,93
2,91,991,91,91,91
2,93,27,93,93,93
1,91,991,91,91,91
2,2,15,2,1,2
2,91,991,91,91,91
1,91,991,91,91,91
1,91,991,91,91,91
2,93,16,93,93,93
1,91,991,91,91,91
2,91,991,91,91,91
2,91,991,91,91,91
2,91,991,91,91,91
2,2,16,1,2,2
2,93,19,93,93,93
1,91,991,91,91,91
1,93,30,93,93,93
1,30,15,1,2,1
1,93,17,93,93,93
2,15,20,2,1,2
1,91,991,91,91,91
1,91,991,91,91,91
1,93,22,93,93,93
2,2,15,2,2,2
2,2,20,2,2,1
1,91,991,91,91,91
1,93,22,93,93,93
1,91,991,91,91,91
2,12,10,1,1,2
2,91,991,91,91,91
2,28,13,1,2,2
1,91,991,91,91,91
1,91,991,91,91,91
1,25,14,2,2,1
1,3,17,1,1,1
1,91,991,91,91,91
1,93,21,93,93,93
2,91,991,91,91,91
2,91,991,91,91,91
1,91,991,91,91,91
1,30,15,1,1,1
2,93,16,93,93,93
2,93,20,93,93,93
2,93,19,93,93,93
1,27,15,1,1,2
1,93,15,93,93,93
2,1,15,1,1,2
2,91,991,91,91,91
1,93,16,93,93,93
2,91,991,91,91,91
2,91,991,91,91,91
1,91,991,91,91,91
1,93,24,93,93,93
1,93,16,93,93,93
2,91,991,91,91,91
1,91,991,91,91,91
2,91,991,91,91,91
1,93,18,93,93,93
2,91,991,91,91,91
1,91,991,91,91,91
1,29,14,1,1,1
2,25,14,1,2,1
1,91,991,91,91,91
1,91,991,91,91,91
2,91,991,91,91,91
1,91,991,91,91,91
2,93,37,93,93,93
1,93,37,93,93,93
1,93,15,93,93,93
2,91,991,91,91,91
2,91,991,91,91,91
2,91,991,91,91,91
2,93,21,93,93,93
2,2,16,2,1,2
2,91,991,91,91,91
2,91,991,91,91,91
2,30,13,1,1,2
2,4,31,2,2,1
2,28,9,1,1,1
1,93,19,93,93,93
2,91,991,91,91,91
1,93,18,93,93,93
2,93,15,93,93,93
2,91,991,91,91,91
1,91,991,91,91,91
1,93,23,93,93,93
1,2,14,1,2,2
2,91,991,91,91,91
2,93,33,93,93,93
2,91,991,91,91,91
2,91,991,91,91,91
2,91,991,91,91,91
2,91,991,91,91,91
1,93,14,93,93,93
2,91,991,91,91,91
2,91,991,91,91,91
1,91,991,91,91,91
2,93,16,93,93,93
2,93,18,93,93,93
1,91,991,91,91,91
1,91,991,91,91,91
1,91,991,91,91,91
2,97,13,94,94,94
2,91,991,91,91,91
1,91,991,91,91,91
1,91,991,91,91,91
1,1,29,2,2,1
1,93,28,93,93,93
1,93,19,93,93,93
1,91,991,91,91,91
1,91,991,91,91,91
2,93,15,93,93,93
1,91,991,91,91,91
1,91,991,91,91,91
2,91,991,91,91,91
2,91,991,91,91,91
1,91,991,91,91,91
1,91,991,91,91,91
2,91,991,91,91,91
1,91,991,91,91,91
1,30,14,1,2,2
1,91,991,91,91,91
1,91,991,91,91,91
2,91,991,91,91,91
2,91,991,91,91,91
1,91,991,91,91,91
1,93,28,93,93,93
1,8,20,1,2,2
2,91,991,91,91,91
1,91,991,91,91,91
2,91,991,91,91,91
2,91,991,91,91,91
1,91,991,91,91,91
1,91,991,91,91,91
2,28,15,1,1,2
2,91,991,91,91,91
1,91,991,91,91,91
1,91,991,91,91,91
1,30,16,2,2,1
2,91,991,91,91,91
2,93,17,93,93,93
1,91,991,91,91,91
2,93,20,93,93,93
2,93,17,93,93,93
2,12,13,1,2,1
2,91,991,91,91,91
2,91,991,91,91,91
1,91,991,91,91,91
2,15,28,2,1,2
1,25,23,1,1,1
1,91,991,91,91,91
2,93,18,93,93,93
2,91,991,91,91,91
2,93,16,93,93,93
1,91,991,91,91,91
1,93,17,93,93,93
2,91,991,91,91,91
2,7,16,1,2,2
2,91,991,91,91,91
2,91,991,91,91,91
2,91,991,91,91,91
2,91,991,91,91,91
2,93,18,93,93,93
1,91,991,91,91,91
2,91,991,91,91,91
1,91,991,91,91,91
2,93,17,93,93,93
2,93,15,93,93,93
2,93,18,93,93,93
2,91,991,91,91,91
2,93,21,93,93,93
1,91,991,91,91,91
1,91,991,91,91,91
2,91,991,91,91,91
2,91,991,91,91,91
1,91,991,91,91,91
2,91,991,91,91,91
2,91,991,91,91,91
2,91,991,91,91,91
1,91,991,91,91,91
1,91,991,91,91,91
2,91,991,91,91,91
1,91,991,91,91,91
2,91,991,91,91,91
2,91,991,91,91,91
1,91,991,91,91,91
2,30,17,1,2,2
1,91,991,91,91,91
2,93,50,93,93,93
2,91,991,91,91,91
1,7,16,1,2,1
1,93,15,93,93,93
1,91,991,91,91,91
2,93,20,93,93,93
2,93,14,93,93,93
1,91,991,91,91,91
1,91,991,91,91,91
1,93,13,93,93,93
1,91,991,91,91,91
1,93,12,93,93,93
2,93,12,93,93,93
1,93,16,93,93,93
2,91,991,91,91,91
1,91,991,91,91,91
2,91,991,91,91,91
2,91,991,91,91,91
1,91,991,91,91,91
2,93,994,93,93,93
1,93,21,93,93,93
2,91,991,91,91,91
2,91,991,91,91,91
2,91,991,91,91,91
2,91,991,91,91,91
2,93,21,93,93,93
2,93,31,93,93,93
2,30,12,1,1,1
2,91,991,91,91,91
1,91,991,91,91,91
1,28,13,1,1,1
1,91,991,91,91,91
1,91,991,91,91,91
1,2,17,1,2,2
1,93,15,93,93,93
2,91,991,91,91,91
2,15,15,2,2,2
2,93,17,93,93,93
1,91,991,91,91,91
1,91,991,91,91,91
1,93,18,93,93,93
2,91,991,91,91,91
2,91,991,91,91,91
1,93,15,93,93,93
2,91,991,91,91,91
1,30,12,1,1,1
1,1,18,1,2,2
1,91,991,91,91,91
1,91,991,91,91,91
1,93,23,93,93,93
2,93,19,93,93,93
2,91,991,91,91,91
2,3,20,2,1,1
1,3,16,1,1,2
2,91,991,91,91,91
2,91,991,91,91,91
1,91,991,91,91,91
2,93,23,93,93,93
1,30,15,1,1,2
2,91,991,91,91,91
2,93,25,93,93,93
2,93,16,93,93,93
1,91,991,91,91,91
1,93,20,93,93,93
2,93,20,93,93,93
2,91,991,91,91,91
1,91,991,91,91,91
1,91,991,91,91,91
1,91,991,91,91,91
1,93,15,93,93,93
2,91,991,91,91,91
1,5,17,2,1,1
1,5,21,1,1,1
2,91,991,91,91,91
1,91,991,91,91,91
1,91,991,91,91,91
1,93,17,93,93,93
2,93,14,93,93,93
2,91,991,91,91,91
2,93,20,93,93,93
2,91,991,91,91,91
2,91,991,91,91,91
1,91,991,91,91,91
2,93,15,93,93,93
2,93,17,93,93,93
2,29,14,1,1,2
1,91,991,91,91,91
1,93,22,93,93,93
1,91,991,91,91,91
1,93,16,93,93,93
2,91,991,91,91,91
2,91,991,91,91,91
2,91,991,91,91,91
2,1,15,2,2,1
1,93,20,93,93,93
1,91,991,91,91,91
2,93,18,93,93,93
1,2,17,1,2,2
1,93,14,93,93,93
2,91,991,91,91,91
2,91,991,91,91,91
2,91,991,91,91,91
1,91,991,91,91,91
1,93,22,93,93,93
2,91,991,91,91,91
1,91,991,91,91,91
2,91,991,91,91,91
1,93,20,93,93,93
2,8,22,1,1,3
2,91,991,91,91,91
1,93,16,93,93,93
1,91,991,91,91,91
2,93,14,93,93,93
2,91,991,91,91,91
1,91,991,91,91,91
1,93,16,93,93,93
2,91,991,91,91,91
1,20,21,1,2,2
2,91,991,91,91,91
2,91,991,91,91,91
1,27,16,1,1,2
1,30,12,1,1,1
1,93,21,93,93,93
2,91,991,91,91,91
2,91,991,91,91,91
2,91,991,91,91,91
2,91,991,91,91,91
1,91,991,91,91,91
2,91,991,91,91,91
2,93,14,93,93,93
2,91,991,91,91,91
1,4,23,2,2,1
1,93,21,93,93,93
1,91,991,91,91,91
1,93,11,93,93,93
1,91,991,91,91,91
1,93,24,93,93,93
2,91,991,91,91,91
2,91,991,91,91,91
2,91,991,91,91,91
2,93,20,93,93,93
2,93,18,93,93,93
1,91,991,91,91,91
2,93,12,93,93,93
1,91,991,91,91,91
1,5,16,1,2,2
2,91,991,91,91,91
2,91,991,91,91,91
2,19,16,2,1,2
1,10,22,1,1,1
1,93,21,93,93,93
1,91,991,91,91,91
2,91,991,91,91,91
2,91,991,91,91,91
2,91,991,91,91,91
1,91,991,91,91,91
1,30,15,1,2,2
2,10,15,1,2,1
2,91,991,91,91,91
1,91,991,91,91,91
1,91,991,91,91,91
1,93,16,93,93,93
2,93,27,93,93,93
2,91,991,91,91,91
2,91,991,91,91,91
2,93,18,93,93,93
2,91,991,91,91,91
1,93,17,93,93,93
2,93,18,93,93,93
2,91,991,91,91,91
2,93,27,93,93,93
2,3,13,1,1,1
1,93,15,93,93,93
2,91,991,91,91,91
2,91,991,91,91,91
1,91,991,91,91,91
2,93,16,93,93,93
1,91,991,91,91,91
1,14,14,2,1,1
2,93,14,93,93,93
1,91,991,91,91,91
1,91,991,91,91,91
1,24,22,1,1,2
1,93,15,93,93,93
1,91,991,91,91,91
2,91,991,91,91,91
2,30,15,1,1,2
2,1,12,1,2,2
1,91,991,91,91,91
2,91,991,91,91,91
1,91,991,91,91,91
2,91,991,91,91,91
2,91,991,91,91,91
1,2,16,1,2,2
1,91,991,91,91,91
2,30,13,1,1,1
1,91,991,91,91,91
2,93,20,93,93,93
1,27,16,1,2,2
1,91,991,91,91,91
2,91,991,91,91,91
2,20,17,2,2,1
2,93,18,93,93,93
1,7,18,1,2,1
2,93,11,93,93,93
1,93,14,93,93,93
1,91,991,91,91,91
2,91,991,91,91,91
2,91,991,91,91,91
2,91,991,91,91,91
2,93,18,93,93,93
1,30,16,1,2,2
2,91,991,91,91,91
1,93,17,93,93,93
2,91,991,91,91,91
2,93,15,93,93,93
2,91,991,91,91,91
2,93,28,93,93,93
2,91,991,91,91,91
2,93,18,93,93,93
2,91,991,91,91,91
2,91,991,91,91,91
1,91,991,91,91,91
2,93,30,93,93,93
2,91,991,91,91,91
1,91,991,91,91,91
1,91,991,91,91,91
1,93,13,93,93,93
2,93,17,93,93,93
1,91,991,91,91,91
1,91,991,91,91,91
2,91,991,91,91,91
2,93,14,93,93,93
1,30,22,1,2,2
2,93,21,93,93,93
2,91,991,91,91,91
1,93,22,93,93,93
1,93,15,93,93,93
2,91,991,91,91,91
1,93,30,93,93,93
1,91,991,91,91,91
2,93,14,93,93,93
1,91,991,91,91,91
1,91,991,91,91,91
1,91,991,91,91,91
1,93,16,93,93,93
2,91,991,91,91,91
1,93,21,93,93,93
2,91,991,91,91,91
1,93,20,93,93,93
1,15,21,1,2,2
1,93,19,93,93,93
2,93,18,93,93,93
2,91,991,91,91,91
1,91,991,91,91,91
1,91,991,91,91,91
1,93,20,93,93,93
2,93,18,93,93,93
1,91,991,91,91,91
2,93,20,93,93,93
2,93,15,93,93,93
1,93,17,93,93,93
1,21,18,2,1,1
1,91,991,91,91,91
2,91,991,91,91,91
2,24,16,1,2,2
2,15,16,1,2,1
1,30,17,1,2,2
2,93,40,93,93,93
2,93,17,93,93,93
2,93,12,93,93,93
2,91,991,91,91,91
1,91,991,91,91,91
2,93,17,93,93,93
1,91,991,91,91,91
2,30,14,1,1,2
2,93,18,93,93,93
2,91,991,91,91,91
1,91,991,91,91,91
1,91,991,91,91,91
1,93,16,93,93,93
2,93,19,93,93,93
2,91,991,91,91,91
1,91,991,91,91,91
1,91,991,91,91,91
1,91,991,91,91,91
1,91,991,91,91,91
1,93,16,93,93,93
1,91,991,91,91,91
1,91,991,91,91,91
2,91,991,91,91,91
2,91,991,91,91,91
2,91,991,91,91,91
2,93,16,93,93,93
2,93,18,93,93,93
1,91,991,91,91,91
2,91,991,91,91,91
2,91,991,91,91,91
2,91,991,91,91,91
2,91,991,91,91,91
1,91,991,91,91,91
2,93,20,93,93,93
2,91,991,91,91,91
2,93,10,93,93,93
2,91,991,91,91,91
2,91,991,91,91,91
2,93,11,93,93,93
1,91,991,91,91,91
2,30,14,2,2,1
1,91,991,91,91,91
2,93,15,93,93,93
1,30,16,1,2,2
2,93,18,93,93,93
2,91,991,91,91,91
2,91,991,91,91,91
1,20,17,2,2,1
2,91,991,91,91,91
1,93,13,93,93,93
1,91,991,91,91,91
2,91,991,91,91,91
2,91,991,91,91,91
1,91,991,91,91,91
2,3,30,2,1,2
2,91,991,91,91,91
2,93,23,93,93,93
1,91,991,91,91,91
2,91,991,91,91,91
2,93,14,93,93,93
1,93,18,93,93,93
1,93,23,93,93,93
2,91,991,91,91,91
1,5,14,1,1,1
1,20,14,1,2,2
1,93,15,93,93,93
2,91,991,91,91,91
2,30,14,1,2,1
2,4,18,1,1,2
2,93,20,93,93,93
1,93,23,93,93,93
1,2,17,1,1,2
1,91,991,91,91,91
2,91,991,91,91,91
2,20,18,2,1,1
2,93,16,93,93,93
1,93,18,93,93,93
1,91,991,91,91,91
1,4,24,2,2,1
2,91,991,91,91,91
1,2,10,1,2,2
2,91,991,91,91,91
2,91,991,91,91,91
1,91,991,91,91,91
2,91,991,91,91,91
2,91,991,91,91,91
2,91,991,91,91,91
1,91,991,91,91,91
2,91,991,91,91,91
2,91,991,91,91,91
1,91,991,91,91,91
2,93,20,93,93,93
1,93,20,93,93,93
1,91,991,91,91,91
2,93,25,93,93,93
2,93,21,93,93,93
2,93,14,93,93,93
1,91,991,91,91,91
1,93,12,93,93,93
1,91,991,91,91,91
2,91,991,91,91,91
2,91,991,91,91,91
1,93,16,93,93,93
2,93,16,93,93,93
1,91,991,91,91,91
1,91,991,91,91,91
2,91,991,91,91,91
1,91,991,91,91,91
2,25,11,2,1,2
2,91,991,91,91,91
2,93,19,93,93,93
2,93,21,93,93,93
1,7,18,1,1,2
2,93,15,93,93,93
2,91,991,91,91,91
1,13,21,1,2,2
1,26,17,1,1,2
2,91,991,91,91,91
2,91,991,91,91,91
2,28,18,1,2,2
1,91,991,91,91,91
1,93,22,93,93,93
2,91,991,91,91,91
1,91,991,91,91,91
1,91,991,91,91,91
1,91,991,91,91,91
2,91,991,91,91,91
2,30,16,1,1,1
2,25,17,2,1,2
2,93,14,93,93,93
2,93,21,93,93,93
2,93,13,93,93,93
2,91,991,91,91,91
2,91,991,91,91,91
1,93,12,93,93,93
1,91,991,91,91,91
2,91,991,91,91,91
1,91,991,91,91,91
2,91,991,91,91,91
1,91,991,91,91,91
1,93,14,93,93,93
2,91,991,91,91,91
1,91,991,91,91,91
1,91,991,91,91,91
2,91,991,91,91,91
1,91,991,91,91,91
2,93,13,93,93,93
2,93,17,93,93,93
2,93,21,93,93,93
1,93,16,93,93,93
1,91,991,91,91,91
2,93,14,93,93,93
1,91,991,91,91,91
1,91,991,91,91,91
2,91,991,91,91,91
1,91,991,91,91,91
1,91,991,91,91,91
1,91,991,91,91,91
2,30,18,1,1,2
2,91,991,91,91,91
1,93,16,93,93,93
1,91,991,91,91,91
2,91,991,91,91,91
2,91,991,91,91,91
1,2,16,1,2,2
1,93,15,93,93,93
1,91,991,91,91,91
1,91,991,91,91,91
1,91,991,91,91,91
1,93,17,93,93,93
1,91,991,91,91,91
2,91,991,91,91,91
1,7,12,1,1,2
1,91,991,91,91,91
1,93,9,93,93,93
2,91,991,91,91,91
2,91,991,91,91,91
1,93,24,93,93,93
2,91,991,91,91,91
2,98,998,98,98,98
1,93,21,93,93,93
2,91,991,91,91,91
1,91,991,91,91,91
2,93,14,93,93,93
1,93,14,93,93,93
1,14,21,1,1,1
1,93,22,93,93,93
1,91,991,91,91,91
2,91,991,91,91,91
1,91,991,91,91,91
2,20,16,1,2,2
1,91,991,91,91,91
1,30,7,1,1,1
2,91,991,91,91,91
1,93,41,93,93,93
2,91,991,91,91,91
2,93,14,93,93,93
2,93,21,93,93,93
2,93,15,93,93,93
2,1,60,2,2,1
1,91,991,91,91,91
1,8,18,2,2,1
2,91,991,91,91,91
2,91,991,91,91,91
2,91,991,91,91,91
2,91,991,91,91,91
2,91,991,91,91,91
1,30,16,1,2,2
1,91,991,91,91,91
2,91,991,91,91,91
1,91,991,91,91,91
2,91,991,91,91,91
1,91,991,91,91,91
1,93,21,93,93,93
2,91,991,91,91,91
1,91,991,91,91,91
1,1,14,2,2,2
1,30,16,1,2,1
1,91,991,91,91,91
1,30,16,1,2,3
1,91,991,91,91,91
1,30,25,1,2,2
1,91,991,91,91,91
1,91,991,91,91,91
2,91,991,91,91,91
1,93,20,93,93,93
2,91,991,91,91,91
2,91,991,91,91,91
2,91,991,91,91,91
1,93,18,93,93,93
2,91,991,91,91,91
1,9,14,2,1,2
2,93,18,93,93,93
2,91,991,91,91,91
2,91,991,91,91,91
2,93,13,93,93,93
1,91,991,91,91,91
2,91,991,91,91,91
2,91,991,91,91,91
1,91,991,91,91,91
1,91,991,91,91,91
1,91,991,91,91,91
2,93,14,93,93,93
2,3,14,1,2,2
2,93,20,93,93,93
2,91,991,91,91,91
2,91,991,91,91,91
2,91,991,91,91,91
1,30,11,1,1,1
2,91,991,91,91,91
1,5,20,1,2,2
2,91,991,91,91,91
1,93,13,93,93,93
1,91,991,91,91,91
2,91,991,91,91,91
1,93,13,93,93,93
1,29,18,1,2,1
2,91,991,91,91,91
2,91,991,91,91,91
2,98,998,98,98,98
2,91,991,91,91,91
1,27,13,1,1,2
2,91,991,91,91,91
2,93,18,93,93,93
1,91,991,91,91,91
2,91,991,91,91,91
1,3,15,2,1,1
2,91,991,91,91,91
1,91,991,91,91,91
1,30,13,1,1,2
1,93,16,93,93,93
1,91,991,91,91,91
2,12,23,2,2,1
2,91,991,91,91,91
1,91,991,91,91,91
2,30,12,1,2,1
2,2,17,2,1,2
2,91,991,91,91,91
1,93,16,93,93,93
1,4,18,2,2,2
2,91,991,91,91,91
2,91,991,91,91,91
1,91,991,91,91,91
2,91,991,91,91,91
2,91,991,91,91,91
1,91,991,91,91,91
2,91,991,91,91,91
2,93,23,93,93,93
1,91,991,91,91,91
2,93,20,93,93,93
2,91,991,91,91,91
2,93,18,93,93,93
1,91,991,91,91,91
1,30,11,1,1,2
1,91,991,91,91,91
1,91,991,91,91,91
1,93,19,93,93,93
2,93,30,93,93,93
1,30,23,1,2,2
2,91,991,91,91,91
2,91,991,91,91,91
1,91,991,91,91,91
1,93,20,93,93,93
1,91,991,91,91,91
1,91,991,91,91,91
1,93,15,93,93,93
2,91,991,91,91,91
1,91,991,91,91,91
2,10,11,1,2,2
1,93,14,93,93,93
2,91,991,91,91,91
2,93,18,93,93,93
2,91,991,91,91,91
1,2,19,1,2,2
1,93,30,93,93,93
1,91,991,91,91,91
1,93,12,93,93,93
1,93,16,93,93,93
1,91,991,91,91,91
1,91,991,91,91,91
1,93,21,93,93,93
2,91,991,91,91,91
2,2,14,2,1,2
2,91,991,91,91,91
1,91,991,91,91,91
1,93,12,93,93,93
2,1,18,2,2,1
2,29,20,1,1,1
1,91,991,91,91,91
1,91,991,91,91,91
1,91,991,91,91,91
1,91,991,91,91,91
2,91,991,91,91,91
2,91,991,91,91,91
2,91,991,91,91,91
1,91,991,91,91,91
2,2,13,1,2,1
2,3,14,1,2,1
2,91,991,91,91,91
2,91,991,91,91,91
1,91,991,91,91,91
2,91,991,91,91,91
2,91,991,91,91,91
2,91,991,91,91,91
1,91,991,91,91,91
2,91,991,91,91,91
2,91,991,91,91,91
2,93,15,93,93,93
1,91,991,91,91,91
2,91,991,91,91,91
1,30,16,1,2,2
2,93,19,93,93,93
1,12,14,1,1,2
2,91,991,91,91,91
1,91,991,91,91,91
2,91,991,91,91,91
2,91,991,91,91,91
1,91,991,91,91,91
1,1,19,1,2,2
1,91,991,91,91,91
2,93,16,93,93,93
2,91,991,91,91,91
1,30,11,1,1,1
1,91,991,91,91,91
2,93,12,93,93,93
1,26,18,1,2,2
1,93,15,93,93,93
2,91,991,91,91,91
2,91,991,91,91,91
2,91,991,91,91,91
2,91,991,91,91,91
2,91,991,91,91,91
2,91,991,91,91,91
1,91,991,91,91,91
2,93,24,93,93,93
1,30,12,1,1,1
1,91,991,91,91,91
1,91,991,91,91,91
2,93,19,93,93,93
1,93,15,93,93,93
2,91,991,91,91,91
2,93,22,93,93,93
2,91,991,91,91,91
2,91,991,91,91,91
2,91,991,91,91,91
2,91,991,91,91,91
1,91,991,91,91,91
2,93,14,93,93,93
1,91,991,91,91,91
1,91,991,91,91,91
1,91,991,91,91,91
2,93,21,93,93,93
1,91,991,91,91,91
2,93,16,93,93,93
1,91,991,91,91,91
1,91,991,91,91,91
2,91,991,91,91,91
2,91,991,91,91,91
2,91,991,91,91,91
2,93,23,93,93,93
2,4,22,2,2,1
2,91,991,91,91,91
2,8,15,1,2,2
1,91,991,91,91,91
1,93,18,93,93,93
2,93,19,93,93,93
1,91,991,91,91,91
2,93,19,93,93,93
2,30,13,1,1,1
1,91,991,91,91,91
2,91,991,91,91,91
2,91,991,91,91,91
1,93,31,93,93,93
1,91,991,91,91,91
1,8,18,2,2,1
2,91,991,91,91,91
2,93,16,93,93,93
1,30,18,1,1,2
2,91,991,91,91,91
2,93,15,93,93,93
2,91,991,91,91,91
2,91,991,91,91,91
1,91,991,91,91,91
1,93,17,93,93,93
1,91,991,91,91,91
2,93,12,93,93,93
1,91,991,91,91,91
1,91,991,91,91,91
2,2,14,1,2,2
2,93,46,93,93,93
1,91,991,91,91,91
1,93,15,93,93,93
2,91,991,91,91,91
1,91,991,91,91,91
1,91,991,91,91,91
2,93,19,93,93,93
2,93,30,93,93,93
2,93,16,93,93,93
1,91,991,91,91,91
1,91,991,91,91,91
2,10,15,1,1,2
2,91,991,91,91,91
2,20,15,1,2,2
1,91,991,91,91,91
2,30,15,1,2,1
2,91,991,91,91,91
2,91,991,91,91,91
2,91,991,91,91,91
2,1,18,2,1,2
2,93,16,93,93,93
2,91,991,91,91,91
1,91,991,91,91,91
2,93,14,93,93,93
1,91,991,91,91,91
2,3,30,1,1,2
1,91,991,91,91,91
2,93,14,93,93,93
2,91,991,91,91,91
1,91,991,91,91,91
2,93,17,93,93,93
2,91,991,91,91,91
2,91,991,91,91,91
2,91,991,91,91,91
1,91,991,91,91,91
2,3,20,2,1,2
1,91,991,91,91,91
1,91,991,91,91,91
1,91,991,91,91,91
2,93,34,93,93,93
1,91,991,91,91,91
2,30,13,1,1,2
1,93,8,93,93,93
2,93,20,93,93,93
2,91,991,91,91,91
2,91,991,91,91,91
1,93,16,93,93,93
2,91,991,91,91,91
1,28,16,1,1,2
2,93,12,93,93,93
1,30,16,1,2,2
1,91,991,91,91,91
2,91,991,91,91,91
2,93,21,93,93,93
2,25,16,1,1,2
2,91,991,91,91,91
2,93,30,93,93,93
1,93,16,93,93,93
1,5,45,2,2,1
2,91,991,91,91,91
1,91,991,91,91,91
1,91,991,91,91,91
1,91,991,91,91,91
2,91,991,91,91,91
1,91,991,91,91,91
1,1,15,2,1,2
1,1,28,1,2,2
2,91,991,91,91,91
1,93,12,93,93,93
2,93,22,93,93,93
2,91,991,91,91,91
2,12,12,1,2,2
2,30,15,1,1,1
2,91,991,91,91,91
2,91,991,91,91,91
2,7,13,1,2,2
1,93,12,93,93,93
2,91,991,91,91,91
2,93,16,93,93,93
1,91,991,91,91,91
1,91,991,91,91,91
1,91,991,91,91,91
1,20,18,1,1,1
1,91,991,91,91,91
1,20,20,2,1,2
1,91,991,91,91,91
1,91,991,91,91,91
2,93,18,93,93,93
2,91,991,91,91,91
1,91,991,91,91,91
2,93,21,93,93,93
1,93,15,93,93,93
1,91,991,91,91,91
2,91,991,91,91,91
2,98,12,98,98,98
2,91,991,91,91,91
1,91,991,91,91,91
2,93,17,93,93,93
2,91,991,91,91,91
1,93,14,93,93,93
2,93,16,93,93,93
1,91,991,91,91,91
2,91,991,91,91,91
1,91,991,91,91,91
1,1,15,1,2,2
1,93,16,93,93,93
2,93,17,93,93,93
1,91,991,91,91,91
2,93,17,93,93,93
2,93,19,93,93,93
1,91,991,91,91,91
1,28,15,1,2,2
2,30,12,1,2,2
2,91,991,91,91,91
1,1,21,1,2,2
2,93,15,93,93,93
2,91,991,91,91,91
1,91,991,91,91,91
1,93,21,93,93,93
1,91,991,91,91,91
2,91,991,91,91,91
2,91,991,91,91,91
2,91,991,91,91,91
1,91,991,91,91,91
2,91,991,91,91,91
1,93,18,93,93,93
2,93,14,93,93,93
2,30,16,1,1,1
2,30,20,1,1,1
1,30,15,2,2,2
1,12,15,1,2,2
2,91,991,91,91,91
2,91,991,91,91,91
2,91,991,91,91,91
2,93,19,93,93,93
2,91,991,91,91,91
1,91,991,91,91,91
2,93,15,93,93,93
1,91,991,91,91,91
2,91,991,91,91,91
1,93,80,93,93,93
2,25,17,1,1,1
1,25,13,1,2,2
1,93,22,93,93,93
2,91,991,91,91,91
2,91,991,91,91,91
1,91,991,91,91,91
1,91,991,91,91,91
2,91,991,91,91,91
2,93,33,93,93,93
2,93,13,93,93,93
1,93,22,93,93,93
2,93,18,93,93,93
1,91,991,91,91,91
2,91,991,91,91,91
2,93,18,93,93,93
2,91,991,91,91,91
1,93,16,93,93,93
2,8,18,1,2,2
1,91,991,91,91,91
1,91,991,91,91,91
1,91,991,91,91,91
1,91,991,91,91,91
1,15,12,1,1,2
1,91,991,91,91,91
1,93,19,93,93,93
2,30,13,1,2,2
2,91,991,91,91,91
2,91,991,91,91,91
2,91,991,91,91,91
1,93,14,93,93,93
1,6,18,2,2,2
1,30,19,2,1,2
1,15,15,1,2,1
2,93,21,93,93,93
2,91,991,91,91,91
2,91,991,91,91,91
1,91,991,91,91,91
2,91,991,91,91,91
2,91,991,91,91,91
2,93,13,93,93,93
2,93,14,93,93,93
1,91,991,91,91,91
1,91,991,91,91,91
1,91,991,91,91,91
1,30,14,1,2,2
2,93,23,93,93,93
2,93,26,93,93,93
1,93,25,93,93,93
1,91,991,91,91,91
2,93,16,93,93,93
2,15,18,1,2,1
1,93,25,93,93,93
1,15,16,1,2,1
1,91,991,91,91,91
1,91,991,91,91,91
1,2,18,1,2,2
2,93,35,93,93,93
1,91,991,91,91,91
1,91,991,91,91,91
2,91,991,91,91,91
2,91,991,91,91,91
2,30,16,1,2,2
2,2,17,1,2,2
1,1,16,1,2,2
2,93,18,93,93,93
2,93,19,93,93,93
2,30,14,1,1,2
2,91,991,91,91,91
2,91,991,91,91,91
2,93,13,93,93,93
2,91,991,91,91,91
1,20,9,1,2,2
2,91,991,91,91,91
1,93,17,93,93,93
2,93,22,93,93,93
1,91,991,91,91,91
1,91,991,91,91,91
2,91,991,91,91,91
2,30,16,1,2,2
1,91,991,91,91,91
1,91,991,91,91,91
1,91,991,91,91,91
1,91,991,91,91,91
1,93,16,93,93,93
1,15,30,2,2,1
2,91,991,91,91,91
2,91,991,91,91,91
1,30,15,1,2,2
2,29,14,1,1,1
2,91,991,91,91,91
1,91,991,91,91,91
1,91,991,91,91,91
1,91,991,91,91,91
2,15,15,1,1,2
2,91,991,91,91,91
1,91,991,91,91,91
2,91,991,91,91,91
2,93,18,93,93,93
2,91,991,91,91,91
2,93,16,93,93,93
2,91,991,91,91,91
1,93,16,93,93,93
1,91,991,91,91,91
2,93,21,93,93,93
1,91,991,91,91,91
1,91,991,91,91,91
2,91,991,91,91,91
1,91,991,91,91,91
1,91,991,91,91,91
2,91,991,91,91,91
1,93,14,93,93,93
2,1,18,1,2,2
1,91,991,91,91,91
1,25,15,1,1,2
2,93,13,93,93,93
1,3,15,1,1,2
1,91,991,91,91,91
1,91,991,91,91,91
2,29,14,1,1,2
1,91,991,91,91,91
1,91,991,91,91,91
2,91,991,91,91,91
1,91,991,91,91,91
2,93,19,93,93,93
1,3,12,1,2,2
2,91,991,91,91,91
2,91,991,91,91,91
2,93,17,93,93,93
2,91,991,91,91,91
1,93,18,93,93,93
2,91,991,91,91,91
1,91,991,91,91,91
1,8,16,1,2,2
1,22,15,1,2,2
2,91,991,91,91,91
2,93,38,93,93,93
1,30,19,1,2,2
2,91,991,91,91,91
2,91,991,91,91,91
2,30,14,1,2,2
2,91,991,91,91,91
1,91,991,91,91,91
2,7,25,1,2,2
2,93,16,93,93,93
2,91,991,91,91,91
1,1,21,2,2,1
2,91,991,91,91,91
2,91,991,91,91,91
1,91,991,91,91,91
2,2,40,1,1,1
1,30,12,1,1,1
1,93,13,93,93,93
2,93,20,93,93,93
1,91,991,91,91,91
1,93,18,93,93,93
1,91,991,91,91,91
2,93,16,93,93,93
2,91,991,91,91,91
1,20,16,1,1,2
2,93,27,93,93,93
2,91,991,91,91,91
1,91,991,91,91,91
2,93,17,93,93,93
2,91,991,91,91,91
2,93,19,93,93,93
1,30,14,1,1,2
2,29,16,2,2,1
1,91,991,91,91,91
2,93,15,93,93,93
2,93,18,93,93,93
1,91,991,91,91,91
2,15,16,1,2,2
2,91,991,91,91,91
2,93,14,93,93,93
2,91,991,91,91,91
1,20,20,1,2,2
1,91,991,91,91,91
1,91,991,91,91,91
1,91,991,91,91,91
1,93,18,93,93,93
2,91,991,91,91,91
2,5,13,1,2,1
2,91,991,91,91,91
2,91,991,91,91,91
1,91,991,91,91,91
1,91,991,91,91,91
1,91,991,91,91,91
2,1,36,2,2,1
2,91,991,91,91,91
2,3,21,2,2,1
2,93,18,93,93,93
1,91,991,91,91,91
2,30,17,1,1,2
2,91,991,91,91,91
2,93,27,93,93,93
1,93,15,93,93,93
2,91,991,91,91,91
2,91,991,91,91,91
2,93,18,93,93,93
2,6,11,1,2,2
2,91,991,91,91,91
1,91,991,91,91,91
1,91,991,91,91,91
1,93,21,93,93,93
2,30,16,1,2,2
2,91,991,91,91,91
2,91,991,91,91,91
2,2,17,1,2,2
1,91,991,91,91,91
2,91,991,91,91,91
1,91,991,91,91,91
2,91,991,91,91,91
2,91,991,91,91,91
1,91,991,91,91,91
1,93,43,93,93,93
2,1,17,2,2,1
2,91,991,91,91,91
2,91,991,91,91,91
1,30,10,1,2,2
1,1,20,2,1,2
2,5,16,1,2,2
1,91,991,91,91,91
2,93,18,93,93,93
1,91,991,91,91,91
1,3,18,2,1,2
1,91,991,91,91,91
2,91,991,91,91,91
2,93,41,93,93,93
2,91,991,91,91,91
1,93,16,93,93,93
1,93,18,93,93,93
1,91,991,91,91,91
2,91,991,91,91,91
1,3,16,1,2,2
2,93,14,93,93,93
1,13,16,1,2,2
1,93,18,93,93,93
1,2,16,2,1,1
2,91,991,91,91,91
2,91,991,91,91,91
2,91,991,91,91,91
2,91,991,91,91,91
1,93,13,93,93,93
1,93,16,93,93,93
1,91,991,91,91,91
2,2,21,1,2,2
1,91,991,91,91,91
2,93,23,93,93,93
1,91,991,91,91,91
2,93,22,93,93,93
2,91,991,91,91,91
1,93,20,93,93,93
1,2,13,2,1,1
1,91,991,91,91,91
1,91,991,91,91,91
2,91,991,91,91,91
1,93,24,93,93,93
1,91,991,91,91,91
1,93,16,93,93,93
2,93,22,93,93,93
2,91,991,91,91,91
2,93,18,93,93,93
1,93,14,93,93,93
2,93,17,93,93,93
2,91,991,91,91,91
2,91,991,91,91,91
1,29,11,1,1,2
1,93,20,93,93,93
2,93,13,93,93,93
2,28,15,1,1,1
1,91,991,91,91,91
2,93,16,93,93,93
2,91,991,91,91,91
1,91,991,91,91,91
2,91,991,91,91,91
2,91,991,91,91,91
1,91,991,91,91,91
2,93,35,93,93,93
2,93,13,93,93,93
1,93,20,93,93,93
1,12,20,2,1,1
2,93,16,93,93,93
2,91,991,91,91,91
2,30,18,1,2,2
2,30,16,1,2,2
2,93,13,93,93,93
2,91,991,91,91,91
1,91,991,91,91,91
2,30,11,1,2,2
2,91,991,91,91,91
2,91,991,91,91,91
2,91,991,91,91,91
2,91,991,91,91,91
1,2,19,2,2,1
2,30,13,1,2,1
1,91,991,91,91,91
2,91,991,91,91,91
2,91,991,91,91,91
2,91,991,91,91,91
1,91,991,91,91,91
2,91,991,91,91,91
2,20,28,1,2,1
1,91,991,91,91,91
2,93,15,93,93,93
1,91,991,91,91,91
2,93,14,93,93,93
1,91,991,91,91,91
1,91,991,91,91,91
2,93,24,93,93,93
2,93,22,93,93,93
2,91,991,91,91,91
1,91,991,91,91,91
1,91,991,91,91,91
1,93,16,93,93,93
2,93,18,93,93,93
2,93,17,93,93,93
2,91,991,91,91,91
1,93,9,93,93,93
1,93,18,93,93,93
2,91,991,91,91,91
2,30,17,1,1,1
2,93,14,93,93,93
1,91,991,91,91,91
1,7,15,1,1,2
2,91,991,91,91,91
2,93,22,93,93,93
2,93,18,93,93,93
1,93,15,93,93,93
1,91,991,91,91,91
2,91,991,91,91,91
1,91,991,91,91,91
1,93,16,93,93,93
2,91,991,91,91,91
2,91,991,91,91,91
1,91,991,91,91,91
2,91,991,91,91,91
2,93,26,93,93,93
2,93,14,93,93,93
2,5,18,1,2,2
1,93,17,93,93,93
2,93,15,93,93,93
2,91,991,91,91,91
1,91,991,91,91,91
2,25,15,1,1,1
2,91,991,91,91,91
1,91,991,91,91,91
2,93,11,93,93,93
1,91,991,91,91,91
2,91,991,91,91,91
2,91,991,91,91,91
1,91,991,91,91,91
2,91,991,91,91,91
2,91,991,91,91,91
1,91,991,91,91,91
1,93,16,93,93,93
2,91,991,91,91,91
1,20,14,1,1,1
1,93,14,93,93,93
1,91,991,91,91,91
2,91,991,91,91,91
2,91,991,91,91,91
2,91,991,91,91,91
2,91,991,91,91,91
2,30,18,1,2,2
1,91,991,91,91,91
2,93,39,93,93,93
2,93,19,93,93,93
2,93,4,93,93,93
2,6,19,1,2,1
2,91,991,91,91,91
2,93,20,93,93,93
2,91,991,91,91,91
2,1,22,1,2,2
1,93,16,93,93,93
1,91,991,91,91,91
1,91,991,91,91,91
1,91,991,91,91,91
1,26,15,1,1,2
2,91,991,91,91,91
2,93,16,93,93,93
1,6,9,1,1,1
1,91,991,91,91,91
2,91,991,91,91,91
2,30,12,1,2,2
2,93,12,93,93,93
2,91,991,91,91,91
2,93,25,93,93,93
2,91,991,91,91,91
2,91,991,91,91,91
2,91,991,91,91,91
2,93,35,93,93,93
2,91,991,91,91,91
2,93,16,93,93,93
2,1,16,1,2,2
2,91,991,91,91,91
1,93,19,93,93,93
2,91,991,91,91,91
1,93,16,93,93,93
2,91,991,91,91,91
2,7,17,2,1,1
2,93,14,93,93,93
1,91,991,91,91,91
2,93,15,93,93,93
1,93,16,93,93,93
1,91,991,91,91,91
2,93,21,93,93,93
2,91,991,91,91,91
1,91,991,91,91,91
1,91,991,91,91,91
2,15,18,1,2,2
2,93,19,93,93,93
1,93,17,93,93,93
2,91,991,91,91,91
2,91,991,91,91,91
2,93,13,93,93,93
1,91,991,91,91,91
2,91,991,91,91,91
1,91,991,91,91,91
2,93,21,93,93,93
1,91,991,91,91,91
2,91,991,91,91,91
2,91,991,91,91,91
1,91,991,91,91,91
1,91,991,91,91,91
1,91,991,91,91,91
1,91,991,91,91,91
1,91,991,91,91,91
1,93,21,93,93,93
1,25,16,1,1,1
2,91,991,91,91,91
1,91,991,91,91,91
2,30,12,1,2,2
1,91,991,91,91,91
2,91,991,91,91,91
2,91,991,91,91,91
1,91,991,91,91,91
2,93,21,93,93,93
2,93,19,93,93,93
2,91,991,91,91,91
2,3,16,1,2,2
2,91,991,91,91,91
1,91,991,91,91,91
1,91,991,91,91,91
2,93,15,93,93,93
2,91,991,91,91,91
1,93,21,93,93,93
2,93,22,93,93,93
1,93,20,93,93,93
1,20,18,1,2,2
2,91,991,91,91,91
1,91,991,91,91,91
1,91,991,91,91,91
1,93,21,93,93,93
1,93,15,93,93,93
1,93,13,93,93,93
1,91,991,91,91,91
2,91,991,91,91,91
2,91,991,91,91,91
1,93,40,93,93,93
2,25,14,1,1,2
2,28,18,1,2,1
1,93,18,93,93,93
1,3,18,1,1,2
1,91,991,91,91,91
2,93,994,93,93,93
2,91,991,91,91,91
1,91,991,91,91,91
1,91,991,91,91,91
1,93,28,93,93,93
2,93,18,93,93,93
1,91,991,91,91,91
2,91,991,91,91,91
1,91,991,91,91,91
2,98,18,98,98,98
1,91,991,91,91,91
1,93,13,93,93,93
1,91,991,91,91,91
2,91,991,91,91,91
2,1,17,1,2,2
2,91,991,91,91,91
2,93,15,93,93,93
1,91,991,91,91,91
2,91,991,91,91,91
2,25,22,1,1,2
2,6,13,2,2,1
2,91,991,91,91,91
2,93,18,93,93,93
2,91,991,91,91,91
2,6,16,1,1,1
1,93,19,93,93,93
1,91,991,91,91,91
1,91,991,91,91,91
2,27,15,1,1,2
2,93,27,93,93,93
1,93,16,93,93,93
2,93,20,93,93,93
1,2,15,1,2,2
1,91,991,91,91,91
2,91,991,91,91,91
1,91,991,91,91,91
1,93,12,93,93,93
2,5,22,1,2,2
1,91,991,91,91,91
1,91,991,91,91,91
1,98,998,98,98,98
1,5,16,1,2,1
1,91,991,91,91,91
2,93,13,93,93,93
2,93,19,93,93,93
1,91,991,91,91,91
2,91,991,91,91,91
1,93,30,93,93,93
1,91,991,91,91,91
1,91,991,91,91,91
1,91,991,91,91,91
2,93,18,93,93,93
2,91,991,91,91,91
2,91,991,91,91,91
1,19,19,1,2,2
2,30,21,1,2,1
1,91,991,91,91,91
2,91,991,91,91,91
1,91,991,91,91,91
1,93,25,93,93,93
2,93,16,93,93,93
2,93,18,93,93,93
2,91,991,91,91,91
1,91,991,91,91,91
2,91,991,91,91,91
1,91,991,91,91,91
2,91,991,91,91,91
2,91,991,91,91,91
2,91,991,91,91,91
2,3,18,1,2,2
1,91,991,91,91,91
2,91,991,91,91,91
1,93,18,93,93,93
1,30,15,1,2,2
2,91,991,91,91,91
1,93,18,93,93,93
2,98,16,98,98,98
1,93,29,93,93,93
2,93,16,93,93,93
1,93,13,93,93,93
2,91,991,91,91,91
2,93,18,93,93,93
1,91,991,91,91,91
1,91,991,91,91,91
2,1,20,2,2,1
1,91,991,91,91,91
2,91,991,91,91,91
1,91,991,91,91,91
2,91,991,91,91,91
1,2,14,2,1,1
1,91,991,91,91,91
2,30,14,1,2,2
1,91,991,91,91,91
2,91,991,91,91,91
2,91,991,91,91,91
2,91,991,91,91,91
2,30,15,1,1,2
2,91,991,91,91,91
1,91,991,91,91,91
2,30,14,1,1,2
2,20,13,1,1,2
1,93,16,93,93,93
2,91,991,91,91,91
2,91,991,91,91,91
2,91,991,91,91,91
1,93,16,93,93,93
2,91,991,91,91,91
2,2,14,1,1,2
1,91,991,91,91,91
2,30,18,1,1,1
2,91,991,91,91,91
2,91,991,91,91,91
1,93,994,93,93,93
2,8,16,1,2,2
2,91,991,91,91,91
2,91,991,91,91,91
1,93,8,93,93,93
2,91,991,91,91,91
2,91,991,91,91,91
1,91,991,91,91,91
1,91,991,91,91,91
1,91,991,91,91,91
2,91,991,91,91,91
2,91,991,91,91,91
2,93,14,93,93,93
1,30,16,1,2,1
2,91,991,91,91,91
2,91,991,91,91,91
1,91,991,91,91,91
1,93,16,93,93,93
2,93,21,93,93,93
1,93,17,93,93,93
1,93,15,93,93,93
1,91,991,91,91,91
2,91,991,91,91,91
2,93,30,93,93,93
2,91,991,91,91,91
1,93,13,93,93,93
2,91,991,91,91,91
1,20,10,1,1,2
1,91,991,91,91,91
1,20,20,2,1,1
2,93,13,93,93,93
1,25,16,1,2,2
1,91,991,91,91,91
2,93,17,93,93,93
1,93,14,93,93,93
2,91,991,91,91,91
2,91,991,91,91,91
1,91,991,91,91,91
1,93,22,93,93,93
1,91,991,91,91,91
1,91,991,91,91,91
1,93,20,93,93,93
1,1,14,1,2,2
2,1,20,1,1,2
2,93,14,93,93,93
2,93,15,93,93,93
2,91,991,91,91,91
1,93,16,93,93,93
1,91,991,91,91,91
2,91,991,91,91,91
2,91,991,91,91,91
2,93,44,93,93,93
2,91,991,91,91,91
2,25,19,1,1,1
2,93,21,93,93,93
2,91,991,91,91,91
2,25,11,1,1,1
1,91,991,91,91,91
1,91,991,91,91,91
2,91,991,91,91,91
1,91,991,91,91,91
2,93,18,93,93,93
1,93,16,93,93,93
1,91,991,91,91,91
2,93,22,93,93,93
2,93,21,93,93,93
2,91,991,91,91,91
1,91,991,91,91,91
2,91,991,91,91,91
1,91,991,91,91,91
2,91,991,91,91,91
2,93,14,93,93,93
1,1,29,1,2,2
2,91,991,91,91,91
2,91,991,91,91,91
2,4,17,1,2,2
1,91,991,91,91,91
2,93,26,93,93,93
2,15,20,1,2,1
2,15,19,2,2,1
1,93,17,93,93,93
2,91,991,91,91,91
2,5,18,2,2,1
1,93,17,93,93,93
1,91,991,91,91,91
1,93,17,93,93,93
1,93,17,93,93,93
1,91,991,91,91,91
2,91,991,91,91,91
2,93,19,93,93,93
2,12,24,1,2,2
1,93,18,93,93,93
2,20,17,2,2,1
1,93,28,93,93,93
2,91,991,91,91,91
2,91,991,91,91,91
2,93,16,93,93,93
1,91,991,91,91,91
1,91,991,91,91,91
2,91,991,91,91,91
1,93,18,93,93,93
2,91,991,91,91,91
2,93,17,93,93,93
1,93,35,93,93,93
1,91,991,91,91,91
1,91,991,91,91,91
2,91,991,91,91,91
1,93,26,93,93,93
1,93,17,93,93,93
2,91,991,91,91,91
1,91,991,91,91,91
1,30,12,2,1,1
2,28,14,1,1,2
2,91,991,91,91,91
2,91,991,91,91,91
1,93,12,93,93,93
2,93,42,93,93,93
1,93,20,93,93,93
1,30,14,1,2,1
1,30,11,1,1,1
2,91,991,91,91,91
2,93,21,93,93,93
2,91,991,91,91,91
1,91,991,91,91,91
1,93,21,93,93,93
2,24,18,1,1,1
2,3,14,1,1,1
2,93,17,93,93,93
1,91,991,91,91,91
1,91,991,91,91,91
2,93,16,93,93,93
1,93,20,93,93,93
2,91,991,91,91,91
2,91,991,91,91,91
2,2,14,1,2,2
1,91,991,91,91,91
2,91,991,91,91,91
1,91,991,91,91,91
1,93,18,93,93,93
1,91,991,91,91,91
1,4,17,1,1,1
2,93,25,93,93,93
1,29,9,1,2,2
2,91,991,91,91,91
1,93,13,93,93,93
2,93,12,93,93,93
2,91,991,91,91,91
2,93,26,93,93,93
2,93,21,93,93,93
1,93,18,93,93,93
2,93,22,93,93,93
1,93,43,93,93,93
2,93,19,93,93,93
1,91,991,91,91,91
1,93,14,93,93,93
1,1,16,1,2,2
1,93,15,93,93,93
2,30,13,1,1,2
2,93,17,93,93,93
2,30,12,2,1,2
2,1,18,2,2,1
1,91,991,91,91,91
1,93,15,93,93,93
2,91,991,91,91,91
1,91,991,91,91,91
2,91,991,91,91,91
1,30,19,1,2,1
1,91,991,91,91,91
2,2,17,2,1,2
2,6,15,1,2,2
2,91,991,91,91,91
2,91,991,91,91,91
2,91,991,91,91,91
2,30,14,1,2,1
2,30,13,1,2,1
2,91,991,91,91,91
1,91,991,91,91,91
1,91,991,91,91,91
1,30,15,1,1,1
2,93,17,93,93,93
1,12,17,1,1,2
1,4,13,1,2,2
2,91,991,91,91,91
2,4,16,1,2,2
2,91,991,91,91,91
2,91,991,91,91,91
2,91,991,91,91,91
2,91,991,91,91,91
1,93,14,93,93,93
2,91,991,91,91,91
2,91,991,91,91,91
2,91,991,91,91,91
2,93,14,93,93,93
1,91,991,91,91,91
1,91,991,91,91,91
2,93,19,93,93,93
2,91,991,91,91,91
1,93,19,93,93,93
1,91,991,91,91,91
1,93,21,93,93,93
2,93,16,93,93,93
1,93,19,93,93,93
1,93,9,93,93,93
1,93,19,93,93,93
2,91,991,91,91,91
1,93,70,93,93,93
2,2,42,2,2,3
2,91,991,91,91,91
1,93,19,93,93,93
2,91,991,91,91,91
2,91,991,91,91,91
1,93,20,93,93,93
1,91,991,91,91,91
2,91,991,91,91,91
2,93,21,93,93,93
1,91,991,91,91,91
2,91,991,91,91,91
1,30,10,1,2,2
2,93,18,93,93,93
2,91,991,91,91,91
2,91,991,91,91,91
2,93,15,93,93,93
2,93,15,93,93,93
2,93,16,93,93,93
1,93,19,93,93,93
2,91,991,91,91,91
1,93,15,93,93,93
1,93,26,93,93,93
2,91,991,91,91,91
1,93,17,93,93,93
2,91,991,91,91,91
2,91,991,91,91,91
2,93,16,93,93,93
1,91,991,91,91,91
2,93,17,93,93,93
2,93,21,93,93,93
1,91,991,91,91,91
1,91,991,91,91,91
1,93,18,93,93,93
2,93,16,93,93,93
2,93,23,93,93,93
1,30,13,1,1,1
2,93,20,93,93,93
1,93,25,93,93,93
1,91,991,91,91,91
2,91,991,91,91,91
2,93,19,93,93,93
2,91,991,91,91,91
1,30,15,1,2,2
1,91,991,91,91,91
1,93,21,93,93,93
1,91,991,91,91,91
2,91,991,91,91,91
2,93,38,93,93,93
2,91,991,91,91,91
2,91,991,91,91,91
1,93,25,93,93,93
2,91,991,91,91,91
1,91,991,91,91,91
2,93,26,93,93,93
2,98,18,98,98,98
1,91,991,91,91,91
2,91,991,91,91,91
2,91,991,91,91,91
2,91,991,91,91,91
2,93,45,93,93,93
2,91,991,91,91,91
1,91,991,91,91,91
2,93,30,93,93,93
1,91,991,91,91,91
1,91,991,91,91,91
2,91,991,91,91,91
2,91,991,91,91,91
2,93,16,93,93,93
1,4,17,1,2,2
2,93,26,93,93,93
1,91,991,91,91,91
1,91,991,91,91,91
2,91,991,91,91,91
2,91,991,91,91,91
1,93,16,93,93,93
1,91,991,91,91,91
1,93,27,93,93,93
2,3,13,1,1,2
2,91,991,91,91,91
1,91,991,91,91,91
2,91,991,91,91,91
2,7,18,1,2,1
1,91,991,91,91,91
2,91,991,91,91,91
2,91,991,91,91,91
2,27,15,1,1,2
2,93,994,93,93,93
1,91,991,91,91,91
1,30,15,1,1,2
1,15,10,1,2,2
1,93,24,93,93,93
2,93,17,93,93,93
2,28,17,1,1,2
1,91,991,91,91,91
1,91,991,91,91,91
2,91,991,91,91,91
2,91,991,91,91,91
2,91,991,91,91,91
1,93,17,93,93,93
2,93,14,93,93,93
1,91,991,91,91,91
2,93,17,93,93,93
2,91,991,91,91,91
1,91,991,91,91,91
1,3,16,1,1,2
1,91,991,91,91,91
2,93,18,93,93,93
1,91,991,91,91,91
2,94,21,1,1,1
1,93,19,93,93,93
2,91,991,91,91,91
1,93,16,93,93,93
2,91,991,91,91,91
1,93,17,93,93,93
1,91,991,91,91,91
2,30,14,1,1,1
1,91,991,91,91,91
1,91,991,91,91,91
1,91,991,91,91,91
1,91,991,91,91,91
1,91,991,91,91,91
1,3,17,2,2,1
2,91,991,91,91,91
1,91,991,91,91,91
1,91,991,91,91,91
2,12,18,1,2,2
1,91,991,91,91,91
2,91,991,91,91,91
2,91,991,91,91,91
2,91,991,91,91,91
2,91,991,91,91,91
1,1,13,2,2,1
1,93,17,93,93,93
1,91,991,91,91,91
1,91,991,91,91,91
1,4,12,1,1,2
2,93,66,93,93,93
1,91,991,91,91,91
2,1,15,2,2,1
1,93,6,93,93,93
1,91,991,91,91,91
2,91,991,91,91,91
2,93,23,93,93,93
2,30,16,1,1,1
1,91,991,91,91,91
2,30,16,1,1,2
2,8,13,1,1,2
1,91,991,91,91,91
2,91,991,91,91,91
1,91,991,91,91,91
2,93,994,93,93,93
1,93,20,93,93,93
1,91,991,91,91,91
1,93,12,93,93,93
2,91,991,91,91,91
1,91,991,91,91,91
2,93,18,93,93,93
1,91,991,91,91,91
2,93,21,93,93,93
2,91,991,91,91,91
1,91,991,91,91,91
1,93,21,93,93,93
2,93,19,93,93,93
2,93,20,93,93,93
1,93,16,93,93,93
1,91,991,91,91,91
2,91,991,91,91,91
1,93,19,93,93,93
1,93,19,93,93,93
1,91,991,91,91,91
1,93,21,93,93,93
1,14,13,1,1,2
2,93,20,93,93,93
2,91,991,91,91,91
2,93,17,93,93,93
1,91,991,91,91,91
2,30,15,2,2,1
2,91,991,91,91,91
2,91,991,91,91,91
2,91,991,91,91,91
2,5,15,1,2,1
2,91,991,91,91,91
2,91,991,91,91,91
2,91,991,91,91,91
1,91,991,91,91,91
2,93,26,93,93,93
1,91,991,91,91,91
2,91,991,91,91,91
2,97,21,97,97,97
2,91,991,91,91,91
2,91,991,91,91,91
1,93,19,93,93,93
1,91,991,91,91,91
1,20,13,1,1,2
2,91,991,91,91,91
1,91,991,91,91,91
2,20,12,2,1,2
1,91,991,91,91,91
1,93,20,93,93,93
2,91,991,91,91,91
2,91,991,91,91,91
2,91,991,91,91,91
1,93,18,93,93,93
1,91,991,91,91,91
1,93,18,93,93,93
1,93,16,93,93,93
1,28,19,1,2,1
2,93,15,93,93,93
1,91,991,91,91,91
1,30,11,1,2,1
1,2,26,2,2,1
2,91,991,91,91,91
2,23,16,2,1,2
2,6,10,1,2,2
2,93,22,93,93,93
1,93,17,93,93,93
1,91,991,91,91,91
2,91,991,91,91,91
1,93,15,93,93,93
2,91,991,91,91,91
2,30,14,1,2,1
2,28,18,1,1,1
1,91,991,91,91,91
1,91,991,91,91,91
2,91,991,91,91,91
1,93,18,93,93,93
1,91,991,91,91,91
2,91,991,91,91,91
2,91,991,91,91,91
2,91,991,91,91,91
2,93,17,93,93,93
1,20,16,1,1,1
2,93,16,93,93,93
2,12,13,1,1,2
1,30,18,1,1,1
2,91,991,91,91,91
2,20,15,1,2,2
2,4,16,2,1,2
1,91,991,91,91,91
2,91,991,91,91,91
2,91,991,91,91,91
1,30,20,1,1,1
1,93,17,93,93,93
1,93,21,93,93,93
2,1,15,2,2,1
1,91,991,91,91,91
2,93,17,93,93,93
1,91,991,91,91,91
2,91,991,91,91,91
2,2,17,2,2,1
1,91,991,91,91,91
2,93,30,93,93,93
1,91,991,91,91,91
2,25,17,1,2,2
2,15,25,1,1,2
2,4,28,2,2,1
1,93,18,93,93,93
2,93,66,93,93,93
1,30,14,1,1,2
2,91,991,91,91,91
2,91,991,91,91,91
1,91,991,91,91,91
1,20,16,1,2,2
2,30,14,1,1,1
2,91,991,91,91,91
1,3,15,1,2,2
2,30,14,1,1,1
2,91,991,91,91,91
1,91,991,91,91,91
1,91,991,91,91,91
1,91,991,91,91,91
1,6,18,1,2,2
1,91,991,91,91,91
2,91,991,91,91,91
2,91,991,91,91,91
1,93,36,93,93,93
2,91,991,91,91,91
1,17,16,1,2,2
1,91,991,91,91,91
2,93,14,93,93,93
1,7,12,2,2,2
1,93,16,93,93,93
1,91,991,91,91,91
1,91,991,91,91,91
2,91,991,91,91,91
1,10,10,1,2,2
1,93,18,93,93,93
2,91,991,91,91,91
2,93,21,93,93,93
2,91,991,91,91,91
1,91,991,91,91,91
2,93,24,93,93,93
1,91,991,91,91,91
1,91,991,91,91,91
2,91,991,91,91,91
1,91,991,91,91,91
1,5,18,2,2,1
1,91,991,91,91,91
2,91,991,91,91,91
2,91,991,91,91,91
1,1,16,1,2,2
1,91,991,91,91,91
1,91,991,91,91,91
1,91,991,91,91,91
1,93,14,93,93,93
1,91,991,91,91,91
1,93,16,93,93,93
2,91,991,91,91,91
2,91,991,91,91,91
1,91,991,91,91,91
2,91,991,91,91,91
1,91,991,91,91,91
1,1,18,1,2,2
1,4,18,2,2,1
2,91,991,91,91,91
1,91,991,91,91,91
1,91,991,91,91,91
2,91,991,91,91,91
1,93,16,93,93,93
1,91,991,91,91,91
2,91,991,91,91,91
2,91,991,91,91,91
1,91,991,91,91,91
2,91,991,91,91,91
2,28,16,1,1,2
2,91,991,91,91,91
1,93,13,93,93,93
1,91,991,91,91,91
2,91,991,91,91,91
2,91,991,91,91,91
1,91,991,91,91,91
1,91,991,91,91,91
2,93,21,93,93,93
1,91,991,91,91,91
2,91,991,91,91,91
2,93,14,93,93,93
1,91,991,91,91,91
1,93,16,93,93,93
1,91,991,91,91,91
2,93,16,93,93,93
2,91,991,91,91,91
1,91,991,91,91,91
2,91,991,91,91,91
2,93,18,93,93,93
1,93,16,93,93,93
1,91,991,91,91,91
1,30,12,1,2,2
1,91,991,91,91,91
1,10,20,1,2,2
2,2,18,1,2,2
2,93,17,93,93,93
2,93,16,93,93,93
1,91,991,91,91,91
2,91,991,91,91,91
1,91,991,91,91,91
2,30,14,1,2,1
1,91,991,91,91,91
1,91,991,91,91,91
2,91,991,91,91,91
2,93,17,93,93,93
2,91,991,91,91,91
2,93,14,93,93,93
1,93,18,93,93,93
1,93,24,93,93,93
1,91,991,91,91,91
1,15,17,1,1,1
2,91,991,91,91,91
1,93,14,93,93,93
2,91,991,91,91,91
2,91,991,91,91,91
2,93,994,93,93,93
1,93,17,93,93,93
1,93,16,93,93,93
1,29,11,1,1,1
1,93,20,93,93,93
2,93,12,93,93,93
2,91,991,91,91,91
2,91,991,91,91,91
2,93,16,93,93,93
2,91,991,91,91,91
1,93,28,93,93,93
2,91,991,91,91,91
2,91,991,91,91,91
2,93,16,93,93,93
2,93,20,93,93,93
1,91,991,91,91,91
2,91,991,91,91,91
1,91,991,91,91,91
2,93,17,93,93,93
1,93,23,93,93,93
2,93,22,93,93,93
2,1,16,1,2,2
2,7,15,1,1,2
2,91,991,91,91,91
2,93,20,93,93,93
1,93,16,93,93,93
2,91,991,91,91,91
2,93,16,93,93,93
1,91,991,91,91,91
2,93,26,93,93,93
2,91,991,91,91,91
1,93,17,93,93,93
2,93,15,93,93,93
2,91,991,91,91,91
2,91,991,91,91,91
2,91,991,91,91,91
1,91,991,91,91,91
1,19,11,1,2,2
2,30,13,1,1,2
2,91,991,91,91,91
2,91,991,91,91,91
1,91,991,91,91,91
1,93,20,93,93,93
1,91,991,91,91,91
1,91,991,91,91,91
1,91,991,91,91,91
2,93,17,93,93,93
2,5,17,2,2,1
2,93,18,93,93,93
1,30,12,1,1,2
1,91,991,91,91,91
1,91,991,91,91,91
1,1,20,2,1,2
1,30,14,1,2,2
2,91,991,91,91,91
1,93,17,93,93,93
2,93,15,93,93,93
2,93,19,93,93,93
1,93,49,93,93,93
2,91,991,91,91,91
1,91,991,91,91,91
1,93,11,93,93,93
1,5,13,1,2,2
2,91,991,91,91,91
1,91,991,91,91,91
1,91,991,91,91,91
2,30,15,1,1,1
2,91,991,91,91,91
2,93,18,93,93,93
2,93,29,93,93,93
2,93,15,93,93,93
2,30,12,1,1,2
1,27,15,1,2,2
1,93,16,93,93,93
1,91,991,91,91,91
1,91,991,91,91,91
1,91,991,91,91,91
2,93,21,93,93,93
2,2,12,2,2,1
1,93,15,93,93,93
2,91,991,91,91,91
1,93,15,93,93,93
2,91,991,91,91,91
1,91,991,91,91,91
2,93,17,93,93,93
2,93,15,93,93,93
2,2,17,1,2,1
1,7,15,1,2,1
1,30,15,1,1,1
1,91,991,91,91,91
2,97,997,98,98,98
1,93,16,93,93,93
1,91,991,91,91,91
1,93,15,93,93,93
1,91,991,91,91,91
2,91,991,91,91,91
1,93,20,93,93,93
2,91,991,91,91,91
2,91,991,91,91,91
2,91,991,91,91,91
2,2,13,1,2,2
2,91,991,91,91,91
1,93,18,93,93,93
1,25,14,1,2,2
1,93,16,93,93,93
1,91,991,91,91,91
1,29,16,1,1,2
2,91,991,91,91,91
2,93,19,93,93,93
2,93,15,93,93,93
1,91,991,91,91,91
1,93,20,93,93,93
1,93,13,93,93,93
1,91,991,91,91,91
2,93,18,93,93,93
2,6,11,2,2,1
1,5,21,2,2,1
2,93,18,93,93,93
1,12,18,1,2,2
1,91,991,91,91,91
1,93,15,93,93,93
1,91,991,91,91,91
2,4,25,2,1,2
2,91,991,91,91,91
1,91,991,91,91,91
2,91,991,91,91,91
2,91,991,91,91,91
2,91,991,91,91,91
2,93,14,93,93,93
2,93,15,93,93,93
2,16,16,2,2,1
2,91,991,91,91,91
1,91,991,91,91,91
2,93,14,93,93,93
1,91,991,91,91,91
2,91,991,91,91,91
2,91,991,91,91,91
2,30,12,1,2,1
2,91,991,91,91,91
2,91,991,91,91,91
2,98,985,98,98,98
1,91,991,91,91,91
1,91,991,91,91,91
2,91,991,91,91,91
1,91,991,91,91,91
1,30,8,1,1,2
2,91,991,91,91,91
1,30,15,1,2,1
1,91,991,91,91,91
2,91,991,91,91,91
1,91,991,91,91,91
2,91,991,91,91,91
1,91,991,91,91,91
1,91,991,91,91,91
1,20,18,1,2,2
1,3,16,1,2,2
2,93,16,93,93,93
2,93,36,93,93,93
2,93,17,93,93,93
1,91,991,91,91,91
1,93,14,93,93,93
2,91,991,91,91,91
2,30,22,2,1,1
1,91,991,91,91,91
1,30,12,1,2,1
1,9,23,1,2,2
2,91,991,91,91,91
1,91,991,91,91,91
2,27,12,1,2,2
2,91,991,91,91,91
1,1,25,1,2,2
1,91,991,91,91,91
2,91,991,91,91,91
2,93,29,93,93,93
1,24,19,1,2,1
1,93,13,93,93,93
1,91,991,91,91,91
1,91,991,91,91,91
2,93,16,93,93,93
2,10,17,1,2,2
2,91,991,91,91,91
2,91,991,91,91,91
2,91,991,91,91,91
1,91,991,91,91,91
2,91,991,91,91,91
2,91,991,91,91,91
1,91,991,91,91,91
2,93,17,93,93,93
1,93,16,93,93,93
2,25,15,1,2,2
2,91,991,91,91,91
1,91,991,91,91,91
1,93,26,93,93,93
2,93,19,93,93,93
2,91,991,91,91,91
1,2,13,1,1,2
1,91,991,91,91,91
2,7,14,1,2,2
2,91,991,91,91,91
1,91,991,91,91,91
2,93,16,93,93,93
1,91,991,91,91,91
2,28,30,2,1,1
2,93,22,93,93,93
2,91,991,91,91,91
1,3,20,1,2,2
2,91,991,91,91,91
2,91,991,91,91,91
2,93,13,93,93,93
2,93,13,93,93,93
2,93,18,93,93,93
2,91,991,91,91,91
2,91,991,91,91,91
2,91,991,91,91,91
2,5,41,2,2,1
1,91,991,91,91,91
2,93,21,93,93,93
2,93,24,93,93,93
2,91,991,91,91,91
1,91,991,91,91,91
2,91,991,91,91,91
2,91,991,91,91,91
1,91,991,91,91,91
2,30,25,1,2,2
2,9,16,1,1,2
1,91,991,91,91,91
2,91,991,91,91,91
1,91,991,91,91,91
1,91,991,91,91,91
2,93,13,93,93,93
1,93,17,93,93,93
2,91,991,91,91,91
2,91,991,91,91,91
1,91,991,91,91,91
2,98,985,98,98,98
2,93,25,93,93,93
1,91,991,91,91,91
2,2,19,1,2,1
2,1,16,1,2,1
1,93,18,93,93,93
1,93,21,93,93,93
1,91,991,91,91,91
2,93,14,93,93,93
2,30,14,1,2,1
2,91,991,91,91,91
1,91,991,91,91,91
2,91,991,91,91,91
1,91,991,91,91,91
1,8,19,2,1,2
2,93,18,93,93,93
1,30,16,1,1,1
1,3,21,2,2,1
1,91,991,91,91,91
2,93,16,93,93,93
1,93,15,93,93,93
1,93,15,93,93,93
1,91,991,91,91,91
1,93,37,93,93,93
1,91,991,91,91,91
2,91,991,91,91,91
1,30,12,1,1,1
2,93,33,93,93,93
2,91,991,91,91,91
2,93,17,93,93,93
2,91,991,91,91,91
2,30,18,1,1,2
2,91,991,91,91,91
2,1,15,2,1,2
2,91,991,91,91,91
1,91,991,91,91,91
2,30,14,1,1,1
2,91,991,91,91,91
1,5,18,1,2,2
2,91,991,91,91,91
2,91,991,91,91,91
1,91,991,91,91,91
1,91,991,91,91,91
1,91,991,91,91,91
1,91,991,91,91,91
2,91,991,91,91,91
1,91,991,91,91,91
1,91,991,91,91,91
2,1,9,2,2,2
1,91,991,91,91,91
2,93,21,93,93,93
1,3,25,1,2,2
2,91,991,91,91,91
1,91,991,91,91,91
2,91,991,91,91,91
1,4,17,1,1,2
2,91,991,91,91,91
2,91,991,91,91,91
2,1,17,2,2,1
1,93,12,93,93,93
2,93,10,93,93,93
2,91,991,91,91,91
2,91,991,91,91,91
2,93,34,93,93,93
1,93,17,93,93,93
2,93,16,93,93,93
1,93,21,93,93,93
1,93,17,93,93,93
2,1,20,1,2,2
1,93,12,93,93,93
2,93,16,93,93,93
2,93,16,93,93,93
1,30,17,1,2,1
1,93,21,93,93,93
1,91,991,91,91,91
2,93,18,93,93,93
1,91,991,91,91,91
2,93,20,93,93,93
1,20,17,1,2,2
1,93,15,93,93,93
2,28,18,1,1,2
1,28,15,2,1,2
1,93,16,93,93,93
2,93,19,93,93,93
2,91,991,91,91,91
2,91,991,91,91,91
2,91,991,91,91,91
1,91,991,91,91,91
2,27,13,2,1,1
2,91,991,91,91,91
2,93,15,93,93,93
2,93,21,93,93,93
2,93,14,93,93,93
2,91,991,91,91,91
1,91,991,91,91,91
1,91,991,91,91,91
1,30,16,1,1,2
2,93,18,93,93,93
1,93,20,93,93,93
2,91,991,91,91,91
1,91,991,91,91,91
2,91,991,91,91,91
1,91,991,91,91,91
2,93,30,93,93,93
1,93,18,93,93,93
1,93,16,93,93,93
1,91,991,91,91,91
1,91,991,91,91,91
1,20,16,1,2,2
2,93,19,93,93,93
2,91,991,91,91,91
2,25,16,2,2,1
2,91,991,91,91,91
2,91,991,91,91,91
2,93,18,93,93,93
2,91,991,91,91,91
2,93,12,93,93,93
1,91,991,91,91,91
2,91,991,91,91,91
2,91,991,91,91,91
1,91,991,91,91,91
1,93,21,93,93,93
2,91,991,91,91,91
2,91,991,91,91,91
2,91,991,91,91,91
2,26,17,1,2,2
2,93,27,93,93,93
1,93,18,93,93,93
2,93,13,93,93,93
1,91,991,91,91,91
1,30,14,1,1,2
2,93,19,93,93,93
2,30,15,1,1,1
2,20,14,1,2,2
2,91,991,91,91,91
1,93,16,93,93,93
2,91,991,91,91,91
1,93,18,93,93,93
1,91,991,91,91,91
1,91,991,91,91,91
1,27,19,1,1,1
2,91,991,91,91,91
2,91,991,91,91,91
1,20,17,1,2,2
1,93,52,93,93,93
1,91,991,91,91,91
2,91,991,91,91,91
2,93,26,93,93,93
2,91,991,91,91,91
2,91,991,91,91,91
1,91,991,91,91,91
2,5,19,1,1,1
1,91,991,91,91,91
1,91,991,91,91,91
1,91,991,91,91,91
2,8,13,1,2,2
2,91,991,91,91,91
1,91,991,91,91,91
2,91,991,91,91,91
2,91,991,91,91,91
2,91,991,91,91,91
2,91,991,91,91,91
2,91,991,91,91,91
2,91,991,91,91,91
1,91,991,91,91,91
2,91,991,91,91,91
2,91,991,91,91,91
2,93,14,93,93,93
2,91,991,91,91,91
1,91,991,91,91,91
1,25,16,1,1,2
1,91,991,91,91,91
1,93,14,93,93,93
2,93,18,93,93,93
1,30,11,1,2,2
1,93,16,93,93,93
2,91,991,91,91,91
2,30,13,1,1,1
2,91,991,91,91,91
2,93,16,93,93,93
2,91,991,91,91,91
1,1,16,2,2,1
1,28,14,1,1,2
1,93,13,93,93,93
2,93,15,93,93,93
1,2,12,1,2,1
1,8,14,1,1,2
1,93,15,93,93,93
1,91,991,91,91,91
2,91,991,91,91,91
1,5,17,2,1,1
1,93,17,93,93,93
1,91,991,91,91,91
2,91,991,91,91,91
2,91,991,91,91,91
2,93,13,93,93,93
1,91,991,91,91,91
2,7,16,2,2,1
1,91,991,91,91,91
1,93,27,93,93,93
1,93,23,93,93,93
1,93,16,93,93,93
2,1,17,1,2,2
2,91,991,91,91,91
1,2,14,2,2,1
2,91,991,91,91,91
2,91,991,91,91,91
2,93,19,93,93,93
2,93,20,93,93,93
2,93,24,93,93,93
1,91,991,91,91,91
1,91,991,91,91,91
2,93,19,93,93,93
1,91,991,91,91,91
2,91,991,91,91,91
1,25,16,1,2,1
2,93,16,93,93,93
1,91,991,91,91,91
1,91,991,91,91,91
2,93,16,93,93,93
1,91,991,91,91,91
2,91,991,91,91,91
2,91,991,91,91,91
2,3,21,1,2,2
1,91,991,91,91,91
1,93,19,93,93,93
1,1,21,1,1,1
2,93,16,93,93,93
2,93,19,93,93,93
2,91,991,91,91,91
2,91,991,91,91,91
2,91,991,91,91,91
2,3,12,1,2,2
1,91,991,91,91,91
1,91,991,91,91,91
1,91,991,91,91,91
1,91,991,91,91,91
1,91,991,91,91,91
2,91,991,91,91,91
1,91,991,91,91,91
2,91,991,91,91,91
2,91,991,91,91,91
2,93,18,93,93,93
1,93,22,93,93,93
2,93,14,93,93,93
2,91,991,91,91,91
2,91,991,91,91,91
1,91,991,91,91,91
2,93,15,93,93,93
2,91,991,91,91,91
2,91,991,91,91,91
2,91,991,91,91,91
2,4,20,2,1,2
1,15,18,1,2,2
1,91,991,91,91,91
2,93,13,93,93,93
2,93,20,93,93,93
2,91,991,91,91,91
2,91,991,91,91,91
2,91,991,91,91,91
2,91,991,91,91,91
2,91,991,91,91,91
2,91,991,91,91,91
2,93,19,93,93,93
2,91,991,91,91,91
2,93,15,93,93,93
2,91,991,91,91,91
1,91,991,91,91,91
2,93,16,93,93,93
2,93,15,93,93,93
2,91,991,91,91,91
1,30,20,1,1,1
2,9,14,1,1,1
1,91,991,91,91,91
2,93,18,93,93,93
2,2,15,2,2,2
2,91,991,91,91,91
1,91,991,91,91,91
1,93,16,93,93,93
2,93,15,93,93,93
2,20,16,1,2,1
1,91,991,91,91,91
2,91,991,91,91,91
1,91,991,91,91,91
1,91,991,91,91,91
1,91,991,91,91,91
2,93,16,93,93,93
1,91,991,91,91,91
2,93,35,93,93,93
2,93,19,93,93,93
1,20,16,1,1,2
1,30,13,1,1,2
2,91,991,91,91,91
2,93,54,93,93,93
2,91,991,91,91,91
1,91,991,91,91,91
2,93,14,93,93,93
2,2,18,1,1,2
1,17,15,1,2,1
2,91,991,91,91,91
2,91,991,91,91,91
1,93,16,93,93,93
2,97,15,97,4,97
2,93,29,93,93,93
1,4,16,1,2,2
2,91,991,91,91,91
1,91,991,91,91,91
1,91,991,91,91,91
2,3,17,2,2,1
2,91,991,91,91,91
2,1,19,1,1,2
2,93,16,93,93,93
1,91,991,91,91,91
2,91,991,91,91,91
2,8,13,1,2,1
2,93,21,93,93,93
2,93,16,93,93,93
2,93,35,93,93,93
2,91,991,91,91,91
2,93,27,93,93,93
2,30,15,1,1,1
2,93,17,93,93,93
2,2,15,2,2,1
2,91,991,91,91,91
2,93,30,93,93,93
1,91,991,91,91,91
1,91,991,91,91,91
1,91,991,91,91,91
1,93,13,93,93,93
2,93,29,93,93,93
2,10,16,1,1,2
2,91,991,91,91,91
2,2,13,1,1,1
1,91,991,91,91,91
1,91,991,91,91,91
1,20,12,1,1,1
2,91,991,91,91,91
2,91,991,91,91,91
1,93,16,93,93,93
1,1,14,2,2,2
1,4,18,1,2,2
2,91,991,91,91,91
1,91,991,91,91,91
2,91,991,91,91,91
1,91,991,91,91,91
1,93,18,93,93,93
1,93,13,93,93,93
1,91,991,91,91,91
1,91,991,91,91,91
1,91,991,91,91,91
1,91,991,91,91,91
2,93,21,93,93,93
2,91,991,91,91,91
2,25,21,1,2,2
1,91,991,91,91,91
2,93,18,93,93,93
2,91,991,91,91,91
1,91,991,91,91,91
1,93,21,93,93,93
1,2,23,2,2,1
2,93,23,93,93,93
1,2,24,1,2,2
2,91,991,91,91,91
1,93,15,93,93,93
1,30,16,1,1,2
1,91,991,91,91,91
1,93,14,93,93,93
2,91,991,91,91,91
1,93,22,93,93,93
1,93,16,93,93,93
1,1,21,1,1,2
2,93,56,93,93,93
1,91,991,91,91,91
1,30,17,1,2,2
2,91,991,91,91,91
1,91,991,91,91,91
2,16,65,2,1,1
2,91,991,91,91,91
1,91,991,91,91,91
1,91,991,91,91,91
2,93,21,93,93,93
2,91,991,91,91,91
1,91,991,91,91,91
2,91,991,91,91,91
2,93,27,93,93,93
2,93,30,93,93,93
2,91,991,91,91,91
1,30,16,1,2,2
1,91,991,91,91,91
2,91,991,91,91,91
1,93,12,93,93,93
2,91,991,91,91,91
2,93,21,93,93,93
2,91,991,91,91,91
1,30,10,1,2,2
2,91,991,91,91,91
1,93,20,93,93,93
2,91,991,91,91,91
2,93,25,93,93,93
1,91,991,91,91,91
2,91,991,91,91,91
2,93,15,93,93,93
2,30,15,1,2,2
1,91,991,91,91,91
2,91,991,91,91,91
1,91,991,91,91,91
1,30,17,1,2,2
2,93,18,93,93,93
1,93,18,93,93,93
2,93,32,93,93,93
2,91,991,91,91,91
2,30,21,1,2,1
1,91,991,91,91,91
2,91,991,91,91,91
2,30,17,1,1,1
1,91,991,91,91,91
2,91,991,91,91,91
2,91,991,91,91,91
2,91,991,91,91,91
2,15,22,2,2,1
2,93,21,93,93,93
2,7,12,1,2,1
2,91,991,91,91,91
2,93,29,93,93,93
2,91,991,91,91,91
2,91,991,91,91,91
2,3,16,1,2,1
1,93,16,93,93,93
1,1,13,1,2,2
2,93,26,93,93,93
2,91,991,91,91,91
2,91,991,91,91,91
2,93,21,93,93,93
1,30,13,1,1,2
1,91,991,91,91,91
2,93,20,93,93,93
1,91,991,91,91,91
2,91,991,91,91,91
1,91,991,91,91,91
2,91,991,91,91,91
2,91,991,91,91,91
2,93,35,93,93,93
1,93,23,93,93,93
2,93,18,93,93,93
1,12,22,1,2,2
1,2,15,1,2,2
1,91,991,91,91,91
2,93,22,93,93,93
2,29,17,1,1,2
1,91,991,91,91,91
1,91,991,91,91,91
1,93,13,93,93,93
1,91,991,91,91,91
2,91,991,91,91,91
2,93,10,93,93,93
1,91,991,91,91,91
2,91,991,91,91,91
1,91,991,91,91,91
1,91,991,91,91,91
2,4,16,2,1,2
1,93,16,93,93,93
2,2,18,1,2,2
1,21,15,1,2,1
2,91,991,91,91,91
1,30,8,1,2,2
1,93,15,93,93,93
1,91,991,91,91,91
2,91,991,91,91,91
2,91,991,91,91,91
2,93,20,93,93,93
2,91,991,91,91,91
1,91,991,91,91,91
1,93,25,93,93,93
1,93,14,93,93,93
1,93,12,93,93,93
2,93,14,93,93,93
2,25,14,1,1,2
2,93,17,93,93,93
1,91,991,91,91,91
2,91,991,91,91,91
1,91,991,91,91,91
1,91,991,91,91,91
2,91,991,91,91,91
2,30,13,1,1,2
2,91,991,91,91,91
2,91,991,91,91,91
2,93,12,93,93,93
2,20,16,1,2,2
2,91,991,91,91,91
1,91,991,91,91,91
1,91,991,91,91,91
1,91,991,91,91,91
1,91,991,91,91,91
1,93,18,93,93,93
2,8,18,1,2,1
2,93,21,93,93,93
2,91,991,91,91,91
1,91,991,91,91,91
1,93,21,93,93,93
2,1,13,1,2,2
2,93,21,93,93,93
2,93,19,93,93,93
2,91,991,91,91,91
2,93,22,93,93,93
2,93,14,93,93,93
2,1,14,1,2,2
1,91,991,91,91,91
1,93,15,93,93,93
2,20,17,1,1,2
2,93,20,93,93,93
1,91,991,91,91,91
1,91,991,91,91,91
2,91,991,91,91,91
2,3,14,1,2,2
2,91,991,91,91,91
1,91,991,91,91,91
1,91,991,91,91,91
2,91,991,91,91,91
2,91,991,91,91,91
1,91,991,91,91,91
2,91,991,91,91,91
2,91,991,91,91,91
2,93,14,93,93,93
1,93,15,93,93,93
2,91,991,91,91,91
1,93,18,93,93,93
1,2,17,1,1,1
1,91,991,91,91,91
1,91,991,91,91,91
1,91,991,91,91,91
1,91,991,91,91,91
2,93,36,93,93,93
1,91,991,91,91,91
2,91,991,91,91,91
2,91,991,91,91,91
1,91,991,91,91,91
2,91,991,91,91,91
2,91,991,91,91,91
1,91,991,91,91,91
2,91,991,91,91,91
2,91,991,91,91,91
1,93,10,93,93,93
2,93,18,93,93,93
1,91,991,91,91,91
2,91,991,91,91,91
2,91,991,91,91,91
1,4,29,2,2,1
2,91,991,91,91,91
2,1,17,2,2,2
1,91,991,91,91,91
2,1,18,2,1,2
1,91,991,91,91,91
1,93,17,93,93,93
2,30,15,1,2,2
2,1,18,2,2,1
1,91,991,91,91,91
2,25,15,1,2,2
1,91,991,91,91,91
2,91,991,91,91,91
1,91,991,91,91,91
2,93,15,93,93,93
2,91,991,91,91,91
2,15,17,1,1,1
2,91,991,91,91,91
1,91,991,91,91,91
2,91,991,91,91,91
1,91,991,91,91,91
1,93,24,93,93,93
2,91,991,91,91,91
1,93,21,93,93,93
1,4,15,1,1,1
1,91,991,91,91,91
1,91,991,91,91,91
2,91,991,91,91,91
1,93,17,93,93,93
2,91,991,91,91,91
1,1,21,2,2,1
1,93,23,93,93,93
2,26,11,1,1,2
2,91,991,91,91,91
2,91,991,91,91,91
2,2,14,1,1,2
2,93,15,93,93,93
1,91,991,91,91,91
2,93,35,93,93,93
2,93,18,93,93,93
1,91,991,91,91,91
2,93,15,93,93,93
2,91,991,91,91,91
1,93,18,93,93,93
1,30,30,2,1,1
2,91,991,91,91,91
1,93,15,93,93,93
1,91,991,91,91,91
2,30,16,1,1,2
1,91,991,91,91,91
2,91,991,91,91,91
2,91,991,91,91,91
1,91,991,91,91,91
2,91,991,91,91,91
2,93,12,93,93,93
1,91,991,91,91,91
2,93,14,93,93,93
2,91,991,91,91,91
1,30,12,1,2,2
2,93,12,93,93,93
1,91,991,91,91,91
1,91,991,91,91,91
2,1,15,1,1,2
1,93,16,93,93,93
1,93,15,93,93,93
2,93,18,93,93,93
1,93,14,93,93,93
1,91,991,91,91,91
1,91,991,91,91,91
1,1,17,2,2,1
1,93,16,93,93,93
2,93,12,93,93,93
1,91,991,91,91,91
2,91,991,91,91,91
1,6,18,1,2,2
1,91,991,91,91,91
1,91,991,91,91,91
1,97,9,1,2,2
2,91,991,91,91,91
2,93,18,93,93,93
1,30,14,1,2,2
1,91,991,91,91,91
1,91,991,91,91,91
2,91,991,91,91,91
1,93,16,93,93,93
2,91,991,91,91,91
1,91,991,91,91,91
1,93,21,93,93,93
1,91,991,91,91,91
2,91,991,91,91,91
1,93,16,93,93,93
2,91,991,91,91,91
2,91,991,91,91,91
1,91,991,91,91,91
1,2,16,2,1,2
1,91,991,91,91,91
2,91,991,91,91,91
1,93,11,93,93,93
2,7,19,1,2,1
2,91,991,91,91,91
2,93,994,93,93,93
2,91,991,91,91,91
2,4,18,1,2,2
1,30,18,1,1,2
2,91,991,91,91,91
1,10,25,1,2,2
2,91,991,91,91,91
2,2,38,2,1,1
2,91,991,91,91,91
2,93,17,93,93,93
1,1,18,1,2,2
2,91,991,91,91,91
2,93,28,93,93,93
1,23,19,2,1,1
2,91,991,91,91,91
1,91,991,91,91,91
2,91,991,91,91,91
1,91,991,91,91,91
1,30,14,1,2,2
2,93,18,93,93,93
1,91,991,91,91,91
1,91,991,91,91,91
2,91,991,91,91,91
2,91,991,91,91,91
2,91,991,91,91,91
2,91,991,91,91,91
2,91,991,91,91,91
2,10,14,1,2,1
1,91,991,91,91,91
2,93,63,93,93,93
2,93,19,93,93,93
1,91,991,91,91,91
2,5,21,1,1,2
1,91,991,91,91,91
1,93,6,93,93,93
2,93,21,93,93,93
2,98,16,98,98,98
1,93,16,93,93,93
2,91,991,91,91,91
2,91,991,91,91,91
1,91,991,91,91,91
2,91,991,91,91,91
1,93,21,93,93,93
1,30,12,1,1,1
1,91,991,91,91,91
2,91,991,91,91,91
2,93,18,93,93,93
1,91,991,91,91,91
2,2,17,1,1,1
1,93,18,93,93,93
2,93,14,93,93,93
2,93,16,93,93,93
2,91,991,91,91,91
2,91,991,91,91,91
1,91,991,91,91,91
2,91,991,91,91,91
1,20,18,1,1,2
2,93,19,93,93,93
2,91,991,91,91,91
1,91,991,91,91,91
2,91,991,91,91,91
2,91,991,91,91,91
2,93,11,93,93,93
1,91,991,91,91,91
2,91,991,91,91,91
1,93,21,93,93,93
2,91,991,91,91,91
1,93,15,93,93,93
2,93,23,93,93,93
2,10,14,1,2,2
2,93,17,93,93,93
1,91,991,91,91,91
1,91,991,91,91,91
1,93,22,93,93,93
1,91,991,91,91,91
1,91,991,91,91,91
1,5,16,1,2,2
1,20,18,1,2,2
2,91,991,91,91,91
1,30,17,1,1,1
2,91,991,91,91,91
2,91,991,91,91,91
1,93,19,93,93,93
2,1,12,1,2,2
2,91,991,91,91,91
1,10,13,1,1,1
1,91,991,91,91,91
2,91,991,91,91,91
1,91,991,91,91,91
2,93,14,93,93,93
2,93,17,93,93,93
2,91,991,91,91,91
1,93,14,93,93,93
2,93,17,93,93,93
2,91,991,91,91,91
1,93,18,93,93,93
1,91,991,91,91,91
2,93,18,93,93,93
1,91,991,91,91,91
2,91,991,91,91,91
1,93,16,93,93,93
1,10,18,1,2,2
1,91,991,91,91,91
2,91,991,91,91,91
2,91,991,91,91,91
2,93,20,93,93,93
1,91,991,91,91,91
2,91,991,91,91,91
1,91,991,91,91,91
1,93,20,93,93,93
1,91,991,91,91,91
1,93,21,93,93,93
2,91,991,91,91,91
2,91,991,91,91,91
1,93,26,93,93,93
2,1,13,2,1,2
1,93,15,93,93,93
1,91,991,91,91,91
2,91,991,91,91,91
1,93,21,93,93,93
2,6,18,2,2,1
2,91,991,91,91,91
2,91,991,91,91,91
2,91,991,91,91,91
2,91,991,91,91,91
2,91,991,91,91,91
1,93,15,93,93,93
2,91,991,91,91,91
1,93,20,93,93,93
2,93,23,93,93,93
2,91,991,91,91,91
2,6,20,2,2,1
2,91,991,91,91,91
2,91,991,91,91,91
2,91,991,91,91,91
1,91,991,91,91,91
2,10,17,1,2,1
1,91,991,91,91,91
2,93,24,93,93,93
2,93,12,93,93,93
1,91,991,91,91,91
1,2,18,2,2,1
2,93,21,93,93,93
2,93,14,93,93,93
2,93,23,93,93,93
2,91,991,91,91,91
1,91,991,91,91,91
2,91,991,91,91,91
1,91,991,91,91,91
2,91,991,91,91,91
1,93,18,93,93,93
2,93,15,93,93,93
2,93,11,93,93,93
2,30,15,1,1,1
1,91,991,91,91,91
2,93,17,93,93,93
2,1,21,2,2,1
2,91,991,91,91,91
2,91,991,91,91,91
1,91,991,91,91,91
1,4,15,1,2,2
1,91,991,91,91,91
2,93,17,93,93,93
2,91,991,91,91,91
1,93,23,93,93,93
1,91,991,91,91,91
2,91,991,91,91,91
2,93,17,93,93,93
2,27,19,2,1,1
2,93,28,93,93,93
2,91,991,91,91,91
2,91,991,91,91,91
2,93,17,93,93,93
1,4,14,1,2,2
1,91,991,91,91,91
2,91,991,91,91,91
2,93,18,93,93,93
2,91,991,91,91,91
1,93,15,93,93,93
2,93,18,93,93,93
2,30,13,1,2,2
2,93,15,93,93,93
2,91,991,91,91,91
1,91,991,91,91,91
2,93,20,93,93,93
1,91,991,91,91,91
2,91,991,91,91,91
2,91,991,91,91,91
2,2,18,1,2,1
2,93,16,93,93,93
1,91,991,91,91,91
1,91,991,91,91,91
1,10,17,1,2,2
2,91,991,91,91,91
2,2,14,1,2,1
1,20,15,2,2,2
1,91,991,91,91,91
2,15,16,1,1,2
2,25,18,1,2,1
2,93,16,93,93,93
1,93,16,93,93,93
2,91,991,91,91,91
1,4,8,1,1,2
1,91,991,91,91,91
2,93,30,93,93,93
1,91,991,91,91,91
2,91,991,91,91,91
2,93,18,93,93,93
1,91,991,91,91,91
1,28,10,1,1,1
1,91,991,91,91,91
2,91,991,91,91,91
1,9,12,1,2,2
2,91,991,91,91,91
1,91,991,91,91,91
2,30,18,1,1,1
1,91,991,91,91,91
1,91,991,91,91,91
1,91,991,91,91,91
2,91,991,91,91,91
2,91,991,91,91,91
2,91,991,91,91,91
2,91,991,91,91,91
1,93,18,93,93,93
2,91,991,91,91,91
1,91,991,91,91,91
1,91,991,91,91,91
2,93,15,93,93,93
2,91,991,91,91,91
1,91,991,91,91,91
2,93,15,93,93,93
2,91,991,91,91,91
2,93,30,93,93,93
2,91,991,91,91,91
1,91,991,91,91,91
2,30,13,1,2,1
2,93,29,93,93,93
1,91,991,91,91,91
1,91,991,91,91,91
2,91,991,91,91,91
1,93,17,93,93,93
2,93,12,93,93,93
1,25,15,1,1,1
2,1,18,1,2,1
2,91,991,91,91,91
2,91,991,91,91,91
1,91,991,91,91,91
2,30,994,2,2,1
2,91,991,91,91,91
2,91,991,91,91,91
1,91,991,91,91,91
2,93,22,93,93,93
2,30,16,1,2,2
1,91,991,91,91,91
2,93,14,93,93,93
2,91,991,91,91,91
2,93,18,93,93,93
2,91,991,91,91,91
1,93,23,93,93,93
1,91,991,91,91,91
2,93,20,93,93,93
2,91,991,91,91,91
1,91,991,91,91,91
1,93,16,93,93,93
1,91,991,91,91,91
2,91,991,91,91,91
2,93,16,93,93,93
2,91,991,91,91,91
1,93,12,93,93,93
2,91,991,91,91,91
1,91,991,91,91,91
1,91,991,91,91,91
1,91,991,91,91,91
1,1,10,5,1,2
1,91,991,91,91,91
1,93,18,93,93,93
1,30,13,1,1,2
2,91,991,91,91,91
2,91,991,91,91,91
1,91,991,91,91,91
2,30,14,2,2,1
1,93,18,93,93,93
2,91,991,91,91,91
2,30,15,1,2,2
2,91,991,91,91,91
1,30,14,1,2,2
2,91,991,91,91,91
2,93,12,93,93,93
1,93,997,93,93,93
2,91,991,91,91,91
2,91,991,91,91,91
1,91,991,91,91,91
1,30,10,1,1,2
1,91,991,91,91,91
2,91,991,91,91,91
1,91,991,91,91,91
1,25,13,1,2,2
2,93,16,93,93,93
2,91,991,91,91,91
1,93,12,93,93,93
1,91,991,91,91,91
2,91,991,91,91,91
1,91,991,91,91,91
2,91,991,91,91,91
2,30,15,1,2,1
2,30,14,1,1,2
1,4,13,2,2,1
1,91,991,91,91,91
1,91,991,91,91,91
1,93,15,93,93,93
2,93,17,93,93,93
2,91,991,91,91,91
1,91,991,91,91,91
1,93,25,93,93,93
1,91,991,91,91,91
1,91,991,91,91,91
1,91,991,91,91,91
1,93,19,93,93,93
1,93,16,93,93,93
1,25,19,1,2,1
2,91,991,91,91,91
2,91,991,91,91,91
2,91,991,91,91,91
1,91,991,91,91,91
2,91,991,91,91,91
2,91,991,91,91,91
2,93,18,93,93,93
1,91,991,91,91,91
2,91,991,91,91,91
2,2,26,1,2,2
1,30,16,2,1,2
2,1,18,2,2,1
2,93,34,93,93,93
2,91,991,91,91,91
1,91,991,91,91,91
2,93,16,93,93,93
2,93,25,93,93,93
2,91,991,91,91,91
2,94,10,1,1,2
2,91,991,91,91,91
2,91,991,91,91,91
2,91,991,91,91,91
2,91,991,91,91,91
1,8,16,2,1,2
1,91,991,91,91,91
1,25,12,1,1,2
2,1,16,1,1,2
1,2,11,2,1,2
1,93,21,93,93,93
2,1,16,1,2,2
2,91,991,91,91,91
1,93,20,93,93,93
1,91,991,91,91,91
2,91,991,91,91,91
1,91,991,91,91,91
1,25,13,1,2,2
2,93,17,93,93,93
1,93,15,93,93,93
1,91,991,91,91,91
2,91,991,91,91,91
1,93,18,93,93,93
1,30,18,1,2,1
1,91,991,91,91,91
1,91,991,91,91,91
1,93,18,93,93,93
1,93,16,93,93,93
2,91,991,91,91,91
1,91,991,91,91,91
1,30,15,1,1,2
2,91,991,91,91,91
1,91,991,91,91,91
1,91,991,91,91,91
2,20,18,2,1,2
1,3,18,1,1,2
1,91,991,91,91,91
1,93,17,93,93,93
1,91,991,91,91,91
2,91,991,91,91,91
2,91,991,91,91,91
1,91,991,91,91,91
1,91,991,91,91,91
2,91,991,91,91,91
1,93,20,93,93,93
2,20,14,1,2,1
2,93,17,93,93,93
2,93,19,93,93,93
2,93,19,93,93,93
1,91,991,91,91,91
1,91,991,91,91,91
2,91,991,91,91,91
1,91,991,91,91,91
2,93,31,93,93,93
2,1,16,2,2,1
1,91,991,91,91,91
2,93,25,93,93,93
1,91,991,91,91,91
2,91,991,91,91,91
2,93,16,93,93,93
1,91,991,91,91,91
2,91,991,91,91,91
1,93,18,93,93,93
2,91,991,91,91,91
2,91,991,91,91,91
2,91,991,91,91,91
2,93,16,93,93,93
1,93,16,93,93,93
1,93,21,93,93,93
1,93,21,93,93,93
2,91,991,91,91,91
1,5,11,1,2,2
1,93,21,93,93,93
2,93,25,93,93,93
2,93,17,93,93,93
2,91,991,91,91,91
1,91,991,91,91,91
2,93,15,93,93,93
1,5,16,1,2,2
2,93,22,93,93,93
2,91,991,91,91,91
2,91,991,91,91,91
1,91,991,91,91,91
2,1,22,2,1,2
1,12,17,1,1,2
1,91,991,91,91,91
1,91,991,91,91,91
2,91,991,91,91,91
1,93,35,93,93,93
1,93,16,93,93,93
1,91,991,91,91,91
2,93,25,93,93,93
2,93,18,93,93,93
1,93,18,93,93,93
1,91,991,91,91,91
2,93,14,93,93,93
2,91,991,91,91,91
2,17,13,1,1,1
2,93,19,93,93,93
1,93,14,93,93,93
1,91,991,91,91,91
1,1,16,2,1,2
2,91,991,91,91,91
1,91,991,91,91,91
2,20,15,1,2,2
2,15,15,1,2,2
1,91,991,91,91,91
1,17,13,1,1,2
2,28,16,1,1,2
2,91,991,91,91,91
1,91,991,91,91,91
2,91,991,91,91,91
2,91,991,91,91,91
2,21,21,2,1,1
1,91,991,91,91,91
1,91,991,91,91,91
2,93,36,93,93,93
2,93,14,93,93,93
1,93,21,93,93,93
1,98,16,98,98,98
1,91,991,91,91,91
2,93,15,93,93,93
1,5,21,1,1,2
1,93,18,93,93,93
2,91,991,91,91,91
1,1,16,1,2,2
2,91,991,91,91,91
1,91,991,91,91,91
1,27,16,1,1,2
1,91,991,91,91,91
2,93,19,93,93,93
2,91,991,91,91,91
1,25,15,1,2,2
1,30,19,1,1,2
2,91,991,91,91,91
2,93,16,93,93,93
2,91,991,91,91,91
2,91,991,91,91,91
1,93,19,93,93,93
1,91,991,91,91,91
2,93,18,93,93,93
2,93,14,93,93,93
1,91,991,91,91,91
2,91,991,91,91,91
2,91,991,91,91,91
2,93,19,93,93,93
2,91,991,91,91,91
2,91,991,91,91,91
2,3,15,1,1,2
2,91,991,91,91,91
1,91,991,91,91,91
2,93,19,93,93,93
1,3,13,2,1,2
1,93,24,93,93,93
2,91,991,91,91,91
1,3,16,1,2,1
2,91,991,91,91,91
2,93,13,93,93,93
1,91,991,91,91,91
2,91,991,91,91,91
1,91,991,91,91,91
2,91,991,91,91,91
1,93,30,93,93,93
1,91,991,91,91,91
2,91,991,91,91,91
2,93,12,93,93,93
1,91,991,91,91,91
2,91,991,91,91,91
2,93,19,93,93,93
2,5,18,2,2,2
2,91,991,91,91,91
2,93,15,93,93,93
2,91,991,91,91,91
1,22,15,1,1,2
1,4,18,1,2,2
2,91,991,91,91,91
2,93,14,93,93,93
2,91,991,91,91,91
2,93,16,93,93,93
2,91,991,91,91,91
2,93,16,93,93,93
1,91,991,91,91,91
2,91,991,91,91,91
2,19,13,1,1,2
2,91,991,91,91,91
2,30,14,1,2,1
2,91,991,91,91,91
2,93,17,93,93,93
1,91,991,91,91,91
2,25,17,1,1,1
2,91,991,91,91,91
1,91,991,91,91,91
2,91,991,91,91,91
1,93,13,93,93,93
2,91,991,91,91,91
1,93,16,93,93,93
2,91,991,91,91,91
2,91,991,91,91,91
1,91,991,91,91,91
1,91,991,91,91,91
2,91,991,91,91,91
2,30,14,1,1,1
1,91,991,91,91,91
2,93,29,93,93,93
1,91,991,91,91,91
1,91,991,91,91,91
1,91,991,91,91,91
1,91,991,91,91,91
1,91,991,91,91,91
1,91,991,91,91,91
2,91,991,91,91,91
2,93,23,93,93,93
1,91,991,91,91,91
1,93,13,93,93,93
2,91,991,91,91,91
1,91,991,91,91,91
1,91,991,91,91,91
1,91,991,91,91,91
2,91,991,91,91,91
1,3,14,1,2,2
1,93,25,93,93,93
1,30,14,1,2,2
1,93,18,93,93,93
1,91,991,91,91,91
1,91,991,91,91,91
2,91,991,91,91,91
2,93,22,93,93,93
2,91,991,91,91,91
2,93,19,93,93,93
1,93,16,93,93,93
2,93,16,93,93,93
1,91,991,91,91,91
2,91,991,91,91,91
1,91,991,91,91,91
1,24,32,2,1,2
1,91,991,91,91,91
1,91,991,91,91,91
2,91,991,91,91,91
1,4,15,2,2,2
2,91,991,91,91,91
2,91,991,91,91,91
2,93,14,93,93,93
1,91,991,91,91,91
1,93,14,93,93,93
1,91,991,91,91,91
1,13,16,2,1,1
1,91,991,91,91,91
1,91,991,91,91,91
2,93,15,93,93,93
1,91,991,91,91,91
2,93,14,93,93,93
1,91,991,91,91,91
2,91,991,91,91,91
2,1,13,1,1,2
1,3,12,1,1,2
1,30,14,1,2,2
2,91,991,91,91,91
1,91,991,91,91,91
2,91,991,91,91,91
1,91,991,91,91,91
1,91,991,91,91,91
2,91,991,91,91,91
1,91,991,91,91,91
2,94,14,1,2,2
2,91,991,91,91,91
1,91,991,91,91,91
1,91,991,91,91,91
2,25,15,1,1,1
2,91,991,91,91,91
2,93,994,93,93,93
1,4,15,1,2,2
1,93,13,93,93,93
2,91,991,91,91,91
2,91,991,91,91,91
2,91,991,91,91,91
2,30,18,1,1,2
1,91,991,91,91,91
2,91,991,91,91,91
1,30,21,1,1,1
1,93,16,93,93,93
2,91,991,91,91,91
1,91,991,91,91,91
2,93,18,93,93,93
2,93,29,93,93,93
1,15,16,1,2,1
1,91,991,91,91,91
1,91,991,91,91,91
1,93,37,93,93,93
2,93,18,93,93,93
2,91,991,91,91,91
2,91,991,91,91,91
1,91,991,91,91,91
1,91,991,91,91,91
1,93,30,93,93,93
1,91,991,91,91,91
1,93,18,93,93,93
2,93,15,93,93,93
2,93,18,93,93,93
1,93,19,93,93,93
1,91,991,91,91,91
2,8,18,2,2,1
2,91,991,91,91,91
2,91,991,91,91,91
2,93,14,93,93,93
1,91,991,91,91,91
1,91,991,91,91,91
1,91,991,91,91,91
1,18,17,1,2,2
1,10,15,1,2,2
1,91,991,91,91,91
1,10,22,2,1,2
2,93,25,93,93,93
2,91,991,91,91,91
1,91,991,91,91,91
1,30,16,1,2,2
2,91,991,91,91,91
2,91,991,91,91,91
1,91,991,91,91,91
1,91,991,91,91,91
2,2,14,2,1,1
2,91,991,91,91,91
1,2,14,1,2,2
2,91,991,91,91,91
2,91,991,91,91,91
1,29,14,1,1,1
2,91,991,91,91,91
2,93,17,93,93,93
2,91,991,91,91,91
2,91,991,91,91,91
2,30,32,1,2,2
2,91,991,91,91,91
1,30,15,2,1,1
1,91,991,91,91,91
1,91,991,91,91,91
2,30,14,1,1,2
2,91,991,91,91,91
2,2,15,1,2,2
2,91,991,91,91,91
2,93,19,93,93,93
2,91,991,91,91,91
2,91,991,91,91,91
1,91,991,91,91,91
2,93,16,93,93,93
2,93,20,93,93,93
1,91,991,91,91,91
2,91,991,91,91,91
2,91,991,91,91,91
1,7,14,1,2,2
2,93,50,93,93,93
2,91,991,91,91,91
2,93,15,93,93,93
2,91,991,91,91,91
2,91,991,91,91,91
2,91,991,91,91,91
1,2,16,1,2,2
1,91,991,91,91,91
2,91,991,91,91,91
2,93,21,93,93,93
2,1,23,2,2,1
1,30,16,1,1,2
2,30,18,1,1,1
1,14,18,1,2,2
1,91,991,91,91,91
2,91,991,91,91,91
2,93,16,93,93,93
2,91,991,91,91,91
2,93,10,93,93,93
2,93,16,93,93,93
1,91,991,91,91,91
1,93,16,93,93,93
1,91,991,91,91,91
1,91,991,91,91,91
1,91,991,91,91,91
2,91,991,91,91,91
1,93,21,93,93,93
2,93,16,93,93,93
2,91,991,91,91,91
2,91,991,91,91,91
2,91,991,91,91,91
1,3,18,2,1,1
2,91,991,91,91,91
2,1,16,1,2,2
2,91,991,91,91,91
1,93,20,93,93,93
2,91,991,91,91,91
1,93,35,93,93,93
1,30,16,2,1,1
1,91,991,91,91,91
2,91,991,91,91,91
2,91,991,91,91,91
1,91,991,91,91,91
2,91,991,91,91,91
2,91,991,91,91,91
2,93,15,93,93,93
2,91,991,91,91,91
2,93,17,93,93,93
1,91,991,91,91,91
2,91,991,91,91,91
1,93,22,93,93,93
2,94,25,1,1,1
1,91,991,91,91,91
2,93,18,93,93,93
1,93,15,93,93,93
1,91,991,91,91,91
2,91,991,91,91,91
2,91,991,91,91,91
2,91,991,91,91,91
1,91,991,91,91,91
2,1,14,2,2,2
2,91,991,91,91,91
1,30,16,1,1,2
2,91,991,91,91,91
2,91,991,91,91,91
2,93,17,93,93,93
2,93,20,93,93,93
2,30,17,1,2,2
1,27,15,1,1,1
1,30,16,1,2,1
1,91,991,91,91,91
1,91,991,91,91,91
2,91,991,91,91,91
2,93,20,93,93,93
2,20,15,1,1,2
2,91,991,91,91,91
2,93,18,93,93,93
2,93,25,93,93,93
2,91,991,91,91,91
2,91,991,91,91,91
2,91,991,91,91,91
1,93,16,93,93,93
1,91,991,91,91,91
1,93,38,93,93,93
2,5,21,2,1,1
2,93,15,93,93,93
1,30,15,1,1,2
2,91,991,91,91,91
2,93,14,93,93,93
1,91,991,91,91,91
2,93,13,93,93,93
2,91,991,91,91,91
2,2,19,2,1,1
1,93,13,93,93,93
1,91,991,91,91,91
2,93,27,93,93,93
2,91,991,91,91,91
1,93,21,93,93,93
2,91,991,91,91,91
2,91,991,91,91,91
1,5,17,1,2,2
2,93,12,93,93,93
2,93,20,93,93,93
1,30,16,1,1,2
2,93,20,93,93,93
1,91,991,91,91,91
2,93,18,93,93,93
2,30,17,1,1,1
1,91,991,91,91,91
1,91,991,91,91,91
2,30,13,1,2,2
1,91,991,91,91,91
2,93,18,93,93,93
2,2,19,1,1,2
1,91,991,91,91,91
1,91,991,91,91,91
2,91,991,91,91,91
1,91,991,91,91,91
1,93,19,93,93,93
2,91,991,91,91,91
1,1,20,2,2,1
2,91,991,91,91,91
2,93,17,93,93,93
1,91,991,91,91,91
1,91,991,91,91,91
2,93,13,93,93,93
1,93,9,93,93,93
1,5,21,1,2,2
2,93,18,93,93,93
1,25,16,1,1,2
2,12,21,1,2,2
2,91,991,91,91,91
2,91,991,91,91,91
1,25,14,1,2,2
1,91,991,91,91,91
2,28,17,1,1,1
2,91,991,91,91,91
2,91,991,91,91,91
2,91,991,91,91,91
1,15,21,1,1,2
1,93,17,93,93,93
2,91,991,91,91,91
2,93,20,93,93,93
1,91,991,91,91,91
1,91,991,91,91,91
2,91,991,91,91,91
1,91,991,91,91,91
2,91,991,91,91,91
1,91,991,91,91,91
1,91,991,91,91,91
2,93,16,93,93,93
1,91,991,91,91,91
1,91,991,91,91,91
2,93,18,93,93,93
2,91,991,91,91,91
2,93,14,93,93,93
2,91,991,91,91,91
1,91,991,91,91,91
2,93,20,93,93,93
2,1,21,2,2,1
2,93,63,93,93,93
2,91,991,91,91,91
2,91,991,91,91,91
1,91,991,91,91,91
2,93,18,93,93,93
1,91,991,91,91,91
2,93,14,93,93,93
1,91,991,91,91,91
2,10,25,2,1,2
2,91,991,91,91,91
1,91,991,91,91,91
1,91,991,91,91,91
1,91,991,91,91,91
2,91,991,91,91,91
2,91,991,91,91,91
1,26,21,1,1,2
2,91,991,91,91,91
1,91,991,91,91,91
2,93,19,93,93,93
1,91,991,91,91,91
2,93,19,93,93,93
2,93,16,93,93,93
2,93,24,93,93,93
1,91,991,91,91,91
1,93,20,93,93,93
2,93,16,93,93,93
1,30,15,1,1,2
2,91,991,91,91,91
1,15,21,2,1,2
2,7,21,1,2,2
2,25,15,1,2,1
2,7,35,1,2,2
1,91,991,91,91,91
1,91,991,91,91,91
2,93,20,93,93,93
1,1,40,2,2,1
2,30,12,1,1,1
1,93,14,93,93,93
1,91,991,91,91,91
1,93,19,93,93,93
2,91,991,91,91,91
2,91,991,91,91,91
1,93,18,93,93,93
1,93,13,93,93,93
1,91,991,91,91,91
1,91,991,91,91,91
2,4,30,2,2,1
1,93,18,93,93,93
2,91,991,91,91,91
2,91,991,91,91,91
2,8,16,1,2,2
1,91,991,91,91,91
2,93,19,93,93,93
1,30,16,1,2,2
2,93,16,93,93,93
2,91,991,91,91,91
2,91,991,91,91,91
1,91,991,91,91,91
1,91,991,91,91,91
1,91,991,91,91,91
2,91,991,91,91,91
2,2,20,2,2,1
2,91,991,91,91,91
1,91,991,91,91,91
1,4,16,2,2,1
1,91,991,91,91,91
1,91,991,91,91,91
2,91,991,91,91,91
1,91,991,91,91,91
1,91,991,91,91,91
2,30,12,1,2,2
2,7,19,1,1,1
2,93,14,93,93,93
2,91,991,91,91,91
2,91,991,91,91,91
1,91,991,91,91,91
2,91,991,91,91,91
1,93,14,93,93,93
2,91,991,91,91,91
2,91,991,91,91,91
2,93,21,93,93,93
1,10,22,1,1,1
2,93,15,93,93,93
2,30,19,1,2,2
1,91,991,91,91,91
2,91,991,91,91,91
2,91,991,91,91,91
1,91,991,91,91,91
2,93,994,93,93,93
2,91,991,91,91,91
1,93,18,93,93,93
2,91,991,91,91,91
1,93,16,93,93,93
1,93,14,93,93,93
2,91,991,91,91,91
1,93,14,93,93,93
1,91,991,91,91,91
2,91,991,91,91,91
1,91,991,91,91,91
2,91,991,91,91,91
2,93,15,93,93,93
2,91,991,91,91,91
2,93,16,93,93,93
2,93,45,93,93,93
1,93,21,93,93,93
1,91,991,91,91,91
2,91,991,91,91,91
2,4,42,1,1,2
1,91,991,91,91,91
2,1,21,2,2,2
1,93,15,93,93,93
1,91,991,91,91,91
2,91,991,91,91,91
2,93,18,93,93,93
2,3,15,1,2,1
2,9,23,1,1,1
2,5,30,1,2,2
1,93,17,93,93,93
2,3,13,1,2,1
2,91,991,91,91,91
2,91,991,91,91,91
2,93,18,93,93,93
1,93,24,93,93,93
2,93,12,93,93,93
2,91,991,91,91,91
2,10,16,2,1,1
2,91,991,91,91,91
2,93,18,93,93,93
1,93,30,93,93,93
1,91,991,91,91,91
2,93,16,93,93,93
2,98,998,98,98,98
2,91,991,91,91,91
2,91,991,91,91,91
2,91,991,91,91,91
2,9,15,1,2,1
1,91,991,91,91,91
2,91,991,91,91,91
2,93,16,93,93,93
1,91,991,91,91,91
2,91,991,91,91,91
2,91,991,91,91,91
1,91,991,91,91,91
1,30,16,1,2,2
1,91,991,91,91,91
1,20,16,2,1,2
1,91,991,91,91,91
1,91,991,91,91,91
2,91,991,91,91,91
2,91,991,91,91,91
2,93,16,93,93,93
2,91,991,91,91,91
2,94,15,1,1,2
1,93,16,93,93,93
1,91,991,91,91,91
2,91,991,91,91,91
1,91,991,91,91,91
2,91,991,91,91,91
1,91,991,91,91,91
1,30,16,1,1,2
2,91,991,91,91,91
1,93,16,93,93,93
2,91,991,91,91,91
1,91,991,91,91,91
1,5,13,1,2,2
2,93,22,93,93,93
2,91,991,91,91,91
1,93,14,93,93,93
1,91,991,91,91,91
1,93,18,93,93,93
2,30,16,1,2,1
2,93,22,93,93,93
2,91,991,91,91,91
2,93,25,93,93,93
1,91,991,91,91,91
1,91,991,91,91,91
2,91,991,91,91,91
2,91,991,91,91,91
1,91,991,91,91,91
2,91,991,91,91,91
1,93,12,93,93,93
1,30,16,1,1,1
1,91,991,91,91,91
2,91,991,91,91,91
1,91,991,91,91,91
2,91,991,91,91,91
2,93,18,93,93,93
1,93,26,93,93,93
2,91,991,91,91,91
1,93,19,93,93,93
2,91,991,91,91,91
1,91,991,91,91,91
2,93,17,93,93,93
2,93,24,93,93,93
2,91,991,91,91,91
2,91,991,91,91,91
2,30,16,1,2,1
1,91,991,91,91,91
2,91,991,91,91,91
1,91,991,91,91,91
1,91,991,91,91,91
2,93,17,93,93,93
1,91,991,91,91,91
2,93,15,93,93,93
2,93,15,93,93,93
1,93,16,93,93,93
2,93,18,93,93,93
1,93,17,93,93,93
2,5,16,1,1,2
2,91,991,91,91,91
1,93,16,93,93,93
2,93,16,93,93,93
1,93,23,93,93,93
2,30,15,1,2,1
2,91,991,91,91,91
1,91,991,91,91,91
1,28,17,2,2,1
2,93,16,93,93,93
1,91,991,91,91,91
1,91,991,91,91,91
2,1,17,1,2,2
1,93,13,93,93,93
2,93,12,93,93,93
2,91,991,91,91,91
2,91,991,91,91,91
2,91,991,91,91,91
2,91,991,91,91,91
1,93,22,93,93,93
2,91,991,91,91,91
2,93,22,93,93,93
2,30,21,1,2,1
1,30,11,1,2,2
2,91,991,91,91,91
2,20,18,1,2,2
2,20,16,1,2,2
1,91,991,91,91,91
1,93,13,93,93,93
1,93,15,93,93,93
2,93,18,93,93,93
1,93,15,93,93,93
2,30,15,1,1,1
1,91,991,91,91,91
1,91,991,91,91,91
2,15,13,1,1,2
2,91,991,91,91,91
2,93,15,93,93,93
1,93,17,93,93,93
2,91,991,91,91,91
1,91,991,91,91,91
2,91,991,91,91,91
2,91,991,91,91,91
1,91,991,91,91,91
1,93,19,93,93,93
2,93,15,93,93,93
2,91,991,91,91,91
1,91,991,91,91,91
2,91,991,91,91,91
2,93,15,93,93,93
1,91,991,91,91,91
1,15,14,2,1,2
2,91,991,91,91,91
2,91,991,91,91,91
2,93,36,93,93,93
1,93,15,93,93,93
2,93,15,93,93,93
2,20,14,1,1,2
2,93,26,93,93,93
1,91,991,91,91,91
2,93,19,93,93,93
2,91,991,91,91,91
1,91,991,91,91,91
2,2,18,1,2,2
2,91,991,91,91,91
2,91,991,91,91,91
1,91,991,91,91,91
1,30,13,2,1,2
2,93,35,93,93,93
2,91,991,91,91,91
1,91,991,91,91,91
1,93,13,93,93,93
2,91,991,91,91,91
1,91,991,91,91,91
1,91,991,91,91,91
2,91,991,91,91,91
2,91,991,91,91,91
1,4,17,1,2,2
2,91,991,91,91,91
1,93,15,93,93,93
2,93,19,93,93,93
1,93,13,93,93,93
2,15,16,1,1,2
2,25,25,2,1,2
2,91,991,91,91,91
2,91,991,91,91,91
2,93,19,93,93,93
2,93,17,93,93,93
1,91,991,91,91,91
2,93,16,93,93,93
2,91,991,91,91,91
1,93,16,93,93,93
2,91,991,91,91,91
1,91,991,91,91,91
2,91,991,91,91,91
2,91,991,91,91,91
1,91,991,91,91,91
2,91,991,91,91,91
1,91,991,91,91,91
1,91,991,91,91,91
2,91,991,91,91,91
1,93,16,93,93,93
2,91,991,91,91,91
2,93,18,93,93,93
1,91,991,91,91,91
2,91,991,91,91,91
1,93,20,93,93,93
1,93,14,93,93,93
1,91,991,91,91,91
1,93,17,93,93,93
1,93,22,93,93,93
2,30,21,1,2,2
2,91,991,91,91,91
1,91,991,91,91,91
1,1,25,2,2,1
2,91,991,91,91,91
1,93,20,93,93,93
2,91,991,91,91,91
2,91,991,91,91,91
1,91,991,91,91,91
1,91,991,91,91,91
2,15,20,1,1,1
1,30,17,1,2,1
1,26,12,1,2,2
2,91,991,91,91,91
1,91,991,91,91,91
1,93,16,93,93,93
2,91,991,91,91,91
2,91,991,91,91,91
1,93,20,93,93,93
1,27,15,1,1,2
1,91,991,91,91,91
2,93,21,93,93,93
2,93,12,93,93,93
1,91,991,91,91,91
2,7,16,1,1,1
2,91,991,91,91,91
2,91,991,91,91,91
2,91,991,91,91,91
1,91,991,91,91,91
2,93,13,93,93,93
2,6,14,2,1,1
2,93,14,93,93,93
2,91,991,91,91,91
1,30,13,1,2,2
1,91,991,91,91,91
2,93,18,93,93,93
1,91,991,91,91,91
1,93,21,93,93,93
2,91,991,91,91,91
2,91,991,91,91,91
1,91,991,91,91,91
1,93,17,93,93,93
2,91,991,91,91,91
1,91,991,91,91,91
2,4,30,1,2,2
2,93,38,93,93,93
2,91,991,91,91,91
1,91,991,91,91,91
2,93,18,93,93,93
2,1,38,1,2,2
2,91,991,91,91,91
2,91,991,91,91,91
2,27,15,1,2,2
1,3,21,1,1,2
2,29,19,2,1,1
1,91,991,91,91,91
2,91,991,91,91,91
2,91,991,91,91,91
2,1,27,1,2,2
2,93,19,93,93,93
1,91,991,91,91,91
1,93,21,93,93,93
1,91,991,91,91,91
2,3,15,2,2,2
2,91,991,91,91,91
2,5,16,1,1,2
2,28,15,1,1,2
1,93,15,93,93,93
1,91,991,91,91,91
2,93,17,93,93,93
1,91,991,91,91,91
2,25,16,1,1,2
2,91,991,91,91,91
2,93,15,93,93,93
1,93,18,93,93,93
1,30,16,1,1,2
2,91,991,91,91,91
1,93,12,93,93,93
1,91,991,91,91,91
2,15,13,1,2,2
2,93,19,93,93,93
2,91,991,91,91,91
1,91,991,91,91,91
1,28,17,2,1,1
2,15,15,1,2,2
1,93,18,93,93,93
2,91,991,91,91,91
2,91,991,91,91,91
2,91,991,91,91,91
2,93,17,93,93,93
2,30,17,1,1,1
1,91,991,91,91,91
2,30,12,1,1,2
1,93,17,93,93,93
1,91,991,91,91,91
2,93,16,93,93,93
1,93,17,93,93,93
2,2,18,2,2,2
1,91,991,91,91,91
2,91,991,91,91,91
2,91,991,91,91,91
2,1,27,2,2,1
2,91,991,91,91,91
2,93,18,93,93,93
2,98,16,98,98,98
2,28,15,1,1,2
2,91,991,91,91,91
2,91,991,91,91,91
1,93,18,93,93,93
1,91,991,91,91,91
2,91,991,91,91,91
2,93,17,93,93,93
1,93,15,93,93,93
2,91,991,91,91,91
2,91,991,91,91,91
2,91,991,91,91,91
1,91,991,91,91,91
1,93,17,93,93,93
1,30,18,1,2,1
1,91,991,91,91,91
1,91,991,91,91,91
2,91,991,91,91,91
2,91,991,91,91,91
2,91,991,91,91,91
2,91,991,91,91,91
1,93,20,93,93,93
2,93,19,93,93,93
2,93,14,93,93,93
1,30,12,1,1,2
1,91,991,91,91,91
2,18,18,2,2,2
2,93,15,93,93,93
2,93,18,93,93,93
2,93,21,93,93,93
1,15,12,1,2,2
2,91,991,91,91,91
2,93,17,93,93,93
2,91,991,91,91,91
1,30,14,1,2,1
1,91,991,91,91,91
1,93,16,93,93,93
1,7,16,1,1,1
2,91,991,91,91,91
2,93,17,93,93,93
2,30,13,1,1,1
2,91,991,91,91,91
2,91,991,91,91,91
1,93,20,93,93,93
2,91,991,91,91,91
2,91,991,91,91,91
2,91,991,91,91,91
1,93,16,93,93,93
1,91,991,91,91,91
2,91,991,91,91,91
2,91,991,91,91,91
1,93,22,93,93,93
1,91,991,91,91,91
2,91,991,91,91,91
2,91,991,91,91,91
1,91,991,91,91,91
2,93,28,93,93,93
1,91,991,91,91,91
2,93,16,93,93,93
2,91,991,91,91,91
2,91,991,91,91,91
1,91,991,91,91,91
2,15,17,1,2,1
1,91,991,91,91,91
1,30,11,1,1,1
2,91,991,91,91,91
1,20,15,1,1,2
2,91,991,91,91,91
2,91,991,91,91,91
1,1,20,1,2,2
1,91,991,91,91,91
2,91,991,91,91,91
2,91,991,91,91,91
2,91,991,91,91,91
2,91,991,91,91,91
1,91,991,91,91,91
2,93,16,93,93,93
1,30,15,1,1,2
2,30,16,1,1,1
1,30,21,1,2,1
1,93,18,93,93,93
1,91,991,91,91,91
2,91,991,91,91,91
2,91,991,91,91,91
1,2,16,1,2,2
2,20,14,1,1,1
2,93,26,93,93,93
1,93,14,93,93,93
2,91,991,91,91,91
1,30,14,1,2,1
1,93,15,93,93,93
2,91,991,91,91,91
1,91,991,91,91,91
1,25,17,2,2,1
1,91,991,91,91,91
1,91,991,91,91,91
2,91,991,91,91,91
1,91,991,91,91,91
2,2,10,2,2,1
2,91,991,91,91,91
2,93,17,93,93,93
1,9,16,1,2,1
1,93,13,93,93,93
2,93,35,93,93,93
2,2,15,1,2,1
2,91,991,91,91,91
1,91,991,91,91,91
2,29,16,1,1,2
2,91,991,91,91,91
1,93,30,93,93,93
2,5,17,1,2,2
2,91,991,91,91,91
1,91,991,91,91,91
2,91,991,91,91,91
1,91,991,91,91,91
1,26,10,1,1,2
1,20,16,1,1,2
2,25,16,1,2,2
2,91,991,91,91,91
2,93,16,93,93,93
1,91,991,91,91,91
2,30,13,1,2,2
2,93,15,93,93,93
1,10,21,1,2,2
1,91,991,91,91,91
2,91,991,91,91,91
1,91,991,91,91,91
2,30,16,1,2,1
2,93,15,93,93,93
1,91,991,91,91,91
2,91,991,91,91,91
2,93,20,93,93,93
1,91,991,91,91,91
2,91,991,91,91,91
1,91,991,91,91,91
2,91,991,91,91,91
2,93,25,93,93,93
1,91,991,91,91,91
2,91,991,91,91,91
2,91,991,91,91,91
2,91,991,91,91,91
1,93,16,93,93,93
1,30,18,1,2,2
1,93,19,93,93,93
1,30,18,1,1,2
1,91,991,91,91,91
1,91,991,91,91,91
2,93,16,93,93,93
2,91,991,91,91,91
1,91,991,91,91,91
2,4,14,2,2,1
2,30,12,1,2,1
2,93,17,93,93,93
1,93,17,93,93,93
1,91,991,91,91,91
2,91,991,91,91,91
2,93,19,93,93,93
2,91,991,91,91,91
1,91,991,91,91,91
2,3,18,1,1,2
2,91,991,91,91,91
2,93,22,93,93,93
1,93,13,93,93,93
2,10,19,1,1,2
1,91,991,91,91,91
1,93,17,93,93,93
2,91,991,91,91,91
2,93,22,93,93,93
1,93,18,93,93,93
2,93,16,93,93,93
2,91,991,91,91,91
1,91,991,91,91,91
2,91,991,91,91,91
1,93,16,93,93,93
2,91,991,91,91,91
1,91,991,91,91,91
1,91,991,91,91,91
2,91,991,91,91,91
2,91,991,91,91,91
1,91,991,91,91,91
1,91,991,91,91,91
2,91,991,91,91,91
2,91,991,91,91,91
1,93,18,93,93,93
2,91,991,91,91,91
1,91,991,91,91,91
1,91,991,91,91,91
2,2,17,1,1,2
2,91,991,91,91,91
1,91,991,91,91,91
2,93,14,93,93,93
1,4,17,1,2,1
1,91,991,91,91,91
2,93,25,93,93,93
2,91,991,91,91,91
1,93,17,93,93,93
2,91,991,91,91,91
2,93,18,93,93,93
2,93,19,93,93,93
2,93,25,93,93,93
1,91,991,91,91,91
2,93,21,93,93,93
2,91,991,91,91,91
2,29,15,1,2,2
2,91,991,91,91,91
1,91,991,91,91,91
1,93,14,93,93,93
1,93,22,93,93,93
2,93,25,93,93,93
2,93,14,93,93,93
1,91,991,91,91,91
2,30,12,1,1,2
1,91,991,91,91,91
2,91,991,91,91,91
2,93,17,93,93,93
2,91,991,91,91,91
1,91,991,91,91,91
1,30,13,1,1,1
2,91,991,91,91,91
1,91,991,91,91,91
2,91,991,91,91,91
2,91,991,91,91,91
2,93,16,93,93,93
2,93,18,93,93,93
1,91,991,91,91,91
2,91,991,91,91,91
1,91,991,91,91,91
2,91,991,91,91,91
1,91,991,91,91,91
2,18,18,2,1,1
1,91,991,91,91,91
2,91,991,91,91,91
1,91,991,91,91,91
1,91,991,91,91,91
2,93,13,93,93,93
2,91,991,91,91,91
1,91,991,91,91,91
1,91,991,91,91,91
2,93,14,93,93,93
2,91,991,91,91,91
2,93,21,93,93,93
2,93,14,93,93,93
1,93,17,93,93,93
2,91,991,91,91,91
2,91,991,91,91,91
2,93,15,93,93,93
2,30,16,1,1,1
2,91,991,91,91,91
2,91,991,91,91,91
1,91,991,91,91,91
1,93,16,93,93,93
2,93,22,93,93,93
1,93,15,93,93,93
1,91,991,91,91,91
1,91,991,91,91,91
2,91,991,91,91,91
2,93,16,93,93,93
1,93,21,93,93,93
2,91,991,91,91,91
2,91,991,91,91,91
1,27,15,1,1,1
1,91,991,91,91,91
1,91,991,91,91,91
2,93,19,93,93,93
1,91,991,91,91,91
2,93,17,93,93,93
2,91,991,91,91,91
2,91,991,91,91,91
1,1,42,2,2,1
2,5,23,2,2,1
1,91,991,91,91,91
2,91,991,91,91,91
1,93,12,93,93,93
2,91,991,91,91,91
2,91,991,91,91,91
2,93,17,93,93,93
1,18,18,1,2,2
1,4,18,2,1,1
1,93,14,93,93,93
2,1,19,2,2,1
1,91,991,91,91,91
2,91,991,91,91,91
2,91,991,91,91,91
2,91,991,91,91,91
2,91,991,91,91,91
2,91,991,91,91,91
2,91,991,91,91,91
1,4,14,1,2,2
2,91,991,91,91,91
1,91,991,91,91,91
1,15,10,1,1,2
2,93,22,93,93,93
1,91,991,91,91,91
1,93,15,93,93,93
2,91,991,91,91,91
2,91,991,91,91,91
2,91,991,91,91,91
2,93,56,93,93,93
2,91,991,91,91,91
2,15,12,1,2,2
1,93,15,93,93,93
2,15,20,1,1,1
1,91,991,91,91,91
1,91,991,91,91,91
1,93,39,93,93,93
1,91,991,91,91,91
1,91,991,91,91,91
1,91,991,91,91,91
2,91,991,91,91,91
1,93,18,93,93,93
2,91,991,91,91,91
2,93,15,93,93,93
2,91,991,91,91,91
2,93,23,93,93,93
2,91,991,91,91,91
1,91,991,91,91,91
2,93,16,93,93,93
2,93,19,93,93,93
2,91,991,91,91,91
1,93,35,93,93,93
2,93,18,93,93,93
2,91,991,91,91,91
2,93,16,93,93,93
2,91,991,91,91,91
2,91,991,91,91,91
1,1,25,2,2,1
1,93,14,93,93,93
2,91,991,91,91,91
2,91,991,91,91,91
1,30,14,2,2,1
1,24,13,1,1,2
2,91,991,91,91,91
1,93,16,93,93,93
2,91,991,91,91,91
1,93,15,93,93,93
1,93,14,93,93,93
2,93,38,93,93,93
2,91,991,91,91,91
1,30,16,1,1,1
2,91,991,91,91,91
1,91,991,91,91,91
1,91,991,91,91,91
1,30,16,1,1,1
2,91,991,91,91,91
1,91,991,91,91,91
1,91,991,91,91,91
1,93,21,93,93,93
1,91,991,91,91,91
2,93,21,93,93,93
1,91,991,91,91,91
2,93,18,93,93,93
2,91,991,91,91,91
1,91,991,91,91,91
1,93,14,93,93,93
2,91,991,91,91,91
2,93,16,93,93,93
2,10,16,1,2,2
1,91,991,91,91,91
1,93,18,93,93,93
2,91,991,91,91,91
1,93,30,93,93,93
2,10,13,1,1,1
1,93,16,93,93,93
2,30,18,1,2,1
2,91,991,91,91,91
1,91,991,91,91,91
2,91,991,91,91,91
1,91,991,91,91,91
1,91,991,91,91,91
2,91,991,91,91,91
2,5,24,1,1,2
2,93,18,93,93,93
1,93,13,93,93,93
2,93,15,93,93,93
2,93,19,93,93,93
2,91,991,91,91,91
2,93,22,93,93,93
1,91,991,91,91,91
2,93,20,93,93,93
2,2,13,2,1,2
2,91,991,91,91,91
1,93,38,93,93,93
1,25,16,1,1,2
1,91,991,91,91,91
2,91,991,91,91,91
2,30,18,1,1,1
2,25,22,2,1,3
1,30,28,2,2,2
1,4,17,1,1,1
1,91,991,91,91,91
2,91,991,91,91,91
1,91,991,91,91,91
2,91,991,91,91,91
1,91,991,91,91,91
2,91,991,91,91,91
2,91,991,91,91,91
2,93,19,93,93,93
2,93,18,93,93,93
2,91,991,91,91,91
2,91,991,91,91,91
2,30,18,1,2,2
1,93,14,93,93,93
2,91,991,91,91,91
1,93,15,93,93,93
1,1,15,2,2,1
1,91,991,91,91,91
2,91,991,91,91,91
2,93,20,93,93,93
2,91,991,91,91,91
1,91,991,91,91,91
2,93,17,93,93,93
2,91,991,91,91,91
2,91,991,91,91,91
2,93,18,93,93,93
2,91,991,91,91,91
2,93,29,93,93,93
1,30,19,1,2,2
2,91,991,91,91,91
1,91,991,91,91,91
1,93,18,93,93,93
2,5,17,1,2,2
2,91,991,91,91,91
2,93,16,93,93,93
1,91,991,91,91,91
1,3,17,2,2,1
2,93,29,93,93,93
1,93,20,93,93,93
2,91,991,91,91,91
2,93,21,93,93,93
2,91,991,91,91,91
2,2,44,2,2,1
2,25,15,2,1,2
1,91,991,91,91,91
1,91,991,91,91,91
1,91,991,91,91,91
1,93,12,93,93,93
1,20,18,1,2,2
2,91,991,91,91,91
2,91,991,91,91,91
1,91,991,91,91,91
1,91,991,91,91,91
1,91,991,91,91,91
2,1,18,1,2,2
1,91,991,91,91,91
1,91,991,91,91,91
2,93,15,93,93,93
1,93,24,93,93,93
2,30,15,1,2,2
1,91,991,91,91,91
1,93,16,93,93,93
2,93,16,93,93,93
1,20,18,1,1,2
1,2,17,1,2,2
2,91,991,91,91,91
2,29,17,1,2,2
2,91,991,91,91,91
1,25,18,2,1,1
1,91,991,91,91,91
1,93,17,93,93,93
2,7,13,2,2,1
1,91,991,91,91,91
1,1,15,2,1,2
2,93,18,93,93,93
2,93,994,93,93,93
1,91,991,91,91,91
2,91,991,91,91,91
1,91,991,91,91,91
2,30,18,1,2,1
2,93,16,93,93,93
1,93,15,93,93,93
2,91,991,91,91,91
1,91,991,91,91,91
1,91,991,91,91,91
2,30,72,2,2,1
1,13,15,1,2,2
1,93,13,93,93,93
1,91,991,91,91,91
2,91,991,91,91,91
1,9,14,2,1,2
2,91,991,91,91,91
1,91,991,91,91,91
2,93,23,93,93,93
1,1,14,1,2,1
1,91,991,91,91,91
2,91,991,91,91,91
2,91,991,91,91,91
2,93,10,93,93,93
2,20,16,2,2,2
1,93,19,93,93,93
2,91,991,91,91,91
1,93,17,93,93,93
1,93,17,93,93,93
2,91,991,91,91,91
2,91,991,91,91,91
1,91,991,91,91,91
2,91,991,91,91,91
1,91,991,91,91,91
2,91,991,91,91,91
1,91,991,91,91,91
2,91,991,91,91,91
1,93,20,93,93,93
1,91,991,91,91,91
2,1,15,1,2,2
1,91,991,91,91,91
1,91,991,91,91,91
1,91,991,91,91,91
2,98,985,98,98,98
1,91,991,91,91,91
1,91,991,91,91,91
2,91,991,91,91,91
2,26,14,1,1,1
1,93,22,93,93,93
2,93,18,93,93,93
1,91,991,91,91,91
2,93,30,93,93,93
1,91,991,91,91,91
2,91,991,91,91,91
2,91,991,91,91,91
2,93,15,93,93,93
1,91,991,91,91,91
2,91,991,91,91,91
2,91,991,91,91,91
2,4,20,1,1,2
1,93,12,93,93,93
2,93,15,93,93,93
2,93,18,93,93,93
2,91,991,91,91,91
1,93,15,93,93,93
2,93,14,93,93,93
2,93,19,93,93,93
1,91,991,91,91,91
1,91,991,91,91,91
2,26,15,1,2,2
2,91,991,91,91,91
2,93,15,93,93,93
2,93,14,93,93,93
1,91,991,91,91,91
2,93,17,93,93,93
1,91,991,91,91,91
2,91,991,91,91,91
2,25,19,1,2,1
1,93,15,93,93,93
1,93,20,93,93,93
1,25,16,1,1,2
2,3,16,1,2,2
1,5,20,2,1,1
1,26,16,1,1,2
2,5,13,1,2,1
1,91,991,91,91,91
1,20,16,1,1,2
1,93,12,93,93,93
2,22,15,1,1,1
1,91,991,91,91,91
2,91,991,91,91,91
2,30,13,1,2,2
2,93,16,93,93,93
2,91,991,91,91,91
2,93,18,93,93,93
2,91,991,91,91,91
2,1,28,2,2,1
2,91,991,91,91,91
2,93,21,93,93,93
1,91,991,91,91,91
2,91,991,91,91,91
2,93,14,93,93,93
1,93,11,93,93,93
1,91,991,91,91,91
1,91,991,91,91,91
2,30,20,1,1,1
2,98,14,98,98,98
2,93,47,93,93,93
1,93,14,93,93,93
1,20,22,1,2,2
1,30,15,1,2,2
1,93,16,93,93,93
2,91,991,91,91,91
1,91,991,91,91,91
1,93,24,93,93,93
2,30,13,1,2,2
2,91,991,91,91,91
1,91,991,91,91,91
1,29,9,1,2,2
1,91,991,91,91,91
2,91,991,91,91,91
1,25,33,1,1,1
2,93,74,93,93,93
1,91,991,91,91,91
1,93,19,93,93,93
2,93,17,93,93,93
1,93,16,93,93,93
2,91,991,91,91,91
1,91,991,91,91,91
2,91,991,91,91,91
2,30,16,1,2,2
2,91,991,91,91,91
1,91,991,91,91,91
1,91,991,91,91,91
2,91,991,91,91,91
2,91,991,91,91,91
1,93,18,93,93,93
1,93,14,93,93,93
2,91,991,91,91,91
1,91,991,91,91,91
2,93,17,93,93,93
1,1,18,1,2,2
1,91,991,91,91,91
2,91,991,91,91,91
2,93,15,93,93,93
2,15,14,2,2,1
2,91,991,91,91,91
2,93,12,93,93,93
1,91,991,91,91,91
2,20,18,1,2,1
1,93,14,93,93,93
1,93,14,93,93,93
1,93,17,93,93,93
1,93,16,93,93,93
2,91,991,91,91,91
1,91,991,91,91,91
2,91,991,91,91,91
1,91,991,91,91,91
1,93,15,93,93,93
1,91,991,91,91,91
2,91,991,91,91,91
1,93,17,93,93,93
1,91,991,91,91,91
2,20,13,1,1,1
1,91,991,91,91,91
1,21,994,1,2,2
1,93,18,93,93,93
1,91,991,91,91,91
2,91,991,91,91,91
1,91,991,91,91,91
2,91,991,91,91,91
2,93,16,93,93,93
2,91,991,91,91,91
2,91,991,91,91,91
1,91,991,91,91,91
2,91,991,91,91,91
1,98,24,98,98,98
2,10,19,1,1,2
2,91,991,91,91,91
1,91,991,91,91,91
2,93,19,93,93,93
2,91,991,91,91,91
2,7,19,2,2,1
2,91,991,91,91,91
1,93,14,93,93,93
2,91,991,91,91,91
1,91,991,91,91,91
1,93,18,93,93,93
2,91,991,91,91,91
1,91,991,91,91,91
2,93,36,93,93,93
1,93,15,93,93,93
1,91,991,91,91,91
2,91,991,91,91,91
1,93,15,93,93,93
2,91,991,91,91,91
1,15,8,1,1,2
1,93,19,93,93,93
2,93,18,93,93,93
1,30,16,2,2,1
1,91,991,91,91,91
2,91,991,91,91,91
2,91,991,91,91,91
1,10,25,1,2,1
1,91,991,91,91,91
2,91,991,91,91,91
2,30,14,1,1,2
2,93,18,93,93,93
2,20,17,1,1,1
2,91,991,91,91,91
2,30,17,1,2,2
1,1,15,2,2,1
2,93,16,93,93,93
1,1,15,2,1,2
2,93,18,93,93,93
1,91,991,91,91,91
1,91,991,91,91,91
2,91,991,91,91,91
2,91,991,91,91,91
1,91,991,91,91,91
2,91,991,91,91,91
2,93,21,93,93,93
1,91,991,91,91,91
2,93,24,93,93,93
2,93,32,93,93,93
2,91,991,91,91,91
2,93,17,93,93,93
2,2,14,2,1,2
2,12,14,1,2,1
1,9,15,1,1,1
1,91,991,91,91,91
1,91,991,91,91,91
2,91,991,91,91,91
1,91,991,91,91,91
1,91,991,91,91,91
2,91,991,91,91,91
1,20,14,1,1,2
1,91,991,91,91,91
2,91,991,91,91,91
2,91,991,91,91,91
1,91,991,91,91,91
2,93,13,93,93,93
2,91,991,91,91,91
2,3,16,2,1,2
1,91,991,91,91,91
1,20,15,1,1,2
2,91,991,91,91,91
1,91,991,91,91,91
1,2,25,2,1,1
1,91,991,91,91,91
2,91,991,91,91,91
2,91,991,91,91,91
1,30,12,1,2,2
1,91,991,91,91,91
1,30,9,1,1,2
2,93,17,93,93,93
2,91,991,91,91,91
2,93,43,93,93,93
2,91,991,91,91,91
2,91,991,91,91,91
2,91,991,91,91,91
1,91,991,91,91,91
1,91,991,91,91,91
2,30,13,2,2,1
1,91,991,91,91,91
2,25,16,1,2,1
1,91,991,91,91,91
2,91,991,91,91,91
2,91,991,91,91,91
1,6,14,1,2,2
2,91,991,91,91,91
2,91,991,91,91,91
2,93,12,93,93,93
1,1,21,1,2,2
2,91,991,91,91,91
1,91,991,91,91,91
2,93,12,93,93,93
2,93,30,93,93,93
1,91,991,91,91,91
2,93,24,93,93,93
1,93,30,93,93,93
1,93,21,93,93,93
1,93,16,93,93,93
2,93,26,93,93,93
2,91,991,91,91,91
1,15,18,1,2,2
2,91,991,91,91,91
1,30,10,1,2,2
1,93,21,93,93,93
1,20,17,1,2,2
1,91,991,91,91,91
1,93,29,93,93,93
2,91,991,91,91,91
2,91,991,91,91,91
1,93,18,93,93,93
2,30,14,1,1,2
1,93,17,93,93,93
2,5,21,1,2,1
2,98,15,98,98,98
2,91,991,91,91,91
2,28,9,1,1,2
1,93,21,93,93,93
1,91,991,91,91,91
1,91,991,91,91,91
1,93,16,93,93,93
2,3,25,1,2,2
2,91,991,91,91,91
1,91,991,91,91,91
1,91,991,91,91,91
2,93,19,93,93,93
2,4,14,1,1,1
2,93,19,93,93,93
2,91,991,91,91,91
2,91,991,91,91,91
1,91,991,91,91,91
1,30,20,2,1,2
2,28,11,1,1,1
2,2,12,2,1,2
1,91,991,91,91,91
2,93,17,93,93,93
1,91,991,91,91,91
2,93,13,93,93,93
1,26,14,1,1,2
1,30,16,1,1,1
2,91,991,91,91,91
1,93,18,93,93,93
1,30,15,1,2,2
1,91,991,91,91,91
2,91,991,91,91,91
2,93,17,93,93,93
1,93,18,93,93,93
2,17,14,1,2,2
1,4,14,2,2,1
1,93,18,93,93,93
1,91,991,91,91,91
2,91,991,91,91,91
1,15,14,1,1,2
2,91,991,91,91,91
1,91,991,91,91,91
2,93,16,93,93,93
2,93,18,93,93,93
1,91,991,91,91,91
2,91,991,91,91,91
2,93,21,93,93,93
2,30,33,1,1,2
2,91,991,91,91,91
1,27,17,1,2,2
1,91,991,91,91,91
1,91,991,91,91,91
2,91,991,91,91,91
2,93,14,93,93,93
1,93,17,93,93,93
2,91,991,91,91,91
2,91,991,91,91,91
2,3,36,2,1,1
1,91,991,91,91,91
1,91,991,91,91,91
2,91,991,91,91,91
2,93,29,93,93,93
1,91,991,91,91,91
2,91,991,91,91,91
2,93,42,93,93,93
2,93,11,93,93,93
2,93,21,93,93,93
1,93,24,93,93,93
2,91,991,91,91,91
2,93,13,93,93,93
1,91,991,91,91,91
2,93,33,93,93,93
1,93,13,93,93,93
1,91,991,91,91,91
2,93,13,93,93,93
1,93,18,93,93,93
1,93,13,93,93,93
2,91,991,91,91,91
1,91,991,91,91,91
2,91,991,91,91,91
1,93,16,93,93,93
2,93,16,93,93,93
1,93,9,93,93,93
2,91,991,91,91,91
2,25,15,1,1,2
2,93,25,93,93,93
1,1,19,2,1,2
2,93,17,93,93,93
1,91,991,91,91,91
1,91,991,91,91,91
1,91,991,91,91,91
1,93,29,93,93,93
2,91,991,91,91,91
2,91,991,91,91,91
2,91,991,91,91,91
2,91,991,91,91,91
1,91,991,91,91,91
1,91,991,91,91,91
1,91,991,91,91,91
1,20,18,1,1,1
1,98,23,98,98,98
2,93,16,93,93,93
1,93,15,93,93,93
2,28,32,2,1,1
2,93,21,93,93,93
1,15,25,2,1,1
1,91,991,91,91,91
2,28,13,2,1,2
2,91,991,91,91,91
2,91,991,91,91,91
1,91,991,91,91,91
1,91,991,91,91,91
2,91,991,91,91,91
1,91,991,91,91,91
2,91,991,91,91,91
2,91,991,91,91,91
2,93,18,93,93,93
1,91,991,91,91,91
2,91,991,91,91,91
2,93,16,93,93,93
1,28,14,2,1,2
2,91,991,91,91,91
1,1,17,2,2,1
1,91,991,91,91,91
2,91,991,91,91,91
2,91,991,91,91,91
2,3,16,1,2,2
2,91,991,91,91,91
2,91,991,91,91,91
1,93,14,93,93,93
1,3,13,2,1,2
1,93,13,93,93,93
1,91,991,91,91,91
2,1,13,1,2,2
2,91,991,91,91,91
2,91,991,91,91,91
2,93,18,93,93,93
2,93,18,93,93,93
1,91,991,91,91,91
2,93,17,93,93,93
2,93,16,93,93,93
2,91,991,91,91,91
2,93,18,93,93,93
2,93,20,93,93,93
1,93,21,93,93,93
1,91,991,91,91,91
1,91,991,91,91,91
2,3,17,2,1,2
2,91,991,91,91,91
2,91,991,91,91,91
1,91,991,91,91,91
1,91,991,91,91,91
2,30,25,1,1,2
1,91,991,91,91,91
2,93,16,93,93,93
1,91,991,91,91,91
1,91,991,91,91,91
1,91,991,91,91,91
2,30,16,1,2,2
2,91,991,91,91,91
2,91,991,91,91,91
2,91,991,91,91,91
2,93,16,93,93,93
1,91,991,91,91,91
1,91,991,91,91,91
2,91,991,91,91,91
1,91,991,91,91,91
2,91,991,91,91,91
1,91,991,91,91,91
2,93,17,93,93,93
1,91,991,91,91,91
2,91,991,91,91,91
1,5,15,1,2,1
1,20,17,1,2,2
1,93,17,93,93,93
1,93,21,93,93,93
1,91,991,91,91,91
1,4,20,2,2,1
1,2,1,1,2,2
2,91,991,91,91,91
2,91,991,91,91,91
1,93,13,93,93,93
2,93,21,93,93,93
2,93,15,93,93,93
2,91,991,91,91,91
2,91,991,91,91,91
2,93,21,93,93,93
2,91,991,91,91,91
2,91,991,91,91,91
2,93,16,93,93,93
2,91,991,91,91,91
1,91,991,91,91,91
1,25,12,1,1,2
2,91,991,91,91,91
2,93,16,93,93,93
2,91,991,91,91,91
1,5,18,1,2,2
2,91,991,91,91,91
2,91,991,91,91,91
1,91,991,91,91,91
2,91,991,91,91,91
1,93,18,93,93,93
2,93,23,93,93,93
2,91,991,91,91,91
1,91,991,91,91,91
1,91,991,91,91,91
1,93,15,93,93,93
1,91,991,91,91,91
2,91,991,91,91,91
1,91,991,91,91,91
2,25,18,1,1,2
1,91,991,91,91,91
1,91,991,91,91,91
1,91,991,91,91,91
1,93,23,93,93,93
2,30,19,1,1,2
2,91,991,91,91,91
2,91,991,91,91,91
1,91,991,91,91,91
2,93,18,93,93,93
2,93,27,93,93,93
1,91,991,91,91,91
2,10,15,1,1,2
1,93,25,93,93,93
2,91,991,91,91,91
2,91,991,91,91,91
2,91,991,91,91,91
2,91,991,91,91,91
1,91,991,91,91,91
2,1,18,1,2,2
2,30,17,1,2,2
1,1,17,1,2,2
1,7,16,1,2,2
2,93,16,93,93,93
1,30,13,1,1,1
2,93,12,93,93,93
1,91,991,91,91,91
1,91,991,91,91,91
2,93,18,93,93,93
2,93,20,93,93,93
2,91,991,91,91,91
2,93,18,93,93,93
2,30,15,1,2,1
2,91,991,91,91,91
1,91,991,91,91,91
1,91,991,91,91,91
2,93,18,93,93,93
2,91,991,91,91,91
2,93,17,93,93,93
2,91,991,91,91,91
2,12,16,1,2,2
2,91,991,91,91,91
2,93,30,93,93,93
2,30,24,1,2,2
2,91,991,91,91,91
1,91,991,91,91,91
2,30,15,1,2,2
2,91,991,91,91,91
1,91,991,91,91,91
2,91,991,91,91,91
2,93,18,93,93,93
2,91,991,91,91,91
2,93,20,93,93,93
1,91,991,91,91,91
2,93,41,93,93,93
1,91,991,91,91,91
2,91,991,91,91,91
1,91,991,91,91,91
2,91,991,91,91,91
2,30,16,1,1,1
1,30,19,3,2,2
2,91,991,91,91,91
1,91,991,91,91,91
1,93,25,93,93,93
1,93,14,93,93,93
2,1,15,1,2,2
1,91,991,91,91,91
1,91,991,91,91,91
2,2,15,2,2,1
1,93,25,93,93,93
1,91,991,91,91,91
1,91,991,91,91,91
1,93,18,93,93,93
2,93,26,93,93,93
2,91,991,91,91,91
1,91,991,91,91,91
1,91,991,91,91,91
2,91,991,91,91,91
1,91,991,91,91,91
1,91,991,91,91,91
1,10,14,1,2,1
1,91,991,91,91,91
1,25,13,2,1,2
1,93,22,93,93,93
1,91,991,91,91,91
1,91,991,91,91,91
2,93,17,93,93,93
1,91,991,91,91,91
1,93,16,93,93,93
2,91,991,91,91,91
2,91,991,91,91,91
1,91,991,91,91,91
1,91,991,91,91,91
1,91,991,91,91,91
1,91,991,91,91,91
2,93,18,93,93,93
1,91,991,91,91,91
2,91,991,91,91,91
2,91,991,91,91,91
1,21,15,1,2,1
1,93,16,93,93,93
2,91,991,91,91,91
2,30,8,1,1,1
2,93,17,93,93,93
1,93,26,93,93,93
1,91,991,91,91,91
1,91,991,91,91,91
2,30,18,1,2,2
2,91,991,91,91,91
2,93,21,93,93,93
1,91,991,91,91,91
1,91,991,91,91,91
2,30,34,1,2,2
2,91,991,91,91,91
1,91,991,91,91,91
2,91,991,91,91,91
2,91,991,91,91,91
2,91,991,91,91,91
1,93,17,93,93,93
2,91,991,91,91,91
2,93,17,93,93,93
2,93,45,93,93,93
2,91,991,91,91,91
2,91,991,91,91,91
1,91,991,91,91,91
2,93,16,93,93,93
2,30,18,2,1,2
2,91,991,91,91,91
2,91,991,91,91,91
2,93,20,93,93,93
2,2,21,1,1,2
2,91,991,91,91,91
2,91,991,91,91,91
2,93,25,93,93,93
1,91,991,91,91,91
2,93,11,93,93,93
2,91,991,91,91,91
2,2,20,2,1,2
1,93,16,93,93,93
1,91,991,91,91,91
1,3,19,1,2,2
1,91,991,91,91,91
2,91,991,91,91,91
2,91,991,91,91,91
1,93,38,93,93,93
1,91,991,91,91,91
2,93,15,93,93,93
1,30,17,1,1,2
2,91,991,91,91,91
2,93,17,93,93,93
2,91,991,91,91,91
2,91,991,91,91,91
2,30,13,1,1,1
2,5,15,1,1,1
1,30,5,1,2,2
1,91,991,91,91,91
2,93,16,93,93,93
2,91,991,91,91,91
2,91,991,91,91,91
2,91,991,91,91,91
2,93,22,93,93,93
2,91,991,91,91,91
2,91,991,91,91,91
2,93,26,93,93,93
2,91,991,91,91,91
1,93,13,93,93,93
2,91,991,91,91,91
1,91,991,91,91,91
2,1,18,1,1,2
1,30,38,2,2,1
1,91,991,91,91,91
2,91,991,91,91,91
1,93,18,93,93,93
2,91,991,91,91,91
1,30,15,1,2,2
2,93,18,93,93,93
2,30,14,1,2,1
1,93,18,93,93,93
2,91,991,91,91,91
2,93,19,93,93,93
1,91,991,91,91,91
1,30,12,1,1,2
2,3,24,2,2,3
1,93,19,93,93,93
1,30,16,1,1,2
1,91,991,91,91,91
2,93,50,93,93,93
1,91,991,91,91,91
1,91,991,91,91,91
1,91,991,91,91,91
1,93,15,93,93,93
1,91,991,91,91,91
2,3,14,1,1,1
1,91,991,91,91,91
1,8,15,1,2,2
2,91,991,91,91,91
2,93,15,93,93,93
1,91,991,91,91,91
1,93,15,93,93,93
2,93,22,93,93,93
1,91,991,91,91,91
2,30,40,2,2,2
2,91,991,91,91,91
2,91,991,91,91,91
1,91,991,91,91,91
1,91,991,91,91,91
2,91,991,91,91,91
2,93,18,93,93,93
1,91,991,91,91,91
2,91,991,91,91,91
1,93,13,93,93,93
1,91,991,91,91,91
2,91,991,91,91,91
1,91,991,91,91,91
2,93,38,93,93,93
2,91,991,91,91,91
1,93,16,93,93,93
2,91,991,91,91,91
2,93,20,93,93,93
2,93,20,93,93,93
1,93,18,93,93,93
2,91,991,91,91,91
1,91,991,91,91,91
1,91,991,91,91,91
2,91,991,91,91,91
1,91,991,91,91,91
1,93,21,93,93,93
2,91,991,91,91,91
1,91,991,91,91,91
2,3,13,2,1,1
1,91,991,91,91,91
1,91,991,91,91,91
1,91,991,91,91,91
2,98,21,98,98,98
1,93,17,93,93,93
2,91,991,91,91,91
2,91,991,91,91,91
1,91,991,91,91,91
2,93,21,93,93,93
1,91,991,91,91,91
1,93,15,93,93,93
2,91,991,91,91,91
2,93,22,93,93,93
2,25,16,1,1,1
1,91,991,91,91,91
2,91,991,91,91,91
1,12,15,2,1,2
1,91,991,91,91,91
1,91,991,91,91,91
2,91,991,91,91,91
2,93,25,93,93,93
2,91,991,91,91,91
2,93,14,93,93,93
2,91,991,91,91,91
2,93,14,93,93,93
2,91,991,91,91,91
2,91,991,91,91,91
1,93,20,93,93,93
2,91,991,91,91,91
2,91,991,91,91,91
1,93,16,93,93,93
1,91,991,91,91,91
2,91,991,91,91,91
1,91,991,91,91,91
2,91,991,91,91,91
1,91,991,91,91,91
2,91,991,91,91,91
1,91,991,91,91,91
2,93,12,93,93,93
1,91,991,91,91,91
1,3,21,2,1,2
2,91,991,91,91,91
1,91,991,91,91,91
1,93,16,93,93,93
2,91,991,91,91,91
2,93,13,93,93,93
1,91,991,91,91,91
2,1,21,1,2,2
2,93,30,93,93,93
1,91,991,91,91,91
2,91,991,91,91,91
2,30,11,1,1,2
2,3,17,1,2,2
2,91,991,91,91,91
2,93,37,93,93,93
2,91,991,91,91,91
1,93,12,93,93,93
2,91,991,91,91,91
1,91,991,91,91,91
2,30,18,1,1,2
1,93,20,93,93,93
1,93,30,93,93,93
2,30,14,1,2,2
1,91,991,91,91,91
2,91,991,91,91,91
2,91,991,91,91,91
2,91,991,91,91,91
1,93,15,93,93,93
2,93,14,93,93,93
2,91,991,91,91,91
2,91,991,91,91,91
1,91,991,91,91,91
1,91,991,91,91,91
2,91,991,91,91,91
2,91,991,91,91,91
2,22,11,1,1,1
2,91,991,91,91,91
2,25,12,1,2,2
2,98,17,98,98,98
2,93,16,93,93,93
2,91,991,91,91,91
2,91,991,91,91,91
2,1,35,2,2,1
2,91,991,91,91,91
2,91,991,91,91,91
1,1,13,1,1,2
1,91,991,91,91,91
1,91,991,91,91,91
2,93,19,93,93,93
2,91,991,91,91,91
1,91,991,91,91,91
2,91,991,91,91,91
1,91,991,91,91,91
1,93,18,93,93,93
1,91,991,91,91,91
1,91,991,91,91,91
2,30,16,1,1,1
1,91,991,91,91,91
2,93,14,93,93,93
2,91,991,91,91,91
1,91,991,91,91,91
1,91,991,91,91,91
1,93,35,93,93,93
2,93,16,93,93,93
2,91,991,91,91,91
2,30,14,1,1,1
2,91,991,91,91,91
1,93,18,93,93,93
1,91,991,91,91,91
2,91,991,91,91,91
1,91,991,91,91,91
2,91,991,91,91,91
2,91,991,91,91,91
1,22,19,1,1,1
2,91,991,91,91,91
2,91,991,91,91,91
1,93,40,93,93,93
2,91,991,91,91,91
1,93,26,93,93,93
1,91,991,91,91,91
2,93,22,93,93,93
1,91,991,91,91,91
2,93,22,93,93,93
2,91,991,91,91,91
1,91,991,91,91,91
2,8,23,2,2,1
2,91,991,91,91,91
1,93,24,93,93,93
1,91,991,91,91,91
1,93,14,93,93,93
1,91,991,91,91,91
2,91,991,91,91,91
2,91,991,91,91,91
2,91,991,91,91,91
1,93,48,93,93,93
1,91,991,91,91,91
1,1,14,1,2,2
2,91,991,91,91,91
2,2,18,1,2,2
1,93,25,93,93,93
1,91,991,91,91,91
2,93,20,93,93,93
2,91,991,91,91,91
2,93,14,93,93,93
1,91,991,91,91,91
2,6,18,2,1,2
2,93,14,93,93,93
2,1,15,1,1,1
1,91,991,91,91,91
2,91,991,91,91,91
2,93,16,93,93,93
2,94,16,2,1,1
2,93,14,93,93,93
1,30,9,1,2,2
1,91,991,91,91,91
2,93,22,93,93,93
2,1,16,1,2,2
2,91,991,91,91,91
2,30,19,1,1,2
2,93,22,93,93,93
1,91,991,91,91,91
2,93,15,93,93,93
2,93,26,93,93,93
2,91,991,91,91,91
2,93,20,93,93,93
1,1,18,2,2,1
2,93,17,93,93,93
1,91,991,91,91,91
1,93,18,93,93,93
1,93,15,93,93,93
2,93,16,93,93,93
2,91,991,91,91,91
2,91,991,91,91,91
1,93,17,93,93,93
2,91,991,91,91,91
1,93,14,93,93,93
1,91,991,91,91,91
2,30,17,1,1,2
1,91,991,91,91,91
2,93,18,93,93,93
1,91,991,91,91,91
1,91,991,91,91,91
2,91,991,91,91,91
1,30,14,1,1,1
1,91,991,91,91,91
1,3,20,1,1,1
1,93,18,93,93,93
1,91,991,91,91,91
1,91,991,91,91,91
2,91,991,91,91,91
1,91,991,91,91,91
1,91,991,91,91,91
2,93,22,93,93,93
1,91,991,91,91,91
2,93,16,93,93,93
1,91,991,91,91,91
2,93,17,93,93,93
2,91,991,91,91,91
2,14,16,1,1,1
1,91,991,91,91,91
2,93,37,93,93,93
1,91,991,91,91,91
2,91,991,91,91,91
1,91,991,91,91,91
2,93,20,93,93,93
2,91,991,91,91,91
2,91,991,91,91,91
1,91,991,91,91,91
1,91,991,91,91,91
2,91,991,91,91,91
1,91,991,91,91,91
1,91,991,91,91,91
1,91,991,91,91,91
1,91,991,91,91,91
2,93,19,93,93,93
2,91,991,91,91,91
1,93,30,93,93,93
1,91,991,91,91,91
1,91,991,91,91,91
2,93,15,93,93,93
1,91,991,91,91,91
2,93,58,93,93,93
1,91,991,91,91,91
1,1,13,2,1,2
1,91,991,91,91,91
2,91,991,91,91,91
2,91,991,91,91,91
1,93,26,93,93,93
1,91,991,91,91,91
2,91,991,91,91,91
1,91,991,91,91,91
2,91,991,91,91,91
2,91,991,91,91,91
2,91,991,91,91,91
2,91,991,91,91,91
1,91,991,91,91,91
2,91,991,91,91,91
2,91,991,91,91,91
2,91,991,91,91,91
1,93,21,93,93,93
2,91,991,91,91,91
1,91,991,91,91,91
2,93,16,93,93,93
2,91,991,91,91,91
1,91,991,91,91,91
1,91,991,91,91,91
2,93,18,93,93,93
1,93,13,93,93,93
1,1,16,1,1,2
1,93,22,93,93,93
1,91,991,91,91,91
2,91,991,91,91,91
2,91,991,91,91,91
1,91,991,91,91,91
1,91,991,91,91,91
2,91,991,91,91,91
1,91,991,91,91,91
2,30,15,1,2,1
2,91,991,91,91,91
2,15,14,2,1,1
2,93,19,93,93,93
2,91,991,91,91,91
1,93,20,93,93,93
2,28,19,1,1,2
2,91,991,91,91,91
2,91,991,91,91,91
1,93,21,93,93,93
1,91,991,91,91,91
1,93,16,93,93,93
1,93,16,93,93,93
2,91,991,91,91,91
2,93,16,93,93,93
1,18,14,1,2,2
1,91,991,91,91,91
2,91,991,91,91,91
2,91,991,91,91,91
2,91,991,91,91,91
2,91,991,91,91,91
1,91,991,91,91,91
1,91,991,91,91,91
2,91,991,91,91,91
1,93,17,93,93,93
2,93,17,93,93,93
1,93,17,93,93,93
1,91,991,91,91,91
2,91,991,91,91,91
1,91,991,91,91,91
1,30,14,1,1,1
1,93,18,93,93,93
1,93,63,93,93,93
2,29,21,1,1,1
1,91,991,91,91,91
1,91,991,91,91,91
2,91,991,91,91,91
2,98,18,98,98,98
2,93,18,93,93,93
2,93,16,93,93,93
1,91,991,91,91,91
1,93,18,93,93,93
2,91,991,91,91,91
1,91,991,91,91,91
2,30,39,1,2,2
1,91,991,91,91,91
1,91,991,91,91,91
1,93,27,93,93,93
1,30,14,1,2,2
2,91,991,91,91,91
2,93,16,93,93,93
1,91,991,91,91,91
2,91,991,91,91,91
2,1,17,1,2,2
2,91,991,91,91,91
1,93,20,93,93,93
2,91,991,91,91,91
2,91,991,91,91,91
2,93,30,93,93,93
1,91,991,91,91,91
2,93,20,93,93,93
2,91,991,91,91,91
2,91,991,91,91,91
1,91,991,91,91,91
1,91,991,91,91,91
2,93,14,93,93,93
2,91,991,91,91,91
1,93,17,93,93,93
2,93,20,93,93,93
2,91,991,91,91,91
2,93,15,93,93,93
1,93,16,93,93,93
2,93,26,93,93,93
2,93,21,93,93,93
2,91,991,91,91,91
2,91,991,91,91,91
2,91,991,91,91,91
2,2,20,2,2,1
1,30,12,1,1,2
2,91,991,91,91,91
1,91,991,91,91,91
2,91,991,91,91,91
1,91,991,91,91,91
1,91,991,91,91,91
2,30,13,1,1,2
2,2,28,1,2,2
2,91,991,91,91,91
2,91,991,91,91,91
1,91,991,91,91,91
2,93,20,93,93,93
1,91,991,91,91,91
1,91,991,91,91,91
1,91,991,91,91,91
1,3,18,1,2,2
1,91,991,91,91,91
2,91,991,91,91,91
1,91,991,91,91,91
1,93,16,93,93,93
1,93,994,93,93,93
2,91,991,91,91,91
1,93,13,93,93,93
1,6,13,2,1,2
2,91,991,91,91,91
1,93,14,93,93,93
2,91,991,91,91,91
1,93,20,93,93,93
1,93,33,93,93,93
2,93,36,93,93,93
1,24,15,1,1,2
2,30,12,1,1,2
1,91,991,91,91,91
1,91,991,91,91,91
1,91,991,91,91,91
1,91,991,91,91,91
1,91,991,91,91,91
2,1,15,1,2,2
1,91,991,91,91,91
1,93,17,93,93,93
1,91,991,91,91,91
2,91,991,91,91,91
2,7,23,2,2,2
2,91,991,91,91,91
1,91,991,91,91,91
2,91,991,91,91,91
1,93,18,93,93,93
1,91,991,91,91,91
1,91,991,91,91,91
2,93,17,93,93,93
2,91,991,91,91,91
1,93,23,93,93,93
2,91,991,91,91,91
1,93,21,93,93,93
1,93,18,93,93,93
2,91,991,91,91,91
1,24,15,1,2,2
2,16,17,1,1,2
2,93,19,93,93,93
1,91,991,91,91,91
1,91,991,91,91,91
2,91,991,91,91,91
2,93,25,93,93,93
1,91,991,91,91,91
1,91,991,91,91,91
1,30,17,1,2,2
1,93,16,93,93,93
1,91,991,91,91,91
2,3,15,1,2,1
1,91,991,91,91,91
2,93,20,93,93,93
1,91,991,91,91,91
1,91,991,91,91,91
2,91,991,91,91,91
1,91,991,91,91,91
2,91,991,91,91,91
1,30,22,1,2,2
2,91,991,91,91,91
1,93,21,93,93,93
2,91,991,91,91,91
2,91,991,91,91,91
1,91,991,91,91,91
1,91,991,91,91,91
2,93,15,93,93,93
2,91,991,91,91,91
1,91,991,91,91,91
1,93,18,93,93,93
2,20,16,1,1,1
1,91,991,91,91,91
1,91,991,91,91,91
1,93,16,93,93,93
1,91,991,91,91,91
2,91,991,91,91,91
2,91,991,91,91,91
1,93,17,93,93,93
1,91,991,91,91,91
2,93,14,93,93,93
1,93,13,93,93,93
1,91,991,91,91,91
2,93,18,93,93,93
1,30,16,1,2,1
1,91,991,91,91,91
1,30,30,1,1,1
2,91,991,91,91,91
1,2,17,1,1,2
2,91,991,91,91,91
1,91,991,91,91,91
2,20,14,1,2,2
1,93,18,93,93,93
1,91,991,91,91,91
1,93,16,93,93,93
2,91,991,91,91,91
2,91,991,91,91,91
2,91,991,91,91,91
1,91,991,91,91,91
1,91,991,91,91,91
1,91,991,91,91,91
1,93,12,93,93,93
2,93,18,93,93,93
1,91,991,91,91,91
2,93,18,93,93,93
2,93,18,93,93,93
1,93,22,93,93,93
2,91,991,91,91,91
1,91,991,91,91,91
1,91,991,91,91,91
2,91,991,91,91,91
2,93,15,93,93,93
2,30,20,1,1,2
2,93,18,93,93,93
2,91,991,91,91,91
1,93,18,93,93,93
1,93,16,93,93,93
1,93,10,93,93,93
1,93,16,93,93,93
2,93,29,93,93,93
1,91,991,91,91,91
2,91,991,91,91,91
2,91,991,91,91,91
2,91,991,91,91,91
2,91,991,91,91,91
1,93,25,93,93,93
2,91,991,91,91,91
2,93,13,93,93,93
2,93,15,93,93,93
2,91,991,91,91,91
2,91,991,91,91,91
1,30,19,1,2,2
1,91,991,91,91,91
2,91,991,91,91,91
1,91,991,91,91,91
2,91,991,91,91,91
1,91,991,91,91,91
1,91,991,91,91,91
1,93,22,93,93,93
2,93,21,93,93,93
1,91,991,91,91,91
2,91,991,91,91,91
2,4,20,1,1,1
2,93,24,93,93,93
1,91,991,91,91,91
2,93,14,93,93,93
1,93,27,93,93,93
1,91,991,91,91,91
1,93,18,93,93,93
2,91,991,91,91,91
2,91,991,91,91,91
1,91,991,91,91,91
1,91,991,91,91,91
2,91,991,91,91,91
1,93,20,93,93,93
1,91,991,91,91,91
2,93,23,93,93,93
2,91,991,91,91,91
1,91,991,91,91,91
2,93,18,93,93,93
2,30,14,1,1,2
1,91,991,91,91,91
2,30,16,1,1,2
1,91,991,91,91,91
2,91,991,91,91,91
1,91,991,91,91,91
1,91,991,91,91,91
1,91,991,91,91,91
2,91,991,91,91,91
1,91,991,91,91,91
1,91,991,91,91,91
1,91,991,91,91,91
2,93,17,93,93,93
1,91,991,91,91,91
1,91,991,91,91,91
2,93,15,93,93,93
2,93,19,93,93,93
1,91,991,91,91,91
1,93,17,93,93,93
2,91,991,91,91,91
2,93,18,93,93,93
2,91,991,91,91,91
1,91,991,91,91,91
2,93,21,93,93,93
2,91,991,91,91,91
1,93,28,93,93,93
1,91,991,91,91,91
1,91,991,91,91,91
1,93,17,93,93,93
1,91,991,91,91,91
2,91,991,91,91,91
1,20,18,1,2,2
2,93,23,93,93,93
2,30,16,1,2,1
2,91,991,91,91,91
2,91,991,91,91,91
2,93,20,93,93,93
1,91,991,91,91,91
2,93,16,93,93,93
1,4,21,1,2,2
2,91,991,91,91,91
2,93,19,93,93,93
2,91,991,91,91,91
2,93,22,93,93,93
1,93,17,93,93,93
1,30,10,1,1,2
1,93,17,93,93,93
2,2,45,2,2,1
2,91,991,91,91,91
1,91,991,91,91,91
1,91,991,91,91,91
1,91,991,91,91,91
1,91,991,91,91,91
2,20,22,2,2,1
1,91,991,91,91,91
1,93,15,93,93,93
2,93,16,93,93,93
2,93,70,93,93,93
2,93,22,93,93,93
2,93,18,93,93,93
2,91,991,91,91,91
2,91,991,91,91,91
2,93,22,93,93,93
1,91,991,91,91,91
2,91,991,91,91,91
1,5,36,2,1,1
2,5,17,2,1,2
1,91,991,91,91,91
1,15,18,1,2,2
1,91,991,91,91,91
1,93,18,93,93,93
1,91,991,91,91,91
2,30,15,2,2,1
2,91,991,91,91,91
2,91,991,91,91,91
1,91,991,91,91,91
1,91,991,91,91,91
2,91,991,91,91,91
2,91,991,91,91,91
1,8,15,1,2,2
1,6,16,1,2,2
2,91,991,91,91,91
2,93,19,93,93,93
2,91,991,91,91,91
1,91,991,91,91,91
2,91,991,91,91,91
2,91,991,91,91,91
1,7,15,1,2,2
1,91,991,91,91,91
2,91,991,91,91,91
1,93,15,93,93,93
2,30,16,1,2,1
1,91,991,91,91,91
1,91,991,91,91,91
2,93,12,93,93,93
1,91,991,91,91,91
2,93,21,93,93,93
2,93,24,93,93,93
2,91,991,91,91,91
2,93,19,93,93,93
1,91,991,91,91,91
2,91,991,91,91,91
1,91,991,91,91,91
1,91,991,91,91,91
1,91,991,91,91,91
2,91,991,91,91,91
2,91,991,91,91,91
2,91,991,91,91,91
2,91,991,91,91,91
1,12,16,1,1,1
2,91,991,91,91,91
2,91,991,91,91,91
1,30,12,1,2,2
2,93,14,93,93,93
2,30,15,1,2,2
1,30,16,1,2,2
2,93,14,93,93,93
1,91,991,91,91,91
2,30,9,1,2,2
2,93,14,93,93,93
1,93,20,93,93,93
1,91,991,91,91,91
2,93,16,93,93,93
1,2,19,2,2,1
2,93,20,93,93,93
2,91,991,91,91,91
2,93,15,93,93,93
1,8,16,1,2,1
2,1,16,2,1,1
1,93,22,93,93,93
2,91,991,91,91,91
1,93,18,93,93,93
1,91,991,91,91,91
2,26,21,1,1,2
2,93,16,93,93,93
2,93,18,93,93,93
2,93,14,93,93,93
1,2,20,2,1,2
2,91,991,91,91,91
2,91,991,91,91,91
1,91,991,91,91,91
1,98,14,98,98,98
2,93,24,93,93,93
1,91,991,91,91,91
2,93,16,93,93,93
1,91,991,91,91,91
2,91,991,91,91,91
1,93,30,93,93,93
2,91,991,91,91,91
2,91,991,91,91,91
1,91,991,91,91,91
1,91,991,91,91,91
1,91,991,91,91,91
2,1,15,2,2,1
2,93,16,93,93,93
2,91,991,91,91,91
2,91,991,91,91,91
1,91,991,91,91,91
2,91,991,91,91,91
2,91,991,91,91,91
2,91,991,91,91,91
1,91,991,91,91,91
2,91,991,91,91,91
2,93,16,93,93,93
2,91,991,91,91,91
1,91,991,91,91,91
2,93,20,93,93,93
1,91,991,91,91,91
1,91,991,91,91,91
2,93,20,93,93,93
1,91,991,91,91,91
2,91,991,91,91,91
2,93,18,93,93,93
1,93,15,93,93,93
2,91,991,91,91,91
1,91,991,91,91,91
2,91,991,91,91,91
1,91,991,91,91,91
2,91,991,91,91,91
2,91,991,91,91,91
2,91,991,91,91,91
1,93,10,93,93,93
2,91,991,91,91,91
1,91,991,91,91,91
2,91,991,91,91,91
1,23,12,1,1,2
2,93,17,93,93,93
2,93,15,93,93,93
2,93,22,93,93,93
2,93,15,93,93,93
1,91,991,91,91,91
2,93,18,93,93,93
2,15,14,1,1,1
2,91,991,91,91,91
1,93,21,93,93,93
1,91,991,91,91,91
2,91,991,91,91,91
2,91,991,91,91,91
2,93,13,93,93,93
1,91,991,91,91,91
1,6,18,1,2,1
2,91,991,91,91,91
2,91,991,91,91,91
2,3,17,1,2,2
2,30,15,1,2,1
2,91,991,91,91,91
2,91,991,91,91,91
1,91,991,91,91,91
2,91,991,91,91,91
1,91,991,91,91,91
2,91,991,91,91,91
1,91,991,91,91,91
2,91,991,91,91,91
1,91,991,91,91,91
2,3,15,2,1,2
2,91,991,91,91,91
2,91,991,91,91,91
1,91,991,91,91,91
2,10,27,1,2,2
1,93,16,93,93,93
2,93,15,93,93,93
1,91,991,91,91,91
2,93,12,93,93,93
1,93,17,93,93,93
2,93,14,93,93,93
1,93,29,93,93,93
1,91,991,91,91,91
2,91,991,91,91,91
2,91,991,91,91,91
2,91,991,91,91,91
1,91,991,91,91,91
1,91,991,91,91,91
1,91,991,91,91,91
2,1,30,2,2,1
1,15,16,1,2,2
2,93,39,93,93,93
2,93,15,93,93,93
2,93,18,93,93,93
1,91,991,91,91,91
2,91,991,91,91,91
2,93,16,93,93,93
2,93,12,93,93,93
2,91,991,91,91,91
1,91,991,91,91,91
1,91,991,91,91,91
1,91,991,91,91,91
1,91,991,91,91,91
1,91,991,91,91,91
2,91,991,91,91,91
1,10,20,2,1,2
2,91,991,91,91,91
2,91,991,91,91,91
1,93,13,93,93,93
2,5,24,1,2,1
1,28,20,2,1,2
1,91,991,91,91,91
2,91,991,91,91,91
1,91,991,91,91,91
1,91,991,91,91,91
2,91,991,91,91,91
1,91,991,91,91,91
1,93,12,93,93,93
1,91,991,91,91,91
2,91,991,91,91,91
2,93,19,93,93,93
1,93,15,93,93,93
2,26,17,1,2,1
2,91,991,91,91,91
2,93,18,93,93,93
1,93,20,93,93,93
1,91,991,91,91,91
2,93,18,93,93,93
1,91,991,91,91,91
2,91,991,91,91,91
2,91,991,91,91,91
2,93,16,93,93,93
2,93,21,93,93,93
1,91,991,91,91,91
2,91,991,91,91,91
2,28,10,1,1,2
2,91,991,91,91,91
1,1,17,1,2,2
2,91,991,91,91,91
2,93,15,93,93,93
2,91,991,91,91,91
2,91,991,91,91,91
2,93,18,93,93,93
2,2,15,1,2,1
2,2,21,2,2,1
2,30,18,1,2,2
1,93,17,93,93,93
1,91,991,91,91,91
2,5,16,2,2,2
2,25,17,1,1,2
2,91,991,91,91,91
2,93,18,93,93,93
2,91,991,91,91,91
2,91,991,91,91,91
1,91,991,91,91,91
1,93,17,93,93,93
2,91,991,91,91,91
1,14,20,1,2,2
1,91,991,91,91,91
1,91,991,91,91,91
1,91,991,91,91,91
2,91,991,91,91,91
2,93,12,93,93,93
2,93,16,93,93,93
2,91,991,91,91,91
1,91,991,91,91,91
2,91,991,91,91,91
1,91,991,91,91,91
2,93,13,93,93,93
2,93,40,93,93,93
1,91,991,91,91,91
2,93,17,93,93,93
1,93,16,93,93,93
2,93,16,93,93,93
1,91,991,91,91,91
2,91,991,91,91,91
2,91,991,91,91,91
1,25,21,1,2,2
2,91,991,91,91,91
2,93,15,93,93,93
2,93,12,93,93,93
2,91,991,91,91,91
2,91,991,91,91,91
1,6,13,1,1,2
1,2,15,1,2,2
2,91,991,91,91,91
2,91,991,91,91,91
2,6,15,1,2,2
2,91,991,91,91,91
1,91,991,91,91,91
1,30,13,1,1,2
2,91,991,91,91,91
1,91,991,91,91,91
1,91,991,91,91,91
1,93,16,93,93,93
2,15,14,2,2,1
2,93,20,93,93,93
2,91,991,91,91,91
1,20,16,1,2,2
2,93,20,93,93,93
2,91,991,91,91,91
1,91,991,91,91,91
1,91,991,91,91,91
2,20,13,1,2,1
1,91,991,91,91,91
2,91,991,91,91,91
2,91,991,91,91,91
1,91,991,91,91,91
2,93,22,93,93,93
2,91,991,91,91,91
2,91,991,91,91,91
1,91,991,91,91,91
1,20,18,1,1,1
1,93,12,93,93,93
1,91,991,91,91,91
2,93,18,93,93,93
2,93,38,93,93,93
1,10,15,2,2,2
1,91,991,91,91,91
2,91,991,91,91,91
2,91,991,91,91,91
2,91,991,91,91,91
1,5,16,1,2,2
1,91,991,91,91,91
1,91,991,91,91,91
1,91,991,91,91,91
1,93,12,93,93,93
2,91,991,91,91,91
2,93,21,93,93,93
1,93,19,93,93,93
1,91,991,91,91,91
1,93,16,93,93,93
2,93,14,93,93,93
1,91,991,91,91,91
2,91,991,91,91,91
2,93,19,93,93,93
2,91,991,91,91,91
2,5,14,1,2,2
2,91,991,91,91,91
1,93,30,93,93,93
2,25,13,2,1,2
2,93,25,93,93,93
1,93,19,93,93,93
2,93,19,93,93,93
1,91,991,91,91,91
2,91,991,91,91,91
1,91,991,91,91,91
2,91,991,91,91,91
2,93,16,93,93,93
1,91,991,91,91,91
1,93,19,93,93,93
1,93,17,93,93,93
1,91,991,91,91,91
1,91,991,91,91,91
2,30,13,1,1,1
2,30,18,1,1,2
2,93,13,93,93,93
2,91,991,91,91,91
2,93,16,93,93,93
1,91,991,91,91,91
1,91,991,91,91,91
2,93,18,93,93,93
1,93,22,93,93,93
2,91,991,91,91,91
2,93,17,93,93,93
1,91,991,91,91,91
1,93,12,93,93,93
2,91,991,91,91,91
2,93,34,93,93,93
2,2,23,1,2,1
2,25,13,1,2,2
2,91,991,91,91,91
2,93,15,93,93,93
1,91,991,91,91,91
2,91,991,91,91,91
2,93,19,93,93,93
2,91,991,91,91,91
1,91,991,91,91,91
2,1,17,1,2,1
2,93,16,93,93,93
1,91,991,91,91,91
1,30,16,1,2,2
1,30,9,1,2,2
1,91,991,91,91,91
1,11,14,2,2,1
2,91,991,91,91,91
1,93,18,93,93,93
1,5,12,2,1,2
1,91,991,91,91,91
2,2,12,1,1,2
1,91,991,91,91,91
2,91,991,91,91,91
2,93,22,93,93,93
1,91,991,91,91,91
2,91,991,91,91,91
2,91,991,91,91,91
1,91,991,91,91,91
2,91,991,91,91,91
2,93,74,93,93,93
1,17,25,2,1,2
1,91,991,91,91,91
2,91,991,91,91,91
2,93,26,93,93,93
2,91,991,91,91,91
1,93,21,93,93,93
1,91,991,91,91,91
1,30,12,1,1,1
1,91,991,91,91,91
2,91,991,91,91,91
1,91,991,91,91,91
2,91,991,91,91,91
2,93,33,93,93,93
2,91,991,91,91,91
1,91,991,91,91,91
1,91,991,91,91,91
1,91,991,91,91,91
1,91,991,91,91,91
2,93,14,93,93,93
1,91,991,91,91,91
2,15,18,1,2,2
2,30,18,1,2,2
1,93,18,93,93,93
2,93,16,93,93,93
2,91,991,91,91,91
2,93,20,93,93,93
1,30,12,1,1,1
1,93,30,93,93,93
1,93,15,93,93,93
2,91,991,91,91,91
1,15,12,1,1,2
2,91,991,91,91,91
1,93,21,93,93,93
2,91,991,91,91,91
2,91,991,91,91,91
1,91,991,91,91,91
1,91,991,91,91,91
1,93,14,93,93,93
1,2,21,1,2,1
1,4,13,1,2,2
1,20,14,1,1,2
2,91,991,91,91,91
2,91,991,91,91,91
1,93,18,93,93,93
1,91,991,91,91,91
2,91,991,91,91,91
1,91,991,91,91,91
2,93,18,93,93,93
1,30,16,1,1,1
1,93,18,93,93,93
1,93,11,93,93,93
1,93,19,93,93,93
2,91,991,91,91,91
1,93,25,93,93,93
2,91,991,91,91,91
1,91,991,91,91,91
1,91,991,91,91,91
2,91,991,91,91,91
2,93,13,93,93,93
2,91,991,91,91,91
2,30,17,1,2,2
2,24,16,1,2,2
2,93,16,93,93,93
2,93,51,93,93,93
2,91,991,91,91,91
2,93,20,93,93,93
1,91,991,91,91,91
1,91,991,91,91,91
1,30,14,1,1,1
2,24,16,1,1,1
1,91,991,91,91,91
1,30,12,1,2,2
2,91,991,91,91,91
2,93,16,93,93,93
2,26,17,1,2,2
2,91,991,91,91,91
2,15,16,2,1,1
2,91,991,91,91,91
2,91,991,91,91,91
2,93,16,93,93,93
2,91,991,91,91,91
1,93,3,93,93,93
1,8,15,1,2,2
2,91,991,91,91,91
2,1,15,1,2,2
2,91,991,91,91,91
1,91,991,91,91,91
2,91,991,91,91,91
2,93,33,93,93,93
1,6,20,2,2,2
2,91,991,91,91,91
1,91,991,91,91,91
2,2,22,1,2,2
2,93,17,93,93,93
1,7,18,2,2,1
2,93,17,93,93,93
1,91,991,91,91,91
2,91,991,91,91,91
1,91,991,91,91,91
2,30,15,1,1,2
2,93,21,93,93,93
1,91,991,91,91,91
2,91,991,91,91,91
2,91,991,91,91,91
2,93,20,93,93,93
2,93,17,93,93,93
1,11,19,1,1,1
2,30,17,1,2,2
2,91,991,91,91,91
2,91,991,91,91,91
2,1,18,1,2,1
2,91,991,91,91,91
2,93,19,93,93,93
2,3,18,1,2,2
2,91,991,91,91,91
1,91,991,91,91,91
2,91,991,91,91,91
1,91,991,91,91,91
2,91,991,91,91,91
2,93,45,93,93,93
2,91,991,91,91,91
1,1,11,2,2,1
1,91,991,91,91,91
2,91,991,91,91,91
2,93,15,93,93,93
2,30,18,1,1,1
1,91,991,91,91,91
1,93,16,93,93,93
2,91,991,91,91,91
1,1,18,1,2,2
1,91,991,91,91,91
2,25,27,1,2,2
1,91,991,91,91,91
1,91,991,91,91,91
2,91,991,91,91,91
1,91,991,91,91,91
1,9,18,1,2,2
2,91,991,91,91,91
1,91,991,91,91,91
2,91,991,91,91,91
2,93,21,93,93,93
2,91,991,91,91,91
2,91,991,91,91,91
2,91,991,91,91,91
1,91,991,91,91,91
1,91,991,91,91,91
1,91,991,91,91,91
1,91,991,91,91,91
1,93,22,93,93,93
2,20,11,1,2,2
1,91,991,91,91,91
1,93,14,93,93,93
2,91,991,91,91,91
2,91,991,91,91,91
2,98,16,98,98,98
2,93,16,93,93,93
1,93,17,93,93,93
1,91,991,91,91,91
2,91,991,91,91,91
2,93,16,93,93,93
2,91,991,91,91,91
1,91,991,91,91,91
2,91,991,91,91,91
2,93,36,93,93,93
2,93,21,93,93,93
1,2,16,1,2,2
1,91,991,91,91,91
2,91,991,91,91,91
1,93,17,93,93,93
1,93,19,93,93,93
1,91,991,91,91,91
1,25,21,2,1,1
2,91,991,91,91,91
1,93,19,93,93,93
1,91,991,91,91,91
2,91,991,91,91,91
1,93,19,93,93,93
1,91,991,91,91,91
2,91,991,91,91,91
2,91,991,91,91,91
2,91,991,91,91,91
1,93,16,93,93,93
1,91,991,91,91,91
1,93,16,93,93,93
1,93,20,93,93,93
2,93,19,93,93,93
1,93,15,93,93,93
2,93,18,93,93,93
2,20,14,1,1,1
1,91,991,91,91,91
2,93,16,93,93,93
1,93,17,93,93,93
1,91,991,91,91,91
1,25,16,2,1,1
2,91,991,91,91,91
2,91,991,91,91,91
1,91,991,91,91,91
2,93,19,93,93,93
2,93,21,93,93,93
2,91,991,91,91,91
1,91,991,91,91,91
2,91,991,91,91,91
2,91,991,91,91,91
2,91,991,91,91,91
1,93,16,93,93,93
2,93,18,93,93,93
1,91,991,91,91,91
2,20,10,1,2,2
2,93,25,93,93,93
1,98,12,98,98,98
1,29,17,2,1,1
1,91,991,91,91,91
1,91,991,91,91,91
2,91,991,91,91,91
1,7,22,2,1,1
1,91,991,91,91,91
1,28,21,2,1,1
1,91,991,91,91,91
2,91,991,91,91,91
1,20,16,1,1,2
1,93,18,93,93,93
2,91,991,91,91,91
2,93,13,93,93,93
2,91,991,91,91,91
2,93,15,93,93,93
2,91,991,91,91,91
2,91,991,91,91,91
2,91,991,91,91,91
1,91,991,91,91,91
2,91,991,91,91,91
1,93,25,93,93,93
1,91,991,91,91,91
1,91,991,91,91,91
2,93,14,93,93,93
2,91,991,91,91,91
2,8,40,1,2,1
2,91,991,91,91,91
2,93,75,93,93,93
2,93,16,93,93,93
2,30,15,1,2,2
1,91,991,91,91,91
1,93,15,93,93,93
1,91,991,91,91,91
2,93,19,93,93,93
2,93,16,93,93,93
1,91,991,91,91,91
2,91,991,91,91,91
1,93,15,93,93,93
1,93,13,93,93,93
1,6,13,1,2,1
2,91,991,91,91,91
2,91,991,91,91,91
1,93,21,93,93,93
2,91,991,91,91,91
2,91,991,91,91,91
1,91,991,91,91,91
1,91,991,91,91,91
2,93,19,93,93,93
1,91,991,91,91,91
1,93,15,93,93,93
1,91,991,91,91,91
2,93,16,93,93,93
2,93,17,93,93,93
2,91,991,91,91,91
1,91,991,91,91,91
1,91,991,91,91,91
1,91,991,91,91,91
1,91,991,91,91,91
2,91,991,91,91,91
2,91,991,91,91,91
2,20,20,1,1,1
2,93,18,93,93,93
1,93,20,93,93,93
1,93,14,93,93,93
1,91,991,91,91,91
1,91,991,91,91,91
2,91,991,91,91,91
1,91,991,91,91,91
1,30,17,1,1,2
1,2,16,1,1,2
2,2,18,2,2,1
2,93,19,93,93,93
2,91,991,91,91,91
2,91,991,91,91,91
1,91,991,91,91,91
1,93,17,93,93,93
2,91,991,91,91,91
2,93,15,93,93,93
2,30,11,1,1,2
2,91,991,91,91,91
1,25,19,1,2,1
1,91,991,91,91,91
2,91,991,91,91,91
1,91,991,91,91,91
2,91,991,91,91,91
2,91,991,91,91,91
1,91,991,91,91,91
1,93,57,93,93,93
1,93,26,93,93,93
2,2,18,2,2,1
1,91,991,91,91,91
2,91,991,91,91,91
2,91,991,91,91,91
2,91,991,91,91,91
1,91,991,91,91,91
1,91,991,91,91,91
1,93,14,93,93,93
1,1,16,1,2,2
2,93,28,93,93,93
2,91,991,91,91,91
2,7,12,1,1,2
1,5,16,1,2,2
2,91,991,91,91,91
2,91,991,91,91,91
1,91,991,91,91,91
1,91,991,91,91,91
1,93,21,93,93,93
2,91,991,91,91,91
2,91,991,91,91,91
1,91,991,91,91,91
1,3,14,1,2,2
2,91,991,91,91,91
2,91,991,91,91,91
1,91,991,91,91,91
1,6,15,1,1,2
1,4,15,1,1,1
2,93,45,93,93,93
2,1,24,2,1,2
1,93,19,93,93,93
1,28,15,1,1,2
1,93,40,93,93,93
2,91,991,91,91,91
2,93,14,93,93,93
1,91,991,91,91,91
1,91,991,91,91,91
1,91,991,91,91,91
1,93,18,93,93,93
1,91,991,91,91,91
1,91,991,91,91,91
2,91,991,91,91,91
1,30,12,1,2,2
2,91,991,91,91,91
2,91,991,91,91,91
1,28,16,2,1,2
1,93,17,93,93,93
2,91,991,91,91,91
2,91,991,91,91,91
2,30,13,1,1,2
1,91,991,91,91,91
2,4,17,1,2,2
2,91,991,91,91,91
2,91,991,91,91,91
2,93,19,93,93,93
2,30,14,1,1,2
1,93,16,93,93,93
1,93,18,93,93,93
2,2,20,2,1,2
1,93,14,93,93,93
2,1,19,2,2,1
2,91,991,91,91,91
1,91,991,91,91,91
1,93,16,93,93,93
1,91,991,91,91,91
2,91,991,91,91,91
1,30,12,1,2,2
2,91,991,91,91,91
2,93,18,93,93,93
1,91,991,91,91,91
2,91,991,91,91,91
2,91,991,91,91,91
1,91,991,91,91,91
2,93,19,93,93,93
2,91,991,91,91,91
1,91,991,91,91,91
2,91,991,91,91,91
1,93,16,93,93,93
2,91,991,91,91,91
1,91,991,91,91,91
1,91,991,91,91,91
2,93,16,93,93,93
1,91,991,91,91,91
1,91,991,91,91,91
2,91,991,91,91,91
2,91,991,91,91,91
1,91,991,91,91,91
2,91,991,91,91,91
1,91,991,91,91,91
2,91,991,91,91,91
1,93,19,93,93,93
2,93,13,93,93,93
2,91,991,91,91,91
1,91,991,91,91,91
2,30,17,1,1,1
2,98,54,98,98,98
1,93,16,93,93,93
1,93,20,93,93,93
1,93,14,93,93,93
1,91,991,91,91,91
2,91,991,91,91,91
2,91,991,91,91,91
1,91,991,91,91,91
2,91,991,91,91,91
1,93,16,93,93,93
1,91,991,91,91,91
1,93,15,93,93,93
2,93,15,93,93,93
2,91,991,91,91,91
2,91,991,91,91,91
1,93,15,93,93,93
1,91,991,91,91,91
1,91,991,91,91,91
2,91,991,91,91,91
2,93,18,93,93,93
1,91,991,91,91,91
1,93,12,93,93,93
1,91,991,91,91,91
1,91,991,91,91,91
2,93,17,93,93,93
2,93,40,93,93,93
2,93,16,93,93,93
2,93,12,93,93,93
1,28,15,1,2,1
2,2,15,2,1,2
1,91,991,91,91,91
2,91,991,91,91,91
2,93,22,93,93,93
2,93,7,93,93,93
1,1,16,1,1,2
2,91,991,91,91,91
2,93,16,93,93,93
1,93,18,93,93,93
1,93,18,93,93,93
2,93,16,93,93,93
1,91,991,91,91,91
2,30,13,1,1,2
2,93,19,93,93,93
2,91,991,91,91,91
1,10,13,2,2,1
2,26,12,1,1,2
2,91,991,91,91,91
2,91,991,91,91,91
1,93,56,93,93,93
1,91,991,91,91,91
2,91,991,91,91,91
1,93,16,93,93,93
2,93,16,93,93,93
1,10,15,1,2,1
2,91,991,91,91,91
1,91,991,91,91,91
1,18,16,1,2,2
1,91,991,91,91,91
2,93,23,93,93,93
2,10,13,1,2,1
1,91,991,91,91,91
1,5,20,2,2,1
1,93,22,93,93,93
2,91,991,91,91,91
1,93,21,93,93,93
1,91,991,91,91,91
1,91,991,91,91,91
2,91,991,91,91,91
2,91,991,91,91,91
1,20,14,1,1,1
2,91,991,91,91,91
2,93,18,93,93,93
2,93,16,93,93,93
2,30,14,1,1,2
1,93,30,93,93,93
1,91,991,91,91,91
2,91,991,91,91,91
1,91,991,91,91,91
2,93,16,93,93,93
1,91,991,91,91,91
2,91,991,91,91,91
2,93,20,93,93,93
2,93,21,93,93,93
2,91,991,91,91,91
2,91,991,91,91,91
2,25,18,1,1,1
1,93,15,93,93,93
2,91,991,91,91,91
1,91,991,91,91,91
1,23,14,1,2,1
2,93,14,93,93,93
2,91,991,91,91,91
2,91,991,91,91,91
1,30,16,1,1,1
2,91,991,91,91,91
2,93,17,93,93,93
2,93,17,93,93,93
2,3,14,2,1,2
2,93,14,93,93,93
2,93,13,93,93,93
2,28,15,1,2,2
2,30,21,1,2,2
1,93,16,93,93,93
1,91,991,91,91,91
1,91,991,91,91,91
1,91,991,91,91,91
2,91,991,91,91,91
2,93,14,93,93,93
1,93,30,93,93,93
1,91,991,91,91,91
2,91,991,91,91,91
2,91,991,91,91,91
1,91,991,91,91,91
2,91,991,91,91,91
2,91,991,91,91,91
1,91,991,91,91,91
2,91,991,91,91,91
1,91,991,91,91,91
1,30,11,1,1,1
1,23,14,2,2,2
2,91,991,91,91,91
2,7,29,2,2,1
1,93,25,93,93,93
2,91,991,91,91,91
1,91,991,91,91,91
2,91,991,91,91,91
2,93,20,93,93,93
2,4,18,1,2,1
1,91,991,91,91,91
2,91,991,91,91,91
1,91,991,91,91,91
2,2,18,1,1,1
1,93,19,93,93,93
2,91,991,91,91,91
2,93,59,93,93,93
2,91,991,91,91,91
1,91,991,91,91,91
2,93,20,93,93,93
2,91,991,91,91,91
1,91,991,91,91,91
1,93,17,93,93,93
2,1,14,1,1,2
1,91,991,91,91,91
1,91,991,91,91,91
2,91,991,91,91,91
2,91,991,91,91,91
2,91,991,91,91,91
1,93,25,93,93,93
2,91,991,91,91,91
2,93,13,93,93,93
1,93,16,93,93,93
1,91,991,91,91,91
1,2,15,1,2,2
2,91,991,91,91,91
1,91,991,91,91,91
2,30,16,1,1,2
1,5,18,1,2,2
2,91,991,91,91,91
1,93,24,93,93,93
2,7,15,1,1,2
1,91,991,91,91,91
2,91,991,91,91,91
1,91,991,91,91,91
2,91,991,91,91,91
2,91,991,91,91,91
1,91,991,91,91,91
2,91,991,91,91,91
1,93,17,93,93,93
2,91,991,91,91,91
2,91,991,91,91,91
2,93,24,93,93,93
1,91,991,91,91,91
2,91,991,91,91,91
1,93,20,93,93,93
2,93,17,93,93,93
2,91,991,91,91,91
1,91,991,91,91,91
2,91,991,91,91,91
2,91,991,91,91,91
1,91,991,91,91,91
1,91,991,91,91,91
2,91,991,91,91,91
2,91,991,91,91,91
2,93,18,93,93,93
1,91,991,91,91,91
1,91,991,91,91,91
2,91,991,91,91,91
2,91,991,91,91,91
2,93,18,93,93,93
2,91,991,91,91,91
2,93,21,93,93,93
1,91,991,91,91,91
1,93,9,93,93,93
1,91,991,91,91,91
1,91,991,91,91,91
1,14,21,1,2,2
1,93,16,93,93,93
1,93,15,93,93,93
2,2,18,2,2,1
1,30,12,1,2,1
2,93,18,93,93,93
2,91,991,91,91,91
1,91,991,91,91,91
1,20,15,1,1,1
2,93,16,93,93,93
2,91,991,91,91,91
2,7,11,1,2,2
2,93,12,93,93,93
1,91,991,91,91,91
1,10,17,1,1,2
1,93,19,93,93,93
2,91,991,91,91,91
2,93,15,93,93,93
1,91,991,91,91,91
2,93,18,93,93,93
1,91,991,91,91,91
1,91,991,91,91,91
1,91,991,91,91,91
2,91,991,91,91,91
1,25,16,1,1,1
1,91,991,91,91,91
2,91,991,91,91,91
1,91,991,91,91,91
2,30,17,1,1,2
1,93,14,93,93,93
2,91,991,91,91,91
1,91,991,91,91,91
1,91,991,91,91,91
2,93,21,93,93,93
2,91,991,91,91,91
2,91,991,91,91,91
1,15,17,2,1,1
2,91,991,91,91,91
1,91,991,91,91,91
2,1,15,2,2,1
2,91,991,91,91,91
1,93,20,93,93,93
2,93,14,93,93,93
1,1,19,1,2,2
2,93,11,93,93,93
2,91,991,91,91,91
1,91,991,91,91,91
1,98,15,98,98,98
2,91,991,91,91,91
2,93,13,93,93,93
2,93,18,93,93,93
1,91,991,91,91,91
1,91,991,91,91,91
2,91,991,91,91,91
1,91,991,91,91,91
1,91,991,91,91,91
2,91,991,91,91,91
2,93,24,93,93,93
1,91,991,91,91,91
2,93,16,93,93,93
2,91,991,91,91,91
1,91,991,91,91,91
1,91,991,91,91,91
2,93,17,93,93,93
2,91,991,91,91,91
2,91,991,91,91,91
2,91,991,91,91,91
2,91,991,91,91,91
2,91,991,91,91,91
1,91,991,91,91,91
1,28,13,1,1,1
2,93,18,93,93,93
1,91,991,91,91,91
2,91,991,91,91,91
2,93,13,93,93,93
2,91,991,91,91,91
2,91,991,91,91,91
2,3,19,1,1,1
1,91,991,91,91,91
2,93,23,93,93,93
2,93,24,93,93,93
2,91,991,91,91,91
1,93,20,93,93,93
2,93,17,93,93,93
1,91,991,91,91,91
2,91,991,91,91,91
1,91,991,91,91,91
2,91,991,91,91,91
1,91,991,91,91,91
1,91,991,91,91,91
1,91,991,91,91,91
1,91,991,91,91,91
1,91,991,91,91,91
1,91,991,91,91,91
2,93,24,93,93,93
2,91,991,91,91,91
2,91,991,91,91,91
1,1,20,2,2,1
1,93,25,93,93,93
2,30,15,1,2,2
2,91,991,91,91,91
1,30,14,1,1,2
2,91,991,91,91,91
1,5,17,2,2,1
2,91,991,91,91,91
2,91,991,91,91,91
1,91,991,91,91,91
2,91,991,91,91,91
1,93,19,93,93,93
1,91,991,91,91,91
2,91,991,91,91,91
2,93,16,93,93,93
1,91,991,91,91,91
1,91,991,91,91,91
1,2,18,1,2,1
1,91,991,91,91,91
2,93,26,93,93,93
2,91,991,91,91,91
1,91,991,91,91,91
2,91,991,91,91,91
1,91,991,91,91,91
2,29,18,1,1,1
2,91,991,91,91,91
1,91,991,91,91,91
1,30,14,1,2,2
1,91,991,91,91,91
2,93,8,93,93,93
1,30,18,1,1,1
2,91,991,91,91,91
2,91,991,91,91,91
2,91,991,91,91,91
1,91,991,91,91,91
1,91,991,91,91,91
1,93,13,93,93,93
1,93,13,93,93,93
1,93,18,93,93,93
2,2,12,1,2,2
2,93,18,93,93,93
1,91,991,91,91,91
1,91,991,91,91,91
2,91,991,91,91,91
2,91,991,91,91,91
2,91,991,91,91,91
2,93,17,93,93,93
1,93,18,93,93,93
2,91,991,91,91,91
2,91,991,91,91,91
2,91,991,91,91,91
1,93,15,93,93,93
2,30,11,1,2,2
1,91,991,91,91,91
1,91,991,91,91,91
1,91,991,91,91,91
2,2,25,1,2,1
2,91,991,91,91,91
1,93,25,93,93,93
1,91,991,91,91,91
1,2,18,2,2,1
2,91,991,91,91,91
1,91,991,91,91,91
2,91,991,91,91,91
1,91,991,91,91,91
2,93,18,93,93,93
1,93,17,93,93,93
1,93,19,93,93,93
1,30,13,1,1,2
2,91,991,91,91,91
1,91,991,91,91,91
2,93,16,93,93,93
2,91,991,91,91,91
1,93,30,93,93,93
1,30,19,1,1,2
2,93,12,93,93,93
2,93,16,93,93,93
1,91,991,91,91,91
1,93,20,93,93,93
2,91,991,91,91,91
1,91,991,91,91,91
2,91,991,91,91,91
1,25,17,1,1,1
1,91,991,91,91,91
2,93,14,93,93,93
1,93,18,93,93,93
1,1,16,1,2,2
1,93,13,93,93,93
2,91,991,91,91,91
2,15,17,1,1,2
1,91,991,91,91,91
2,1,18,1,2,2
1,91,991,91,91,91
2,93,14,93,93,93
2,91,991,91,91,91
2,93,19,93,93,93
2,91,991,91,91,91
1,91,991,91,91,91
2,91,991,91,91,91
2,1,25,2,1,2
2,93,12,93,93,93
2,93,21,93,93,93
1,91,991,91,91,91
2,91,991,91,91,91
2,93,21,93,93,93
2,91,991,91,91,91
2,93,19,93,93,93
1,30,16,1,2,2
2,91,991,91,91,91
2,91,991,91,91,91
2,91,991,91,91,91
1,20,13,1,1,2
1,91,991,91,91,91
2,93,22,93,93,93
2,91,991,91,91,91
2,93,24,93,93,93
1,91,991,91,91,91
1,20,15,1,2,2
2,93,17,93,93,93
2,10,12,1,2,2
1,91,991,91,91,91
1,1,33,1,2,2
1,91,991,91,91,91
2,91,991,91,91,91
1,93,4,93,93,93
1,91,991,91,91,91
2,91,991,91,91,91
1,12,15,1,1,2
1,93,18,93,93,93
2,91,991,91,91,91
1,91,991,91,91,91
2,91,991,91,91,91
2,91,991,91,91,91
1,91,991,91,91,91
2,5,16,2,2,1
1,1,37,1,2,1
2,91,991,91,91,91
2,91,991,91,91,91
1,91,991,91,91,91
1,91,991,91,91,91
1,93,12,93,93,93
2,2,17,1,1,2
2,30,18,2,1,1
1,93,14,93,93,93
1,91,991,91,91,91
1,91,991,91,91,91
2,93,20,93,93,93
1,93,16,93,93,93
2,93,14,93,93,93
2,93,30,93,93,93
1,91,991,91,91,91
1,30,15,1,2,2
2,91,991,91,91,91
2,91,991,91,91,91
1,91,991,91,91,91
2,93,13,93,93,93
2,93,23,93,93,93
2,93,46,93,93,93
1,91,991,91,91,91
2,93,26,93,93,93
2,93,12,93,93,93
2,1,15,1,1,1
1,91,991,91,91,91
2,91,991,91,91,91
2,91,991,91,91,91
1,91,991,91,91,91
1,91,991,91,91,91
2,93,13,93,93,93
1,93,28,93,93,93
1,24,18,1,1,1
2,91,991,91,91,91
2,91,991,91,91,91
1,25,12,2,1,2
2,30,30,1,1,1
1,91,991,91,91,91
1,93,16,93,93,93
2,91,991,91,91,91
2,93,40,93,93,93
1,93,49,93,93,93
1,93,23,93,93,93
2,93,20,93,93,93
1,91,991,91,91,91
1,15,18,1,1,1
1,91,991,91,91,91
1,91,991,91,91,91
2,93,35,93,93,93
2,91,991,91,91,91
2,91,991,91,91,91
2,91,991,91,91,91
2,91,991,91,91,91
2,93,22,93,93,93
1,91,991,91,91,91
1,91,991,91,91,91
2,93,18,93,93,93
1,20,12,1,2,2
1,91,991,91,91,91
2,91,991,91,91,91
2,3,17,1,2,2
1,91,991,91,91,91
2,91,991,91,91,91
1,91,991,91,91,91
2,93,15,93,93,93
2,91,991,91,91,91
2,30,12,1,1,1
1,30,12,1,2,2
1,93,17,93,93,93
1,91,991,91,91,91
2,91,991,91,91,91
2,1,23,1,2,2
2,91,991,91,91,91
2,93,17,93,93,93
1,91,991,91,91,91
1,91,991,91,91,91
1,91,991,91,91,91
2,93,13,93,93,93
1,91,991,91,91,91
1,91,991,91,91,91
2,91,991,91,91,91
1,91,991,91,91,91
2,91,991,91,91,91
1,93,17,93,93,93
2,93,16,93,93,93
2,93,15,93,93,93
1,97,997,98,98,98
2,30,15,1,2,2
2,91,991,91,91,91
1,91,991,91,91,91
2,91,991,91,91,91
2,3,16,2,2,1
1,91,991,91,91,91
2,93,17,93,93,93
1,91,991,91,91,91
1,93,18,93,93,93
1,91,991,91,91,91
2,91,991,91,91,91
2,6,18,2,2,1
2,91,991,91,91,91
2,91,991,91,91,91
1,91,991,91,91,91
1,30,15,1,2,2
2,10,16,2,2,1
1,93,19,93,93,93
1,91,991,91,91,91
2,91,991,91,91,91
2,93,14,93,93,93
2,93,21,93,93,93
1,91,991,91,91,91
1,3,16,1,2,1
2,93,20,93,93,93
2,2,12,1,2,2
1,2,16,1,1,1
1,91,991,91,91,91
1,91,991,91,91,91
2,91,991,91,91,91
2,91,991,91,91,91
1,91,991,91,91,91
2,91,991,91,91,91
2,93,16,93,93,93
2,91,991,91,91,91
2,91,991,91,91,91
1,91,991,91,91,91
1,93,29,93,93,93
1,91,991,91,91,91
1,91,991,91,91,91
1,91,991,91,91,91
2,91,991,91,91,91
1,1,15,1,2,2
1,91,991,91,91,91
1,93,38,93,93,93
1,91,991,91,91,91
2,91,991,91,91,91
1,91,991,91,91,91
2,93,16,93,93,93
2,91,991,91,91,91
1,93,21,93,93,93
2,93,19,93,93,93
2,91,991,91,91,91
1,93,22,93,93,93
2,93,15,93,93,93
2,93,18,93,93,93
1,91,991,91,91,91
2,91,991,91,91,91
1,91,991,91,91,91
1,93,22,93,93,93
1,93,17,93,93,93
2,93,22,93,93,93
2,93,11,93,93,93
2,93,22,93,93,93
1,91,991,91,91,91
1,93,22,93,93,93
1,93,18,93,93,93
1,93,10,93,93,93
2,91,991,91,91,91
1,91,991,91,91,91
1,93,16,93,93,93
1,91,991,91,91,91
2,91,991,91,91,91
2,91,991,91,91,91
1,91,991,91,91,91
2,91,991,91,91,91
1,93,20,93,93,93
2,91,991,91,91,91
2,93,17,93,93,93
2,91,991,91,91,91
2,91,991,91,91,91
1,91,991,91,91,91
1,91,991,91,91,91
1,91,991,91,91,91
2,93,17,93,93,93
1,91,991,91,91,91
2,91,991,91,91,91
1,91,991,91,91,91
1,93,34,93,93,93
2,91,991,91,91,91
2,30,18,1,1,2
2,91,991,91,91,91
1,93,12,93,93,93
2,93,26,93,93,93
1,91,991,91,91,91
2,91,991,91,91,91
1,91,991,91,91,91
2,91,991,91,91,91
1,91,991,91,91,91
2,14,16,2,2,1
1,91,991,91,91,91
2,91,991,91,91,91
1,91,991,91,91,91
2,91,991,91,91,91
1,93,16,93,93,93
2,93,42,93,93,93
1,91,991,91,91,91
2,91,991,91,91,91
2,91,991,91,91,91
2,91,991,91,91,91
1,25,12,1,1,2
1,93,29,93,93,93
2,91,991,91,91,91
2,91,991,91,91,91
2,91,991,91,91,91
2,93,19,93,93,93
1,91,991,91,91,91
2,91,991,91,91,91
1,93,19,93,93,93
2,93,22,93,93,93
2,91,991,91,91,91
2,91,991,91,91,91
2,93,21,93,93,93
2,91,991,91,91,91
1,28,16,1,1,2
1,30,17,1,2,1
2,93,20,93,93,93
2,93,21,93,93,93
2,91,991,91,91,91
2,91,991,91,91,91
2,93,14,93,93,93
1,91,991,91,91,91
2,93,15,93,93,93
2,91,991,91,91,91
2,20,18,2,1,2
2,15,36,1,2,1
2,91,991,91,91,91
1,91,991,91,91,91
1,93,20,93,93,93
2,91,991,91,91,91
2,91,991,91,91,91
1,93,14,93,93,93
1,3,15,1,1,2
1,91,991,91,91,91
1,91,991,91,91,91
1,26,16,1,2,2
2,93,18,93,93,93
2,91,991,91,91,91
2,91,991,91,91,91
1,91,991,91,91,91
1,28,16,1,1,1
2,91,991,91,91,91
2,93,18,93,93,93
2,91,991,91,91,91
2,2,18,1,2,1
2,91,991,91,91,91
1,93,12,93,93,93
1,91,991,91,91,91
2,8,18,1,2,1
1,91,991,91,91,91
1,93,14,93,93,93
1,91,991,91,91,91
1,91,991,91,91,91
2,91,991,91,91,91
1,30,19,1,1,2
1,4,18,1,1,2
1,91,991,91,91,91
1,93,13,93,93,93
2,12,15,1,2,2
2,93,22,93,93,93
2,93,17,93,93,93
1,91,991,91,91,91
2,91,991,91,91,91
2,93,17,93,93,93
2,93,18,93,93,93
1,91,991,91,91,91
2,91,991,91,91,91
2,91,991,91,91,91
2,91,991,91,91,91
1,91,991,91,91,91
1,91,991,91,91,91
2,20,19,1,2,2
1,30,17,1,1,2
1,91,991,91,91,91
1,91,991,91,91,91
2,91,991,91,91,91
2,91,991,91,91,91
1,91,991,91,91,91
2,93,18,93,93,93
2,91,991,91,91,91
2,91,991,91,91,91
2,93,13,93,93,93
2,91,991,91,91,91
1,91,991,91,91,91
2,91,991,91,91,91
2,25,16,1,1,2
2,91,991,91,91,91
2,93,13,93,93,93
1,91,991,91,91,91
1,93,22,93,93,93
1,91,991,91,91,91
2,93,19,93,93,93
2,93,15,93,93,93
2,91,991,91,91,91
1,93,18,93,93,93
1,93,15,93,93,93
1,93,18,93,93,93
1,91,991,91,91,91
2,93,10,93,93,93
2,91,991,91,91,91
2,93,15,93,93,93
2,91,991,91,91,91
2,93,19,93,93,93
1,10,15,1,1,2
2,30,16,1,1,2
1,91,991,91,91,91
2,91,991,91,91,91
1,2,30,2,1,2
1,1,17,2,2,1
2,91,991,91,91,91
1,91,991,91,91,91
2,93,21,93,93,93
2,93,18,93,93,93
2,91,991,91,91,91
2,93,39,93,93,93
2,93,33,93,93,93
2,91,991,91,91,91
2,91,991,91,91,91
2,91,991,91,91,91
2,91,991,91,91,91
2,91,991,91,91,91
1,91,991,91,91,91
2,25,16,1,1,2
2,91,991,91,91,91
2,91,991,91,91,91
1,91,991,91,91,91
1,93,15,93,93,93
2,30,14,1,1,1
1,91,991,91,91,91
2,1,24,2,2,1
2,93,12,93,93,93
1,91,991,91,91,91
1,16,18,2,2,1
2,7,18,1,2,2
1,93,16,93,93,93
2,91,991,91,91,91
1,91,991,91,91,91
2,91,991,91,91,91
1,93,17,93,93,93
1,91,991,91,91,91
1,93,21,93,93,93
2,91,991,91,91,91
2,93,16,93,93,93
2,91,991,91,91,91
2,93,25,93,93,93
1,91,991,91,91,91
2,91,991,91,91,91
1,91,991,91,91,91
1,5,15,1,1,2
1,30,21,1,2,2
1,1,17,2,1,2
2,91,991,91,91,91
2,2,13,2,1,2
2,91,991,91,91,91
2,93,18,93,93,93
1,91,991,91,91,91
2,93,16,93,93,93
2,91,991,91,91,91
2,93,16,93,93,93
2,93,16,93,93,93
2,30,21,2,1,2
1,91,991,91,91,91
2,91,991,91,91,91
1,91,991,91,91,91
2,91,991,91,91,91
2,91,991,91,91,91
1,93,21,93,93,93
1,91,991,91,91,91
1,91,991,91,91,91
2,91,991,91,91,91
2,91,991,91,91,91
1,91,991,91,91,91
2,93,16,93,93,93
1,91,991,91,91,91
1,93,25,93,93,93
1,91,991,91,91,91
2,91,991,91,91,91
2,93,35,93,93,93
1,93,18,93,93,93
2,91,991,91,91,91
1,91,991,91,91,91
1,91,991,91,91,91
1,91,991,91,91,91
1,30,18,1,2,2
1,30,14,1,2,1
2,93,20,93,93,93
2,30,18,1,2,2
2,91,991,91,91,91
1,91,991,91,91,91
1,91,991,91,91,91
1,4,15,1,2,2
1,93,17,93,93,93
2,91,991,91,91,91
2,91,991,91,91,91
1,91,991,91,91,91
2,25,18,1,1,2
1,91,991,91,91,91
2,91,991,91,91,91
1,91,991,91,91,91
1,93,17,93,93,93
2,91,991,91,91,91
2,91,991,91,91,91
1,91,991,91,91,91
1,91,991,91,91,91
2,91,991,91,91,91
1,15,15,1,2,2
1,91,991,91,91,91
1,93,13,93,93,93
2,5,16,1,1,1
1,91,991,91,91,91
1,93,16,93,93,93
1,91,991,91,91,91
2,91,991,91,91,91
1,91,991,91,91,91
1,93,15,93,93,93
2,91,991,91,91,91
2,93,16,93,93,93
1,93,19,93,93,93
2,2,36,2,2,1
1,91,991,91,91,91
1,1,12,1,2,2
1,91,991,91,91,91
2,91,991,91,91,91
2,1,16,1,2,2
2,93,40,93,93,93
1,91,991,91,91,91
1,91,991,91,91,91
2,93,27,93,93,93
2,91,991,91,91,91
2,93,21,93,93,93
1,93,13,93,93,93
2,93,18,93,93,93
1,91,991,91,91,91
1,93,27,93,93,93
2,91,991,91,91,91
1,91,991,91,91,91
1,91,991,91,91,91
2,93,20,93,93,93
2,91,991,91,91,91
2,93,15,93,93,93
2,94,15,1,1,2
2,6,18,2,1,2
2,91,991,91,91,91
2,91,991,91,91,91
1,91,991,91,91,91
2,93,21,93,93,93
2,91,991,91,91,91
2,91,991,91,91,91
1,91,991,91,91,91
1,91,991,91,91,91
2,93,30,93,93,93
1,93,18,93,93,93
1,91,991,91,91,91
2,91,991,91,91,91
2,91,991,91,91,91
2,91,991,91,91,91
1,91,991,91,91,91
2,91,991,91,91,91
2,93,26,93,93,93
2,91,991,91,91,91
1,93,18,93,93,93
1,91,991,91,91,91
1,93,16,93,93,93
1,91,991,91,91,91
2,91,991,91,91,91
1,91,991,91,91,91
2,93,18,93,93,93
2,91,991,91,91,91
2,91,991,91,91,91
1,10,14,1,1,2
1,93,18,93,93,93
1,93,20,93,93,93
2,91,991,91,91,91
2,91,991,91,91,91
2,91,991,91,91,91
2,91,991,91,91,91
1,91,991,91,91,91
1,30,13,1,1,2
1,93,24,93,93,93
1,93,22,93,93,93
1,25,15,1,2,2
2,93,12,93,93,93
2,93,18,93,93,93
2,10,15,1,1,1
1,91,991,91,91,91
2,91,991,91,91,91
2,93,33,93,93,93
2,93,16,93,93,93
1,91,991,91,91,91
1,93,994,93,93,93
1,91,991,91,91,91
1,98,17,98,98,98
1,91,991,91,91,91
2,91,991,91,91,91
1,91,991,91,91,91
2,91,991,91,91,91
1,30,13,1,2,2
2,91,991,91,91,91
2,91,991,91,91,91
2,30,21,1,1,2
2,91,991,91,91,91
2,91,991,91,91,91
1,91,991,91,91,91
1,91,991,91,91,91
1,91,991,91,91,91
1,93,16,93,93,93
2,93,30,93,93,93
1,91,991,91,91,91
1,93,16,93,93,93
2,93,20,93,93,93
2,91,991,91,91,91
1,91,991,91,91,91
1,91,991,91,91,91
1,91,991,91,91,91
1,21,14,1,1,2
1,91,991,91,91,91
2,8,15,1,2,1
2,91,991,91,91,91
2,91,991,91,91,91
2,91,991,91,91,91
1,91,991,91,91,91
2,91,991,91,91,91
1,30,15,1,2,2
1,93,11,93,93,93
2,91,991,91,91,91
1,91,991,91,91,91
2,93,16,93,93,93
1,93,16,93,93,93
1,91,991,91,91,91
2,30,15,1,2,1
2,93,19,93,93,93
2,91,991,91,91,91
2,91,991,91,91,91
2,91,991,91,91,91
2,93,27,93,93,93
1,91,991,91,91,91
2,91,991,91,91,91
1,91,991,91,91,91
1,91,991,91,91,91
2,1,13,1,1,1
2,91,991,91,91,91
2,93,21,93,93,93
2,91,991,91,91,91
2,93,16,93,93,93
1,91,991,91,91,91
2,91,991,91,91,91
1,91,991,91,91,91
2,93,19,93,93,93
2,91,991,91,91,91
2,91,991,91,91,91
1,91,991,91,91,91
1,30,18,1,2,2
1,93,17,93,93,93
2,1,14,1,1,1
2,91,991,91,91,91
2,25,9,1,1,2
2,91,991,91,91,91
2,1,18,2,2,2
2,93,15,93,93,93
2,4,14,1,2,2
1,91,991,91,91,91
2,91,991,91,91,91
2,30,13,1,1,1
1,91,991,91,91,91
2,93,13,93,93,93
1,91,991,91,91,91
2,91,991,91,91,91
1,91,991,91,91,91
1,91,991,91,91,91
1,91,991,91,91,91
1,91,991,91,91,91
1,93,16,93,93,93
2,91,991,91,91,91
2,93,18,93,93,93
1,93,22,93,93,93
2,93,19,93,93,93
1,91,991,91,91,91
2,93,17,93,93,93
1,91,991,91,91,91
2,93,14,93,93,93
1,91,991,91,91,91
2,93,15,93,93,93
1,91,991,91,91,91
1,91,991,91,91,91
1,7,23,2,2,1
2,91,991,91,91,91
1,91,991,91,91,91
2,91,991,91,91,91
1,91,991,91,91,91
1,30,12,1,2,2
2,93,16,93,93,93
1,1,18,2,1,2
2,93,25,93,93,93
1,91,991,91,91,91
1,91,991,91,91,91
1,91,991,91,91,91
2,91,991,91,91,91
2,30,20,1,1,1
1,30,13,1,1,2
2,91,991,91,91,91
1,91,991,91,91,91
2,2,19,1,2,2
1,91,991,91,91,91
1,10,13,1,2,2
1,3,20,2,2,1
2,93,14,93,93,93
1,91,991,91,91,91
1,91,991,91,91,91
2,91,991,91,91,91
2,93,17,93,93,93
1,28,17,1,2,2
1,91,991,91,91,91
1,91,991,91,91,91
2,93,17,93,93,93
2,93,18,93,93,93
1,91,991,91,91,91
2,93,20,93,93,93
1,91,991,91,91,91
1,93,19,93,93,93
2,93,15,93,93,93
1,91,991,91,91,91
1,91,991,91,91,91
1,91,991,91,91,91
1,93,17,93,93,93
2,93,25,93,93,93
1,91,991,91,91,91
1,93,18,93,93,93
1,91,991,91,91,91
2,93,35,93,93,93
1,20,17,1,2,1
2,30,16,1,1,2
2,30,15,1,1,1
2,91,991,91,91,91
1,93,21,93,93,93
1,93,31,93,93,93
2,91,991,91,91,91
2,93,20,93,93,93
1,93,16,93,93,93
1,91,991,91,91,91
2,93,18,93,93,93
1,91,991,91,91,91
2,2,21,2,1,2
2,91,991,91,91,91
2,93,17,93,93,93
1,93,14,93,93,93
1,93,18,93,93,93
1,93,22,93,93,93
2,91,991,91,91,91
2,93,18,93,93,93
1,91,991,91,91,91
2,91,991,91,91,91
1,91,991,91,91,91
2,93,28,93,93,93
2,91,991,91,91,91
2,93,15,93,93,93
2,30,19,1,2,2
1,91,991,91,91,91
1,91,991,91,91,91
2,91,991,91,91,91
1,91,991,91,91,91
1,93,18,93,93,93
2,91,991,91,91,91
1,20,13,1,2,2
1,91,991,91,91,91
1,91,991,91,91,91
2,91,991,91,91,91
2,91,991,91,91,91
1,1,26,1,2,2
2,91,991,91,91,91
2,93,15,93,93,93
2,91,991,91,91,91
2,93,14,93,93,93
2,91,991,91,91,91
1,91,991,91,91,91
1,91,991,91,91,91
2,91,991,91,91,91
1,93,16,93,93,93
2,91,991,91,91,91
2,1,18,2,2,1
2,93,21,93,93,93
1,91,991,91,91,91
2,93,25,93,93,93
2,93,16,93,93,93
2,30,13,1,2,2
2,91,991,91,91,91
2,5,13,1,2,2
2,93,13,93,93,93
1,91,991,91,91,91
1,91,991,91,91,91
1,93,19,93,93,93
1,91,991,91,91,91
2,91,991,91,91,91
2,15,12,1,2,2
2,91,991,91,91,91
2,93,24,93,93,93
2,93,18,93,93,93
2,91,991,91,91,91
1,93,13,93,93,93
1,91,991,91,91,91
2,91,991,91,91,91
2,93,32,93,93,93
1,29,18,1,2,2
1,30,15,2,1,1
1,91,991,91,91,91
1,91,991,91,91,91
2,91,991,91,91,91
1,91,991,91,91,91
2,93,29,93,93,93
2,93,16,93,93,93
1,91,991,91,91,91
1,93,22,93,93,93
2,91,991,91,91,91
2,91,991,91,91,91
1,30,13,1,2,2
2,91,991,91,91,91
2,93,19,93,93,93
2,93,19,93,93,93
1,91,991,91,91,91
2,91,991,91,91,91
1,1,19,1,1,2
1,93,21,93,93,93
2,91,991,91,91,91
1,1,17,1,2,2
1,91,991,91,91,91
1,93,15,93,93,93
2,91,991,91,91,91
1,91,991,91,91,91
2,6,23,1,1,1
2,91,991,91,91,91
1,20,14,1,2,2
2,93,16,93,93,93
2,91,991,91,91,91
2,93,14,93,93,93
2,93,35,93,93,93
1,91,991,91,91,91
1,91,991,91,91,91
2,91,991,91,91,91
2,91,991,91,91,91
1,93,21,93,93,93
2,91,991,91,91,91
2,93,27,93,93,93
2,10,15,1,2,2
2,91,991,91,91,91
1,91,991,91,91,91
1,93,17,93,93,93
1,91,991,91,91,91
2,91,991,91,91,91
1,15,14,1,2,2
1,91,991,91,91,91
1,14,11,1,2,2
1,91,991,91,91,91
2,93,28,93,93,93
1,91,991,91,91,91
2,91,991,91,91,91
2,93,30,93,93,93
1,93,18,93,93,93
1,91,991,91,91,91
1,30,14,1,1,1
2,91,991,91,91,91
1,93,27,93,93,93
2,93,16,93,93,93
1,91,991,91,91,91
1,91,991,91,91,91
2,93,15,93,93,93
1,91,991,91,91,91
1,93,20,93,93,93
1,93,14,93,93,93
2,91,991,91,91,91
1,93,16,93,93,93
2,93,20,93,93,93
1,91,991,91,91,91
1,93,14,93,93,93
1,91,991,91,91,91
2,91,991,91,91,91
2,91,991,91,91,91
1,91,991,91,91,91
1,91,991,91,91,91
2,93,14,93,93,93
1,91,991,91,91,91
2,91,991,91,91,91
2,5,18,2,2,1
2,93,19,93,93,93
2,4,29,2,2,2
2,93,18,93,93,93
1,93,14,93,93,93
1,91,991,91,91,91
1,93,15,93,93,93
1,93,15,93,93,93
1,91,991,91,91,91
2,5,14,1,2,2
2,91,991,91,91,91
1,91,991,91,91,91
2,98,14,98,98,98
2,91,991,91,91,91
1,91,991,91,91,91
2,91,991,91,91,91
2,91,991,91,91,91
1,91,991,91,91,91
2,91,991,91,91,91
1,93,13,93,93,93
1,30,13,1,1,2
1,91,991,91,91,91
2,30,13,1,2,1
2,91,991,91,91,91
1,91,991,91,91,91
2,93,16,93,93,93
2,91,991,91,91,91
2,91,991,91,91,91
2,93,14,93,93,93
1,93,16,93,93,93
1,91,991,91,91,91
2,93,17,93,93,93
1,91,991,91,91,91
2,30,13,1,2,2
1,91,991,91,91,91
1,25,16,1,2,1
1,91,991,91,91,91
2,91,991,91,91,91
2,93,12,93,93,93
2,4,16,2,1,2
2,28,17,1,1,1
1,91,991,91,91,91
2,93,15,93,93,93
1,93,30,93,93,93
2,93,17,93,93,93
2,93,21,93,93,93
2,91,991,91,91,91
2,2,14,1,1,2
1,91,991,91,91,91
2,91,991,91,91,91
1,91,991,91,91,91
1,91,991,91,91,91
2,91,991,91,91,91
2,91,991,91,91,91
1,91,991,91,91,91
2,6,16,1,1,2
2,25,18,1,1,1
1,93,19,93,93,93
2,15,21,1,2,2
1,91,991,91,91,91
2,91,991,91,91,91
2,91,991,91,91,91
2,93,21,93,93,93
2,91,991,91,91,91
2,91,991,91,91,91
1,91,991,91,91,91
2,93,19,93,93,93
1,93,16,93,93,93
2,93,16,93,93,93
2,91,991,91,91,91
2,93,13,93,93,93
2,91,991,91,91,91
1,93,13,93,93,93
2,91,991,91,91,91
1,91,991,91,91,91
1,93,23,93,93,93
2,91,991,91,91,91
2,91,991,91,91,91
1,91,991,91,91,91
2,15,16,1,2,2
1,93,22,93,93,93
1,91,991,91,91,91
2,91,991,91,91,91
2,91,991,91,91,91
1,93,15,93,93,93
1,91,991,91,91,91
1,91,991,91,91,91
2,91,991,91,91,91
1,91,991,91,91,91
1,91,991,91,91,91
2,91,991,91,91,91
1,30,12,1,1,2
1,93,17,93,93,93
2,25,18,1,2,2
2,91,991,91,91,91
1,91,991,91,91,91
1,30,15,1,2,2
1,93,16,93,93,93
2,93,19,93,93,93
2,91,991,91,91,91
2,93,17,93,93,93
2,91,991,91,91,91
2,91,991,91,91,91
2,93,15,93,93,93
1,91,991,91,91,91
2,91,991,91,91,91
2,91,991,91,91,91
1,91,991,91,91,91
1,91,991,91,91,91
2,93,20,93,93,93
2,93,12,93,93,93
2,91,991,91,91,91
2,98,998,98,98,98
1,93,19,93,93,93
2,91,991,91,91,91
2,91,991,91,91,91
2,91,991,91,91,91
2,93,18,93,93,93
1,91,991,91,91,91
2,91,991,91,91,91
2,30,15,1,1,1
1,5,18,1,2,2
1,1,15,1,2,1
2,5,14,1,1,2
2,93,21,93,93,93
2,91,991,91,91,91
1,91,991,91,91,91
1,91,991,91,91,91
2,91,991,91,91,91
2,93,21,93,93,93
1,93,30,93,93,93
2,18,15,1,1,2
2,91,991,91,91,91
1,91,991,91,91,91
2,93,16,93,93,93
1,10,16,2,1,1
2,93,18,93,93,93
1,10,14,1,3,1
2,93,35,93,93,93
2,91,991,91,91,91
1,93,17,93,93,93
2,93,20,93,93,93
1,91,991,91,91,91
2,91,991,91,91,91
2,93,19,93,93,93
2,91,991,91,91,91
2,91,991,91,91,91
1,91,991,91,91,91
1,20,15,1,1,2
1,91,991,91,91,91
2,93,18,93,93,93
2,93,19,93,93,93
2,30,18,1,2,2
1,91,991,91,91,91
2,93,16,93,93,93
2,91,991,91,91,91
1,91,991,91,91,91
1,30,22,1,1,1
1,93,19,93,93,93
1,91,991,91,91,91
1,91,991,91,91,91
2,93,16,93,93,93
1,93,15,93,93,93
1,91,991,91,91,91
1,2,18,1,2,2
2,93,21,93,93,93
1,2,13,1,1,2
2,91,991,91,91,91
1,1,15,1,2,2
2,10,29,1,2,2
1,93,15,93,93,93
2,3,17,1,2,2
2,91,991,91,91,91
1,93,20,93,93,93
1,9,15,1,2,1
2,91,991,91,91,91
1,91,991,91,91,91
2,93,18,93,93,93
2,2,15,2,2,2
1,91,991,91,91,91
1,91,991,91,91,91
2,93,21,93,93,93
1,93,17,93,93,93
2,91,991,91,91,91
1,91,991,91,91,91
2,91,991,91,91,91
1,93,17,93,93,93
2,91,991,91,91,91
2,91,991,91,91,91
1,91,991,91,91,91
1,91,991,91,91,91
2,94,14,1,1,2
1,91,991,91,91,91
2,91,991,91,91,91
2,91,991,91,91,91
1,91,991,91,91,91
2,91,991,91,91,91
2,91,991,91,91,91
1,91,991,91,91,91
1,93,15,93,93,93
2,91,991,91,91,91
2,93,16,93,93,93
2,93,16,93,93,93
2,93,25,93,93,93
1,93,18,93,93,93
1,91,991,91,91,91
2,91,991,91,91,91
1,30,16,1,1,2
2,91,991,91,91,91
2,91,991,91,91,91
1,91,991,91,91,91
2,93,21,93,93,93
1,91,991,91,91,91
1,91,991,91,91,91
2,93,21,93,93,93
1,93,22,93,93,93
2,91,991,91,91,91
2,91,991,91,91,91
1,91,991,91,91,91
2,91,991,91,91,91
2,91,991,91,91,91
2,91,991,91,91,91
1,4,14,1,2,2
2,91,991,91,91,91
2,91,991,91,91,91
1,91,991,91,91,91
1,91,991,91,91,91
1,91,991,91,91,91
2,91,991,91,91,91
1,91,991,91,91,91
1,91,991,91,91,91
2,2,28,2,1,2
2,93,21,93,93,93
2,2,19,1,2,2
2,1,22,2,2,1
1,91,991,91,91,91
2,93,18,93,93,93
2,91,991,91,91,91
2,93,14,93,93,93
1,91,991,91,91,91
1,91,991,91,91,91
1,1,22,2,2,2
2,91,991,91,91,91
2,93,14,93,93,93
1,91,991,91,91,91
1,91,991,91,91,91
1,91,991,91,91,91
2,91,991,91,91,91
2,91,991,91,91,91
1,91,991,91,91,91
1,93,17,93,93,93
2,93,26,93,93,93
1,91,991,91,91,91
2,91,991,91,91,91
1,91,991,91,91,91
1,91,991,91,91,91
2,91,991,91,91,91
2,91,991,91,91,91
1,93,22,93,93,93
2,10,18,1,2,2
1,91,991,91,91,91
1,91,991,91,91,91
2,93,13,93,93,93
1,1,16,2,2,1
1,93,58,93,93,93
2,91,991,91,91,91
2,93,16,93,93,93
1,91,991,91,91,91
2,91,991,91,91,91
2,91,991,91,91,91
1,12,19,1,2,2
2,3,16,1,2,1
2,91,991,91,91,91
2,30,19,1,2,1
2,8,14,1,2,1
1,91,991,91,91,91
1,30,16,1,2,2
1,2,17,1,1,2
2,91,991,91,91,91
2,93,17,93,93,93
2,93,15,93,93,93
1,93,14,93,93,93
2,91,991,91,91,91
1,91,991,91,91,91
2,93,13,93,93,93
2,93,20,93,93,93
1,91,991,91,91,91
1,91,991,91,91,91
2,91,991,91,91,91
2,98,13,98,98,98
1,91,991,91,91,91
1,91,991,91,91,91
2,2,59,2,2,1
2,93,18,93,93,93
1,91,991,91,91,91
1,93,20,93,93,93
2,91,991,91,91,91
2,91,991,91,91,91
2,93,23,93,93,93
2,91,991,91,91,91
2,91,991,91,91,91
2,91,991,91,91,91
1,93,15,93,93,93
2,91,991,91,91,91
2,91,991,91,91,91
1,91,991,91,91,91
1,93,18,93,93,93
2,93,16,93,93,93
2,91,991,91,91,91
1,91,991,91,91,91
1,91,991,91,91,91
2,91,991,91,91,91
1,93,15,93,93,93
1,93,18,93,93,93
2,93,30,93,93,93
2,91,991,91,91,91
2,91,991,91,91,91
2,18,12,2,2,1
2,91,991,91,91,91
1,91,991,91,91,91
2,91,991,91,91,91
1,91,991,91,91,91
1,30,10,1,2,2
1,93,30,93,93,93
1,91,991,91,91,91
2,91,991,91,91,91
1,91,991,91,91,91
1,91,991,91,91,91
1,91,991,91,91,91
1,91,991,91,91,91
2,3,16,2,2,1
1,91,991,91,91,91
2,93,13,93,93,93
2,91,991,91,91,91
2,91,991,91,91,91
2,93,22,93,93,93
2,91,991,91,91,91
2,91,991,91,91,91
1,93,13,93,93,93
1,91,991,91,91,91
2,91,991,91,91,91
1,91,991,91,91,91
2,93,13,93,93,93
2,93,17,93,93,93
1,91,991,91,91,91
2,15,35,2,2,1
2,5,19,2,2,2
2,91,991,91,91,91
1,93,21,93,93,93
1,91,991,91,91,91
2,93,19,93,93,93
2,91,991,91,91,91
1,93,17,93,93,93
1,93,18,93,93,93
1,91,991,91,91,91
1,21,17,1,1,1
1,93,17,93,93,93
1,91,991,91,91,91
1,30,11,1,2,2
2,91,991,91,91,91
2,91,991,91,91,91
2,91,991,91,91,91
1,91,991,91,91,91
2,91,991,91,91,91
1,93,22,93,93,93
2,93,29,93,93,93
1,91,991,91,91,91
1,93,18,93,93,93
1,91,991,91,91,91
2,91,991,91,91,91
1,91,991,91,91,91
2,93,16,93,93,93
1,91,991,91,91,91
2,3,14,2,1,2
1,93,17,93,93,93
1,98,12,98,98,98
2,91,991,91,91,91
1,93,17,93,93,93
1,4,18,2,2,1
2,30,15,1,1,2
1,91,991,91,91,91
2,91,991,91,91,91
2,93,17,93,93,93
2,28,35,2,1,2
1,91,991,91,91,91
2,91,991,91,91,91
2,91,991,91,91,91
1,30,15,1,1,2
2,10,15,1,2,2
1,93,16,93,93,93
1,91,991,91,91,91
2,91,991,91,91,91
2,93,21,93,93,93
1,4,15,2,1,1
1,30,17,1,1,1
2,91,991,91,91,91
2,91,991,91,91,91
2,93,16,93,93,93
2,93,16,93,93,93
2,93,17,93,93,93
2,91,991,91,91,91
1,30,18,1,1,1
2,93,27,93,93,93
2,93,28,93,93,93
1,91,991,91,91,91
1,91,991,91,91,91
1,91,991,91,91,91
1,91,991,91,91,91
1,93,15,93,93,93
1,91,991,91,91,91
1,93,15,93,93,93
2,91,991,91,91,91
1,91,991,91,91,91
1,91,991,91,91,91
1,91,991,91,91,91
1,91,991,91,91,91
1,91,991,91,91,91
2,93,13,93,93,93
2,91,991,91,91,91
1,93,21,93,93,93
2,91,991,91,91,91
2,3,20,2,2,1
2,91,991,91,91,91
2,91,991,91,91,91
1,1,23,2,2,1
1,91,991,91,91,91
2,91,991,91,91,91
1,91,991,91,91,91
1,21,14,1,1,1
2,93,22,93,93,93
2,7,18,2,2,1
1,15,18,1,2,2
1,8,15,1,2,1
2,20,17,1,2,2
2,93,16,93,93,93
2,93,20,93,93,93
1,93,17,93,93,93
1,93,20,93,93,93
1,91,991,91,91,91
1,91,991,91,91,91
1,93,16,93,93,93
2,91,991,91,91,91
1,93,21,93,93,93
2,2,20,1,2,1
2,30,22,1,2,2
2,1,9,2,1,1
2,91,991,91,91,91
2,93,17,93,93,93
2,93,21,93,93,93
2,91,991,91,91,91
2,91,991,91,91,91
2,91,991,91,91,91
2,91,991,91,91,91
1,3,21,1,2,1
2,91,991,91,91,91
2,91,991,91,91,91
2,2,16,1,2,1
1,91,991,91,91,91
2,91,991,91,91,91
1,91,991,91,91,91
1,91,991,91,91,91
1,93,15,93,93,93
2,91,991,91,91,91
1,93,18,93,93,93
2,91,991,91,91,91
2,91,991,91,91,91
2,93,15,93,93,93
2,91,991,91,91,91
2,93,18,93,93,93
2,26,13,1,1,2
1,91,991,91,91,91
2,91,991,91,91,91
2,91,991,91,91,91
2,91,991,91,91,91
2,91,991,91,91,91
1,91,991,91,91,91
2,91,991,91,91,91
1,30,24,1,2,2
2,91,991,91,91,91
1,93,14,93,93,93
2,91,991,91,91,91
2,91,991,91,91,91
1,91,991,91,91,91
1,91,991,91,91,91
2,93,16,93,93,93
2,30,17,1,1,2
2,7,19,2,2,1
1,91,991,91,91,91
2,98,985,98,98,98
1,91,991,91,91,91
1,93,16,93,93,93
1,93,16,93,93,93
2,30,19,1,1,2
1,91,991,91,91,91
2,91,991,91,91,91
1,91,991,91,91,91
1,93,18,93,93,93
1,91,991,91,91,91
2,91,991,91,91,91
1,2,19,1,2,2
1,93,16,93,93,93
1,91,991,91,91,91
1,91,991,91,91,91
1,93,21,93,93,93
1,93,16,93,93,93
2,91,991,91,91,91
1,12,20,1,2,2
1,91,991,91,91,91
2,91,991,91,91,91
2,93,13,93,93,93
2,93,15,93,93,93
2,91,991,91,91,91
2,91,991,91,91,91
2,91,991,91,91,91
1,91,991,91,91,91
2,93,14,93,93,93
2,91,991,91,91,91
1,8,13,1,2,1
1,93,17,93,93,93
2,30,14,1,2,2
2,93,21,93,93,93
2,30,13,1,1,2
2,20,14,1,2,1
2,2,30,2,2,1
1,91,991,91,91,91
1,3,19,1,2,1
2,91,991,91,91,91
1,28,14,1,2,1
1,22,21,1,2,1
1,91,991,91,91,91
2,91,991,91,91,91
1,93,16,93,93,93
1,91,991,91,91,91
1,93,17,93,93,93
2,91,991,91,91,91
2,93,20,93,93,93
2,93,14,93,93,93
1,91,991,91,91,91
1,26,16,1,2,1
2,91,991,91,91,91
1,91,991,91,91,91
1,30,18,1,2,2
1,91,991,91,91,91
2,91,991,91,91,91
2,93,16,93,93,93
1,93,16,93,93,93
2,93,994,93,93,93
2,91,991,91,91,91
2,91,991,91,91,91
1,4,23,1,1,2
1,93,15,93,93,93
1,93,21,93,93,93
1,91,991,91,91,91
1,91,991,91,91,91
1,91,991,91,91,91
1,91,991,91,91,91
1,93,18,93,93,93
1,91,991,91,91,91
1,4,18,1,1,2
2,30,15,1,1,2
1,93,19,93,93,93
1,93,14,93,93,93
1,93,20,93,93,93
1,1,13,2,2,1
1,91,991,91,91,91
2,91,991,91,91,91
1,6,14,2,2,1
1,91,991,91,91,91
1,93,14,93,93,93
2,91,991,91,91,91
1,93,14,93,93,93
2,93,13,93,93,93
1,91,991,91,91,91
2,93,18,93,93,93
1,91,991,91,91,91
1,91,991,91,91,91
2,91,991,91,91,91
1,93,19,93,93,93
1,30,12,1,1,2
1,91,991,91,91,91
2,6,13,1,1,2
1,91,991,91,91,91
2,30,16,1,1,1
2,93,15,93,93,93
2,3,21,2,2,2
2,3,22,2,2,1
1,93,27,93,93,93
2,91,991,91,91,91
2,91,991,91,91,91
1,91,991,91,91,91
2,91,991,91,91,91
2,91,991,91,91,91
2,30,16,1,2,2
2,93,20,93,93,93
1,93,14,93,93,93
1,91,991,91,91,91
1,91,991,91,91,91
1,91,991,91,91,91
2,91,991,91,91,91
2,93,18,93,93,93
2,91,991,91,91,91
1,91,991,91,91,91
2,91,991,91,91,91
2,91,991,91,91,91
2,91,991,91,91,91
2,93,15,93,93,93
1,91,991,91,91,91
2,20,16,1,2,2
2,91,991,91,91,91
1,91,991,91,91,91
1,91,991,91,91,91
1,93,13,93,93,93
2,93,15,93,93,93
1,93,25,93,93,93
2,91,991,91,91,91
2,2,21,1,2,2
2,91,991,91,91,91
2,91,991,91,91,91
1,91,991,91,91,91
1,91,991,91,91,91
2,93,18,93,93,93
2,93,18,93,93,93
1,91,991,91,91,91
1,91,991,91,91,91
2,91,991,91,91,91
1,93,13,93,93,93
2,30,15,1,1,1
2,93,17,93,93,93
1,91,991,91,91,91
2,12,15,1,2,2
1,91,991,91,91,91
2,93,14,93,93,93
1,93,17,93,93,93
2,91,991,91,91,91
2,91,991,91,91,91
1,93,16,93,93,93
2,91,991,91,91,91
2,93,20,93,93,93
1,1,16,1,2,2
2,91,991,91,91,91
2,93,15,93,93,93
2,91,991,91,91,91
2,93,19,93,93,93
1,91,991,91,91,91
2,93,26,93,93,93
2,91,991,91,91,91
2,93,17,93,93,93
2,91,991,91,91,91
2,91,991,91,91,91
2,91,991,91,91,91
1,93,16,93,93,93
2,91,991,91,91,91
1,91,991,91,91,91
2,93,34,93,93,93
2,91,991,91,91,91
1,91,991,91,91,91
2,91,991,91,91,91
1,93,16,93,93,93
2,7,13,1,2,2
1,93,18,93,93,93
1,91,991,91,91,91
2,91,991,91,91,91
1,91,991,91,91,91
1,91,991,91,91,91
2,93,24,93,93,93
2,91,991,91,91,91
2,91,991,91,91,91
1,93,10,93,93,93
2,93,12,93,93,93
1,93,12,93,93,93
2,93,14,93,93,93
2,91,991,91,91,91
1,30,14,1,1,2
2,91,991,91,91,91
1,91,991,91,91,91
2,91,991,91,91,91
1,2,16,1,2,2
2,93,18,93,93,93
2,91,991,91,91,91
2,93,18,93,93,93
1,91,991,91,91,91
2,91,991,91,91,91
1,91,991,91,91,91
2,97,997,98,98,98
1,30,13,1,1,2
1,91,991,91,91,91
2,91,991,91,91,91
1,91,991,91,91,91
2,91,991,91,91,91
1,91,991,91,91,91
2,93,16,93,93,93
2,30,14,1,1,2
1,91,991,91,91,91
1,91,991,91,91,91
1,91,991,91,91,91
2,91,991,91,91,91
1,93,17,93,93,93
2,91,991,91,91,91
1,93,22,93,93,93
2,25,18,1,1,1
2,91,991,91,91,91
2,30,18,1,1,2
2,93,17,93,93,93
1,91,991,91,91,91
2,91,991,91,91,91
1,91,991,91,91,91
2,91,991,91,91,91
2,30,12,1,2,2
1,91,991,91,91,91
1,91,991,91,91,91
2,91,991,91,91,91
2,93,14,93,93,93
2,91,991,91,91,91
2,91,991,91,91,91
1,91,991,91,91,91
2,91,991,91,91,91
2,93,17,93,93,93
1,91,991,91,91,91
2,30,9,1,1,2
1,93,13,93,93,93
1,2,17,1,2,2
2,93,16,93,93,93
2,91,991,91,91,91
1,91,991,91,91,91
1,91,991,91,91,91
1,91,991,91,91,91
1,91,991,91,91,91
1,91,991,91,91,91
2,91,991,91,91,91
1,91,991,91,91,91
2,91,991,91,91,91
2,91,991,91,91,91
2,91,991,91,91,91
1,30,15,1,1,2
1,93,17,93,93,93
1,93,25,93,93,93
2,93,21,93,93,93
1,91,991,91,91,91
1,93,15,93,93,93
2,91,991,91,91,91
1,93,14,93,93,93
1,93,15,93,93,93
1,93,16,93,93,93
1,91,991,91,91,91
2,91,991,91,91,91
1,91,991,91,91,91
2,30,24,1,2,2
2,91,991,91,91,91
1,91,991,91,91,91
1,93,15,93,93,93
1,91,991,91,91,91
2,93,25,93,93,93
1,2,19,1,2,1
2,30,19,1,2,2
1,91,991,91,91,91
1,91,991,91,91,91
2,30,15,1,2,1
1,93,13,93,93,93
1,91,991,91,91,91
2,91,991,91,91,91
2,91,991,91,91,91
2,93,19,93,93,93
2,91,991,91,91,91
2,93,21,93,93,93
2,91,991,91,91,91
2,30,17,1,1,2
2,91,991,91,91,91
1,91,991,91,91,91
1,93,16,93,93,93
1,91,991,91,91,91
2,93,16,93,93,93
2,91,991,91,91,91
2,91,991,91,91,91
2,93,20,93,93,93
2,91,991,91,91,91
2,3,19,2,2,1
2,91,991,91,91,91
2,91,991,91,91,91
1,93,19,93,93,93
2,91,991,91,91,91
2,91,991,91,91,91
1,93,20,93,93,93
2,91,991,91,91,91
2,91,991,91,91,91
1,91,991,91,91,91
1,93,20,93,93,93
1,8,21,1,2,2
1,91,991,91,91,91
2,30,15,1,2,2
1,91,991,91,91,91
2,93,18,93,93,93
1,91,991,91,91,91
2,91,991,91,91,91
1,91,991,91,91,91
2,91,991,91,91,91
1,91,991,91,91,91
2,93,20,93,93,93
1,91,991,91,91,91
2,91,991,91,91,91
2,15,15,1,2,2
1,91,991,91,91,91
2,91,991,91,91,91
2,91,991,91,91,91
1,93,18,93,93,93
1,93,10,93,93,93
1,91,991,91,91,91
1,91,991,91,91,91
1,93,10,93,93,93
1,91,991,91,91,91
2,93,19,93,93,93
2,93,18,93,93,93
1,91,991,91,91,91
1,91,991,91,91,91
2,91,991,91,91,91
1,91,991,91,91,91
1,20,14,1,2,2
2,91,991,91,91,91
2,91,991,91,91,91
2,30,14,1,2,2
2,91,991,91,91,91
1,91,991,91,91,91
1,91,991,91,91,91
2,2,8,1,2,2
1,91,991,91,91,91
1,98,12,98,98,98
2,91,991,91,91,91
2,30,16,2,1,2
1,93,20,93,93,93
1,91,991,91,91,91
1,93,23,93,93,93
1,91,991,91,91,91
2,91,991,91,91,91
1,91,991,91,91,91
2,91,991,91,91,91
2,93,20,93,93,93
2,91,991,91,91,91
2,93,997,93,93,93
2,93,16,93,93,93
1,91,991,91,91,91
2,91,991,91,91,91
2,25,23,1,1,1
1,91,991,91,91,91
2,91,991,91,91,91
2,93,24,93,93,93
1,93,16,93,93,93
2,91,991,91,91,91
2,91,991,91,91,91
1,93,13,93,93,93
2,91,991,91,91,91
2,93,22,93,93,93
1,91,991,91,91,91
2,93,19,93,93,93
1,30,19,2,1,2
1,91,991,91,91,91
2,91,991,91,91,91
2,91,991,91,91,91
2,91,991,91,91,91
1,93,16,93,93,93
2,1,15,1,2,2
2,93,17,93,93,93
2,93,22,93,93,93
2,93,41,93,93,93
1,91,991,91,91,91
1,93,22,93,93,93
2,91,991,91,91,91
2,10,22,2,1,1
1,91,991,91,91,91
1,91,991,91,91,91
2,93,24,93,93,93
2,91,991,91,91,91
1,93,16,93,93,93
1,93,15,93,93,93
1,91,991,91,91,91
2,91,991,91,91,91
2,93,33,93,93,93
1,91,991,91,91,91
2,93,18,93,93,93
2,91,991,91,91,91
2,91,991,91,91,91
2,93,15,93,93,93
2,91,991,91,91,91
1,91,991,91,91,91
1,93,18,93,93,93
1,93,25,93,93,93
2,93,20,93,93,93
2,93,16,93,93,93
1,91,991,91,91,91
1,91,991,91,91,91
1,93,35,93,93,93
1,91,991,91,91,91
1,93,18,93,93,93
1,93,35,93,93,93
2,1,15,2,2,1
1,91,991,91,91,91
2,91,991,91,91,91
2,93,18,93,93,93
2,93,15,93,93,93
1,30,8,2,2,2
1,93,17,93,93,93
2,1,18,2,1,2
1,93,13,93,93,93
1,91,991,91,91,91
1,93,18,93,93,93
2,91,991,91,91,91
2,93,17,93,93,93
1,91,991,91,91,91
1,91,991,91,91,91
2,91,991,91,91,91
2,93,15,93,93,93
2,93,14,93,93,93
1,93,16,93,93,93
2,91,991,91,91,91
1,3,15,2,1,1
1,91,991,91,91,91
1,91,991,91,91,91
2,30,12,1,2,2
1,91,991,91,91,91
2,91,991,91,91,91
2,91,991,91,91,91
2,91,991,91,91,91
1,93,30,93,93,93
1,93,7,93,93,93
2,93,45,93,93,93
1,91,991,91,91,91
1,91,991,91,91,91
1,91,991,91,91,91
1,91,991,91,91,91
2,91,991,91,91,91
2,93,20,93,93,93
2,91,991,91,91,91
1,91,991,91,91,91
2,1,14,1,2,2
2,91,991,91,91,91
2,4,14,1,1,2
2,91,991,91,91,91
2,93,13,93,93,93
2,93,16,93,93,93
1,91,991,91,91,91
2,91,991,91,91,91
2,1,15,5,1,2
2,91,991,91,91,91
1,2,17,2,2,1
1,93,16,93,93,93
1,4,15,2,1,2
2,91,991,91,91,91
2,93,25,93,93,93
2,4,20,1,2,2
1,91,991,91,91,91
1,93,16,93,93,93
2,91,991,91,91,91
2,91,991,91,91,91
2,91,991,91,91,91
1,91,991,91,91,91
2,25,14,1,1,1
1,93,17,93,93,93
1,91,991,91,91,91
1,91,991,91,91,91
1,1,18,1,2,1
1,93,20,93,93,93
2,91,991,91,91,91
1,93,18,93,93,93
1,91,991,91,91,91
2,91,991,91,91,91
1,20,14,1,2,2
1,25,13,1,2,2
1,91,991,91,91,91
2,91,991,91,91,91
1,91,991,91,91,91
1,2,13,2,1,2
2,91,991,91,91,91
2,91,991,91,91,91
1,91,991,91,91,91
2,2,14,2,1,2
1,91,991,91,91,91
1,91,991,91,91,91
2,91,991,91,91,91
2,93,18,93,93,93
2,30,13,1,1,2
1,91,991,91,91,91
1,8,19,2,1,2
1,91,991,91,91,91
1,93,17,93,93,93
1,91,991,91,91,91
2,91,991,91,91,91
1,91,991,91,91,91
2,30,16,1,1,2
2,15,13,1,1,1
2,91,991,91,91,91
1,2,14,1,1,1
1,91,991,91,91,91
2,30,9,1,1,1
1,30,15,1,2,2
2,91,991,91,91,91
1,93,21,93,93,93
2,93,18,93,93,93
2,91,991,91,91,91
1,3,15,1,2,2
2,91,991,91,91,91
2,91,991,91,91,91
1,3,13,1,2,2
1,27,13,1,1,2
2,91,991,91,91,91
2,91,991,91,91,91
2,1,15,2,2,2
2,91,991,91,91,91
2,91,991,91,91,91
1,30,18,1,2,1
2,91,991,91,91,91
2,1,38,2,2,2
2,91,991,91,91,91
1,91,991,91,91,91
1,91,991,91,91,91
1,91,991,91,91,91
1,93,15,93,93,93
2,91,991,91,91,91
2,91,991,91,91,91
2,91,991,91,91,91
1,91,991,91,91,91
1,91,991,91,91,91
2,91,991,91,91,91
2,93,17,93,93,93
1,8,16,1,2,2
2,16,18,1,2,1
1,91,991,91,91,91
1,22,12,1,2,2
2,2,17,2,1,1
1,2,15,1,2,1
2,91,991,91,91,91
1,91,991,91,91,91
2,30,16,2,1,2
2,91,991,91,91,91
2,93,16,93,93,93
1,91,991,91,91,91
2,91,991,91,91,91
1,91,991,91,91,91
1,91,991,91,91,91
2,91,991,91,91,91
2,30,14,1,2,2
1,3,30,2,1,2
2,91,991,91,91,91
2,12,17,1,1,1
1,91,991,91,91,91
1,91,991,91,91,91
1,91,991,91,91,91
2,93,18,93,93,93
2,91,991,91,91,91
2,93,16,93,93,93
1,93,30,93,93,93
1,91,991,91,91,91
2,4,21,1,2,1
1,6,18,1,2,2
1,2,14,1,2,2
1,30,14,1,2,2
2,91,991,91,91,91
1,91,991,91,91,91
2,91,991,91,91,91
1,30,19,1,1,1
2,91,991,91,91,91
1,20,12,2,2,2
2,91,991,91,91,91
2,91,991,91,91,91
1,30,15,1,2,2
2,91,991,91,91,91
1,91,991,91,91,91
1,93,17,93,93,93
2,30,16,1,2,1
2,93,43,93,93,93
2,91,991,91,91,91
2,93,19,93,93,93
2,93,42,93,93,93
1,1,18,2,1,2
1,91,991,91,91,91
1,91,991,91,91,91
1,91,991,91,91,91
1,91,991,91,91,91
2,93,14,93,93,93
2,91,991,91,91,91
2,91,991,91,91,91
1,93,18,93,93,93
2,91,991,91,91,91
2,91,991,91,91,91
1,91,991,91,91,91
1,30,13,1,1,2
2,93,22,93,93,93
2,91,991,91,91,91
1,91,991,91,91,91
1,93,19,93,93,93
2,93,16,93,93,93
2,91,991,91,91,91
2,91,991,91,91,91
1,93,15,93,93,93
2,91,991,91,91,91
2,91,991,91,91,91
2,93,25,93,93,93
1,91,991,91,91,91
1,93,15,93,93,93
1,30,14,1,2,2
2,91,991,91,91,91
2,30,14,2,1,2
2,91,991,91,91,91
2,91,991,91,91,91
1,30,14,1,2,2
1,30,23,1,1,2
2,91,991,91,91,91
2,93,39,93,93,93
1,93,21,93,93,93
2,91,991,91,91,91
1,30,15,1,1,2
2,93,20,93,93,93
2,91,991,91,91,91
2,91,991,91,91,91
1,91,991,91,91,91
2,93,22,93,93,93
1,93,21,93,93,93
2,30,24,1,1,2
1,93,18,93,93,93
2,91,991,91,91,91
1,91,991,91,91,91
2,91,991,91,91,91
1,91,991,91,91,91
1,93,15,93,93,93
2,91,991,91,91,91
1,91,991,91,91,91
2,93,15,93,93,93
2,4,70,2,2,2
2,93,16,93,93,93
2,28,16,1,2,2
1,93,19,93,93,93
1,91,991,91,91,91
2,91,991,91,91,91
2,30,14,1,2,2
1,93,12,93,93,93
1,91,991,91,91,91
2,91,991,91,91,91
1,91,991,91,91,91
2,91,991,91,91,91
2,91,991,91,91,91
1,93,17,93,93,93
2,93,14,93,93,93
2,91,991,91,91,91
1,91,991,91,91,91
2,93,14,93,93,93
2,1,16,2,1,2
2,93,16,93,93,93
1,93,20,93,93,93
2,91,991,91,91,91
2,91,991,91,91,91
1,6,14,1,2,2
2,91,991,91,91,91
2,5,14,1,1,2
2,91,991,91,91,91
2,14,15,1,2,2
2,93,18,93,93,93
1,93,18,93,93,93
2,91,991,91,91,91
2,93,15,93,93,93
1,91,991,91,91,91
1,91,991,91,91,91
1,30,15,1,2,1
2,93,19,93,93,93
2,93,23,93,93,93
2,91,991,91,91,91
1,93,13,93,93,93
2,91,991,91,91,91
2,91,991,91,91,91
2,91,991,91,91,91
1,2,15,1,2,2
1,93,17,93,93,93
1,91,991,91,91,91
1,91,991,91,91,91
1,91,991,91,91,91
2,91,991,91,91,91
1,1,16,1,2,2
2,91,991,91,91,91
2,24,16,1,2,2
2,91,991,91,91,91
1,93,31,93,93,93
1,91,991,91,91,91
2,91,991,91,91,91
2,93,20,93,93,93
1,93,17,93,93,93
2,93,18,93,93,93
2,91,991,91,91,91
2,91,991,91,91,91
2,93,22,93,93,93
1,91,991,91,91,91
2,91,991,91,91,91
1,30,19,1,1,1
1,91,991,91,91,91
1,91,991,91,91,91
2,91,991,91,91,91
1,91,991,91,91,91
2,29,18,1,2,2
2,9,14,1,1,2
1,91,991,91,91,91
2,91,991,91,91,91
2,91,991,91,91,91
1,93,16,93,93,93
2,91,991,91,91,91
2,91,991,91,91,91
1,91,991,91,91,91
2,91,991,91,91,91
2,25,16,1,2,1
2,91,991,91,91,91
2,93,16,93,93,93
1,91,991,91,91,91
1,30,12,1,2,2
2,93,13,93,93,93
2,93,18,93,93,93
2,1,18,2,2,1
1,91,991,91,91,91
2,91,991,91,91,91
2,93,15,93,93,93
2,91,991,91,91,91
2,91,991,91,91,91
1,91,991,91,91,91
1,91,991,91,91,91
1,91,991,91,91,91
2,93,18,93,93,93
2,91,991,91,91,91
1,91,991,91,91,91
2,93,17,93,93,93
1,4,16,1,2,1
1,91,991,91,91,91
2,19,19,1,1,2
2,93,16,93,93,93
1,91,991,91,91,91
2,93,18,93,93,93
2,91,991,91,91,91
2,1,17,1,2,2
1,91,991,91,91,91
2,93,15,93,93,93
1,93,17,93,93,93
1,91,991,91,91,91
1,30,15,1,1,2
2,91,991,91,91,91
2,93,12,93,93,93
1,91,991,91,91,91
2,91,991,91,91,91
2,7,14,1,2,2
2,91,991,91,91,91
1,91,991,91,91,91
1,20,15,1,2,2
1,91,991,91,91,91
1,91,991,91,91,91
2,91,991,91,91,91
2,93,13,93,93,93
2,6,28,1,2,1
2,91,991,91,91,91
2,91,991,91,91,91
2,93,19,93,93,93
1,93,17,93,93,93
2,91,991,91,91,91
2,91,991,91,91,91
2,91,991,91,91,91
1,91,991,91,91,91
2,93,25,93,93,93
2,93,15,93,93,93
1,91,991,91,91,91
2,91,991,91,91,91
1,3,13,1,2,1
2,91,991,91,91,91
2,91,991,91,91,91
1,91,991,91,91,91
1,93,21,93,93,93
1,3,12,1,1,1
2,91,991,91,91,91
2,91,991,91,91,91
2,91,991,91,91,91
1,91,991,91,91,91
2,93,18,93,93,93
1,91,991,91,91,91
1,91,991,91,91,91
2,91,991,91,91,91
2,91,991,91,91,91
1,91,991,91,91,91
2,91,991,91,91,91
1,1,15,2,1,2
1,20,10,1,2,2
2,93,18,93,93,93
2,15,13,1,2,1
1,93,17,93,93,93
2,93,17,93,93,93
2,91,991,91,91,91
2,91,991,91,91,91
1,91,991,91,91,91
2,91,991,91,91,91
2,91,991,91,91,91
2,91,991,91,91,91
1,91,991,91,91,91
2,93,28,93,93,93
1,93,19,93,93,93
2,30,14,1,1,1
2,30,20,1,1,1
1,91,991,91,91,91
1,91,991,91,91,91
2,91,991,91,91,91
2,91,991,91,91,91
1,91,991,91,91,91
2,91,991,91,91,91
1,22,13,1,2,2
1,93,17,93,93,93
2,93,18,93,93,93
2,93,13,93,93,93
2,91,991,91,91,91
2,15,16,1,2,2
2,91,991,91,91,91
2,93,17,93,93,93
2,93,24,93,93,93
2,91,991,91,91,91
2,91,991,91,91,91
1,91,991,91,91,91
1,91,991,91,91,91
1,30,13,1,2,2
1,93,12,93,93,93
1,93,15,93,93,93
2,91,991,91,91,91
2,91,991,91,91,91
2,91,991,91,91,91
1,91,991,91,91,91
2,91,991,91,91,91
1,93,22,93,93,93
2,91,991,91,91,91
2,91,991,91,91,91
2,91,991,91,91,91
2,93,15,93,93,93
1,5,18,1,2,2
2,93,18,93,93,93
2,91,991,91,91,91
1,91,991,91,91,91
1,30,12,1,2,2
1,91,991,91,91,91
1,2,20,1,2,2
2,27,19,1,1,2
1,91,991,91,91,91
2,93,17,93,93,93
2,93,16,93,93,93
1,8,17,1,2,2
2,91,991,91,91,91
1,91,991,91,91,91
2,93,23,93,93,93
2,3,46,2,2,2
1,91,991,91,91,91
2,6,16,1,2,1
2,91,991,91,91,91
1,93,16,93,93,93
2,91,991,91,91,91
1,91,991,91,91,91
2,4,17,1,2,1
2,93,18,93,93,93
1,91,991,91,91,91
2,20,14,1,2,2
2,93,30,93,93,93
1,30,12,1,1,2
1,93,8,93,93,93
1,21,17,1,1,2
2,91,991,91,91,91
2,91,991,91,91,91
2,91,991,91,91,91
2,91,991,91,91,91
1,91,991,91,91,91
1,91,991,91,91,91
2,93,27,93,93,93
2,91,991,91,91,91
2,91,991,91,91,91
2,93,19,93,93,93
2,91,991,91,91,91
2,91,991,91,91,91
1,93,17,93,93,93
1,93,10,93,93,93
1,91,991,91,91,91
2,91,991,91,91,91
2,91,991,91,91,91
1,91,991,91,91,91
1,91,991,91,91,91
2,91,991,91,91,91
2,91,991,91,91,91
1,91,991,91,91,91
2,93,15,93,93,93
2,91,991,91,91,91
2,91,991,91,91,91
1,91,991,91,91,91
1,91,991,91,91,91
1,91,991,91,91,91
2,91,991,91,91,91
1,93,17,93,93,93
2,93,17,93,93,93
2,91,991,91,91,91
1,91,991,91,91,91
2,91,991,91,91,91
1,16,16,1,1,2
1,91,991,91,91,91
2,30,15,1,1,2
2,91,991,91,91,91
1,93,16,93,93,93
2,91,991,91,91,91
2,91,991,91,91,91
2,91,991,91,91,91
1,91,991,91,91,91
1,91,991,91,91,91
2,4,27,2,1,1
2,91,991,91,91,91
2,23,16,1,2,2
1,91,991,91,91,91
2,93,15,93,93,93
1,91,991,91,91,91
2,93,14,93,93,93
2,91,991,91,91,91
1,8,20,2,2,1
2,91,991,91,91,91
2,91,991,91,91,91
2,91,991,91,91,91
2,10,17,1,2,2
1,91,991,91,91,91
1,29,994,1,1,2
1,93,50,93,93,93
2,93,13,93,93,93
1,91,991,91,91,91
2,91,991,91,91,91
2,91,991,91,91,91
1,28,19,2,1,1
2,91,991,91,91,91
2,91,991,91,91,91
2,98,18,98,98,98
2,91,991,91,91,91
1,91,991,91,91,91
2,91,991,91,91,91
2,91,991,91,91,91
2,10,15,1,2,2
2,91,991,91,91,91
2,93,20,93,93,93
1,91,991,91,91,91
1,91,991,91,91,91
2,93,24,93,93,93
1,93,16,93,93,93
2,91,991,91,91,91
2,91,991,91,91,91
2,1,18,2,2,1
1,91,991,91,91,91
1,91,991,91,91,91
1,30,17,1,2,2
1,91,991,91,91,91
2,93,15,93,93,93
1,91,991,91,91,91
2,91,991,91,91,91
1,93,28,93,93,93
2,91,991,91,91,91
1,91,991,91,91,91
2,91,991,91,91,91
2,91,991,91,91,91
2,91,991,91,91,91
2,91,991,91,91,91
2,93,17,93,93,93
2,91,991,91,91,91
2,91,991,91,91,91
2,91,991,91,91,91
1,91,991,91,91,91
2,93,16,93,93,93
1,91,991,91,91,91
1,91,991,91,91,91
2,93,25,93,93,93
1,93,18,93,93,93
2,91,991,91,91,91
2,91,991,91,91,91
1,93,13,93,93,93
2,91,991,91,91,91
2,91,991,91,91,91
2,91,991,91,91,91
2,91,991,91,91,91
1,91,991,91,91,91
1,18,16,1,2,2
1,93,20,93,93,93
2,93,14,93,93,93
2,91,991,91,91,91
1,22,6,1,2,2
2,91,991,91,91,91
2,91,991,91,91,91
2,91,991,91,91,91
2,93,19,93,93,93
1,91,991,91,91,91
1,91,991,91,91,91
2,91,991,91,91,91
1,91,991,91,91,91
1,91,991,91,91,91
2,91,991,91,91,91
2,91,991,91,91,91
1,30,10,1,2,1
1,91,991,91,91,91
1,91,991,91,91,91
2,7,12,1,2,2
1,93,23,93,93,93
2,93,18,93,93,93
1,93,15,93,93,93
1,91,991,91,91,91
2,91,991,91,91,91
1,93,21,93,93,93
1,91,991,91,91,91
2,91,991,91,91,91
1,91,991,91,91,91
2,30,14,1,1,1
2,93,24,93,93,93
2,93,65,93,93,93
2,91,991,91,91,91
2,91,991,91,91,91
1,91,991,91,91,91
2,91,991,91,91,91
2,91,991,91,91,91
2,91,991,91,91,91
2,93,20,93,93,93
1,91,991,91,91,91
2,91,991,91,91,91
2,91,991,91,91,91
1,30,12,1,1,2
2,91,991,91,91,91
1,91,991,91,91,91
1,91,991,91,91,91
2,93,12,93,93,93
1,91,991,91,91,91
2,93,15,93,93,93
1,93,18,93,93,93
2,3,16,1,2,2
2,91,991,91,91,91
1,2,17,1,2,2
2,93,40,93,93,93
2,93,20,93,93,93
1,93,15,93,93,93
2,91,991,91,91,91
2,5,18,1,2,2
1,93,21,93,93,93
2,91,991,91,91,91
1,91,991,91,91,91
1,91,991,91,91,91
2,91,991,91,91,91
2,93,35,93,93,93
1,30,11,1,2,2
2,93,19,93,93,93
2,91,991,91,91,91
2,91,991,91,91,91
1,93,18,93,93,93
2,91,991,91,91,91
2,93,20,93,93,93
2,93,21,93,93,93
1,91,991,91,91,91
1,93,13,93,93,93
2,93,14,93,93,93
2,1,18,1,2,2
2,93,17,93,93,93
2,93,16,93,93,93
2,23,16,1,1,2
1,91,991,91,91,91
1,30,13,1,1,1
1,98,6,98,98,98
2,30,15,1,1,1
1,91,991,91,91,91
2,2,32,1,2,1
2,93,16,93,93,93
1,93,17,93,93,93
1,93,19,93,93,93
1,91,991,91,91,91
2,93,17,93,93,93
1,91,991,91,91,91
1,91,991,91,91,91
2,91,991,91,91,91
2,93,16,93,93,93
2,93,14,93,93,93
2,93,21,93,93,93
1,93,17,93,93,93
1,91,991,91,91,91
1,91,991,91,91,91
1,93,21,93,93,93
2,91,991,91,91,91
1,91,991,91,91,91
1,20,13,1,1,1
2,91,991,91,91,91
1,93,18,93,93,93
1,91,991,91,91,91
1,91,991,91,91,91
2,91,991,91,91,91
2,93,18,93,93,93
2,93,14,93,93,93
2,91,991,91,91,91
2,91,991,91,91,91
2,93,19,93,93,93
2,91,991,91,91,91
2,6,21,1,2,2
1,91,991,91,91,91
1,91,991,91,91,91
2,91,991,91,91,91
2,16,13,1,1,2
1,91,991,91,91,91
2,91,991,91,91,91
2,91,991,91,91,91
1,91,991,91,91,91
2,91,991,91,91,91
2,91,991,91,91,91
2,91,991,91,91,91
1,15,13,1,1,1
1,93,16,93,93,93
1,30,14,1,1,2
1,30,14,1,1,1
2,91,991,91,91,91
1,91,991,91,91,91
1,91,991,91,91,91
1,91,991,91,91,91
2,91,991,91,91,91
2,91,991,91,91,91
1,91,991,91,91,91
1,93,24,93,93,93
2,93,17,93,93,93
1,1,21,2,2,1
1,91,991,91,91,91
2,91,991,91,91,91
1,91,991,91,91,91
2,91,991,91,91,91
2,91,991,91,91,91
2,91,991,91,91,91
2,93,15,93,93,93
1,91,991,91,91,91
1,91,991,91,91,91
1,93,12,93,93,93
2,93,23,93,93,93
1,20,18,1,1,2
2,93,21,93,93,93
1,91,991,91,91,91
1,93,19,93,93,93
2,91,991,91,91,91
2,91,991,91,91,91
2,91,991,91,91,91
2,91,991,91,91,91
2,91,991,91,91,91
1,27,20,2,2,1
1,1,16,2,1,2
2,93,15,93,93,93
2,93,19,93,93,93
2,1,9,1,1,1
2,91,991,91,91,91
1,91,991,91,91,91
1,93,20,93,93,93
2,91,991,91,91,91
2,91,991,91,91,91
1,10,12,1,2,2
1,5,25,1,2,1
2,91,991,91,91,91
1,93,20,93,93,93
2,93,30,93,93,93
2,91,991,91,91,91
2,91,991,91,91,91
1,91,991,91,91,91
2,91,991,91,91,91
2,98,985,98,98,98
1,91,991,91,91,91
2,91,991,91,91,91
1,91,991,91,91,91
2,91,991,91,91,91
1,91,991,91,91,91
2,93,14,93,93,93
2,91,991,91,91,91
2,91,991,91,91,91
2,91,991,91,91,91
2,91,991,91,91,91
2,12,16,1,1,1
2,3,17,1,2,2
1,93,14,93,93,93
2,91,991,91,91,91
1,91,991,91,91,91
2,91,991,91,91,91
1,93,13,93,93,93
1,93,19,93,93,93
1,91,991,91,91,91
2,91,991,91,91,91
2,93,18,93,93,93
2,93,14,93,93,93
1,91,991,91,91,91
2,28,13,2,1,1
2,26,8,1,1,1
2,93,16,93,93,93
2,5,9,1,1,2
2,91,991,91,91,91
2,91,991,91,91,91
2,4,23,1,1,2
1,91,991,91,91,91
1,25,15,1,1,2
1,91,991,91,91,91
1,93,15,93,93,93
2,93,994,93,93,93
2,91,991,91,91,91
2,93,16,93,93,93
1,93,17,93,93,93
2,93,19,93,93,93
1,93,20,93,93,93
2,91,991,91,91,91
1,93,19,93,93,93
2,1,19,2,2,1
2,91,991,91,91,91
2,91,991,91,91,91
1,8,21,2,2,1
2,93,12,93,93,93
2,15,15,1,1,1
1,91,991,91,91,91
2,91,991,91,91,91
2,91,991,91,91,91
2,91,991,91,91,91
2,91,991,91,91,91
1,91,991,91,91,91
2,1,13,2,1,2
2,91,991,91,91,91
2,91,991,91,91,91
2,91,991,91,91,91
2,93,16,93,93,93
1,91,991,91,91,91
2,91,991,91,91,91
1,91,991,91,91,91
2,15,13,1,1,2
2,93,15,93,93,93
2,93,25,93,93,93
1,91,991,91,91,91
2,93,40,93,93,93
2,91,991,91,91,91
2,91,991,91,91,91
2,91,991,91,91,91
2,30,13,1,2,2
2,91,991,91,91,91
1,91,991,91,91,91
1,93,18,93,93,93
2,91,991,91,91,91
1,91,991,91,91,91
1,91,991,91,91,91
1,93,18,93,93,93
2,1,35,5,1,2
2,98,21,98,98,98
2,5,17,1,2,2
2,91,991,91,91,91
2,91,991,91,91,91
1,91,991,91,91,91
2,91,991,91,91,91
2,91,991,91,91,91
2,91,991,91,91,91
2,93,13,93,93,93
1,91,991,91,91,91
1,91,991,91,91,91
1,91,991,91,91,91
1,30,16,1,1,1
1,93,16,93,93,93
1,91,991,91,91,91
1,91,991,91,91,91
2,93,14,93,93,93
2,93,14,93,93,93
1,93,18,93,93,93
1,91,991,91,91,91
2,93,18,93,93,93
2,91,991,91,91,91
2,93,27,93,93,93
2,91,991,91,91,91
2,8,12,1,2,1
2,91,991,91,91,91
2,30,14,1,2,2
1,10,21,1,2,2
1,91,991,91,91,91
2,91,991,91,91,91
1,93,28,93,93,93
1,93,13,93,93,93
2,91,991,91,91,91
1,91,991,91,91,91
2,91,991,91,91,91
2,91,991,91,91,91
2,91,991,91,91,91
2,93,16,93,93,93
1,93,18,93,93,93
1,91,991,91,91,91
2,91,991,91,91,91
1,93,18,93,93,93
2,93,19,93,93,93
2,91,991,91,91,91
2,15,12,1,1,1
2,91,991,91,91,91
2,8,27,2,2,1
2,30,14,1,1,2
2,98,14,98,98,98
2,20,17,1,2,1
2,91,991,91,91,91
2,91,991,91,91,91
2,20,11,1,2,2
2,28,18,1,1,1
1,11,18,1,2,2
2,91,991,91,91,91
1,93,14,93,93,93
1,91,991,91,91,91
1,21,12,1,1,1
1,93,29,93,93,93
2,91,991,91,91,91
2,91,991,91,91,91
2,91,991,91,91,91
1,93,18,93,93,93
2,22,16,1,2,1
2,93,14,93,93,93
1,91,991,91,91,91
2,91,991,91,91,91
2,91,991,91,91,91
1,93,17,93,93,93
2,93,18,93,93,93
2,93,13,93,93,93
2,7,17,1,1,1
2,93,73,93,93,93
2,4,21,1,2,2
1,93,18,93,93,93
2,91,991,91,91,91
1,91,991,91,91,91
2,91,991,91,91,91
2,91,991,91,91,91
1,91,991,91,91,91
2,91,991,91,91,91
1,93,19,93,93,93
2,91,991,91,91,91
1,93,18,93,93,93
2,93,17,93,93,93
2,20,21,2,1,1
2,91,991,91,91,91
2,93,22,93,93,93
1,91,991,91,91,91
1,93,13,93,93,93
1,30,14,1,2,2
2,91,991,91,91,91
2,2,16,1,2,2
2,91,991,91,91,91
2,91,991,91,91,91
1,30,18,1,1,1
2,93,16,93,93,93
1,30,18,1,1,1
2,91,991,91,91,91
2,93,15,93,93,93
2,91,991,91,91,91
1,91,991,91,91,91
2,10,16,2,2,1
2,91,991,91,91,91
1,91,991,91,91,91
2,15,15,2,1,2
1,91,991,91,91,91
2,2,19,1,2,2
2,7,14,1,1,1
1,91,991,91,91,91
1,91,991,91,91,91
1,93,15,93,93,93
1,1,18,2,1,2
1,25,13,1,2,2
2,93,22,93,93,93
1,91,991,91,91,91
1,91,991,91,91,91
2,91,991,91,91,91
1,91,991,91,91,91
1,30,14,1,1,2
1,91,991,91,91,91
2,2,21,2,2,1
1,91,991,91,91,91
1,93,13,93,93,93
2,91,991,91,91,91
1,91,991,91,91,91
2,91,991,91,91,91
2,29,16,1,1,1
1,93,14,93,93,93
1,1,28,2,2,1
1,3,22,2,2,1
2,93,17,93,93,93
2,93,15,93,93,93
1,93,18,93,93,93
1,91,991,91,91,91
2,91,991,91,91,91
2,91,991,91,91,91
2,93,24,93,93,93
1,91,991,91,91,91
1,93,12,93,93,93
1,91,991,91,91,91
2,91,991,91,91,91
2,91,991,91,91,91
2,91,991,91,91,91
1,91,991,91,91,91
1,91,991,91,91,91
1,91,991,91,91,91
2,20,15,1,2,2
2,91,991,91,91,91
1,91,991,91,91,91
1,8,14,1,2,2
2,91,991,91,91,91
2,30,12,1,1,1
2,15,12,1,1,1
1,91,991,91,91,91
2,91,991,91,91,91
1,93,17,93,93,93
2,91,991,91,91,91
2,30,16,1,1,2
2,93,16,93,93,93
2,91,991,91,91,91
2,93,11,93,93,93
2,93,18,93,93,93
2,91,991,91,91,91
2,91,991,91,91,91
2,91,991,91,91,91
2,25,18,1,2,2
2,91,991,91,91,91
1,93,18,93,93,93
2,91,991,91,91,91
1,93,14,93,93,93
2,91,991,91,91,91
1,91,991,91,91,91
1,93,16,93,93,93
2,91,991,91,91,91
1,93,18,93,93,93
2,93,23,93,93,93
1,3,12,1,1,2
1,91,991,91,91,91
1,93,19,93,93,93
2,91,991,91,91,91
2,91,991,91,91,91
1,93,20,93,93,93
2,93,12,93,93,93
2,1,18,2,2,1
1,91,991,91,91,91
2,91,991,91,91,91
2,91,991,91,91,91
2,91,991,91,91,91
2,91,991,91,91,91
1,91,991,91,91,91
2,91,991,91,91,91
1,28,15,1,1,1
2,91,991,91,91,91
2,5,14,1,2,1
2,93,32,93,93,93
2,91,991,91,91,91
1,26,16,1,2,1
1,8,18,1,2,2
2,91,991,91,91,91
2,91,991,91,91,91
2,93,17,93,93,93
1,91,991,91,91,91
2,91,991,91,91,91
1,91,991,91,91,91
2,91,991,91,91,91
2,91,991,91,91,91
2,91,991,91,91,91
1,91,991,91,91,91
2,91,991,91,91,91
1,91,991,91,91,91
2,91,991,91,91,91
1,91,991,91,91,91
2,91,991,91,91,91
1,91,991,91,91,91
1,93,30,93,93,93
1,93,18,93,93,93
2,98,998,98,98,98
2,91,991,91,91,91
2,91,991,91,91,91
2,93,13,93,93,93
1,91,991,91,91,91
2,7,15,1,2,2
2,23,12,1,1,2
2,93,13,93,93,93
1,91,991,91,91,91
2,7,11,2,1,1
1,91,991,91,91,91
2,93,15,93,93,93
2,91,991,91,91,91
1,93,13,93,93,93
1,91,991,91,91,91
2,91,991,91,91,91
2,91,991,91,91,91
2,93,25,93,93,93
2,91,991,91,91,91
2,2,16,1,2,1
2,91,991,91,91,91
1,91,991,91,91,91
2,30,14,1,1,2
2,91,991,91,91,91
2,93,13,93,93,93
2,91,991,91,91,91
2,93,994,93,93,93
2,91,991,91,91,91
1,91,991,91,91,91
2,91,991,91,91,91
1,2,15,2,2,1
2,30,21,1,2,1
2,93,18,93,93,93
1,3,12,1,1,2
2,91,991,91,91,91
2,91,991,91,91,91
1,91,991,91,91,91
2,91,991,91,91,91
1,91,991,91,91,91
1,91,991,91,91,91
1,91,991,91,91,91
2,93,18,93,93,93
1,91,991,91,91,91
2,93,15,93,93,93
2,2,18,2,1,1
2,91,991,91,91,91
2,91,991,91,91,91
2,91,991,91,91,91
2,91,991,91,91,91
1,91,991,91,91,91
1,93,15,93,93,93
1,93,50,93,93,93
2,91,991,91,91,91
1,3,18,2,2,1
1,91,991,91,91,91
2,91,991,91,91,91
1,91,991,91,91,91
2,93,16,93,93,93
2,91,991,91,91,91
2,93,16,93,93,93
2,91,991,91,91,91
1,93,10,93,93,93
2,30,15,1,1,2
1,93,16,93,93,93
1,93,15,93,93,93
2,91,991,91,91,91
2,91,991,91,91,91
2,97,997,98,98,98
2,91,991,91,91,91
1,91,991,91,91,91
2,91,991,91,91,91
1,91,991,91,91,91
1,91,991,91,91,91
1,30,15,1,1,1
2,93,14,93,93,93
2,1,13,1,2,1
1,91,991,91,91,91
2,91,991,91,91,91
2,91,991,91,91,91
1,91,991,91,91,91
1,2,21,2,1,2
2,93,18,93,93,93
2,91,991,91,91,91
1,91,991,91,91,91
1,93,17,93,93,93
1,91,991,91,91,91
1,91,991,91,91,91
2,93,25,93,93,93
2,91,991,91,91,91
2,30,27,2,1,1
1,5,19,1,2,1
2,91,991,91,91,91
1,91,991,91,91,91
2,91,991,91,91,91
2,91,991,91,91,91
2,93,15,93,93,93
2,91,991,91,91,91
1,91,991,91,91,91
1,3,21,1,2,1
2,91,991,91,91,91
2,91,991,91,91,91
2,91,991,91,91,91
1,30,13,1,2,2
2,25,14,1,1,1
1,91,991,91,91,91
2,30,18,1,2,1
2,91,991,91,91,91
2,91,991,91,91,91
2,15,15,1,2,2
1,91,991,91,91,91
2,10,17,1,2,1
1,91,991,91,91,91
2,93,21,93,93,93
2,25,12,1,2,1
1,91,991,91,91,91
2,91,991,91,91,91
2,2,30,2,1,2
2,93,21,93,93,93
1,93,17,93,93,93
1,93,13,93,93,93
2,91,991,91,91,91
1,91,991,91,91,91
2,91,991,91,91,91
1,29,18,1,2,2
1,93,46,93,93,93
2,91,991,91,91,91
2,1,15,1,2,1
2,93,21,93,93,93
2,20,14,1,2,2
2,91,991,91,91,91
2,93,13,93,93,93
2,91,991,91,91,91
2,91,991,91,91,91
2,91,991,91,91,91
2,30,12,1,2,2
1,93,33,93,93,93
2,91,991,91,91,91
2,93,13,93,93,93
1,2,16,2,2,1
2,91,991,91,91,91
1,91,991,91,91,91
2,93,67,93,93,93
2,93,45,93,93,93
1,91,991,91,91,91
2,93,14,93,93,93
2,93,24,93,93,93
1,91,991,91,91,91
2,20,20,1,1,2
2,91,991,91,91,91
2,91,991,91,91,91
2,91,991,91,91,91
2,91,991,91,91,91
2,91,991,91,91,91
1,91,991,91,91,91
1,91,991,91,91,91
1,93,14,93,93,93
2,93,16,93,93,93
2,91,991,91,91,91
1,15,16,1,1,1
1,93,15,93,93,93
1,93,17,93,93,93
2,91,991,91,91,91
1,91,991,91,91,91
2,93,18,93,93,93
1,91,991,91,91,91
1,91,991,91,91,91
1,91,991,91,91,91
2,93,20,93,93,93
1,30,17,1,2,1
1,91,991,91,91,91
2,93,16,93,93,93
1,1,33,2,2,1
1,91,991,91,91,91
1,93,21,93,93,93
1,91,991,91,91,91
2,91,991,91,91,91
1,91,991,91,91,91
2,93,12,93,93,93
2,91,991,91,91,91
1,93,15,93,93,93
2,93,14,93,93,93
2,91,991,91,91,91
2,91,991,91,91,91
1,8,13,1,2,2
2,93,12,93,93,93
2,93,30,93,93,93
1,93,15,93,93,93
1,91,991,91,91,91
2,91,991,91,91,91
1,93,17,93,93,93
2,1,46,2,2,2
1,93,21,93,93,93
2,91,991,91,91,91
2,93,17,93,93,93
1,93,17,93,93,93
2,5,16,1,2,2
1,93,21,93,93,93
1,93,18,93,93,93
2,91,991,91,91,91
2,91,991,91,91,91
1,25,25,2,2,2
2,1,19,1,2,2
1,93,22,93,93,93
1,91,991,91,91,91
2,30,25,1,2,2
1,93,16,93,93,93
1,93,16,93,93,93
2,93,16,93,93,93
2,91,991,91,91,91
1,91,991,91,91,91
2,91,991,91,91,91
2,91,991,91,91,91
2,93,21,93,93,93
2,2,18,2,1,1
2,93,30,93,93,93
1,10,18,1,1,2
1,91,991,91,91,91
2,91,991,91,91,91
2,91,991,91,91,91
1,91,991,91,91,91
1,93,15,93,93,93
2,93,12,93,93,93
2,30,15,1,1,2
1,4,21,1,2,2
2,30,14,1,2,2
2,93,28,93,93,93
2,30,16,2,1,2
1,91,991,91,91,91
2,1,14,1,1,1
2,93,20,93,93,93
1,91,991,91,91,91
2,91,991,91,91,91
2,91,991,91,91,91
2,29,16,1,1,1
2,93,18,93,93,93
2,93,27,93,93,93
1,93,17,93,93,93
2,93,19,93,93,93
1,91,991,91,91,91
2,93,25,93,93,93
2,91,991,91,91,91
2,91,991,91,91,91
1,91,991,91,91,91
1,93,17,93,93,93
2,91,991,91,91,91
2,6,20,1,2,1
2,91,991,91,91,91
2,93,26,93,93,93
1,10,16,1,2,2
2,91,991,91,91,91
1,2,14,2,1,2
1,91,991,91,91,91
1,18,15,1,1,1
1,93,16,93,93,93
2,93,15,93,93,93
1,91,991,91,91,91
2,91,991,91,91,91
2,91,991,91,91,91
2,93,20,93,93,93
2,91,991,91,91,91
1,91,991,91,91,91
1,91,991,91,91,91
1,93,20,93,93,93
1,2,14,2,2,2
1,91,991,91,91,91
1,28,15,2,1,2
1,91,991,91,91,91
2,91,991,91,91,91
2,91,991,91,91,91
1,91,991,91,91,91
2,91,991,91,91,91
2,91,991,91,91,91
2,93,22,93,93,93
2,93,18,93,93,93
2,91,991,91,91,91
2,91,991,91,91,91
2,91,991,91,91,91
1,91,991,91,91,91
1,91,991,91,91,91
1,93,13,93,93,93
2,93,18,93,93,93
2,91,991,91,91,91
2,93,16,93,93,93
1,93,15,93,93,93
2,93,13,93,93,93
1,93,18,93,93,93
2,93,18,93,93,93
2,91,991,91,91,91
1,15,15,1,2,2
1,91,991,91,91,91
2,93,20,93,93,93
2,93,21,93,93,93
1,93,18,93,93,93
2,93,21,93,93,93
2,91,991,91,91,91
1,21,17,1,2,2
2,91,991,91,91,91
2,93,18,93,93,93
1,93,20,93,93,93
1,91,991,91,91,91
1,91,991,91,91,91
2,91,991,91,91,91
2,93,18,93,93,93
2,91,991,91,91,91
2,91,991,91,91,91
1,91,991,91,91,91
2,91,991,91,91,91
2,91,991,91,91,91
2,91,991,91,91,91
2,91,991,91,91,91
2,93,17,93,93,93
1,91,991,91,91,91
1,30,15,1,2,2
1,93,15,93,93,93
1,91,991,91,91,91
2,93,19,93,93,93
1,91,991,91,91,91
2,91,991,91,91,91
1,93,16,93,93,93
1,91,991,91,91,91
2,15,20,1,2,1
2,93,14,93,93,93
1,93,20,93,93,93
2,91,991,91,91,91
1,91,991,91,91,91
2,91,991,91,91,91
2,1,14,2,1,2
1,93,15,93,93,93
2,91,991,91,91,91
2,91,991,91,91,91
1,91,991,91,91,91
2,8,19,2,1,2
2,91,991,91,91,91
2,93,22,93,93,93
1,91,991,91,91,91
1,28,16,1,2,2
1,91,991,91,91,91
2,93,20,93,93,93
1,91,991,91,91,91
1,91,991,91,91,91
1,93,10,93,93,93
1,91,991,91,91,91
2,2,18,1,2,2
2,18,16,1,2,2
1,91,991,91,91,91
1,91,991,91,91,91
1,91,991,91,91,91
1,93,13,93,93,93
2,91,991,91,91,91
2,91,991,91,91,91
1,93,19,93,93,93
2,30,17,1,2,2
2,91,991,91,91,91
2,93,28,93,93,93
2,91,991,91,91,91
2,91,991,91,91,91
2,91,991,91,91,91
1,91,991,91,91,91
1,93,17,93,93,93
2,91,991,91,91,91
2,91,991,91,91,91
2,93,22,93,93,93
2,91,991,91,91,91
1,20,18,2,1,2
1,91,991,91,91,91
1,4,17,1,1,1
1,91,991,91,91,91
2,93,19,93,93,93
1,93,18,93,93,93
2,2,26,1,2,2
1,91,991,91,91,91
2,3,16,1,2,2
2,91,991,91,91,91
1,91,991,91,91,91
1,91,991,91,91,91
2,91,991,91,91,91
2,91,991,91,91,91
1,91,991,91,91,91
1,93,25,93,93,93
1,30,14,1,2,2
1,93,18,93,93,93
1,91,991,91,91,91
2,91,991,91,91,91
2,91,991,91,91,91
2,91,991,91,91,91
1,91,991,91,91,91
2,93,14,93,93,93
1,93,15,93,93,93
2,91,991,91,91,91
2,93,14,93,93,93
2,91,991,91,91,91
1,91,991,91,91,91
2,91,991,91,91,91
2,93,20,93,93,93
1,91,991,91,91,91
2,91,991,91,91,91
2,91,991,91,91,91
1,3,25,2,1,1
2,93,18,93,93,93
2,91,991,91,91,91
2,93,16,93,93,93
1,91,991,91,91,91
2,20,12,1,2,2
1,91,991,91,91,91
2,91,991,91,91,91
2,93,28,93,93,93
2,5,12,2,2,1
1,91,991,91,91,91
1,93,16,93,93,93
2,91,991,91,91,91
2,93,22,93,93,93
1,91,991,91,91,91
1,30,16,1,1,2
1,91,991,91,91,91
2,91,991,91,91,91
2,91,991,91,91,91
2,93,12,93,93,93
1,93,27,93,93,93
2,91,991,91,91,91
1,30,21,1,2,2
2,2,30,2,2,1
2,91,991,91,91,91
1,91,991,91,91,91
2,91,991,91,91,91
2,91,991,91,91,91
2,91,991,91,91,91
1,91,991,91,91,91
2,91,991,91,91,91
2,91,991,91,91,91
2,93,19,93,93,93
2,93,13,93,93,93
2,91,991,91,91,91
1,91,991,91,91,91
1,91,991,91,91,91
2,91,991,91,91,91
1,91,991,91,91,91
2,93,14,93,93,93
2,91,991,91,91,91
2,91,991,91,91,91
2,91,991,91,91,91
2,91,991,91,91,91
2,91,991,91,91,91
1,3,15,1,2,2
2,93,29,93,93,93
2,93,19,93,93,93
1,4,16,2,2,1
2,93,11,93,93,93
2,91,991,91,91,91
2,91,991,91,91,91
1,91,991,91,91,91
2,7,13,1,1,1
1,93,16,93,93,93
1,91,991,91,91,91
1,91,991,91,91,91
2,93,15,93,93,93
1,91,991,91,91,91
1,91,991,91,91,91
1,93,19,93,93,93
2,91,991,91,91,91
2,91,991,91,91,91
1,91,991,91,91,91
1,93,16,93,93,93
2,30,13,1,2,2
2,91,991,91,91,91
2,93,13,93,93,93
1,91,991,91,91,91
1,30,18,1,2,1
2,91,991,91,91,91
2,91,991,91,91,91
2,93,16,93,93,93
1,91,991,91,91,91
2,91,991,91,91,91
1,91,991,91,91,91
2,13,16,1,2,2
2,30,13,1,1,1
2,93,13,93,93,93
1,91,991,91,91,91
2,93,20,93,93,93
2,91,991,91,91,91
1,93,16,93,93,93
1,2,18,2,2,2
1,91,991,91,91,91
1,93,15,93,93,93
1,93,15,93,93,93
2,91,991,91,91,91
1,91,991,91,91,91
2,28,19,2,2,1
2,91,991,91,91,91
1,91,991,91,91,91
2,91,991,91,91,91
1,4,17,1,2,2
1,93,14,93,93,93
1,91,991,91,91,91
1,91,991,91,91,91
2,2,19,1,2,2
1,91,991,91,91,91
2,93,18,93,93,93
1,2,19,2,2,1
1,91,991,91,91,91
1,93,13,93,93,93
1,91,991,91,91,91
1,91,991,91,91,91
2,93,23,93,93,93
1,91,991,91,91,91
2,93,14,93,93,93
2,4,15,2,2,1
1,91,991,91,91,91
2,91,991,91,91,91
1,93,21,93,93,93
1,93,17,93,93,93
1,17,18,1,2,2
1,93,15,93,93,93
2,93,16,93,93,93
2,91,991,91,91,91
2,91,991,91,91,91
2,91,991,91,91,91
2,91,991,91,91,91
1,93,17,93,93,93
2,91,991,91,91,91
2,91,991,91,91,91
1,91,991,91,91,91
2,93,17,93,93,93
2,91,991,91,91,91
2,91,991,91,91,91
2,93,17,93,93,93
1,91,991,91,91,91
1,93,18,93,93,93
1,91,991,91,91,91
2,91,991,91,91,91
2,5,21,1,2,2
1,91,991,91,91,91
2,91,991,91,91,91
1,91,991,91,91,91
1,91,991,91,91,91
2,91,991,91,91,91
1,93,15,93,93,93
2,91,991,91,91,91
2,91,991,91,91,91
2,91,991,91,91,91
2,91,991,91,91,91
1,91,991,91,91,91
2,93,20,93,93,93
1,25,11,1,1,1
2,91,991,91,91,91
1,91,991,91,91,91
1,93,15,93,93,93
1,91,991,91,91,91
1,91,991,91,91,91
2,93,18,93,93,93
1,93,18,93,93,93
2,30,14,1,2,2
1,91,991,91,91,91
2,93,13,93,93,93
2,91,991,91,91,91
1,91,991,91,91,91
1,22,10,1,2,2
2,91,991,91,91,91
1,93,18,93,93,93
2,91,991,91,91,91
1,91,991,91,91,91
2,12,47,2,2,1
1,91,991,91,91,91
1,93,26,93,93,93
2,93,14,93,93,93
2,91,991,91,91,91
2,93,33,93,93,93
2,91,991,91,91,91
1,91,991,91,91,91
2,91,991,91,91,91
1,93,26,93,93,93
2,93,32,93,93,93
2,91,991,91,91,91
1,91,991,91,91,91
2,93,19,93,93,93
1,30,20,1,1,2
2,91,991,91,91,91
1,91,991,91,91,91
2,91,991,91,91,91
2,30,18,1,1,1
1,93,21,93,93,93
2,93,16,93,93,93
2,30,18,1,2,1
2,93,18,93,93,93
1,93,17,93,93,93
2,91,991,91,91,91
2,91,991,91,91,91
1,91,991,91,91,91
1,93,23,93,93,93
1,91,991,91,91,91
2,91,991,91,91,91
2,91,991,91,91,91
1,91,991,91,91,91
1,93,20,93,93,93
2,93,19,93,93,93
2,91,991,91,91,91
1,93,18,93,93,93
2,91,991,91,91,91
1,93,15,93,93,93
1,91,991,91,91,91
2,91,991,91,91,91
2,93,14,93,93,93
2,91,991,91,91,91
2,91,991,91,91,91
2,93,20,93,93,93
1,1,18,1,2,2
2,91,991,91,91,91
2,91,991,91,91,91
2,93,18,93,93,93
1,93,16,93,93,93
2,91,991,91,91,91
2,93,22,93,93,93
1,91,991,91,91,91
2,91,991,91,91,91
1,93,13,93,93,93
2,93,12,93,93,93
2,91,991,91,91,91
2,93,20,93,93,93
2,91,991,91,91,91
2,91,991,91,91,91
2,93,30,93,93,93
2,91,991,91,91,91
1,30,17,1,1,2
1,91,991,91,91,91
1,91,991,91,91,91
1,91,991,91,91,91
2,93,17,93,93,93
2,91,991,91,91,91
1,1,19,1,2,2
1,93,25,93,93,93
2,93,20,93,93,93
1,20,18,1,1,1
1,93,14,93,93,93
2,91,991,91,91,91
1,93,16,93,93,93
1,93,15,93,93,93
2,91,991,91,91,91
2,93,20,93,93,93
2,91,991,91,91,91
2,91,991,91,91,91
1,25,16,1,1,2
1,93,18,93,93,93
1,91,991,91,91,91
1,91,991,91,91,91
1,91,991,91,91,91
2,91,991,91,91,91
2,91,991,91,91,91
2,91,991,91,91,91
1,91,991,91,91,91
2,93,21,93,93,93
2,93,12,93,93,93
1,91,991,91,91,91
1,93,15,93,93,93
2,9,23,2,2,1
2,29,17,1,2,2
1,91,991,91,91,91
1,93,16,93,93,93
1,20,15,1,2,2
1,91,991,91,91,91
1,91,991,91,91,91
1,93,15,93,93,93
1,10,16,1,2,2
1,30,9,1,1,1
1,97,35,1,2,2
1,91,991,91,91,91
1,91,991,91,91,91
2,91,991,91,91,91
2,91,991,91,91,91
2,91,991,91,91,91
1,91,991,91,91,91
1,93,14,93,93,93
2,91,991,91,91,91
2,91,991,91,91,91
2,91,991,91,91,91
2,91,991,91,91,91
2,91,991,91,91,91
2,93,17,93,93,93
2,91,991,91,91,91
2,91,991,91,91,91
2,91,991,91,91,91
1,91,991,91,91,91
2,15,14,1,1,1
1,91,991,91,91,91
1,28,12,1,1,2
2,1,11,1,2,2
2,91,991,91,91,91
1,91,991,91,91,91
2,91,991,91,91,91
1,93,18,93,93,93
2,93,17,93,93,93
2,91,991,91,91,91
2,91,991,91,91,91
2,91,991,91,91,91
2,7,24,2,2,1
2,91,991,91,91,91
2,3,16,2,1,2
2,2,15,2,2,1
1,91,991,91,91,91
2,91,991,91,91,91
1,91,991,91,91,91
2,93,21,93,93,93
2,91,991,91,91,91
1,91,991,91,91,91
2,93,16,93,93,93
1,93,13,93,93,93
2,91,991,91,91,91
2,91,991,91,91,91
2,91,991,91,91,91
2,93,25,93,93,93
2,91,991,91,91,91
1,91,991,91,91,91
1,91,991,91,91,91
2,91,991,91,91,91
1,91,991,91,91,91
1,91,991,91,91,91
2,97,997,98,98,98
2,93,12,93,93,93
1,91,991,91,91,91
2,93,22,93,93,93
1,91,991,91,91,91
1,30,15,1,2,2
1,91,991,91,91,91
1,93,15,93,93,93
1,91,991,91,91,91
2,91,991,91,91,91
1,91,991,91,91,91
1,12,12,1,2,2
2,91,991,91,91,91
2,91,991,91,91,91
1,2,17,1,1,2
2,93,22,93,93,93
2,1,22,2,2,1
2,91,991,91,91,91
1,93,18,93,93,93
2,91,991,91,91,91
2,91,991,91,91,91
2,91,991,91,91,91
2,91,991,91,91,91
1,91,991,91,91,91
1,91,991,91,91,91
2,93,19,93,93,93
2,93,12,93,93,93
2,91,991,91,91,91
2,93,15,93,93,93
2,91,991,91,91,91
1,91,991,91,91,91
2,30,16,1,2,2
2,91,991,91,91,91
2,93,13,93,93,93
1,2,21,2,2,1
1,93,20,93,93,93
1,93,25,93,93,93
1,93,18,93,93,93
2,91,991,91,91,91
1,91,991,91,91,91
1,93,18,93,93,93
1,91,991,91,91,91
2,30,24,2,2,1
2,93,30,93,93,93
1,91,991,91,91,91
2,25,17,1,2,2
2,91,991,91,91,91
2,91,991,91,91,91
1,91,991,91,91,91
2,91,991,91,91,91
2,91,991,91,91,91
1,30,14,1,1,2
2,91,991,91,91,91
2,91,991,91,91,91
1,2,15,2,2,1
1,3,12,1,2,2
1,93,18,93,93,93
2,93,24,93,93,93
2,91,991,91,91,91
1,30,17,1,2,2
2,91,991,91,91,91
1,91,991,91,91,91
2,93,19,93,93,93
2,91,991,91,91,91
1,93,12,93,93,93
1,93,21,93,93,93
2,93,11,93,93,93
1,91,991,91,91,91
1,30,15,1,1,2
1,9,16,1,2,2
1,91,991,91,91,91
2,93,14,93,93,93
2,91,991,91,91,91
1,91,991,91,91,91
2,91,991,91,91,91
2,91,991,91,91,91
2,30,35,1,1,1
2,91,991,91,91,91
1,26,14,1,2,1
2,93,18,93,93,93
1,7,994,1,1,1
2,91,991,91,91,91
1,91,991,91,91,91
2,91,991,91,91,91
2,93,40,93,93,93
2,91,991,91,91,91
1,91,991,91,91,91
2,91,991,91,91,91
1,93,29,93,93,93
2,91,991,91,91,91
1,91,991,91,91,91
1,91,991,91,91,91
1,93,16,93,93,93
2,93,17,93,93,93
1,91,991,91,91,91
2,91,991,91,91,91
2,93,13,93,93,93
1,91,991,91,91,91
2,91,991,91,91,91
2,93,18,93,93,93
2,93,21,93,93,93
2,91,991,91,91,91
2,91,991,91,91,91
2,93,76,93,93,93
1,91,991,91,91,91
2,93,18,93,93,93
2,3,14,2,2,2
1,91,991,91,91,91
2,91,991,91,91,91
1,91,991,91,91,91
2,91,991,91,91,91
2,30,15,1,1,2
1,91,991,91,91,91
2,91,991,91,91,91
2,93,15,93,93,93
2,93,19,93,93,93
2,91,991,91,91,91
2,91,991,91,91,91
2,93,23,93,93,93
2,93,20,93,93,93
1,91,991,91,91,91
1,91,991,91,91,91
2,91,991,91,91,91
2,91,991,91,91,91
2,30,15,1,2,1
2,2,17,2,2,2
1,29,16,1,1,1
2,93,37,93,93,93
1,30,14,1,1,1
1,2,18,2,2,1
1,93,16,93,93,93
2,91,991,91,91,91
2,91,991,91,91,91
2,93,21,93,93,93
2,30,22,1,1,2
1,20,16,1,2,2
1,91,991,91,91,91
2,91,991,91,91,91
1,30,14,1,1,2
1,91,991,91,91,91
2,91,991,91,91,91
1,91,991,91,91,91
1,91,991,91,91,91
1,29,16,1,1,2
1,93,28,93,93,93
1,93,16,93,93,93
2,93,12,93,93,93
2,93,17,93,93,93
2,93,20,93,93,93
1,91,991,91,91,91
1,91,991,91,91,91
2,91,991,91,91,91
2,30,16,1,2,1
1,93,21,93,93,93
1,91,991,91,91,91
2,93,18,93,93,93
2,93,18,93,93,93
2,91,991,91,91,91
2,91,991,91,91,91
1,91,991,91,91,91
2,91,991,91,91,91
1,93,12,93,93,93
2,91,991,91,91,91
2,93,21,93,93,93
2,91,991,91,91,91
2,91,991,91,91,91
1,1,14,1,2,2
2,93,23,93,93,93
2,91,991,91,91,91
2,93,16,93,93,93
2,91,991,91,91,91
2,93,17,93,93,93
2,91,991,91,91,91
1,93,23,93,93,93
2,91,991,91,91,91
1,93,17,93,93,93
2,93,13,93,93,93
1,91,991,91,91,91
1,30,19,2,1,2
1,91,991,91,91,91
2,93,26,93,93,93
2,91,991,91,91,91
1,91,991,91,91,91
1,91,991,91,91,91
2,91,991,91,91,91
1,91,991,91,91,91
2,91,991,91,91,91
1,93,29,93,93,93
2,91,991,91,91,91
2,91,991,91,91,91
1,93,29,93,93,93
1,91,991,91,91,91
2,93,15,93,93,93
2,91,991,91,91,91
1,93,17,93,93,93
2,91,991,91,91,91
1,91,991,91,91,91
2,93,19,93,93,93
1,30,16,1,2,2
1,2,15,2,1,2
1,91,991,91,91,91
2,93,16,93,93,93
2,91,991,91,91,91
1,93,13,93,93,93
2,91,991,91,91,91
1,7,16,1,2,2
1,93,32,93,93,93
1,91,991,91,91,91
2,91,991,91,91,91
2,91,991,91,91,91
1,93,20,93,93,93
2,93,25,93,93,93
2,91,991,91,91,91
1,2,17,1,2,2
2,98,998,98,98,98
1,93,13,93,93,93
1,91,991,91,91,91
2,93,15,93,93,93
1,91,991,91,91,91
2,93,19,93,93,93
2,15,21,1,2,2
2,93,17,93,93,93
1,91,991,91,91,91
1,93,16,93,93,93
2,93,21,93,93,93
2,93,18,93,93,93
1,93,16,93,93,93
1,91,991,91,91,91
2,30,30,1,2,2
2,93,16,93,93,93
2,93,61,93,93,93
2,91,991,91,91,91
1,93,16,93,93,93
2,91,991,91,91,91
1,91,991,91,91,91
1,91,991,91,91,91
2,93,16,93,93,93
2,91,991,91,91,91
2,93,19,93,93,93
1,91,991,91,91,91
2,30,37,2,1,2
2,2,17,2,2,1
2,91,991,91,91,91
1,91,991,91,91,91
1,6,18,1,1,1
2,5,14,1,1,1
1,93,21,93,93,93
1,18,17,1,2,1
2,93,4,93,93,93
2,91,991,91,91,91
2,93,17,93,93,93
2,1,38,1,2,2
2,91,991,91,91,91
2,93,19,93,93,93
2,91,991,91,91,91
2,93,25,93,93,93
1,93,16,93,93,93
1,91,991,91,91,91
1,91,991,91,91,91
2,91,991,91,91,91
2,30,18,1,1,1
2,91,991,91,91,91
2,91,991,91,91,91
2,25,28,1,1,1
1,91,991,91,91,91
2,91,991,91,91,91
2,25,14,1,1,1
1,91,991,91,91,91
1,91,991,91,91,91
1,91,991,91,91,91
2,91,991,91,91,91
2,91,991,91,91,91
2,91,991,91,91,91
2,91,991,91,91,91
2,91,991,91,91,91
2,91,991,91,91,91
1,91,991,91,91,91
2,98,16,98,98,98
1,91,991,91,91,91
1,91,991,91,91,91
1,91,991,91,91,91
1,93,11,93,93,93
1,93,16,93,93,93
1,91,991,91,91,91
2,93,15,93,93,93
1,93,18,93,93,93
1,91,991,91,91,91
2,91,991,91,91,91
2,28,14,1,1,2
2,91,991,91,91,91
1,91,991,91,91,91
1,7,16,1,1,2
1,93,19,93,93,93
2,91,991,91,91,91
1,93,14,93,93,93
1,91,991,91,91,91
1,91,991,91,91,91
1,93,20,93,93,93
1,93,19,93,93,93
1,3,16,2,1,2
2,91,991,91,91,91
2,91,991,91,91,91
2,91,991,91,91,91
1,93,15,93,93,93
1,91,991,91,91,91
1,91,991,91,91,91
2,91,991,91,91,91
1,91,991,91,91,91
1,93,18,93,93,93
2,93,14,93,93,93
1,91,991,91,91,91
2,91,991,91,91,91
1,1,22,2,2,1
2,4,16,1,2,2
1,91,991,91,91,91
1,93,28,93,93,93
2,91,991,91,91,91
1,91,991,91,91,91
2,91,991,91,91,91
2,91,991,91,91,91
1,4,16,1,1,2
2,93,13,93,93,93
2,91,991,91,91,91
2,93,22,93,93,93
2,91,991,91,91,91
1,10,17,2,2,1
1,91,991,91,91,91
2,93,15,93,93,93
1,91,991,91,91,91
1,91,991,91,91,91
1,5,15,2,1,2
2,91,991,91,91,91
1,93,27,93,93,93
2,30,18,1,2,2
2,93,28,93,93,93
2,93,16,93,93,93
2,91,991,91,91,91
1,91,991,91,91,91
1,91,991,91,91,91
2,91,991,91,91,91
1,30,18,1,1,2
1,91,991,91,91,91
2,91,991,91,91,91
1,93,20,93,93,93
2,91,991,91,91,91
2,93,18,93,93,93
2,30,15,1,1,1
1,93,18,93,93,93
2,91,991,91,91,91
1,91,991,91,91,91
1,91,991,91,91,91
2,93,27,93,93,93
1,91,991,91,91,91
2,91,991,91,91,91
2,93,16,93,93,93
1,91,991,91,91,91
2,91,991,91,91,91
2,30,17,1,2,2
1,91,991,91,91,91
2,30,21,1,2,2
2,94,14,2,1,2
2,93,23,93,93,93
1,93,15,93,93,93
2,93,20,93,93,93
2,91,991,91,91,91
2,91,991,91,91,91
2,91,991,91,91,91
2,91,991,91,91,91
1,20,17,1,2,1
2,91,991,91,91,91
2,91,991,91,91,91
2,91,991,91,91,91
2,91,991,91,91,91
1,93,21,93,93,93
1,10,16,2,2,1
2,91,991,91,91,91
2,91,991,91,91,91
2,91,991,91,91,91
2,91,991,91,91,91
2,91,991,91,91,91
2,91,991,91,91,91
1,91,991,91,91,91
1,93,12,93,93,93
2,93,17,93,93,93
2,91,991,91,91,91
1,91,991,91,91,91
2,91,991,91,91,91
2,91,991,91,91,91
2,91,991,91,91,91
1,91,991,91,91,91
1,91,991,91,91,91
1,93,14,93,93,93
2,91,991,91,91,91
2,93,16,93,93,93
1,91,991,91,91,91
2,91,991,91,91,91
2,93,16,93,93,93
1,91,991,91,91,91
1,93,21,93,93,93
2,93,18,93,93,93
2,91,991,91,91,91
1,91,991,91,91,91
2,91,991,91,91,91
2,93,17,93,93,93
1,30,14,1,1,2
2,91,991,91,91,91
1,91,991,91,91,91
2,91,991,91,91,91
1,93,13,93,93,93
1,91,991,91,91,91
1,93,13,93,93,93
2,25,13,1,1,1
1,93,4,93,93,93
2,2,18,2,1,1
1,91,991,91,91,91
1,91,991,91,91,91
1,93,18,93,93,93
2,93,17,93,93,93
1,91,991,91,91,91
2,91,991,91,91,91
1,10,16,1,1,2
1,91,991,91,91,91
2,91,991,91,91,91
2,91,991,91,91,91
1,91,991,91,91,91
2,93,17,93,93,93
2,91,991,91,91,91
1,91,991,91,91,91
2,91,991,91,91,91
2,91,991,91,91,91
2,91,991,91,91,91
1,93,20,93,93,93
1,91,991,91,91,91
1,91,991,91,91,91
1,91,991,91,91,91
2,91,991,91,91,91
1,93,21,93,93,93
2,25,18,2,2,1
2,93,15,93,93,93
1,2,32,2,2,1
1,91,991,91,91,91
1,93,16,93,93,93
1,93,15,93,93,93
1,91,991,91,91,91
1,30,12,1,2,2
1,91,991,91,91,91
2,30,16,2,2,2
2,91,991,91,91,91
2,91,991,91,91,91
2,91,991,91,91,91
1,30,16,2,2,2
1,91,991,91,91,91
1,93,12,93,93,93
2,93,15,93,93,93
2,93,24,93,93,93
1,3,15,1,2,2
2,93,12,93,93,93
2,91,991,91,91,91
2,91,991,91,91,91
2,93,27,93,93,93
1,91,991,91,91,91
2,93,16,93,93,93
2,91,991,91,91,91
2,93,20,93,93,93
2,93,14,93,93,93
1,93,17,93,93,93
1,91,991,91,91,91
1,93,18,93,93,93
1,91,991,91,91,91
2,91,991,91,91,91
2,3,15,1,2,2
2,91,991,91,91,91
2,3,8,1,2,2
2,91,991,91,91,91
2,91,991,91,91,91
2,91,991,91,91,91
2,91,991,91,91,91
2,91,991,91,91,91
2,93,17,93,93,93
2,91,991,91,91,91
2,93,18,93,93,93
2,93,14,93,93,93
1,91,991,91,91,91
2,93,15,93,93,93
2,91,991,91,91,91
1,30,12,1,2,2
2,93,30,93,93,93
2,91,991,91,91,91
1,91,991,91,91,91
2,91,991,91,91,91
2,30,13,1,1,1
1,25,16,2,2,2
1,91,991,91,91,91
2,91,991,91,91,91
1,98,998,98,98,98
1,2,20,1,1,2
2,91,991,91,91,91
2,91,991,91,91,91
1,93,18,93,93,93
1,91,991,91,91,91
1,91,991,91,91,91
1,91,991,91,91,91
1,91,991,91,91,91
2,91,991,91,91,91
2,2,13,1,2,2
1,93,31,93,93,93
1,91,991,91,91,91
2,91,991,91,91,91
1,28,15,1,1,2
1,91,991,91,91,91
2,93,16,93,93,93
2,93,19,93,93,93
1,91,991,91,91,91
2,91,991,91,91,91
1,93,23,93,93,93
1,91,991,91,91,91
2,93,14,93,93,93
2,91,991,91,91,91
1,93,16,93,93,93
2,93,21,93,93,93
1,91,991,91,91,91
1,91,991,91,91,91
1,91,991,91,91,91
2,4,18,1,2,2
1,91,991,91,91,91
1,91,991,91,91,91
2,93,15,93,93,93
2,93,23,93,93,93
2,91,991,91,91,91
1,91,991,91,91,91
2,93,18,93,93,93
2,98,20,98,98,98
1,28,16,1,1,1
1,93,18,93,93,93
2,91,991,91,91,91
2,93,33,93,93,93
1,91,991,91,91,91
1,91,991,91,91,91
1,30,18,1,1,2
1,91,991,91,91,91
1,5,14,1,2,1
2,93,16,93,93,93
1,7,17,1,1,1
1,93,21,93,93,93
1,91,991,91,91,91
2,91,991,91,91,91
2,91,991,91,91,91
2,93,15,93,93,93
2,91,991,91,91,91
2,91,991,91,91,91
2,91,991,91,91,91
2,91,991,91,91,91
2,91,991,91,91,91
1,91,991,91,91,91
2,91,991,91,91,91
1,91,991,91,91,91
2,91,991,91,91,91
2,91,991,91,91,91
2,91,991,91,91,91
1,93,27,93,93,93
1,91,991,91,91,91
2,91,991,91,91,91
2,91,991,91,91,91
1,30,14,1,1,1
2,91,991,91,91,91
1,91,991,91,91,91
2,93,25,93,93,93
1,91,991,91,91,91
1,91,991,91,91,91
1,91,991,91,91,91
1,91,991,91,91,91
2,91,991,91,91,91
1,91,991,91,91,91
2,91,991,91,91,91
2,91,991,91,91,91
2,27,32,1,2,2
2,91,991,91,91,91
2,91,991,91,91,91
1,91,991,91,91,91
1,93,19,93,93,93
2,9,18,1,2,2
2,91,991,91,91,91
1,91,991,91,91,91
2,91,991,91,91,91
2,91,991,91,91,91
1,91,991,91,91,91
2,93,17,93,93,93
2,1,21,2,2,2
2,91,991,91,91,91
1,91,991,91,91,91
2,91,991,91,91,91
2,93,17,93,93,93
2,91,991,91,91,91
2,91,991,91,91,91
1,93,11,93,93,93
2,93,15,93,93,93
1,93,20,93,93,93
2,91,991,91,91,91
1,91,991,91,91,91
2,91,991,91,91,91
2,93,13,93,93,93
2,93,16,93,93,93
1,20,14,2,1,1
1,30,12,1,2,2
2,26,29,1,1,2
1,91,991,91,91,91
2,93,16,93,93,93
1,91,991,91,91,91
1,91,991,91,91,91
1,93,20,93,93,93
2,5,16,1,1,2
2,30,17,1,1,1
1,91,991,91,91,91
1,91,991,91,91,91
1,91,991,91,91,91
1,22,15,1,1,2
2,91,991,91,91,91
2,91,991,91,91,91
1,93,25,93,93,93
1,93,40,93,93,93
2,91,991,91,91,91
1,91,991,91,91,91
2,91,991,91,91,91
2,93,15,93,93,93
2,91,991,91,91,91
2,93,21,93,93,93
2,93,18,93,93,93
1,91,991,91,91,91
2,91,991,91,91,91
2,93,15,93,93,93
1,91,991,91,91,91
1,3,19,2,2,1
2,91,991,91,91,91
1,93,14,93,93,93
1,91,991,91,91,91
1,28,15,1,1,1
2,93,30,93,93,93
1,93,19,93,93,93
2,93,16,93,93,93
2,91,991,91,91,91
1,91,991,91,91,91
2,91,991,91,91,91
1,93,24,93,93,93
2,91,991,91,91,91
2,93,48,93,93,93
2,91,991,91,91,91
1,91,991,91,91,91
2,93,18,93,93,93
1,91,991,91,91,91
2,91,991,91,91,91
1,91,991,91,91,91
1,27,18,1,2,1
2,91,991,91,91,91
1,91,991,91,91,91
1,91,991,91,91,91
2,2,16,2,1,2
2,91,991,91,91,91
1,93,15,93,93,93
2,91,991,91,91,91
1,93,23,93,93,93
1,93,9,93,93,93
1,93,19,93,93,93
2,91,991,91,91,91
2,7,15,1,2,2
2,91,991,91,91,91
1,91,991,91,91,91
1,91,991,91,91,91
2,91,991,91,91,91
1,91,991,91,91,91
2,2,17,2,2,1
2,91,991,91,91,91
2,93,13,93,93,93
1,93,14,93,93,93
1,91,991,91,91,91
2,91,991,91,91,91
1,91,991,91,91,91
2,91,991,91,91,91
2,3,18,1,1,2
2,93,20,93,93,93
2,20,15,1,2,2
2,5,21,1,2,2
1,29,16,1,1,2
1,91,991,91,91,91
2,2,43,2,2,2
1,93,17,93,93,93
1,93,16,93,93,93
1,91,991,91,91,91
2,93,30,93,93,93
1,91,991,91,91,91
2,91,991,91,91,91
1,91,991,91,91,91
2,91,991,91,91,91
1,93,14,93,93,93
2,93,17,93,93,93
2,91,991,91,91,91
2,91,991,91,91,91
1,91,991,91,91,91
2,2,22,2,2,1
2,91,991,91,91,91
2,91,991,91,91,91
2,93,19,93,93,93
1,93,19,93,93,93
1,93,15,93,93,93
1,15,44,1,2,2
1,29,16,1,2,2
2,91,991,91,91,91
2,8,15,1,1,2
1,91,991,91,91,91
2,93,18,93,93,93
2,4,15,1,2,2
1,91,991,91,91,91
2,91,991,91,91,91
2,91,991,91,91,91
1,91,991,91,91,91
2,93,11,93,93,93
1,91,991,91,91,91
1,91,991,91,91,91
2,91,991,91,91,91
1,91,991,91,91,91
1,91,991,91,91,91
1,91,991,91,91,91
1,91,991,91,91,91
2,5,16,1,2,1
2,1,17,2,2,1
1,91,991,91,91,91
1,91,991,91,91,91
1,30,15,1,1,2
2,30,20,1,2,2
1,2,18,1,2,1
1,91,991,91,91,91
1,91,991,91,91,91
2,1,15,1,2,2
2,12,15,2,2,2
1,15,15,1,2,1
2,93,17,93,93,93
1,30,11,1,2,2
2,93,22,93,93,93
2,93,23,93,93,93
2,93,16,93,93,93
2,93,19,93,93,93
2,91,991,91,91,91
2,91,991,91,91,91
1,4,18,2,2,1
1,91,991,91,91,91
1,7,12,1,2,2
1,91,991,91,91,91
1,12,30,1,2,2
1,20,17,1,2,2
1,91,991,91,91,91
2,91,991,91,91,91
2,93,21,93,93,93
1,93,15,93,93,93
2,91,991,91,91,91
1,91,991,91,91,91
1,93,23,93,93,93
1,91,991,91,91,91
1,93,16,93,93,93
2,91,991,91,91,91
2,91,991,91,91,91
2,3,12,1,2,2
2,93,20,93,93,93
2,12,20,1,2,1
1,91,991,91,91,91
2,91,991,91,91,91
1,30,23,1,1,1
1,91,991,91,91,91
2,93,25,93,93,93
1,93,14,93,93,93
1,91,991,91,91,91
1,93,29,93,93,93
2,91,991,91,91,91
2,10,15,2,1,2
1,91,991,91,91,91
1,91,991,91,91,91
1,93,17,93,93,93
1,20,12,1,2,2
1,91,991,91,91,91
2,93,16,93,93,93
1,91,991,91,91,91
2,91,991,91,91,91
2,91,991,91,91,91
1,91,991,91,91,91
1,91,991,91,91,91
1,25,15,1,1,2
2,91,991,91,91,91
1,91,991,91,91,91
1,91,991,91,91,91
1,91,991,91,91,91
1,30,18,2,1,2
1,91,991,91,91,91
2,91,991,91,91,91
2,91,991,91,91,91
2,91,991,91,91,91
2,93,15,93,93,93
1,91,991,91,91,91
2,93,21,93,93,93
2,93,16,93,93,93
2,91,991,91,91,91
1,12,18,1,1,1
2,16,19,1,1,2
1,93,40,93,93,93
1,93,13,93,93,93
2,15,14,1,2,2
1,91,991,91,91,91
2,93,17,93,93,93
1,30,15,1,2,1
1,93,15,93,93,93
2,91,991,91,91,91
1,91,991,91,91,91
2,91,991,91,91,91
2,93,17,93,93,93
1,91,991,91,91,91
1,93,10,93,93,93
2,91,991,91,91,91
1,18,18,1,2,2
1,91,991,91,91,91
1,30,16,1,1,2
2,93,18,93,93,93
1,91,991,91,91,91
2,91,991,91,91,91
1,93,15,93,93,93
1,93,14,93,93,93
2,91,991,91,91,91
2,93,13,93,93,93
1,91,991,91,91,91
1,91,991,91,91,91
2,30,15,1,1,1
1,91,991,91,91,91
2,91,991,91,91,91
2,93,34,93,93,93
2,30,13,1,1,1
1,91,991,91,91,91
2,93,24,93,93,93
1,30,13,1,1,1
2,91,991,91,91,91
1,91,991,91,91,91
1,4,22,1,2,1
2,91,991,91,91,91
2,91,991,91,91,91
2,91,991,91,91,91
2,91,991,91,91,91
2,93,24,93,93,93
1,91,991,91,91,91
2,91,991,91,91,91
1,93,19,93,93,93
1,93,21,93,93,93
1,22,13,2,1,1
1,93,20,93,93,93
2,91,991,91,91,91
2,93,18,93,93,93
1,93,19,93,93,93
1,15,15,1,1,2
2,93,13,93,93,93
1,91,991,91,91,91
1,93,14,93,93,93
2,91,991,91,91,91
2,91,991,91,91,91
1,91,991,91,91,91
2,91,991,91,91,91
1,91,991,91,91,91
2,93,17,93,93,93
2,93,14,93,93,93
2,93,20,93,93,93
1,30,21,1,2,1
2,91,991,91,91,91
2,91,991,91,91,91
2,93,15,93,93,93
1,91,991,91,91,91
2,91,991,91,91,91
1,93,21,93,93,93
2,93,33,93,93,93
1,91,991,91,91,91
2,93,44,93,93,93
2,91,991,91,91,91
2,3,18,1,2,2
2,91,991,91,91,91
1,93,21,93,93,93
1,91,991,91,91,91
2,30,16,1,1,1
2,93,18,93,93,93
2,91,991,91,91,91
2,91,991,91,91,91
1,91,991,91,91,91
1,93,20,93,93,93
2,91,991,91,91,91
1,93,16,93,93,93
1,93,15,93,93,93
2,91,991,91,91,91
1,14,14,1,2,2
1,30,16,2,2,1
1,93,17,93,93,93
1,91,991,91,91,91
2,30,15,1,2,2
1,91,991,91,91,91
2,91,991,91,91,91
2,93,45,93,93,93
2,93,16,93,93,93
1,91,991,91,91,91
1,23,23,1,2,2
2,91,991,91,91,91
2,91,991,91,91,91
1,91,991,91,91,91
2,30,17,1,2,2
2,91,991,91,91,91
2,91,991,91,91,91
1,4,16,1,2,2
2,91,991,91,91,91
1,91,991,91,91,91
1,91,991,91,91,91
2,91,991,91,91,91
2,91,991,91,91,91
1,91,991,91,91,91
1,91,991,91,91,91
1,10,21,1,2,2
2,91,991,91,91,91
1,91,991,91,91,91
1,91,991,91,91,91
1,91,991,91,91,91
2,30,13,1,1,1
2,93,18,93,93,93
2,91,991,91,91,91
1,91,991,91,91,91
2,91,991,91,91,91
2,93,23,93,93,93
2,91,991,91,91,91
1,93,13,93,93,93
2,91,991,91,91,91
1,93,16,93,93,93
1,91,991,91,91,91
1,91,991,91,91,91
1,93,19,93,93,93
1,91,991,91,91,91
1,93,35,93,93,93
2,93,16,93,93,93
1,91,991,91,91,91
2,93,19,93,93,93
2,30,17,1,1,2
1,93,41,93,93,93
2,93,15,93,93,93
2,91,991,91,91,91
1,93,11,93,93,93
2,91,991,91,91,91
1,91,991,91,91,91
1,20,15,2,1,2
1,93,18,93,93,93
2,93,15,93,93,93
2,91,991,91,91,91
1,93,16,93,93,93
2,93,23,93,93,93
1,30,50,1,1,2
2,91,991,91,91,91
1,2,16,1,2,2
1,91,991,91,91,91
2,91,991,91,91,91
1,91,991,91,91,91
1,93,18,93,93,93
2,93,21,93,93,93
1,15,21,2,1,1
2,93,21,93,93,93
1,91,991,91,91,91
1,26,15,1,1,2
1,9,17,2,2,2
1,91,991,91,91,91
1,93,16,93,93,93
2,91,991,91,91,91
2,91,991,91,91,91
2,91,991,91,91,91
1,91,991,91,91,91
1,91,991,91,91,91
2,91,991,91,91,91
2,91,991,91,91,91
1,91,991,91,91,91
2,91,991,91,91,91
1,93,15,93,93,93
1,93,16,93,93,93
2,91,991,91,91,91
1,91,991,91,91,91
1,91,991,91,91,91
2,3,15,1,1,1
2,93,17,93,93,93
1,7,11,1,2,2
1,93,15,93,93,93
2,1,15,2,1,2
2,91,991,91,91,91
2,12,21,2,1,2
2,93,18,93,93,93
2,91,991,91,91,91
2,14,13,1,1,2
1,91,991,91,91,91
2,91,991,91,91,91
2,91,991,91,91,91
2,91,991,91,91,91
1,91,991,91,91,91
2,91,991,91,91,91
2,91,991,91,91,91
2,91,991,91,91,91
2,91,991,91,91,91
2,91,991,91,91,91
1,30,15,1,1,2
1,93,18,93,93,93
2,91,991,91,91,91
1,91,991,91,91,91
1,93,15,93,93,93
1,30,14,1,1,2
2,93,16,93,93,93
2,91,991,91,91,91
1,3,17,1,2,2
1,1,14,1,2,2
2,30,15,1,1,2
2,91,991,91,91,91
1,91,991,91,91,91
2,91,991,91,91,91
2,91,991,91,91,91
2,93,12,93,93,93
1,91,991,91,91,91
2,91,991,91,91,91
1,91,991,91,91,91
2,91,991,91,91,91
1,1,14,1,2,2
2,3,16,1,2,2
1,30,15,2,1,2
2,91,991,91,91,91
2,91,991,91,91,91
2,91,991,91,91,91
1,25,15,2,2,1
1,91,991,91,91,91
1,28,15,1,2,1
1,91,991,91,91,91
1,93,15,93,93,93
1,91,991,91,91,91
1,91,991,91,91,91
2,91,991,91,91,91
1,91,991,91,91,91
1,91,991,91,91,91
1,25,13,1,2,1
2,91,991,91,91,91
1,9,12,1,2,2
2,91,991,91,91,91
1,91,991,91,91,91
2,2,26,1,2,2
1,93,16,93,93,93
1,93,14,93,93,93
2,91,991,91,91,91
2,91,991,91,91,91
2,30,18,2,2,1
2,10,17,1,2,2
2,91,991,91,91,91
1,91,991,91,91,91
2,3,22,1,2,2
1,8,12,1,1,1
2,93,38,93,93,93
1,91,991,91,91,91
2,93,18,93,93,93
1,91,991,91,91,91
2,4,18,1,1,2
1,93,24,93,93,93
1,91,991,91,91,91
2,93,16,93,93,93
1,30,16,1,1,2
1,91,991,91,91,91
1,91,991,91,91,91
1,91,991,91,91,91
1,93,19,93,93,93
2,93,21,93,93,93
1,91,991,91,91,91
2,91,991,91,91,91
2,93,16,93,93,93
1,91,991,91,91,91
1,93,15,93,93,93
2,30,13,1,2,2
1,91,991,91,91,91
2,93,24,93,93,93
1,11,17,1,2,2
1,91,991,91,91,91
1,91,991,91,91,91
2,91,991,91,91,91
2,93,20,93,93,93
2,93,20,93,93,93
1,91,991,91,91,91
1,91,991,91,91,91
1,91,991,91,91,91
2,8,50,2,2,2
1,1,17,1,2,2
2,91,991,91,91,91
2,93,19,93,93,93
2,91,991,91,91,91
1,91,991,91,91,91
2,30,15,1,2,2
1,91,991,91,91,91
1,91,991,91,91,91
1,91,991,91,91,91
1,91,991,91,91,91
2,91,991,91,91,91
2,91,991,91,91,91
2,91,991,91,91,91
2,91,991,91,91,91
2,91,991,91,91,91
2,91,991,91,91,91
2,25,15,1,2,1
2,93,13,93,93,93
1,93,16,93,93,93
1,91,991,91,91,91
2,91,991,91,91,91
2,91,991,91,91,91
2,91,991,91,91,91
2,91,991,91,91,91
2,91,991,91,91,91
2,91,991,91,91,91
2,91,991,91,91,91
1,91,991,91,91,91
1,91,991,91,91,91
1,91,991,91,91,91
2,91,991,91,91,91
2,93,22,93,93,93
2,93,19,93,93,93
2,30,12,1,1,1
1,15,21,1,2,2
1,91,991,91,91,91
2,93,14,93,93,93
1,30,12,1,2,2
2,91,991,91,91,91
2,91,991,91,91,91
1,91,991,91,91,91
2,98,11,98,98,98
2,91,991,91,91,91
1,93,18,93,93,93
2,93,22,93,93,93
2,25,14,1,1,2
1,93,16,93,93,93
1,91,991,91,91,91
2,2,12,1,2,5
1,93,15,93,93,93
2,3,22,2,2,1
1,93,15,93,93,93
1,91,991,91,91,91
1,91,991,91,91,91
2,1,13,1,2,2
2,91,991,91,91,91
2,2,18,1,2,2
1,91,991,91,91,91
2,91,991,91,91,91
1,93,16,93,93,93
2,91,991,91,91,91
2,93,18,93,93,93
1,91,991,91,91,91
2,91,991,91,91,91
2,5,15,1,1,2
1,93,58,93,93,93
2,93,19,93,93,93
2,91,991,91,91,91
1,93,15,93,93,93
2,93,18,93,93,93
2,30,17,1,2,2
2,20,15,2,1,2
2,91,991,91,91,91
2,91,991,91,91,91
2,91,991,91,91,91
2,91,991,91,91,91
2,1,13,1,1,1
2,91,991,91,91,91
2,93,16,93,93,93
2,91,991,91,91,91
2,30,14,1,2,1
2,91,991,91,91,91
2,4,21,1,2,2
1,25,16,1,1,2
2,93,16,93,93,93
1,91,991,91,91,91
2,1,18,94,94,94
2,91,991,91,91,91
1,97,994,94,94,94
1,15,15,1,2,2
1,91,991,91,91,91
2,1,44,2,2,1
2,2,21,1,2,2
2,91,991,91,91,91
1,93,23,93,93,93
2,30,18,1,1,1
1,91,991,91,91,91
2,91,991,91,91,91
1,93,28,93,93,93
2,93,27,93,93,93
1,30,20,1,2,2
2,91,991,91,91,91
1,91,991,91,91,91
2,91,991,91,91,91
2,93,994,93,93,93
2,93,19,93,93,93
1,91,991,91,91,91
1,91,991,91,91,91
1,91,991,91,91,91
1,91,991,91,91,91
2,91,991,91,91,91
2,91,991,91,91,91
2,98,12,98,98,98
1,91,991,91,91,91
2,21,14,1,1,2
2,91,991,91,91,91
1,91,991,91,91,91
1,9,18,2,1,1
2,93,25,93,93,93
2,93,20,93,93,93
2,91,991,91,91,91
1,93,19,93,93,93
1,93,17,93,93,93
2,91,991,91,91,91
1,93,21,93,93,93
2,91,991,91,91,91
1,91,991,91,91,91
2,91,991,91,91,91
1,91,991,91,91,91
1,93,25,93,93,93
1,91,991,91,91,91
1,91,991,91,91,91
2,1,43,2,1,2
2,91,991,91,91,91
2,93,16,93,93,93
2,91,991,91,91,91
2,3,15,1,2,1
1,93,13,93,93,93
2,27,17,1,1,2
2,91,991,91,91,91
1,3,20,1,2,2
1,91,991,91,91,91
2,91,991,91,91,91
2,93,30,93,93,93
2,93,21,93,93,93
1,11,12,1,1,1
2,91,991,91,91,91
1,8,20,1,2,2
1,91,991,91,91,91
1,91,991,91,91,91
1,93,50,93,93,93
1,93,20,93,93,93
2,91,991,91,91,91
2,91,991,91,91,91
2,91,991,91,91,91
1,93,30,93,93,93
2,93,21,93,93,93
2,93,16,93,93,93
1,91,991,91,91,91
2,93,13,93,93,93
2,91,991,91,91,91
2,91,991,91,91,91
1,91,991,91,91,91
2,91,991,91,91,91
2,91,991,91,91,91
1,27,16,1,1,2
2,91,991,91,91,91
2,91,991,91,91,91
2,91,991,91,91,91
1,91,991,91,91,91
1,91,991,91,91,91
1,1,16,1,2,2
1,93,25,93,93,93
1,93,13,93,93,93
2,93,20,93,93,93
1,25,14,1,2,1
2,93,20,93,93,93
1,91,991,91,91,91
1,93,17,93,93,93
1,93,16,93,93,93
1,91,991,91,91,91
2,91,991,91,91,91
2,93,29,93,93,93
1,93,21,93,93,93
1,91,991,91,91,91
1,93,19,93,93,93
1,91,991,91,91,91
2,91,991,91,91,91
2,91,991,91,91,91
2,91,991,91,91,91
1,93,18,93,93,93
1,93,13,93,93,93
2,91,991,91,91,91
1,91,991,91,91,91
1,91,991,91,91,91
2,91,991,91,91,91
2,2,28,1,2,2
2,91,991,91,91,91
1,91,991,91,91,91
1,91,991,91,91,91
1,91,991,91,91,91
2,93,26,93,93,93
1,2,16,1,2,2
1,91,991,91,91,91
2,91,991,91,91,91
2,91,991,91,91,91
2,91,991,91,91,91
2,91,991,91,91,91
2,91,991,91,91,91
2,93,18,93,93,93
2,93,20,93,93,93
2,91,991,91,91,91
1,91,991,91,91,91
1,91,991,91,91,91
1,93,20,93,93,93
1,91,991,91,91,91
2,12,15,1,1,1
2,91,991,91,91,91
2,93,18,93,93,93
1,91,991,91,91,91
2,2,16,1,1,1
2,93,18,93,93,93
2,30,12,1,1,2
2,91,991,91,91,91
2,93,18,93,93,93
1,91,991,91,91,91
1,6,15,2,2,1
2,1,18,2,1,2
2,91,991,91,91,91
1,20,18,1,1,2
1,15,12,1,1,2
1,93,17,93,93,93
2,91,991,91,91,91
1,91,991,91,91,91
1,93,14,93,93,93
2,91,991,91,91,91
2,91,991,91,91,91
1,14,13,1,2,2
2,91,991,91,91,91
2,93,21,93,93,93
2,93,15,93,93,93
1,93,30,93,93,93
2,93,45,93,93,93
1,91,991,91,91,91
1,91,991,91,91,91
2,91,991,91,91,91
1,91,991,91,91,91
1,28,15,1,1,2
2,93,23,93,93,93
2,91,991,91,91,91
1,91,991,91,91,91
1,20,12,1,2,2
2,93,15,93,93,93
1,91,991,91,91,91
1,93,22,93,93,93
1,91,991,91,91,91
2,91,991,91,91,91
1,91,991,91,91,91
2,91,991,91,91,91
2,28,17,1,1,2
2,93,14,93,93,93
1,91,991,91,91,91
2,93,17,93,93,93
2,91,991,91,91,91
2,91,991,91,91,91
2,91,991,91,91,91
1,91,991,91,91,91
1,91,991,91,91,91
2,91,991,91,91,91
2,91,991,91,91,91
1,93,18,93,93,93
1,93,20,93,93,93
1,93,13,93,93,93
2,91,991,91,91,91
1,93,15,93,93,93
1,7,21,1,2,1
1,91,991,91,91,91
2,93,25,93,93,93
1,93,18,93,93,93
2,93,13,93,93,93
2,91,991,91,91,91
1,91,991,91,91,91
2,91,991,91,91,91
1,91,991,91,91,91
2,4,15,1,2,2
2,91,991,91,91,91
2,3,16,1,2,1
1,93,994,93,93,93
1,91,991,91,91,91
1,91,991,91,91,91
2,91,991,91,91,91
1,93,17,93,93,93
2,91,991,91,91,91
2,91,991,91,91,91
2,30,18,1,2,2
1,91,991,91,91,91
1,30,10,1,2,2
1,91,991,91,91,91
2,91,991,91,91,91
1,1,22,2,2,1
1,91,991,91,91,91
2,93,21,93,93,93
2,91,991,91,91,91
1,93,22,93,93,93
1,91,991,91,91,91
1,30,15,1,2,2
2,8,18,3,2,2
1,93,18,93,93,93
2,93,22,93,93,93
2,8,18,1,1,1
2,1,15,1,2,2
2,93,11,93,93,93
1,91,991,91,91,91
2,91,991,91,91,91
1,91,991,91,91,91
2,25,17,1,1,1
1,30,18,1,2,2
1,91,991,91,91,91
2,93,25,93,93,93
1,93,20,93,93,93
1,93,16,93,93,93
1,91,991,91,91,91
1,91,991,91,91,91
2,91,991,91,91,91
2,93,18,93,93,93
1,20,14,1,2,2
1,91,991,91,91,91
1,10,18,2,2,2
1,91,991,91,91,91
1,93,75,93,93,93
1,91,991,91,91,91
2,20,17,1,1,1
1,93,22,93,93,93
2,30,21,1,2,2
2,91,991,91,91,91
1,91,991,91,91,91
1,91,991,91,91,91
1,91,991,91,91,91
2,93,17,93,93,93
2,91,991,91,91,91
1,93,18,93,93,93
2,91,991,91,91,91
1,91,991,91,91,91
1,91,991,91,91,91
2,91,991,91,91,91
2,93,23,93,93,93
2,91,991,91,91,91
1,93,27,93,93,93
1,91,991,91,91,91
2,91,991,91,91,91
1,91,991,91,91,91
1,91,991,91,91,91
2,25,16,1,1,1
1,93,22,93,93,93
2,91,991,91,91,91
2,93,20,93,93,93
2,93,16,93,93,93
2,5,15,1,1,2
2,91,991,91,91,91
1,91,991,91,91,91
2,91,991,91,91,91
2,91,991,91,91,91
2,91,991,91,91,91
2,93,70,93,93,93
2,91,991,91,91,91
2,91,991,91,91,91
1,30,12,1,1,1
2,93,18,93,93,93
1,91,991,91,91,91
1,91,991,91,91,91
2,93,19,93,93,93
1,93,16,93,93,93
1,91,991,91,91,91
1,91,991,91,91,91
1,16,16,1,1,1
1,91,991,91,91,91
1,91,991,91,91,91
1,93,15,93,93,93
2,93,30,93,93,93
2,91,991,91,91,91
2,93,15,93,93,93
2,93,18,93,93,93
1,91,991,91,91,91
1,5,13,1,2,2
1,91,991,91,91,91
1,91,991,91,91,91
1,93,18,93,93,93
1,91,991,91,91,91
2,91,991,91,91,91
1,91,991,91,91,91
1,20,17,1,1,1
2,93,29,93,93,93
2,30,15,1,2,2
1,91,991,91,91,91
2,91,991,91,91,91
1,91,991,91,91,91
2,91,991,91,91,91
2,93,12,93,93,93
2,3,16,2,2,2
2,91,991,91,91,91
2,91,991,91,91,91
2,91,991,91,91,91
2,91,991,91,91,91
1,91,991,91,91,91
2,93,11,93,93,93
2,93,21,93,93,93
2,91,991,91,91,91
2,91,991,91,91,91
2,91,991,91,91,91
2,9,18,2,1,2
2,93,18,93,93,93
2,93,21,93,93,93
2,93,14,93,93,93
1,93,21,93,93,93
2,91,991,91,91,91
2,3,16,1,1,2
1,91,991,91,91,91
1,93,20,93,93,93
2,93,16,93,93,93
2,93,16,93,93,93
1,91,991,91,91,91
2,93,23,93,93,93
2,93,18,93,93,93
2,91,991,91,91,91
1,93,20,93,93,93
1,30,19,1,1,1
2,91,991,91,91,91
2,91,991,91,91,91
1,30,22,2,1,1
2,93,22,93,93,93
2,93,14,93,93,93
1,91,991,91,91,91
1,91,991,91,91,91
2,91,991,91,91,91
1,91,991,91,91,91
2,91,991,91,91,91
2,91,991,91,91,91
2,91,991,91,91,91
1,14,20,1,1,2
2,91,991,91,91,91
1,91,991,91,91,91
2,91,991,91,91,91
2,91,991,91,91,91
2,91,991,91,91,91
1,1,16,1,2,2
2,91,991,91,91,91
1,93,18,93,93,93
1,93,30,93,93,93
1,91,991,91,91,91
1,91,991,91,91,91
1,91,991,91,91,91
1,30,12,1,1,1
1,93,1,93,93,93
2,91,991,91,91,91
2,91,991,91,91,91
2,91,991,91,91,91
2,93,26,93,93,93
1,2,17,2,2,1
1,91,991,91,91,91
2,3,13,2,1,1
1,93,17,93,93,93
2,5,14,2,2,1
2,91,991,91,91,91
2,91,991,91,91,91
2,91,991,91,91,91
2,93,16,93,93,93
2,91,991,91,91,91
1,91,991,91,91,91
1,1,16,2,2,1
1,91,991,91,91,91
2,91,991,91,91,91
2,91,991,91,91,91
1,91,991,91,91,91
1,93,18,93,93,93
1,93,15,93,93,93
2,91,991,91,91,91
2,93,17,93,93,93
1,93,18,93,93,93
2,93,9,93,93,93
1,91,991,91,91,91
2,93,18,93,93,93
2,91,991,91,91,91
1,93,22,93,93,93
1,93,16,93,93,93
1,91,991,91,91,91
1,91,991,91,91,91
1,91,991,91,91,91
1,91,991,91,91,91
1,91,991,91,91,91
1,91,991,91,91,91
1,93,23,93,93,93
1,10,15,1,2,2
2,93,16,93,93,93
1,22,18,2,2,1
1,93,18,93,93,93
2,91,991,91,91,91
2,30,12,1,1,1
1,91,991,91,91,91
1,91,991,91,91,91
2,1,15,1,5,2
2,91,991,91,91,91
1,91,991,91,91,91
2,91,991,91,91,91
2,93,16,93,93,93
2,91,991,91,91,91
1,91,991,91,91,91
1,91,991,91,91,91
2,91,991,91,91,91
2,91,991,91,91,91
1,91,991,91,91,91
1,93,19,93,93,93
1,2,16,2,2,1
2,91,991,91,91,91
2,91,991,91,91,91
1,91,991,91,91,91
2,93,23,93,93,93
1,93,22,93,93,93
1,25,18,1,2,2
2,30,14,1,1,2
1,93,16,93,93,93
2,91,991,91,91,91
2,91,991,91,91,91
2,91,991,91,91,91
1,93,19,93,93,93
2,91,991,91,91,91
2,30,16,1,2,2
2,9,13,1,1,2
2,91,991,91,91,91
1,91,991,91,91,91
2,91,991,91,91,91
2,91,991,91,91,91
2,91,991,91,91,91
2,30,13,1,1,1
1,91,991,91,91,91
2,93,41,93,93,93
2,93,18,93,93,93
1,30,12,2,1,1
2,91,991,91,91,91
1,91,991,91,91,91
2,30,18,2,1,2
2,30,14,1,1,2
1,14,16,1,2,2
2,91,991,91,91,91
2,93,21,93,93,93
2,91,991,91,91,91
2,91,991,91,91,91
2,91,991,91,91,91
2,91,991,91,91,91
2,91,991,91,91,91
2,2,21,1,2,2
2,91,991,91,91,91
1,91,991,91,91,91
2,93,16,93,93,93
2,91,991,91,91,91
1,91,991,91,91,91
1,91,991,91,91,91
1,25,15,2,2,1
2,91,991,91,91,91
2,91,991,91,91,91
1,91,991,91,91,91
2,91,991,91,91,91
2,91,991,91,91,91
1,91,991,91,91,91
2,1,17,1,2,2
1,93,16,93,93,93
1,93,19,93,93,93
2,91,991,91,91,91
2,91,991,91,91,91
2,91,991,91,91,91
1,91,991,91,91,91
1,91,991,91,91,91
1,93,16,93,93,93
2,91,991,91,91,91
2,93,18,93,93,93
2,93,22,93,93,93
1,91,991,91,91,91
2,91,991,91,91,91
1,93,18,93,93,93
1,30,21,1,2,1
2,91,991,91,91,91
1,91,991,91,91,91
2,93,13,93,93,93
2,91,991,91,91,91
1,91,991,91,91,91
1,91,991,91,91,91
1,91,991,91,91,91
2,93,15,93,93,93
1,91,991,91,91,91
2,10,17,1,1,2
1,93,19,93,93,93
1,93,20,93,93,93
1,91,991,91,91,91
1,93,19,93,93,93
1,91,991,91,91,91
1,91,991,91,91,91
1,91,991,91,91,91
2,91,991,91,91,91
2,91,991,91,91,91
1,93,17,93,93,93
1,91,991,91,91,91
1,30,17,1,1,2
1,91,991,91,91,91
2,91,991,91,91,91
2,93,18,93,93,93
2,91,991,91,91,91
1,93,30,93,93,93
1,91,991,91,91,91
1,91,991,91,91,91
1,91,991,91,91,91
2,91,991,91,91,91
1,93,18,93,93,93
1,30,21,1,1,1
1,91,991,91,91,91
2,91,991,91,91,91
1,91,991,91,91,91
2,91,991,91,91,91
2,91,991,91,91,91
1,91,991,91,91,91
1,91,991,91,91,91
2,91,991,91,91,91
2,91,991,91,91,91
2,91,991,91,91,91
2,93,11,93,93,93
2,91,991,91,91,91
1,91,991,91,91,91
1,93,14,93,93,93
2,93,21,93,93,93
1,93,17,93,93,93
2,91,991,91,91,91
2,91,991,91,91,91
2,93,44,93,93,93
1,91,991,91,91,91
1,93,20,93,93,93
2,91,991,91,91,91
1,30,17,1,2,2
2,91,991,91,91,91
2,91,991,91,91,91
1,5,16,1,1,1
2,91,991,91,91,91
1,93,27,93,93,93
2,93,13,93,93,93
2,91,991,91,91,91
1,93,12,93,93,93
1,91,991,91,91,91
2,91,991,91,91,91
2,93,13,93,93,93
1,91,991,91,91,91
2,91,991,91,91,91
2,30,14,1,1,1
2,91,991,91,91,91
2,93,20,93,93,93
2,91,991,91,91,91
2,93,11,93,93,93
2,93,18,93,93,93
2,93,12,93,93,93
2,91,991,91,91,91
2,91,991,91,91,91
1,91,991,91,91,91
2,91,991,91,91,91
1,93,20,93,93,93
2,12,13,1,1,2
1,3,15,1,2,2
1,91,991,91,91,91
1,91,991,91,91,91
1,91,991,91,91,91
2,93,18,93,93,93
1,91,991,91,91,91
2,91,991,91,91,91
2,1,12,2,2,1
2,91,991,91,91,91
2,91,991,91,91,91
2,5,28,2,2,1
2,91,991,91,91,91
2,91,991,91,91,91
2,91,991,91,91,91
1,91,991,91,91,91
2,93,16,93,93,93
2,1,19,1,2,2
1,91,991,91,91,91
1,93,11,93,93,93
1,30,26,1,2,2
2,91,991,91,91,91
2,93,21,93,93,93
1,91,991,91,91,91
1,93,16,93,93,93
2,93,18,93,93,93
2,3,15,1,2,1
1,91,991,91,91,91
2,93,25,93,93,93
2,1,12,1,2,2
2,93,17,93,93,93
1,91,991,91,91,91
1,93,22,93,93,93
2,93,14,93,93,93
2,8,13,1,1,2
2,91,991,91,91,91
2,91,991,91,91,91
2,98,19,98,98,98
1,91,991,91,91,91
1,30,9,1,2,1
2,91,991,91,91,91
1,93,16,93,93,93
2,91,991,91,91,91
2,93,17,93,93,93
2,30,24,1,1,1
2,91,991,91,91,91
1,91,991,91,91,91
2,93,16,93,93,93
2,91,991,91,91,91
2,91,991,91,91,91
1,93,19,93,93,93
1,91,991,91,91,91
1,91,991,91,91,91
1,93,35,93,93,93
2,91,991,91,91,91
1,30,18,1,2,2
2,91,991,91,91,91
1,93,16,93,93,93
1,93,16,93,93,93
2,2,21,2,2,1
2,91,991,91,91,91
2,91,991,91,91,91
1,93,15,93,93,93
2,93,14,93,93,93
2,91,991,91,91,91
2,91,991,91,91,91
2,27,15,1,2,2
1,91,991,91,91,91
1,91,991,91,91,91
1,91,991,91,91,91
2,4,18,1,2,2
1,93,16,93,93,93
1,91,991,91,91,91
2,93,15,93,93,93
1,91,991,91,91,91
2,91,991,91,91,91
1,98,12,98,98,98
2,93,18,93,93,93
1,91,991,91,91,91
2,91,991,91,91,91
1,91,991,91,91,91
2,91,991,91,91,91
1,91,991,91,91,91
1,91,991,91,91,91
1,93,16,93,93,93
2,93,38,93,93,93
1,91,991,91,91,91
1,91,991,91,91,91
1,91,991,91,91,91
1,91,991,91,91,91
2,93,20,93,93,93
1,93,18,93,93,93
2,93,24,93,93,93
2,93,20,93,93,93
1,6,20,2,2,1
1,91,991,91,91,91
1,15,17,1,2,1
1,91,991,91,91,91
1,91,991,91,91,91
2,93,23,93,93,93
1,93,32,93,93,93
1,93,16,93,93,93
2,93,21,93,93,93
1,30,18,2,1,1
2,93,20,93,93,93
2,93,13,93,93,93
1,93,16,93,93,93
2,93,13,93,93,93
1,93,22,93,93,93
2,93,13,93,93,93
1,91,991,91,91,91
1,91,991,91,91,91
2,93,18,93,93,93
1,15,17,1,2,2
2,30,19,1,2,1
2,4,18,1,2,1
1,93,25,93,93,93
2,30,16,1,1,1
2,20,16,1,2,2
1,91,991,91,91,91
1,93,14,93,93,93
2,22,14,1,1,2
2,93,16,93,93,93
1,93,12,93,93,93
1,91,991,91,91,91
2,93,16,93,93,93
1,91,991,91,91,91
2,91,991,91,91,91
1,25,15,1,2,1
2,93,15,93,93,93
2,30,45,2,2,1
2,91,991,91,91,91
1,93,21,93,93,93
2,91,991,91,91,91
2,91,991,91,91,91
2,91,991,91,91,91
1,93,16,93,93,93
2,91,991,91,91,91
2,93,16,93,93,93
1,91,991,91,91,91
1,91,991,91,91,91
1,93,66,93,93,93
2,91,991,91,91,91
2,1,14,1,2,1
1,91,991,91,91,91
2,91,991,91,91,91
2,10,15,2,2,1
2,91,991,91,91,91
2,15,18,1,2,2
2,91,991,91,91,91
1,91,991,91,91,91
2,91,991,91,91,91
2,93,15,93,93,93
2,30,15,2,2,1
1,91,991,91,91,91
1,93,13,93,93,93
1,91,991,91,91,91
2,91,991,91,91,91
2,93,18,93,93,93
1,10,12,1,1,2
1,93,20,93,93,93
2,8,19,1,2,2
1,93,21,93,93,93
2,91,991,91,91,91
1,26,22,1,2,2
2,93,23,93,93,93
2,91,991,91,91,91
1,91,991,91,91,91
1,91,991,91,91,91
2,93,25,93,93,93
1,91,991,91,91,91
2,91,991,91,91,91
2,91,991,91,91,91
2,91,991,91,91,91
2,91,991,91,91,91
2,30,15,1,1,1
1,91,991,91,91,91
2,91,991,91,91,91
2,91,991,91,91,91
1,93,12,93,93,93
2,25,17,1,1,2
2,91,991,91,91,91
1,91,991,91,91,91
2,93,20,93,93,93
1,30,14,1,1,2
1,91,991,91,91,91
1,30,18,1,2,1
1,91,991,91,91,91
2,91,991,91,91,91
2,93,16,93,93,93
2,91,991,91,91,91
1,1,20,1,2,2
1,93,15,93,93,93
1,93,18,93,93,93
1,91,991,91,91,91
1,93,18,93,93,93
2,91,991,91,91,91
1,30,20,2,1,2
1,30,14,1,2,1
2,91,991,91,91,91
2,25,15,1,1,1
2,91,991,91,91,91
2,91,991,91,91,91
1,91,991,91,91,91
2,93,14,93,93,93
2,93,22,93,93,93
2,91,991,91,91,91
2,4,18,1,1,1
2,30,21,2,2,1
2,93,30,93,93,93
1,93,21,93,93,93
1,30,8,1,1,1
1,91,991,91,91,91
2,91,991,91,91,91
1,93,20,93,93,93
2,93,49,93,93,93
2,91,991,91,91,91
2,93,19,93,93,93
1,93,12,93,93,93
2,91,991,91,91,91
1,93,18,93,93,93
1,91,991,91,91,91
1,91,991,91,91,91
1,93,16,93,93,93
1,93,36,93,93,93
1,30,15,1,2,2
1,93,16,93,93,93
2,20,14,1,1,2
1,91,991,91,91,91
2,91,991,91,91,91
1,91,991,91,91,91
2,93,18,93,93,93
2,93,25,93,93,93
1,91,991,91,91,91
2,91,991,91,91,91
2,91,991,91,91,91
2,91,991,91,91,91
1,93,16,93,93,93
1,30,16,1,2,2
2,91,991,91,91,91
1,91,991,91,91,91
1,91,991,91,91,91
2,91,991,91,91,91
2,93,26,93,93,93
2,91,991,91,91,91
2,93,16,93,93,93
2,91,991,91,91,91
2,91,991,91,91,91
1,93,18,93,93,93
1,93,17,93,93,93
1,1,16,2,1,2
2,91,991,91,91,91
2,91,991,91,91,91
2,93,19,93,93,93
2,91,991,91,91,91
2,1,15,1,1,2
2,91,991,91,91,91
1,91,991,91,91,91
1,91,991,91,91,91
2,91,991,91,91,91
1,91,991,91,91,91
2,91,991,91,91,91
1,30,15,2,1,2
2,91,991,91,91,91
1,91,991,91,91,91
2,91,991,91,91,91
1,91,991,91,91,91
1,91,991,91,91,91
1,91,991,91,91,91
1,91,991,91,91,91
2,91,991,91,91,91
2,91,991,91,91,91
1,93,18,93,93,93
2,91,991,91,91,91
2,91,991,91,91,91
1,25,13,1,2,1
1,91,991,91,91,91
2,93,13,93,93,93
1,91,991,91,91,91
1,91,991,91,91,91
2,91,991,91,91,91
1,91,991,91,91,91
2,93,23,93,93,93
1,91,991,91,91,91
1,93,24,93,93,93
2,91,991,91,91,91
1,93,21,93,93,93
1,98,17,98,98,98
1,91,991,91,91,91
2,93,15,93,93,93
2,30,18,1,1,2
2,27,18,1,2,2
2,93,18,93,93,93
2,91,991,91,91,91
2,93,19,93,93,93
1,30,20,1,1,2
2,91,991,91,91,91
1,93,16,93,93,93
1,93,18,93,93,93
1,91,991,91,91,91
2,91,991,91,91,91
1,91,991,91,91,91
1,91,991,91,91,91
2,3,13,1,1,2
2,4,14,1,2,2
2,93,20,93,93,93
2,91,991,91,91,91
1,91,991,91,91,91
2,91,991,91,91,91
2,91,991,91,91,91
2,93,65,93,93,93
2,93,17,93,93,93
1,93,13,93,93,93
2,93,25,93,93,93
2,93,39,93,93,93
2,93,16,93,93,93
2,91,991,91,91,91
1,93,30,93,93,93
2,93,16,93,93,93
2,91,991,91,91,91
1,20,994,1,1,2
2,93,23,93,93,93
1,91,991,91,91,91
2,91,991,91,91,91
2,91,991,91,91,91
1,91,991,91,91,91
2,91,991,91,91,91
2,91,991,91,91,91
2,93,16,93,93,93
2,91,991,91,91,91
1,91,991,91,91,91
1,91,991,91,91,91
2,91,991,91,91,91
1,29,14,1,1,2
2,91,991,91,91,91
2,91,991,91,91,91
2,1,20,1,2,2
2,91,991,91,91,91
2,93,18,93,93,93
2,93,19,93,93,93
1,91,991,91,91,91
1,93,23,93,93,93
1,91,991,91,91,91
1,91,991,91,91,91
2,1,15,1,2,2
1,91,991,91,91,91
2,91,991,91,91,91
2,93,15,93,93,93
2,91,991,91,91,91
1,3,16,1,2,2
1,93,11,93,93,93
2,3,15,1,1,1
2,93,16,93,93,93
1,91,991,91,91,91
1,91,991,91,91,91
1,10,18,1,1,1
1,93,22,93,93,93
2,15,15,1,1,2
1,91,991,91,91,91
2,91,991,91,91,91
2,91,991,91,91,91
2,91,991,91,91,91
1,91,991,91,91,91
2,91,991,91,91,91
1,91,991,91,91,91
1,5,14,1,2,1
2,91,991,91,91,91
2,93,18,93,93,93
2,91,991,91,91,91
1,93,20,93,93,93
1,30,15,1,2,2
2,91,991,91,91,91
2,98,16,98,98,98
1,30,15,1,1,2
2,6,16,1,1,2
1,91,991,91,91,91
1,91,991,91,91,91
1,91,991,91,91,91
1,91,991,91,91,91
2,91,991,91,91,91
1,91,991,91,91,91
2,91,991,91,91,91
1,91,991,91,91,91
2,91,991,91,91,91
2,91,991,91,91,91
2,93,16,93,93,93
2,93,17,93,93,93
2,93,16,93,93,93
2,91,991,91,91,91
1,93,22,93,93,93
1,91,991,91,91,91
2,91,991,91,91,91
2,25,17,1,2,2
2,93,18,93,93,93
2,93,28,93,93,93
1,91,991,91,91,91
1,93,22,93,93,93
1,91,991,91,91,91
2,29,13,1,2,2
2,9,13,1,2,1
2,30,16,1,1,2
2,91,991,91,91,91
2,91,991,91,91,91
2,93,13,93,93,93
2,91,991,91,91,91
2,93,17,93,93,93
2,91,991,91,91,91
2,91,991,91,91,91
2,91,991,91,91,91
2,20,14,1,2,2
1,93,17,93,93,93
2,91,991,91,91,91
2,91,991,91,91,91
2,93,21,93,93,93
2,93,22,93,93,93
2,93,18,93,93,93
2,91,991,91,91,91
1,30,16,2,1,2
2,91,991,91,91,91
2,91,991,91,91,91
1,91,991,91,91,91
2,91,991,91,91,91
1,93,16,93,93,93
2,91,991,91,91,91
1,91,991,91,91,91
1,91,991,91,91,91
2,93,15,93,93,93
2,91,991,91,91,91
1,91,991,91,91,91
1,91,991,91,91,91
2,91,991,91,91,91
2,91,991,91,91,91
2,30,22,1,1,2
1,91,991,91,91,91
1,91,991,91,91,91
2,93,21,93,93,93
1,91,991,91,91,91
1,91,991,91,91,91
2,5,21,1,2,2
2,91,991,91,91,91
1,91,991,91,91,91
2,93,28,93,93,93
2,91,991,91,91,91
2,93,16,93,93,93
2,2,21,2,2,1
2,93,18,93,93,93
2,98,18,98,98,98
2,93,16,93,93,93
2,5,17,2,2,1
1,5,19,1,2,1
2,93,16,93,93,93
1,93,20,93,93,93
1,91,991,91,91,91
1,91,991,91,91,91
1,93,22,93,93,93
2,93,18,93,93,93
1,91,991,91,91,91
2,91,991,91,91,91
2,91,991,91,91,91
2,91,991,91,91,91
1,30,21,1,1,2
1,91,991,91,91,91
2,91,991,91,91,91
2,2,52,2,2,1
1,91,991,91,91,91
1,30,18,1,2,2
1,91,991,91,91,91
2,91,991,91,91,91
2,91,991,91,91,91
2,93,12,93,93,93
1,93,44,93,93,93
1,93,20,93,93,93
2,91,991,91,91,91
2,93,20,93,93,93
2,91,991,91,91,91
2,91,991,91,91,91
2,91,991,91,91,91
2,91,991,91,91,91
1,93,18,93,93,93
2,91,991,91,91,91
2,91,991,91,91,91
1,93,13,93,93,93
2,91,991,91,91,91
1,93,18,93,93,93
2,93,25,93,93,93
1,30,18,1,2,1
2,93,19,93,93,93
2,93,16,93,93,93
1,91,991,91,91,91
2,93,14,93,93,93
2,30,13,1,2,2
1,91,991,91,91,91
2,30,15,2,1,2
1,93,7,93,93,93
2,91,991,91,91,91
2,91,991,91,91,91
2,91,991,91,91,91
1,91,991,91,91,91
1,91,991,91,91,91
2,91,991,91,91,91
2,93,17,93,93,93
2,91,991,91,91,91
2,1,14,1,1,1
2,93,14,93,93,93
2,91,991,91,91,91
1,10,18,1,1,2
2,30,12,1,1,1
1,93,20,93,93,93
1,5,13,2,1,2
2,30,19,1,2,1
1,91,991,91,91,91
2,91,991,91,91,91
1,91,991,91,91,91
2,93,23,93,93,93
2,93,75,93,93,93
1,91,991,91,91,91
1,91,991,91,91,91
2,91,991,91,91,91
2,91,991,91,91,91
2,91,991,91,91,91
1,91,991,91,91,91
1,12,17,1,2,1
2,93,20,93,93,93
2,91,991,91,91,91
2,91,991,91,91,91
2,93,15,93,93,93
2,91,991,91,91,91
2,91,991,91,91,91
1,91,991,91,91,91
2,91,991,91,91,91
1,93,40,93,93,93
2,91,991,91,91,91
2,6,13,1,2,2
2,93,14,93,93,93
2,93,20,93,93,93
2,91,991,91,91,91
1,91,991,91,91,91
2,30,13,1,1,2
1,91,991,91,91,91
1,91,991,91,91,91
2,91,991,91,91,91
1,91,991,91,91,91
1,91,991,91,91,91
1,91,991,91,91,91
2,93,22,93,93,93
2,91,991,91,91,91
2,91,991,91,91,91
1,3,41,1,2,2
2,91,991,91,91,91
2,91,991,91,91,91
2,91,991,91,91,91
1,91,991,91,91,91
2,93,20,93,93,93
1,91,991,91,91,91
2,91,991,91,91,91
2,93,13,93,93,93
2,91,991,91,91,91
1,7,18,2,1,2
2,91,991,91,91,91
1,91,991,91,91,91
1,91,991,91,91,91
1,91,991,91,91,91
2,91,991,91,91,91
2,93,14,93,93,93
2,91,991,91,91,91
2,91,991,91,91,91
1,91,991,91,91,91
2,93,16,93,93,93
2,93,17,93,93,93
1,93,23,93,93,93
1,93,13,93,93,93
2,91,991,91,91,91
2,93,16,93,93,93
1,91,991,91,91,91
1,91,991,91,91,91
2,91,991,91,91,91
1,91,991,91,91,91
2,93,29,93,93,93
2,91,991,91,91,91
2,91,991,91,91,91
1,91,991,91,91,91
1,91,991,91,91,91
1,91,991,91,91,91
1,25,18,1,2,2
2,93,32,93,93,93
1,14,16,2,1,2
2,91,991,91,91,91
2,91,991,91,91,91
2,93,14,93,93,93
2,91,991,91,91,91
2,97,11,1,1,2
2,91,991,91,91,91
2,30,10,1,2,1
2,93,41,93,93,93
1,93,19,93,93,93
1,93,18,93,93,93
2,93,16,93,93,93
2,91,991,91,91,91
1,91,991,91,91,91
1,25,21,1,1,2
2,93,39,93,93,93
2,30,32,1,2,1
2,93,12,93,93,93
2,91,991,91,91,91
1,93,26,93,93,93
1,91,991,91,91,91
1,93,16,93,93,93
2,12,15,2,2,1
2,91,991,91,91,91
1,3,17,2,1,2
2,91,991,91,91,91
1,93,19,93,93,93
1,91,991,91,91,91
1,29,14,1,1,2
2,93,12,93,93,93
2,93,16,93,93,93
2,91,991,91,91,91
2,91,991,91,91,91
2,93,16,93,93,93
2,91,991,91,91,91
1,91,991,91,91,91
2,1,15,1,2,2
2,91,991,91,91,91
1,91,991,91,91,91
1,91,991,91,91,91
2,91,991,91,91,91
1,91,991,91,91,91
1,91,991,91,91,91
1,8,18,1,2,2
1,91,991,91,91,91
1,91,991,91,91,91
2,93,16,93,93,93
2,91,991,91,91,91
1,93,20,93,93,93
2,91,991,91,91,91
2,93,28,93,93,93
1,91,991,91,91,91
1,91,991,91,91,91
1,91,991,91,91,91
2,91,991,91,91,91
1,91,991,91,91,91
1,91,991,91,91,91
1,91,991,91,91,91
2,30,15,1,1,1
2,91,991,91,91,91
2,10,17,1,1,2
1,30,11,1,1,1
1,91,991,91,91,91
2,91,991,91,91,91
2,4,19,1,1,1
2,91,991,91,91,91
2,93,19,93,93,93
1,98,12,98,98,98
1,91,991,91,91,91
2,15,12,2,1,2
1,91,991,91,91,91
2,6,18,2,2,1
2,91,991,91,91,91
2,91,991,91,91,91
1,91,991,91,91,91
2,91,991,91,91,91
1,91,991,91,91,91
2,91,991,91,91,91
1,91,991,91,91,91
2,93,13,93,93,93
1,91,991,91,91,91
1,98,985,98,98,98
1,20,15,1,2,2
1,91,991,91,91,91
1,93,16,93,93,93
2,93,16,93,93,93
1,91,991,91,91,91
1,91,991,91,91,91
2,91,991,91,91,91
1,91,991,91,91,91
1,30,14,1,2,2
1,91,991,91,91,91
2,3,16,1,1,1
2,30,11,1,1,1
2,93,18,93,93,93
1,91,991,91,91,91
1,91,991,91,91,91
2,91,991,91,91,91
1,91,991,91,91,91
2,91,991,91,91,91
1,93,15,93,93,93
2,2,17,1,2,2
1,91,991,91,91,91
2,91,991,91,91,91
2,93,40,93,93,93
1,91,991,91,91,91
2,98,994,98,98,98
1,91,991,91,91,91
1,93,14,93,93,93
2,20,53,2,2,2
1,91,991,91,91,91
2,30,13,1,2,2
1,93,22,93,93,93
2,29,18,1,2,2
1,91,991,91,91,91
2,91,991,91,91,91
2,93,15,93,93,93
2,91,991,91,91,91
1,30,12,1,1,2
2,91,991,91,91,91
2,91,991,91,91,91
1,93,15,93,93,93
2,91,991,91,91,91
2,93,10,93,93,93
1,93,22,93,93,93
2,91,991,91,91,91
1,93,19,93,93,93
1,93,19,93,93,93
2,91,991,91,91,91
1,93,18,93,93,93
2,91,991,91,91,91
2,91,991,91,91,91
2,91,991,91,91,91
2,91,991,91,91,91
1,93,14,93,93,93
1,93,18,93,93,93
2,97,997,98,98,98
2,93,17,93,93,93
2,91,991,91,91,91
2,93,24,93,93,93
2,91,991,91,91,91
2,93,4,93,93,93
2,91,991,91,91,91
1,91,991,91,91,91
2,93,31,93,93,93
1,91,991,91,91,91
1,91,991,91,91,91
1,93,20,93,93,93
2,93,21,93,93,93
1,93,17,93,93,93
1,93,31,93,93,93
2,93,12,93,93,93
2,93,14,93,93,93
1,91,991,91,91,91
2,91,991,91,91,91
2,91,991,91,91,91
1,93,22,93,93,93
1,93,16,93,93,93
1,93,17,93,93,93
2,91,991,91,91,91
1,91,991,91,91,91
1,91,991,91,91,91
1,91,991,91,91,91
2,93,21,93,93,93
1,3,18,1,2,2
1,91,991,91,91,91
2,93,17,93,93,93
1,93,15,93,93,93
1,91,991,91,91,91
1,93,16,93,93,93
2,7,14,1,1,1
2,91,991,91,91,91
2,2,17,1,1,2
2,91,991,91,91,91
1,10,27,1,1,1
2,93,13,93,93,93
2,93,21,93,93,93
1,93,19,93,93,93
2,91,991,91,91,91
1,91,991,91,91,91
2,30,18,1,2,2
1,91,991,91,91,91
2,91,991,91,91,91
2,27,15,1,2,1
2,93,19,93,93,93
1,93,14,93,93,93
2,93,37,93,93,93
2,93,12,93,93,93
2,93,12,93,93,93
1,93,21,93,93,93
1,18,15,1,2,2
2,91,991,91,91,91
1,25,16,1,1,1
2,30,20,1,2,1
2,91,991,91,91,91
1,93,22,93,93,93
2,93,15,93,93,93
1,93,16,93,93,93
2,93,12,93,93,93
1,30,14,1,2,2
2,91,991,91,91,91
2,91,991,91,91,91
1,91,991,91,91,91
1,91,991,91,91,91
1,93,18,93,93,93
2,91,991,91,91,91
2,91,991,91,91,91
2,91,991,91,91,91
2,8,15,1,1,2
2,93,22,93,93,93
1,91,991,91,91,91
2,91,991,91,91,91
1,93,30,93,93,93
1,93,16,93,93,93
2,91,991,91,91,91
2,91,991,91,91,91
1,91,991,91,91,91
1,30,12,1,1,2
1,91,991,91,91,91
2,91,991,91,91,91
1,91,991,91,91,91
1,91,991,91,91,91
2,91,991,91,91,91
1,91,991,91,91,91
1,93,17,93,93,93
1,30,12,1,2,2
2,2,12,2,1,1
1,91,991,91,91,91
2,91,991,91,91,91
1,91,991,91,91,91
1,2,4,2,2,2
1,91,991,91,91,91
2,91,991,91,91,91
1,91,991,91,91,91
2,93,17,93,93,93
2,91,991,91,91,91
2,93,18,93,93,93
1,91,991,91,91,91
2,91,991,91,91,91
2,15,14,2,1,2
1,93,16,93,93,93
1,91,991,91,91,91
2,15,19,2,2,2
1,91,991,91,91,91
2,91,991,91,91,91
2,91,991,91,91,91
1,91,991,91,91,91
1,91,991,91,91,91
2,2,16,1,2,2
2,91,991,91,91,91
1,91,991,91,91,91
1,91,991,91,91,91
2,93,18,93,93,93
2,91,991,91,91,91
1,91,991,91,91,91
1,91,991,91,91,91
2,91,991,91,91,91
2,93,15,93,93,93
2,30,13,1,2,2
1,91,991,91,91,91
2,91,991,91,91,91
2,1,16,2,2,1
1,91,991,91,91,91
1,91,991,91,91,91
1,93,21,93,93,93
1,93,16,93,93,93
1,91,991,91,91,91
1,93,17,93,93,93
1,91,991,91,91,91
1,91,991,91,91,91
1,91,991,91,91,91
2,91,991,91,91,91
1,93,16,93,93,93
2,91,991,91,91,91
2,91,991,91,91,91
1,93,19,93,93,93
1,19,16,1,1,2
1,30,20,1,1,2
1,91,991,91,91,91
2,91,991,91,91,91
2,1,16,2,1,2
2,20,15,1,2,2
2,91,991,91,91,91
2,93,56,93,93,93
2,30,15,1,1,2
1,30,9,1,1,2
2,91,991,91,91,91
2,1,18,1,2,1
1,91,991,91,91,91
2,91,991,91,91,91
2,91,991,91,91,91
2,91,991,91,91,91
2,91,991,91,91,91
1,93,16,93,93,93
2,91,991,91,91,91
2,3,12,1,1,2
1,93,19,93,93,93
2,91,991,91,91,91
1,91,991,91,91,91
2,91,991,91,91,91
1,20,14,1,1,2
1,93,16,93,93,93
1,91,991,91,91,91
2,91,991,91,91,91
1,1,18,1,2,2
2,93,20,93,93,93
2,1,24,2,2,1
2,91,991,91,91,91
1,93,21,93,93,93
2,93,16,93,93,93
2,93,16,93,93,93
1,91,991,91,91,91
2,91,991,91,91,91
2,2,13,2,1,2
2,91,991,91,91,91
1,91,991,91,91,91
1,91,991,91,91,91
2,91,991,91,91,91
2,91,991,91,91,91
2,91,991,91,91,91
2,91,991,91,91,91
1,91,991,91,91,91
2,91,991,91,91,91
2,91,991,91,91,91
2,93,16,93,93,93
2,91,991,91,91,91
2,91,991,91,91,91
2,91,991,91,91,91
2,6,9,1,1,2
2,91,991,91,91,91
2,93,14,93,93,93
2,91,991,91,91,91
2,30,15,1,1,1
2,91,991,91,91,91
2,91,991,91,91,91
2,93,18,93,93,93
2,91,991,91,91,91
2,91,991,91,91,91
1,93,16,93,93,93
1,25,17,1,1,1
2,91,991,91,91,91
2,91,991,91,91,91
2,91,991,91,91,91
1,93,14,93,93,93
1,30,10,1,1,2
2,93,13,93,93,93
1,93,17,93,93,93
2,93,16,93,93,93
2,91,991,91,91,91
2,91,991,91,91,91
1,93,24,93,93,93
2,91,991,91,91,91
2,91,991,91,91,91
1,93,21,93,93,93
2,91,991,91,91,91
2,93,20,93,93,93
2,91,991,91,91,91
1,91,991,91,91,91
1,91,991,91,91,91
2,2,19,1,2,1
2,91,991,91,91,91
1,15,19,1,2,2
2,91,991,91,91,91
2,93,23,93,93,93
2,91,991,91,91,91
1,93,18,93,93,93
2,98,16,98,98,98
2,91,991,91,91,91
2,91,991,91,91,91
1,91,991,91,91,91
1,10,17,1,2,1
1,91,991,91,91,91
1,91,991,91,91,91
1,91,991,91,91,91
2,91,991,91,91,91
1,91,991,91,91,91
1,22,17,1,2,2
2,93,16,93,93,93
1,91,991,91,91,91
2,91,991,91,91,91
1,7,11,1,1,2
1,93,15,93,93,93
2,91,991,91,91,91
2,91,991,91,91,91
2,91,991,91,91,91
2,91,991,91,91,91
1,20,18,1,2,2
1,91,991,91,91,91
2,91,991,91,91,91
2,91,991,91,91,91
2,91,991,91,91,91
1,91,991,91,91,91
2,91,991,91,91,91
1,91,991,91,91,91
1,93,16,93,93,93
1,20,18,1,2,2
2,93,30,93,93,93
1,91,991,91,91,91
2,91,991,91,91,91
1,93,19,93,93,93
2,5,53,2,2,1
1,4,12,1,2,2
1,93,16,93,93,93
2,15,14,2,1,2
2,91,991,91,91,91
2,91,991,91,91,91
2,20,16,1,2,2
1,91,991,91,91,91
2,93,17,93,93,93
2,91,991,91,91,91
1,91,991,91,91,91
2,91,991,91,91,91
2,93,18,93,93,93
2,91,991,91,91,91
1,25,14,1,2,1
2,91,991,91,91,91
2,93,18,93,93,93
2,91,991,91,91,91
2,91,991,91,91,91
2,93,17,93,93,93
1,30,14,1,1,2
1,91,991,91,91,91
1,91,991,91,91,91
2,91,991,91,91,91
2,91,991,91,91,91
2,1,14,1,1,2
2,93,16,93,93,93
2,93,18,93,93,93
2,15,14,1,2,2
1,93,16,93,93,93
1,91,991,91,91,91
1,3,17,2,2,1
1,12,18,1,2,1
1,91,991,91,91,91
2,7,17,1,2,2
2,91,991,91,91,91
2,91,991,91,91,91
2,4,18,1,1,2
1,91,991,91,91,91
2,91,991,91,91,91
2,97,997,98,98,98
1,91,991,91,91,91
2,93,35,93,93,93
1,93,12,93,93,93
1,91,991,91,91,91
2,4,16,1,2,2
1,30,16,1,2,2
2,91,991,91,91,91
2,6,15,1,1,1
1,30,21,1,2,2
1,93,17,93,93,93
1,91,991,91,91,91
1,91,991,91,91,91
1,91,991,91,91,91
2,93,17,93,93,93
2,4,15,2,2,1
1,91,991,91,91,91
1,91,991,91,91,91
1,91,991,91,91,91
2,93,16,93,93,93
1,30,14,1,2,2
2,93,22,93,93,93
2,91,991,91,91,91
1,10,15,1,2,1
2,30,12,1,2,2
2,93,12,93,93,93
2,91,991,91,91,91
1,91,991,91,91,91
1,93,16,93,93,93
2,91,991,91,91,91
2,93,22,93,93,93
2,91,991,91,91,91
1,93,14,93,93,93
1,91,991,91,91,91
1,93,12,93,93,93
2,91,991,91,91,91
1,93,19,93,93,93
2,93,22,93,93,93
1,3,15,2,1,1
2,93,22,93,93,93
2,91,991,91,91,91
2,91,991,91,91,91
2,10,12,1,1,2
1,93,16,93,93,93
2,91,991,91,91,91
2,91,991,91,91,91
2,91,991,91,91,91
1,91,991,91,91,91
1,91,991,91,91,91
1,91,991,91,91,91
1,91,991,91,91,91
2,91,991,91,91,91
2,30,11,1,2,1
2,93,18,93,93,93
1,30,14,1,1,2
2,91,991,91,91,91
2,8,16,2,1,1
1,93,25,93,93,93
2,91,991,91,91,91
2,91,991,91,91,91
2,91,991,91,91,91
2,91,991,91,91,91
1,91,991,91,91,91
1,93,16,93,93,93
2,91,991,91,91,91
1,91,991,91,91,91
1,93,18,93,93,93
2,91,991,91,91,91
2,93,18,93,93,93
1,30,13,1,1,2
2,93,17,93,93,93
2,91,991,91,91,91
2,93,13,93,93,93
2,93,16,93,93,93
2,25,17,1,2,1
2,93,12,93,93,93
1,20,18,1,2,2
2,93,16,93,93,93
1,91,991,91,91,91
1,93,18,93,93,93
1,91,991,91,91,91
1,91,991,91,91,91
1,91,991,91,91,91
1,93,17,93,93,93
1,91,991,91,91,91
1,93,26,93,93,93
2,2,18,2,2,1
2,91,991,91,91,91
1,91,991,91,91,91
1,91,991,91,91,91
2,93,16,93,93,93
1,91,991,91,91,91
2,91,991,91,91,91
1,93,18,93,93,93
1,91,991,91,91,91
1,91,991,91,91,91
2,3,13,1,2,2
2,91,991,91,91,91
1,91,991,91,91,91
1,91,991,91,91,91
2,12,12,1,1,2
1,30,18,1,1,1
1,93,22,93,93,93
1,91,991,91,91,91
1,91,991,91,91,91
2,93,15,93,93,93
2,14,24,1,2,2
1,91,991,91,91,91
1,20,20,2,1,2
2,91,991,91,91,91
2,93,32,93,93,93
1,93,18,93,93,93
2,91,991,91,91,91
2,91,991,91,91,91
2,91,991,91,91,91
1,93,15,93,93,93
1,3,14,1,2,1
1,91,991,91,91,91
1,30,16,1,2,2
2,29,18,1,2,2
1,14,15,2,1,2
1,91,991,91,91,91
2,91,991,91,91,91
1,91,991,91,91,91
1,91,991,91,91,91
1,18,12,1,2,1
2,91,991,91,91,91
1,91,991,91,91,91
1,93,18,93,93,93
2,91,991,91,91,91
2,91,991,91,91,91
2,93,21,93,93,93
1,91,991,91,91,91
2,91,991,91,91,91
2,91,991,91,91,91
2,91,991,91,91,91
2,91,991,91,91,91
2,91,991,91,91,91
2,30,16,1,1,1
2,91,991,91,91,91
1,91,991,91,91,91
1,91,991,91,91,91
2,8,17,1,2,2
1,93,14,93,93,93
1,91,991,91,91,91
1,91,991,91,91,91
1,93,14,93,93,93
2,91,991,91,91,91
1,93,18,93,93,93
1,91,991,91,91,91
1,91,991,91,91,91
2,91,991,91,91,91
1,93,17,93,93,93
2,91,991,91,91,91
1,30,12,1,2,2
2,93,15,93,93,93
1,93,20,93,93,93
1,20,15,1,1,2
2,93,24,93,93,93
1,93,27,93,93,93
2,93,16,93,93,93
2,91,991,91,91,91
1,93,20,93,93,93
1,91,991,91,91,91
2,91,991,91,91,91
2,91,991,91,91,91
1,91,991,91,91,91
2,93,18,93,93,93
1,91,991,91,91,91
2,91,991,91,91,91
1,93,18,93,93,93
2,91,991,91,91,91
1,93,13,93,93,93
1,91,991,91,91,91
2,91,991,91,91,91
2,91,991,91,91,91
2,93,28,93,93,93
2,91,991,91,91,91
2,7,12,2,2,1
1,93,17,93,93,93
1,2,16,2,2,1
2,93,13,93,93,93
2,91,991,91,91,91
2,93,17,93,93,93
2,93,23,93,93,93
2,91,991,91,91,91
1,12,12,1,2,1
2,91,991,91,91,91
2,93,20,93,93,93
1,91,991,91,91,91
2,93,19,93,93,93
2,93,13,93,93,93
1,30,14,1,1,1
2,91,991,91,91,91
2,91,991,91,91,91
1,30,21,1,1,1
2,91,991,91,91,91
1,91,991,91,91,91
1,93,16,93,93,93
2,6,15,2,1,2
1,93,12,93,93,93
2,93,18,93,93,93
2,30,12,2,2,1
2,30,13,1,2,1
2,91,991,91,91,91
1,91,991,91,91,91
1,91,991,91,91,91
2,30,15,1,2,2
2,91,991,91,91,91
2,91,991,91,91,91
1,93,20,93,93,93
2,93,13,93,93,93
2,91,991,91,91,91
2,91,991,91,91,91
2,91,991,91,91,91
2,91,991,91,91,91
2,93,30,93,93,93
1,93,16,93,93,93
2,93,18,93,93,93
1,91,991,91,91,91
1,91,991,91,91,91
1,93,16,93,93,93
1,91,991,91,91,91
2,91,991,91,91,91
2,91,991,91,91,91
1,91,991,91,91,91
2,91,991,91,91,91
2,91,991,91,91,91
2,30,18,1,1,2
2,91,991,91,91,91
2,91,991,91,91,91
2,91,991,91,91,91
2,91,991,91,91,91
1,98,15,98,98,98
2,98,13,98,98,98
1,93,21,93,93,93
2,91,991,91,91,91
1,93,17,93,93,93
1,91,991,91,91,91
1,7,14,2,2,1
1,12,17,1,1,2
2,91,991,91,91,91
2,30,12,1,2,2
2,91,991,91,91,91
1,28,17,1,2,2
1,93,30,93,93,93
2,93,22,93,93,93
2,93,18,93,93,93
1,93,9,93,93,93
1,30,15,1,1,1
2,91,991,91,91,91
2,91,991,91,91,91
2,91,991,91,91,91
1,91,991,91,91,91
2,91,991,91,91,91
2,14,20,2,2,1
2,20,17,1,2,2
1,91,991,91,91,91
1,25,14,1,1,1
2,91,991,91,91,91
1,93,15,93,93,93
1,91,991,91,91,91
2,93,17,93,93,93
2,91,991,91,91,91
1,91,991,91,91,91
2,30,18,1,2,2
2,93,31,93,93,93
2,91,991,91,91,91
1,93,19,93,93,93
2,30,18,2,2,1
2,26,50,2,2,1
1,93,15,93,93,93
2,93,17,93,93,93
2,91,991,91,91,91
2,93,16,93,93,93
1,93,22,93,93,93
1,91,991,91,91,91
2,91,991,91,91,91
1,91,991,91,91,91
2,91,991,91,91,91
1,93,18,93,93,93
1,91,991,91,91,91
2,30,17,1,2,2
2,91,991,91,91,91
2,91,991,91,91,91
1,91,991,91,91,91
2,91,991,91,91,91
1,93,16,93,93,93
1,15,12,2,1,2
2,1,19,1,2,1
2,91,991,91,91,91
2,93,21,93,93,93
1,91,991,91,91,91
2,91,991,91,91,91
2,93,15,93,93,93
2,93,19,93,93,93
1,30,15,1,2,2
1,93,20,93,93,93
1,91,991,91,91,91
1,25,8,1,1,2
2,93,15,93,93,93
1,91,991,91,91,91
1,93,19,93,93,93
1,7,10,1,1,1
1,93,17,93,93,93
2,93,18,93,93,93
2,1,14,1,2,2
2,28,18,1,2,1
2,93,45,93,93,93
1,91,991,91,91,91
2,91,991,91,91,91
2,91,991,91,91,91
2,91,991,91,91,91
1,91,991,91,91,91
2,91,991,91,91,91
2,5,13,2,1,2
2,1,20,1,2,2
2,1,21,1,2,2
1,91,991,91,91,91
2,91,991,91,91,91
2,91,991,91,91,91
2,8,18,1,2,2
1,93,27,93,93,93
1,10,18,1,2,1
1,93,16,93,93,93
2,93,16,93,93,93
1,93,19,93,93,93
1,91,991,91,91,91
1,30,9,1,1,1
1,91,991,91,91,91
1,10,20,2,2,1
1,93,18,93,93,93
2,93,28,93,93,93
2,91,991,91,91,91
2,1,15,1,1,2
2,91,991,91,91,91
2,30,11,1,1,2
1,93,18,93,93,93
1,91,991,91,91,91
1,91,991,91,91,91
1,91,991,91,91,91
1,91,991,91,91,91
2,93,14,93,93,93
1,91,991,91,91,91
2,93,14,93,93,93
2,93,15,93,93,93
2,91,991,91,91,91
2,20,16,1,1,2
2,91,991,91,91,91
2,91,991,91,91,91
2,91,991,91,91,91
2,91,991,91,91,91
1,2,18,2,1,2
1,91,991,91,91,91
2,91,991,91,91,91
2,91,991,91,91,91
2,93,21,93,93,93
1,91,991,91,91,91
1,93,21,93,93,93
2,91,991,91,91,91
2,91,991,91,91,91
2,91,991,91,91,91
2,91,991,91,91,91
1,91,991,91,91,91
2,93,15,93,93,93
2,1,14,1,2,2
2,93,29,93,93,93
2,91,991,91,91,91
1,91,991,91,91,91
2,91,991,91,91,91
1,91,991,91,91,91
1,91,991,91,91,91
2,91,991,91,91,91
2,93,21,93,93,93
1,91,991,91,91,91
2,93,17,93,93,93
1,93,17,93,93,93
2,91,991,91,91,91
1,91,991,91,91,91
2,17,23,2,2,1
2,91,991,91,91,91
2,93,21,93,93,93
2,91,991,91,91,91
2,91,991,91,91,91
2,93,28,93,93,93
2,91,991,91,91,91
1,91,991,91,91,91
2,91,991,91,91,91
2,93,19,93,93,93
1,91,991,91,91,91
1,91,991,91,91,91
1,93,26,93,93,93
1,91,991,91,91,91
2,91,991,91,91,91
1,2,30,2,1,1
2,93,17,93,93,93
1,91,991,91,91,91
1,91,991,91,91,91
1,93,21,93,93,93
1,91,991,91,91,91
2,91,991,91,91,91
1,30,12,1,1,1
2,93,39,93,93,93
2,30,17,1,1,1
2,91,991,91,91,91
2,91,991,91,91,91
2,91,991,91,91,91
1,25,17,1,2,1
2,30,14,1,1,1
2,91,991,91,91,91
2,91,991,91,91,91
2,91,991,91,91,91
2,91,991,91,91,91
1,93,18,93,93,93
2,91,991,91,91,91
2,91,991,91,91,91
1,91,991,91,91,91
1,93,15,93,93,93
2,91,991,91,91,91
2,93,25,93,93,93
2,91,991,91,91,91
1,93,13,93,93,93
2,91,991,91,91,91
1,91,991,91,91,91
1,91,991,91,91,91
1,20,26,1,1,1
2,93,14,93,93,93
2,91,991,91,91,91
2,91,991,91,91,91
1,91,991,91,91,91
2,93,18,93,93,93
1,91,991,91,91,91
1,91,991,91,91,91
1,91,991,91,91,91
1,30,24,2,1,2
1,91,991,91,91,91
1,91,991,91,91,91
2,93,20,93,93,93
1,30,16,1,1,2
1,91,991,91,91,91
2,91,991,91,91,91
1,93,18,93,93,93
1,93,16,93,93,93
2,91,991,91,91,91
2,93,16,93,93,93
2,5,18,2,1,2
1,93,25,93,93,93
2,93,22,93,93,93
2,91,991,91,91,91
1,93,17,93,93,93
1,93,21,93,93,93
1,91,991,91,91,91
2,91,991,91,91,91
2,93,19,93,93,93
2,93,17,93,93,93
2,91,991,91,91,91
1,2,23,2,1,2
1,93,18,93,93,93
1,93,17,93,93,93
2,93,17,93,93,93
1,91,991,91,91,91
2,91,991,91,91,91
1,91,991,91,91,91
1,7,13,2,1,2
1,91,991,91,91,91
1,7,13,1,1,1
2,91,991,91,91,91
2,91,991,91,91,91
2,5,16,1,2,1
2,91,991,91,91,91
2,20,15,1,2,2
2,93,18,93,93,93
1,91,991,91,91,91
2,91,991,91,91,91
2,91,991,91,91,91
2,91,991,91,91,91
2,93,17,93,93,93
1,93,19,93,93,93
2,6,14,1,1,2
2,91,991,91,91,91
1,91,991,91,91,91
2,91,991,91,91,91
1,91,991,91,91,91
1,91,991,91,91,91
2,93,16,93,93,93
2,91,991,91,91,91
2,15,17,1,1,1
2,91,991,91,91,91
2,29,18,1,1,2
2,91,991,91,91,91
1,3,22,2,2,2
2,25,13,1,2,2
2,91,991,91,91,91
2,91,991,91,91,91
2,91,991,91,91,91
2,20,17,1,2,2
1,93,14,93,93,93
1,91,991,91,91,91
1,93,21,93,93,93
1,91,991,91,91,91
2,93,28,93,93,93
2,93,22,93,93,93
1,91,991,91,91,91
1,30,17,1,2,1
2,93,13,93,93,93
1,91,991,91,91,91
1,93,16,93,93,93
2,91,991,91,91,91
2,91,991,91,91,91
1,91,991,91,91,91
2,2,16,1,2,2
2,91,991,91,91,91
2,93,16,93,93,93
2,91,991,91,91,91
2,91,991,91,91,91
2,91,991,91,91,91
2,93,22,93,93,93
1,91,991,91,91,91
1,17,19,2,1,2
2,91,991,91,91,91
1,91,991,91,91,91
1,93,17,93,93,93
1,93,14,93,93,93
1,93,16,93,93,93
1,91,991,91,91,91
2,93,17,93,93,93
2,91,991,91,91,91
2,30,13,1,1,1
1,30,15,1,2,2
2,93,19,93,93,93
1,91,991,91,91,91
1,93,13,93,93,93
2,93,15,93,93,93
2,91,991,91,91,91
2,91,991,91,91,91
2,91,991,91,91,91
2,91,991,91,91,91
2,91,991,91,91,91
2,93,17,93,93,93
1,91,991,91,91,91
1,91,991,91,91,91
2,93,21,93,93,93
2,91,991,91,91,91
1,91,991,91,91,91
2,91,991,91,91,91
1,91,991,91,91,91
1,2,14,1,1,1
2,91,991,91,91,91
1,91,991,91,91,91
2,5,18,1,2,2
2,91,991,91,91,91
1,93,18,93,93,93
2,93,13,93,93,93
2,30,20,1,2,2
1,93,18,93,93,93
2,91,991,91,91,91
1,91,991,91,91,91
2,91,991,91,91,91
2,91,991,91,91,91
1,30,12,2,1,2
1,91,991,91,91,91
2,91,991,91,91,91
1,93,14,93,93,93
2,91,991,91,91,91
1,91,991,91,91,91
2,8,13,1,1,1
1,30,17,1,1,1
2,91,991,91,91,91
2,91,991,91,91,91
2,91,991,91,91,91
1,91,991,91,91,91
1,28,18,1,2,1
1,93,16,93,93,93
2,93,15,93,93,93
2,91,991,91,91,91
2,91,991,91,91,91
1,93,30,93,93,93
1,1,10,1,2,2
1,30,17,1,1,1
2,91,991,91,91,91
2,91,991,91,91,91
2,1,16,1,2,2
1,10,18,1,2,2
1,93,18,93,93,93
2,91,991,91,91,91
1,91,991,91,91,91
2,93,20,93,93,93
2,91,991,91,91,91
1,91,991,91,91,91
2,91,991,91,91,91
1,91,991,91,91,91
2,91,991,91,91,91
1,91,991,91,91,91
1,91,991,91,91,91
2,91,991,91,91,91
1,93,30,93,93,93
2,91,991,91,91,91
1,30,18,1,2,2
2,93,18,93,93,93
2,91,991,91,91,91
1,91,991,91,91,91
1,93,16,93,93,93
1,93,17,93,93,93
1,91,991,91,91,91
2,91,991,91,91,91
1,91,991,91,91,91
1,93,15,93,93,93
2,91,991,91,91,91
1,91,991,91,91,91
2,30,13,1,2,1
2,93,13,93,93,93
2,93,18,93,93,93
1,4,18,1,2,2
2,91,991,91,91,91
1,91,991,91,91,91
1,91,991,91,91,91
2,91,991,91,91,91
2,93,19,93,93,93
2,93,16,93,93,93
2,91,991,91,91,91
1,91,991,91,91,91
1,91,991,91,91,91
2,93,10,93,93,93
2,91,991,91,91,91
2,91,991,91,91,91
2,91,991,91,91,91
1,93,18,93,93,93
2,91,991,91,91,91
1,93,16,93,93,93
1,91,991,91,91,91
1,30,13,1,1,1
1,93,21,93,93,93
2,91,991,91,91,91
2,91,991,91,91,91
2,2,18,1,2,1
2,4,10,2,1,1
2,91,991,91,91,91
2,91,991,91,91,91
2,93,17,93,93,93
1,93,17,93,93,93
1,91,991,91,91,91
1,91,991,91,91,91
2,91,991,91,91,91
1,91,991,91,91,91
1,91,991,91,91,91
1,4,14,1,2,2
1,91,991,91,91,91
2,91,991,91,91,91
1,1,20,2,2,1
1,91,991,91,91,91
1,91,991,91,91,91
2,93,16,93,93,93
1,91,991,91,91,91
2,91,991,91,91,91
2,3,12,1,2,2
2,91,991,91,91,91
2,93,19,93,93,93
2,91,991,91,91,91
2,91,991,91,91,91
1,25,15,2,1,2
2,91,991,91,91,91
1,30,17,2,2,2
2,29,17,1,2,2
2,91,991,91,91,91
1,98,16,98,98,98
1,93,15,93,93,93
1,91,991,91,91,91
2,91,991,91,91,91
2,30,30,1,2,2
1,91,991,91,91,91
1,91,991,91,91,91
2,93,18,93,93,93
2,91,991,91,91,91
1,91,991,91,91,91
1,91,991,91,91,91
1,93,22,93,93,93
2,2,21,2,2,1
1,91,991,91,91,91
1,91,991,91,91,91
2,93,14,93,93,93
1,91,991,91,91,91
2,91,991,91,91,91
2,91,991,91,91,91
1,91,991,91,91,91
2,91,991,91,91,91
1,91,991,91,91,91
1,91,991,91,91,91
2,91,991,91,91,91
1,93,16,93,93,93
2,91,991,91,91,91
2,93,11,93,93,93
1,28,17,1,1,2
2,91,991,91,91,91
1,91,991,91,91,91
2,93,19,93,93,93
2,30,16,1,1,2
2,91,991,91,91,91
1,93,18,93,93,93
2,1,17,1,2,2
2,91,991,91,91,91
1,93,15,93,93,93
1,12,14,2,1,2
2,91,991,91,91,91
2,91,991,91,91,91
2,2,14,2,2,1
1,91,991,91,91,91
1,91,991,91,91,91
1,2,17,1,2,1
1,91,991,91,91,91
2,93,16,93,93,93
2,91,991,91,91,91
2,93,21,93,93,93
1,91,991,91,91,91
2,6,13,2,2,2
2,91,991,91,91,91
2,91,991,91,91,91
2,91,991,91,91,91
2,91,991,91,91,91
1,91,991,91,91,91
2,91,991,91,91,91
1,91,991,91,91,91
1,91,991,91,91,91
1,30,25,1,1,1
1,93,994,93,93,93
2,5,26,1,2,1
1,93,20,93,93,93
2,93,19,93,93,93
1,93,18,93,93,93
2,91,991,91,91,91
2,91,991,91,91,91
1,93,15,93,93,93
2,93,18,93,93,93
2,93,14,93,93,93
1,93,16,93,93,93
1,91,991,91,91,91
2,91,991,91,91,91
2,91,991,91,91,91
2,91,991,91,91,91
2,93,15,93,93,93
2,91,991,91,91,91
2,93,28,93,93,93
2,93,20,93,93,93
2,1,18,1,2,2
1,91,991,91,91,91
2,93,16,93,93,93
2,93,20,93,93,93
2,93,16,93,93,93
1,30,18,2,2,2
2,93,16,93,93,93
2,93,17,93,93,93
2,91,991,91,91,91
1,91,991,91,91,91
2,5,11,1,1,1
2,93,18,93,93,93
1,93,28,93,93,93
2,30,20,1,2,1
2,91,991,91,91,91
1,91,991,91,91,91
1,91,991,91,91,91
2,14,17,1,2,1
2,93,15,93,93,93
1,14,13,1,1,2
2,93,25,93,93,93
1,93,17,93,93,93
2,91,991,91,91,91
1,91,991,91,91,91
2,91,991,91,91,91
2,91,991,91,91,91
1,91,991,91,91,91
2,91,991,91,91,91
2,10,16,1,2,2
2,91,991,91,91,91
2,15,26,2,1,2
2,91,991,91,91,91
1,91,991,91,91,91
1,6,13,1,2,1
2,91,991,91,91,91
2,93,20,93,93,93
2,91,991,91,91,91
2,3,16,1,2,2
2,91,991,91,91,91
2,30,26,1,1,1
2,91,991,91,91,91
2,91,991,91,91,91
2,91,991,91,91,91
2,20,18,1,2,2
1,93,15,93,93,93
1,91,991,91,91,91
2,91,991,91,91,91
1,91,991,91,91,91
1,93,16,93,93,93
1,91,991,91,91,91
2,91,991,91,91,91
2,91,991,91,91,91
2,1,18,1,2,2
2,91,991,91,91,91
2,91,991,91,91,91
2,93,18,93,93,93
2,4,16,1,2,2
1,1,30,2,2,1
1,91,991,91,91,91
2,91,991,91,91,91
1,91,991,91,91,91
2,93,32,93,93,93
1,93,19,93,93,93
2,91,991,91,91,91
1,93,19,93,93,93
2,91,991,91,91,91
1,91,991,91,91,91
1,91,991,91,91,91
2,91,991,91,91,91
1,91,991,91,91,91
2,93,32,93,93,93
2,91,991,91,91,91
2,93,21,93,93,93
1,91,991,91,91,91
1,91,991,91,91,91
2,93,11,93,93,93
2,91,991,91,91,91
1,1,29,2,2,1
1,30,14,1,2,2
1,20,14,1,1,2
2,1,18,2,1,1
2,91,991,91,91,91
1,5,19,1,2,1
2,93,18,93,93,93
2,91,991,91,91,91
1,91,991,91,91,91
2,6,20,1,1,1
1,30,18,1,2,2
2,9,17,1,2,2
1,93,16,93,93,93
2,91,991,91,91,91
2,91,991,91,91,91
2,93,16,93,93,93
1,91,991,91,91,91
1,93,17,93,93,93
2,91,991,91,91,91
1,91,991,91,91,91
2,93,21,93,93,93
2,2,25,1,2,2
2,93,30,93,93,93
1,93,18,93,93,93
1,93,18,93,93,93
1,93,14,93,93,93
1,91,991,91,91,91
1,93,18,93,93,93
1,91,991,91,91,91
2,91,991,91,91,91
1,20,30,2,1,1
1,27,19,1,2,1
1,91,991,91,91,91
2,30,18,1,2,1
2,93,15,93,93,93
1,93,14,93,93,93
2,93,22,93,93,93
1,91,991,91,91,91
1,91,991,91,91,91
1,93,17,93,93,93
2,91,991,91,91,91
2,91,991,91,91,91
1,91,991,91,91,91
2,91,991,91,91,91
2,93,16,93,93,93
2,91,991,91,91,91
2,91,991,91,91,91
2,93,18,93,93,93
2,2,14,2,2,1
2,93,16,93,93,93
2,91,991,91,91,91
1,91,991,91,91,91
1,93,12,93,93,93
2,91,991,91,91,91
2,91,991,91,91,91
2,93,17,93,93,93
2,91,991,91,91,91
1,91,991,91,91,91
2,93,13,93,93,93
2,16,13,1,1,2
2,91,991,91,91,91
1,91,991,91,91,91
1,7,18,1,1,2
1,91,991,91,91,91
1,24,20,1,1,1
1,91,991,91,91,91
1,93,20,93,93,93
1,91,991,91,91,91
1,93,24,93,93,93
2,93,35,93,93,93
2,30,14,1,1,2
1,91,991,91,91,91
2,7,15,2,1,2
2,91,991,91,91,91
2,91,991,91,91,91
2,91,991,91,91,91
2,18,14,1,1,2
1,4,19,1,2,1
2,91,991,91,91,91
1,91,991,91,91,91
2,91,991,91,91,91
1,91,991,91,91,91
2,91,991,91,91,91
2,25,18,1,2,1
1,24,24,1,1,1
1,91,991,91,91,91
2,91,991,91,91,91
2,93,12,93,93,93
1,91,991,91,91,91
1,91,991,91,91,91
2,91,991,91,91,91
2,91,991,91,91,91
2,91,991,91,91,91
1,91,991,91,91,91
2,93,21,93,93,93
1,91,991,91,91,91
2,91,991,91,91,91
1,91,991,91,91,91
2,91,991,91,91,91
2,30,14,1,1,2
2,29,13,1,1,1
1,91,991,91,91,91
1,30,12,1,2,1
1,91,991,91,91,91
2,91,991,91,91,91
1,91,991,91,91,91
2,91,991,91,91,91
2,93,25,93,93,93
1,93,17,93,93,93
1,91,991,91,91,91
2,91,991,91,91,91
1,91,991,91,91,91
2,91,991,91,91,91
2,91,991,91,91,91
2,91,991,91,91,91
2,91,991,91,91,91
1,91,991,91,91,91
2,91,991,91,91,91
2,91,991,91,91,91
2,93,16,93,93,93
1,91,991,91,91,91
2,1,44,2,2,2
2,91,991,91,91,91
2,91,991,91,91,91
1,91,991,91,91,91
2,93,30,93,93,93
2,93,18,93,93,93
1,93,20,93,93,93
2,91,991,91,91,91
2,93,18,93,93,93
1,91,991,91,91,91
2,91,991,91,91,91
1,91,991,91,91,91
2,20,13,1,1,2
1,91,991,91,91,91
2,91,991,91,91,91
1,28,15,1,1,2
2,91,991,91,91,91
2,98,19,98,98,98
1,91,991,91,91,91
2,1,14,2,1,2
1,2,21,2,1,2
2,91,991,91,91,91
2,93,16,93,93,93
2,91,991,91,91,91
1,91,991,91,91,91
1,91,991,91,91,91
1,91,991,91,91,91
2,30,15,1,1,2
2,91,991,91,91,91
2,91,991,91,91,91
1,93,12,93,93,93
2,91,991,91,91,91
2,91,991,91,91,91
1,93,14,93,93,93
1,91,991,91,91,91
2,91,991,91,91,91
2,93,16,93,93,93
2,93,33,93,93,93
1,91,991,91,91,91
2,91,991,91,91,91
1,93,10,93,93,93
2,91,991,91,91,91
1,91,991,91,91,91
1,91,991,91,91,91
1,3,25,1,2,2
1,93,22,93,93,93
2,93,21,93,93,93
1,27,18,2,2,1
2,15,14,1,2,2
1,2,17,2,1,2
2,91,991,91,91,91
1,91,991,91,91,91
2,93,12,93,93,93
1,93,18,93,93,93
1,91,991,91,91,91
1,91,991,91,91,91
1,93,21,93,93,93
1,91,991,91,91,91
1,93,20,93,93,93
2,93,17,93,93,93
1,91,991,91,91,91
2,26,15,1,2,2
2,91,991,91,91,91
1,20,18,1,1,1
1,93,17,93,93,93
1,5,19,1,2,2
2,93,18,93,93,93
1,91,991,91,91,91
2,91,991,91,91,91
1,91,991,91,91,91
2,25,16,2,1,2
1,30,17,1,1,2
2,91,991,91,91,91
2,91,991,91,91,91
1,20,18,1,1,2
2,93,22,93,93,93
1,91,991,91,91,91
2,6,13,1,1,2
2,93,18,93,93,93
2,91,991,91,91,91
2,91,991,91,91,91
1,5,17,1,2,2
2,93,25,93,93,93
1,27,15,1,1,2
2,93,16,93,93,93
1,93,16,93,93,93
2,91,991,91,91,91
1,93,24,93,93,93
2,91,991,91,91,91
1,6,16,1,2,1
2,93,18,93,93,93
2,91,991,91,91,91
2,91,991,91,91,91
2,91,991,91,91,91
1,91,991,91,91,91
1,93,24,93,93,93
1,4,21,1,1,1
1,91,991,91,91,91
2,91,991,91,91,91
1,93,22,93,93,93
1,30,15,1,1,1
2,93,70,93,93,93
2,93,21,93,93,93
1,91,991,91,91,91
2,91,991,91,91,91
2,91,991,91,91,91
2,91,991,91,91,91
1,93,16,93,93,93
2,91,991,91,91,91
1,91,991,91,91,91
1,93,17,93,93,93
2,91,991,91,91,91
1,30,18,1,2,2
2,93,42,93,93,93
1,91,991,91,91,91
2,91,991,91,91,91
1,93,19,93,93,93
2,93,19,93,93,93
1,93,19,93,93,93
2,91,991,91,91,91
1,4,15,2,2,1
1,93,15,93,93,93
2,93,30,93,93,93
2,93,22,93,93,93
2,91,991,91,91,91
1,91,991,91,91,91
1,91,991,91,91,91
2,91,991,91,91,91
1,91,991,91,91,91
2,93,21,93,93,93
2,91,991,91,91,91
1,93,20,93,93,93
1,91,991,91,91,91
1,91,991,91,91,91
2,91,991,91,91,91
1,91,991,91,91,91
2,93,23,93,93,93
1,91,991,91,91,91
1,91,991,91,91,91
2,91,991,91,91,91
2,91,991,91,91,91
1,91,991,91,91,91
1,91,991,91,91,91
1,93,21,93,93,93
1,91,991,91,91,91
2,93,18,93,93,93
2,91,991,91,91,91
1,91,991,91,91,91
2,1,23,1,2,1
1,91,991,91,91,91
2,91,991,91,91,91
1,8,12,1,1,2
2,93,21,93,93,93
1,3,12,1,1,2
2,91,991,91,91,91
1,91,991,91,91,91
1,93,15,93,93,93
1,91,991,91,91,91
2,93,23,93,93,93
2,91,991,91,91,91
2,93,18,93,93,93
1,1,21,1,2,2
2,91,991,91,91,91
1,93,17,93,93,93
1,93,18,93,93,93
2,93,15,93,93,93
2,4,20,2,2,1
1,91,991,91,91,91
1,93,15,93,93,93
2,91,991,91,91,91
1,91,991,91,91,91
2,91,991,91,91,91
2,30,18,1,1,2
2,93,16,93,93,93
1,91,991,91,91,91
2,28,42,1,1,2
2,3,16,2,1,2
2,30,14,1,2,1
1,91,991,91,91,91
2,93,21,93,93,93
2,1,23,2,2,1
2,93,45,93,93,93
1,91,991,91,91,91
1,93,10,93,93,93
1,91,991,91,91,91
2,91,991,91,91,91
2,91,991,91,91,91
2,91,991,91,91,91
1,91,991,91,91,91
2,91,991,91,91,91
2,91,991,91,91,91
2,91,991,91,91,91
1,93,15,93,93,93
1,91,991,91,91,91
1,93,26,93,93,93
2,91,991,91,91,91
1,91,991,91,91,91
1,91,991,91,91,91
2,93,19,93,93,93
2,93,17,93,93,93
2,93,20,93,93,93
1,91,991,91,91,91
2,93,17,93,93,93
2,91,991,91,91,91
2,91,991,91,91,91
1,93,15,93,93,93
1,91,991,91,91,91
2,91,991,91,91,91
2,91,991,91,91,91
2,91,991,91,91,91
2,29,13,1,1,2
1,93,20,93,93,93
2,93,12,93,93,93
1,93,20,93,93,93
1,91,991,91,91,91
2,91,991,91,91,91
1,91,991,91,91,91
1,93,15,93,93,93
1,91,991,91,91,91
1,91,991,91,91,91
1,27,20,1,2,2
2,91,991,91,91,91
2,93,23,93,93,93
2,91,991,91,91,91
2,91,991,91,91,91
1,91,991,91,91,91
1,30,12,1,2,2
2,91,991,91,91,91
1,91,991,91,91,91
2,93,11,93,93,93
1,91,991,91,91,91
1,93,22,93,93,93
2,93,17,93,93,93
1,93,17,93,93,93
2,30,18,1,1,5
2,93,60,93,93,93
2,93,20,93,93,93
1,91,991,91,91,91
1,93,15,93,93,93
2,91,991,91,91,91
2,93,16,93,93,93
1,91,991,91,91,91
1,91,991,91,91,91
1,93,15,93,93,93
2,91,991,91,91,91
1,91,991,91,91,91
2,91,991,91,91,91
1,91,991,91,91,91
2,91,991,91,91,91
1,91,991,91,91,91
2,91,991,91,91,91
2,93,14,93,93,93
2,20,12,1,1,2
2,91,991,91,91,91
1,91,991,91,91,91
2,20,9,2,1,2
2,26,14,1,1,1
1,93,20,93,93,93
2,91,991,91,91,91
1,91,991,91,91,91
1,93,17,93,93,93
1,91,991,91,91,91
2,91,991,91,91,91
2,91,991,91,91,91
1,93,12,93,93,93
2,93,16,93,93,93
1,93,16,93,93,93
2,91,991,91,91,91
2,93,19,93,93,93
1,93,16,93,93,93
2,93,14,93,93,93
2,1,15,2,1,1
2,93,14,93,93,93
2,91,991,91,91,91
1,93,24,93,93,93
2,91,991,91,91,91
2,91,991,91,91,91
2,91,991,91,91,91
2,91,991,91,91,91
2,91,991,91,91,91
1,91,991,91,91,91
2,91,991,91,91,91
2,91,991,91,91,91
1,91,991,91,91,91
2,91,991,91,91,91
1,93,14,93,93,93
2,91,991,91,91,91
1,93,19,93,93,93
2,20,18,1,2,2
1,91,991,91,91,91
2,12,15,1,2,2
1,91,991,91,91,91
1,93,35,93,93,93
1,93,20,93,93,93
1,91,991,91,91,91
1,2,18,2,2,1
1,93,10,93,93,93
1,20,15,2,1,2
2,91,991,91,91,91
2,91,991,91,91,91
1,93,14,93,93,93
1,30,17,1,2,2
2,2,13,2,2,1
2,93,16,93,93,93
1,91,991,91,91,91
1,93,12,93,93,93
2,91,991,91,91,91
2,91,991,91,91,91
1,91,991,91,91,91
2,5,18,2,2,2
1,93,15,93,93,93
1,25,13,1,1,2
1,91,991,91,91,91
1,1,14,1,1,2
1,93,15,93,93,93
2,91,991,91,91,91
2,93,14,93,93,93
2,91,991,91,91,91
2,91,991,91,91,91
1,91,991,91,91,91
2,91,991,91,91,91
2,91,991,91,91,91
2,93,30,93,93,93
1,91,991,91,91,91
2,93,16,93,93,93
1,91,991,91,91,91
2,91,991,91,91,91
1,91,991,91,91,91
1,91,991,91,91,91
1,91,991,91,91,91
1,91,991,91,91,91
2,91,991,91,91,91
1,93,22,93,93,93
2,91,991,91,91,91
1,91,991,91,91,91
2,5,15,1,2,1
2,16,16,1,1,2
1,91,991,91,91,91
1,91,991,91,91,91
1,27,20,1,1,2
1,91,991,91,91,91
1,91,991,91,91,91
2,91,991,91,91,91
2,1,16,2,1,2
2,91,991,91,91,91
2,93,16,93,93,93
1,91,991,91,91,91
2,91,991,91,91,91
1,8,31,1,2,1
2,91,991,91,91,91
1,91,991,91,91,91
2,91,991,91,91,91
1,93,18,93,93,93
1,93,22,93,93,93
2,91,991,91,91,91
2,93,18,93,93,93
1,5,21,1,2,2
1,91,991,91,91,91
2,91,991,91,91,91
1,93,19,93,93,93
1,93,20,93,93,93
1,5,16,1,2,2
1,91,991,91,91,91
2,91,991,91,91,91
1,91,991,91,91,91
1,93,16,93,93,93
1,93,21,93,93,93
1,91,991,91,91,91
1,30,15,1,1,1
2,91,991,91,91,91
1,93,17,93,93,93
2,93,20,93,93,93
2,12,19,1,2,2
2,91,991,91,91,91
2,91,991,91,91,91
1,30,12,1,1,2
2,91,991,91,91,91
2,91,991,91,91,91
2,91,991,91,91,91
2,93,17,93,93,93
2,91,991,91,91,91
1,30,11,2,1,1
2,93,21,93,93,93
2,93,14,93,93,93
1,91,991,91,91,91
2,91,991,91,91,91
1,91,991,91,91,91
1,91,991,91,91,91
2,91,991,91,91,91
2,93,15,93,93,93
2,4,41,2,2,2
1,91,991,91,91,91
2,91,991,91,91,91
1,91,991,91,91,91
2,93,22,93,93,93
2,93,19,93,93,93
2,93,21,93,93,93
2,91,991,91,91,91
2,91,991,91,91,91
2,91,991,91,91,91
2,91,991,91,91,91
2,91,991,91,91,91
1,91,991,91,91,91
2,91,991,91,91,91
1,91,991,91,91,91
2,93,20,93,93,93
1,15,16,1,1,1
2,91,991,91,91,91
2,91,991,91,91,91
2,91,991,91,91,91
1,93,11,93,93,93
1,1,16,1,2,2
1,91,991,91,91,91
1,91,991,91,91,91
2,93,19,93,93,93
1,91,991,91,91,91
2,30,12,1,1,1
1,91,991,91,91,91
2,91,991,91,91,91
1,93,16,93,93,93
2,91,991,91,91,91
2,93,14,93,93,93
1,93,19,93,93,93
2,30,14,1,1,2
2,93,19,93,93,93
2,91,991,91,91,91
2,91,991,91,91,91
1,97,15,97,97,97
1,91,991,91,91,91
1,93,16,93,93,93
2,93,17,93,93,93
1,91,991,91,91,91
2,91,991,91,91,91
1,93,19,93,93,93
2,91,991,91,91,91
1,91,991,91,91,91
2,91,991,91,91,91
1,93,15,93,93,93
1,91,991,91,91,91
1,93,14,93,93,93
1,5,18,1,2,2
1,20,21,1,2,2
2,30,16,1,2,2
2,91,991,91,91,91
2,2,20,1,2,1
2,12,17,1,2,2
2,93,14,93,93,93
2,93,16,93,93,93
1,91,991,91,91,91
2,93,15,93,93,93
2,91,991,91,91,91
1,91,991,91,91,91
1,93,17,93,93,93
1,93,19,93,93,93
2,30,16,1,1,1
1,91,991,91,91,91
1,8,25,1,2,2
2,91,991,91,91,91
2,91,991,91,91,91
1,91,991,91,91,91
1,30,20,1,2,2
2,91,991,91,91,91
2,91,991,91,91,91
2,93,12,93,93,93
1,1,17,1,1,2
1,91,991,91,91,91
2,91,991,91,91,91
1,30,13,1,1,2
2,10,16,1,2,1
1,91,991,91,91,91
1,30,19,1,1,1
2,93,18,93,93,93
1,91,991,91,91,91
2,91,991,91,91,91
2,91,991,91,91,91
2,93,20,93,93,93
2,93,17,93,93,93
2,8,22,1,2,1
1,91,991,91,91,91
2,93,18,93,93,93
2,93,16,93,93,93
2,91,991,91,91,91
1,2,19,1,2,2
2,91,991,91,91,91
1,91,991,91,91,91
2,93,21,93,93,93
2,25,17,1,1,2
2,91,991,91,91,91
2,91,991,91,91,91
2,1,17,1,1,2
1,93,16,93,93,93
1,91,991,91,91,91
1,91,991,91,91,91
1,91,991,91,91,91
1,91,991,91,91,91
2,20,12,1,1,1
2,91,991,91,91,91
2,93,18,93,93,93
2,91,991,91,91,91
2,91,991,91,91,91
1,91,991,91,91,91
2,93,25,93,93,93
2,91,991,91,91,91
2,91,991,91,91,91
2,6,18,1,1,2
2,91,991,91,91,91
2,91,991,91,91,91
2,93,17,93,93,93
1,1,21,1,2,2
1,91,991,91,91,91
2,91,991,91,91,91
2,91,991,91,91,91
1,30,15,1,2,2
2,93,16,93,93,93
1,91,991,91,91,91
2,30,20,2,1,2
2,91,991,91,91,91
1,1,18,1,2,2
1,91,991,91,91,91
1,91,991,91,91,91
2,91,991,91,91,91
1,91,991,91,91,91
1,91,991,91,91,91
1,91,991,91,91,91
1,1,27,1,2,2
1,91,991,91,91,91
2,93,35,93,93,93
1,93,15,93,93,93
2,24,12,1,2,2
2,91,991,91,91,91
2,91,991,91,91,91
1,91,991,91,91,91
2,93,20,93,93,93
2,91,991,91,91,91
1,91,991,91,91,91
1,91,991,91,91,91
1,91,991,91,91,91
1,19,16,1,1,2
1,1,12,1,2,2
2,30,20,1,1,2
2,93,18,93,93,93
2,93,16,93,93,93
2,91,991,91,91,91
2,93,18,93,93,93
2,91,991,91,91,91
1,93,18,93,93,93
2,93,15,93,93,93
2,91,991,91,91,91
2,93,16,93,93,93
2,91,991,91,91,91
1,91,991,91,91,91
2,91,991,91,91,91
2,93,26,93,93,93
1,91,991,91,91,91
1,93,13,93,93,93
2,91,991,91,91,91
1,91,991,91,91,91
2,91,991,91,91,91
1,91,991,91,91,91
2,91,991,91,91,91
2,91,991,91,91,91
2,91,991,91,91,91
2,30,14,1,2,1
2,91,991,91,91,91
1,3,18,1,2,2
2,93,17,93,93,93
2,91,991,91,91,91
1,91,991,91,91,91
1,91,991,91,91,91
2,91,991,91,91,91
1,91,991,91,91,91
2,91,991,91,91,91
2,1,14,1,2,1
2,93,26,93,93,93
1,91,991,91,91,91
2,30,19,1,2,1
2,91,991,91,91,91
1,91,991,91,91,91
1,15,15,1,2,1
1,91,991,91,91,91
1,91,991,91,91,91
1,93,17,93,93,93
2,91,991,91,91,91
2,91,991,91,91,91
2,91,991,91,91,91
2,91,991,91,91,91
1,30,16,1,1,2
1,93,18,93,93,93
1,91,991,91,91,91
2,91,991,91,91,91
2,91,991,91,91,91
2,93,17,93,93,93
1,30,18,1,2,2
2,91,991,91,91,91
2,93,14,93,93,93
1,91,991,91,91,91
2,91,991,91,91,91
1,91,991,91,91,91
1,91,991,91,91,91
1,5,16,1,2,1
1,93,28,93,93,93
1,91,991,91,91,91
2,91,991,91,91,91
2,91,991,91,91,91
1,91,991,91,91,91
1,25,19,2,2,1
2,91,991,91,91,91
1,2,14,1,2,2
2,93,28,93,93,93
1,91,991,91,91,91
1,30,14,1,1,1
1,93,16,93,93,93
2,3,25,1,2,1
2,93,23,93,93,93
1,91,991,91,91,91
2,91,991,91,91,91
2,93,24,93,93,93
2,1,16,2,2,2
1,91,991,91,91,91
1,91,991,91,91,91
1,93,40,93,93,93
1,91,991,91,91,91
2,93,17,93,93,93
1,93,14,93,93,93
2,91,991,91,91,91
2,91,991,91,91,91
2,93,20,93,93,93
1,91,991,91,91,91
2,91,991,91,91,91
2,91,991,91,91,91
1,93,13,93,93,93
1,93,20,93,93,93
2,91,991,91,91,91
1,91,991,91,91,91
1,91,991,91,91,91
1,91,991,91,91,91
2,91,991,91,91,91
2,91,991,91,91,91
1,91,991,91,91,91
2,91,991,91,91,91
2,91,991,91,91,91
1,12,16,1,1,2
1,91,991,91,91,91
2,91,991,91,91,91
1,91,991,91,91,91
1,91,991,91,91,91
1,91,991,91,91,91
1,91,991,91,91,91
1,91,991,91,91,91
1,93,17,93,93,93
2,91,991,91,91,91
1,91,991,91,91,91
1,91,991,91,91,91
1,91,991,91,91,91
1,91,991,91,91,91
2,93,23,93,93,93
1,91,991,91,91,91
1,91,991,91,91,91
2,91,991,91,91,91
2,91,991,91,91,91
1,93,994,93,93,93
2,91,991,91,91,91
2,93,33,93,93,93
1,93,22,93,93,93
1,93,25,93,93,93
2,91,991,91,91,91
2,91,991,91,91,91
2,91,991,91,91,91
2,91,991,91,91,91
2,91,991,91,91,91
1,91,991,91,91,91
1,91,991,91,91,91
1,91,991,91,91,91
2,2,18,1,2,2
2,93,21,93,93,93
1,93,16,93,93,93
2,2,16,1,2,5
1,91,991,91,91,91
2,91,991,91,91,91
1,30,12,1,1,1
2,91,991,91,91,91
2,91,991,91,91,91
2,93,36,93,93,93
1,5,19,1,2,1
2,93,16,93,93,93
1,91,991,91,91,91
1,30,15,1,1,2
1,93,20,93,93,93
2,91,991,91,91,91
2,91,991,91,91,91
1,91,991,91,91,91
2,91,991,91,91,91
1,1,23,2,2,1
1,91,991,91,91,91
2,20,14,1,2,2
2,91,991,91,91,91
2,91,991,91,91,91
1,30,8,1,2,2
2,91,991,91,91,91
2,91,991,91,91,91
2,93,47,93,93,93
1,91,991,91,91,91
2,91,991,91,91,91
2,18,22,1,1,2
1,93,11,93,93,93
2,91,991,91,91,91
2,91,991,91,91,91
1,12,18,1,1,2
2,91,991,91,91,91
1,91,991,91,91,91
2,10,994,2,2,1
1,91,991,91,91,91
2,91,991,91,91,91
1,91,991,91,91,91
1,29,13,1,2,1
2,91,991,91,91,91
2,91,991,91,91,91
2,93,18,93,93,93
1,1,20,1,2,2
1,91,991,91,91,91
2,93,16,93,93,93
2,93,17,93,93,93
1,91,991,91,91,91
1,93,21,93,93,93
1,91,991,91,91,91
2,3,51,2,2,1
2,93,10,93,93,93
2,93,15,93,93,93
1,93,14,93,93,93
1,93,16,93,93,93
1,91,991,91,91,91
2,93,27,93,93,93
2,91,991,91,91,91
1,91,991,91,91,91
2,91,991,91,91,91
2,91,991,91,91,91
1,91,991,91,91,91
2,91,991,91,91,91
2,91,991,91,91,91
2,91,991,91,91,91
1,91,991,91,91,91
2,93,16,93,93,93
1,91,991,91,91,91
2,91,991,91,91,91
1,91,991,91,91,91
2,91,991,91,91,91
2,91,991,91,91,91
2,91,991,91,91,91
1,30,16,1,2,2
1,91,991,91,91,91
2,91,991,91,91,91
1,25,14,1,1,2
2,93,32,93,93,93
2,30,20,1,2,1
1,30,13,1,2,1
1,91,991,91,91,91
1,91,991,91,91,91
2,91,991,91,91,91
1,93,16,93,93,93
1,93,17,93,93,93
2,91,991,91,91,91
2,91,991,91,91,91
2,93,16,93,93,93
1,91,991,91,91,91
2,91,991,91,91,91
1,91,991,91,91,91
2,91,991,91,91,91
2,91,991,91,91,91
2,91,991,91,91,91
2,91,991,91,91,91
1,30,13,1,1,2
2,93,15,93,93,93
1,30,13,1,2,1
1,91,991,91,91,91
2,91,991,91,91,91
1,1,38,2,2,1
2,91,991,91,91,91
1,91,991,91,91,91
2,91,991,91,91,91
1,93,13,93,93,93
2,93,30,93,93,93
1,91,991,91,91,91
1,30,15,1,2,2
2,91,991,91,91,91
1,91,991,91,91,91
2,91,991,91,91,91
2,93,13,93,93,93
1,25,23,1,2,1
2,93,19,93,93,93
2,93,21,93,93,93
1,93,21,93,93,93
2,91,991,91,91,91
1,93,18,93,93,93
1,91,991,91,91,91
1,91,991,91,91,91
1,91,991,91,91,91
1,93,18,93,93,93
2,91,991,91,91,91
1,93,16,93,93,93
2,93,18,93,93,93
1,30,12,1,2,2
1,91,991,91,91,91
2,91,991,91,91,91
1,93,18,93,93,93
1,98,23,98,98,98
2,91,991,91,91,91
2,93,56,93,93,93
2,93,21,93,93,93
1,91,991,91,91,91
1,91,991,91,91,91
1,93,22,93,93,93
2,30,12,1,2,2
2,91,991,91,91,91
1,7,16,1,2,2
2,15,12,1,1,1
2,91,991,91,91,91
2,93,20,93,93,93
2,25,18,2,2,1
2,30,15,1,2,2
2,93,22,93,93,93
1,15,16,2,2,2
2,91,991,91,91,91
2,93,17,93,93,93
2,93,22,93,93,93
2,20,22,1,2,1
2,91,991,91,91,91
1,91,991,91,91,91
2,91,991,91,91,91
1,91,991,91,91,91
2,93,20,93,93,93
2,91,991,91,91,91
1,91,991,91,91,91
2,91,991,91,91,91
2,91,991,91,91,91
1,16,12,1,2,2
2,91,991,91,91,91
2,91,991,91,91,91
1,91,991,91,91,91
1,91,991,91,91,91
1,93,17,93,93,93
2,91,991,91,91,91
1,91,991,91,91,91
2,91,991,91,91,91
1,91,991,91,91,91
2,91,991,91,91,91
2,1,18,1,2,2
2,91,991,91,91,91
1,91,991,91,91,91
1,91,991,91,91,91
2,91,991,91,91,91
1,91,991,91,91,91
2,28,15,1,1,1
2,93,17,93,93,93
1,1,16,1,2,2
2,91,991,91,91,91
1,93,22,93,93,93
2,91,991,91,91,91
1,91,991,91,91,91
1,91,991,91,91,91
2,93,20,93,93,93
2,91,991,91,91,91
1,91,991,91,91,91
2,91,991,91,91,91
1,91,991,91,91,91
2,91,991,91,91,91
1,91,991,91,91,91
2,93,16,93,93,93
2,93,22,93,93,93
2,91,991,91,91,91
1,91,991,91,91,91
2,29,13,2,1,2
2,93,18,93,93,93
2,91,991,91,91,91
1,91,991,91,91,91
1,91,991,91,91,91
2,93,37,93,93,93
2,91,991,91,91,91
1,10,18,1,1,1
1,30,15,1,5,2
2,93,18,93,93,93
2,5,17,1,1,2
2,91,991,91,91,91
2,93,12,93,93,93
2,12,16,1,2,2
2,9,17,1,2,1
1,91,991,91,91,91
2,91,991,91,91,91
2,91,991,91,91,91
1,1,16,1,1,2
2,91,991,91,91,91
2,93,21,93,93,93
1,91,991,91,91,91
1,91,991,91,91,91
2,91,991,91,91,91
1,91,991,91,91,91
1,91,991,91,91,91
2,91,991,91,91,91
1,91,991,91,91,91
2,91,991,91,91,91
1,91,991,91,91,91
2,91,991,91,91,91
2,93,20,93,93,93
2,91,991,91,91,91
1,93,16,93,93,93
1,91,991,91,91,91
1,93,13,93,93,93
1,91,991,91,91,91
1,93,15,93,93,93
2,91,991,91,91,91
2,91,991,91,91,91
2,91,991,91,91,91
1,91,991,91,91,91
2,10,14,1,1,1
2,93,16,93,93,93
2,93,15,93,93,93
2,93,15,93,93,93
2,1,36,1,2,2
2,93,17,93,93,93
2,91,991,91,91,91
2,1,18,1,2,2
1,4,18,2,2,1
1,7,20,1,2,1
1,91,991,91,91,91
1,91,991,91,91,91
1,93,16,93,93,93
1,91,991,91,91,91
1,91,991,91,91,91
1,93,23,93,93,93
1,91,991,91,91,91
2,93,20,93,93,93
2,91,991,91,91,91
2,91,991,91,91,91
2,91,991,91,91,91
1,93,17,93,93,93
1,91,991,91,91,91
2,93,14,93,93,93
1,91,991,91,91,91
2,93,17,93,93,93
1,91,991,91,91,91
1,91,991,91,91,91
2,91,991,91,91,91
1,93,19,93,93,93
2,91,991,91,91,91
1,93,20,93,93,93
2,91,991,91,91,91
1,91,991,91,91,91
2,22,20,1,2,2
2,91,991,91,91,91
2,3,15,1,2,2
1,91,991,91,91,91
2,93,18,93,93,93
2,93,16,93,93,93
1,93,32,93,93,93
2,91,991,91,91,91
1,93,18,93,93,93
1,91,991,91,91,91
2,91,991,91,91,91
2,93,16,93,93,93
2,93,3,93,93,93
1,91,991,91,91,91
2,93,19,93,93,93
1,93,18,93,93,93
1,91,991,91,91,91
2,91,991,91,91,91
1,93,18,93,93,93
2,93,18,93,93,93
1,91,991,91,91,91
2,93,17,93,93,93
2,91,991,91,91,91
1,91,991,91,91,91
1,91,991,91,91,91
2,91,991,91,91,91
1,91,991,91,91,91
2,91,991,91,91,91
1,91,991,91,91,91
2,93,19,93,93,93
1,91,991,91,91,91
2,91,991,91,91,91
2,91,991,91,91,91
2,30,14,1,2,2
1,91,991,91,91,91
2,93,21,93,93,93
2,91,991,91,91,91
1,91,991,91,91,91
2,7,17,1,2,2
1,93,15,93,93,93
1,91,991,91,91,91
2,91,991,91,91,91
1,10,18,1,1,2
2,3,16,2,2,1
2,1,16,1,2,2
1,93,14,93,93,93
1,91,991,91,91,91
2,91,991,91,91,91
1,91,991,91,91,91
2,91,991,91,91,91
1,4,21,1,2,2
1,91,991,91,91,91
2,93,18,93,93,93
2,91,991,91,91,91
1,91,991,91,91,91
1,91,991,91,91,91
1,91,991,91,91,91
1,93,15,93,93,93
2,91,991,91,91,91
2,7,10,1,2,1
2,91,991,91,91,91
1,25,14,1,2,2
1,91,991,91,91,91
2,91,991,91,91,91
2,91,991,91,91,91
2,91,991,91,91,91
1,91,991,91,91,91
2,91,991,91,91,91
2,91,991,91,91,91
1,91,991,91,91,91
1,15,16,1,2,1
2,93,18,93,93,93
1,93,14,93,93,93
2,91,991,91,91,91
1,91,991,91,91,91
1,30,14,1,1,2
1,30,16,1,1,1
2,91,991,91,91,91
1,93,21,93,93,93
2,91,991,91,91,91
2,93,13,93,93,93
1,98,23,98,98,98
1,91,991,91,91,91
1,91,991,91,91,91
1,91,991,91,91,91
2,91,991,91,91,91
2,91,991,91,91,91
1,30,15,1,2,2
2,91,991,91,91,91
2,26,15,2,1,2
1,91,991,91,91,91
1,20,18,1,2,2
2,91,991,91,91,91
2,91,991,91,91,91
1,93,14,93,93,93
1,91,991,91,91,91
1,91,991,91,91,91
2,93,15,93,93,93
2,4,14,1,1,2
1,91,991,91,91,91
1,93,12,93,93,93
2,91,991,91,91,91
2,91,991,91,91,91
2,93,20,93,93,93
2,93,16,93,93,93
2,24,41,1,1,1
1,30,16,1,1,1
2,93,18,93,93,93
2,91,991,91,91,91
2,25,15,1,2,2
2,93,12,93,93,93
1,91,991,91,91,91
2,91,991,91,91,91
1,91,991,91,91,91
2,93,19,93,93,93
1,4,16,2,2,1
1,25,18,1,1,2
1,93,17,93,93,93
1,91,991,91,91,91
2,25,18,1,2,2
2,1,26,2,1,2
2,98,985,98,98,98
1,91,991,91,91,91
2,91,991,91,91,91
2,93,25,93,93,93
1,91,991,91,91,91
2,91,991,91,91,91
2,30,16,1,1,2
2,91,991,91,91,91
1,93,12,93,93,93
2,93,35,93,93,93
1,91,991,91,91,91
2,91,991,91,91,91
1,91,991,91,91,91
1,91,991,91,91,91
2,1,15,2,2,1
2,91,991,91,91,91
1,91,991,91,91,91
1,91,991,91,91,91
1,91,991,91,91,91
1,93,12,93,93,93
1,30,13,1,2,2
1,91,991,91,91,91
1,30,26,4,4,5
1,91,991,91,91,91
2,91,991,91,91,91
2,91,991,91,91,91
1,93,19,93,93,93
1,91,991,91,91,91
2,91,991,91,91,91
2,93,13,93,93,93
2,91,991,91,91,91
2,91,991,91,91,91
1,91,991,91,91,91
2,91,991,91,91,91
2,91,991,91,91,91
1,93,18,93,93,93
1,93,18,93,93,93
2,91,991,91,91,91
2,93,14,93,93,93
2,93,21,93,93,93
2,91,991,91,91,91
2,91,991,91,91,91
2,5,20,1,1,2
2,93,15,93,93,93
2,93,18,93,93,93
1,91,991,91,91,91
2,93,15,93,93,93
2,1,16,1,2,2
1,91,991,91,91,91
1,91,991,91,91,91
2,93,18,93,93,93
2,91,991,91,91,91
2,91,991,91,91,91
1,91,991,91,91,91
2,91,991,91,91,91
2,91,991,91,91,91
1,93,19,93,93,93
1,5,14,1,1,2
1,91,991,91,91,91
1,91,991,91,91,91
1,91,991,91,91,91
2,91,991,91,91,91
1,91,991,91,91,91
2,93,18,93,93,93
2,93,15,93,93,93
1,91,991,91,91,91
1,91,991,91,91,91
1,91,991,91,91,91
2,91,991,91,91,91
2,93,15,93,93,93
2,91,991,91,91,91
1,91,991,91,91,91
1,91,991,91,91,91
1,93,16,93,93,93
2,93,15,93,93,93
1,91,991,91,91,91
1,93,15,93,93,93
1,91,991,91,91,91
2,91,991,91,91,91
1,91,991,91,91,91
2,91,991,91,91,91
1,91,991,91,91,91
1,91,991,91,91,91
2,91,991,91,91,91
1,91,991,91,91,91
1,93,14,93,93,93
1,30,10,1,1,1
2,93,20,93,93,93
2,93,14,93,93,93
1,93,19,93,93,93
2,1,16,2,2,1
2,93,22,93,93,93
1,20,21,1,2,2
2,93,16,93,93,93
2,91,991,91,91,91
2,91,991,91,91,91
2,91,991,91,91,91
2,91,991,91,91,91
2,20,12,1,1,1
2,91,991,91,91,91
2,91,991,91,91,91
2,5,38,1,2,2
1,20,35,1,2,2
1,91,991,91,91,91
2,91,991,91,91,91
2,93,19,93,93,93
1,91,991,91,91,91
2,91,991,91,91,91
2,91,991,91,91,91
1,93,21,93,93,93
2,91,991,91,91,91
1,91,991,91,91,91
2,91,991,91,91,91
2,91,991,91,91,91
1,91,991,91,91,91
2,10,18,1,1,1
2,91,991,91,91,91
2,18,14,1,2,2
1,91,991,91,91,91
2,91,991,91,91,91
2,93,11,93,93,93
2,93,21,93,93,93
2,91,991,91,91,91
2,30,14,1,2,2
2,93,17,93,93,93
2,91,991,91,91,91
2,30,13,1,2,2
1,91,991,91,91,91
1,93,16,93,93,93
1,91,991,91,91,91
1,91,991,91,91,91
2,25,19,1,2,1
2,91,991,91,91,91
2,91,991,91,91,91
2,29,19,1,2,1
2,20,16,1,1,2
2,91,991,91,91,91
1,91,991,91,91,91
1,30,17,1,1,1
2,91,991,91,91,91
2,91,991,91,91,91
2,91,991,91,91,91
2,93,18,93,93,93
2,93,17,93,93,93
1,91,991,91,91,91
1,91,991,91,91,91
1,25,13,1,1,1
1,91,991,91,91,91
2,93,14,93,93,93
2,91,991,91,91,91
1,10,15,2,1,1
1,91,991,91,91,91
1,91,991,91,91,91
1,91,991,91,91,91
2,93,16,93,93,93
1,91,991,91,91,91
2,91,991,91,91,91
1,91,991,91,91,91
1,91,991,91,91,91
2,91,991,91,91,91
2,93,18,93,93,93
1,93,12,93,93,93
2,30,13,1,1,2
1,93,16,93,93,93
2,91,991,91,91,91
2,91,991,91,91,91
1,91,991,91,91,91
2,93,17,93,93,93
2,91,991,91,91,91
2,5,15,1,2,2
2,93,12,93,93,93
2,30,12,1,2,1
1,91,991,91,91,91
2,30,16,2,1,2
1,93,16,93,93,93
1,91,991,91,91,91
1,91,991,91,91,91
2,93,25,93,93,93
1,91,991,91,91,91
1,91,991,91,91,91
1,93,24,93,93,93
2,93,17,93,93,93
2,91,991,91,91,91
2,91,991,91,91,91
2,18,17,1,1,1
1,91,991,91,91,91
1,91,991,91,91,91
1,93,16,93,93,93
2,93,18,93,93,93
2,93,31,93,93,93
2,91,991,91,91,91
2,91,991,91,91,91
1,91,991,91,91,91
2,91,991,91,91,91
2,91,991,91,91,91
1,93,17,93,93,93
2,91,991,91,91,91
1,91,991,91,91,91
2,93,23,93,93,93
1,91,991,91,91,91
1,91,991,91,91,91
2,91,991,91,91,91
1,91,991,91,91,91
1,91,991,91,91,91
1,20,16,1,2,2
1,91,991,91,91,91
1,91,991,91,91,91
2,91,991,91,91,91
2,91,991,91,91,91
1,93,18,93,93,93
2,91,991,91,91,91
2,91,991,91,91,91
2,10,14,1,1,2
1,91,991,91,91,91
2,91,991,91,91,91
1,91,991,91,91,91
1,91,991,91,91,91
2,91,991,91,91,91
2,17,21,1,2,2
2,91,991,91,91,91
2,91,991,91,91,91
2,93,13,93,93,93
2,91,991,91,91,91
2,93,16,93,93,93
2,93,21,93,93,93
2,91,991,91,91,91
2,91,991,91,91,91
1,7,18,1,2,2
2,7,16,2,1,2
2,2,16,2,1,2
2,91,991,91,91,91
2,91,991,91,91,91
1,93,25,93,93,93
1,91,991,91,91,91
1,91,991,91,91,91
2,93,18,93,93,93
2,93,17,93,93,93
1,91,991,91,91,91
2,93,16,93,93,93
1,22,25,1,1,1
2,91,991,91,91,91
2,91,991,91,91,91
2,91,991,91,91,91
2,93,16,93,93,93
1,91,991,91,91,91
2,91,991,91,91,91
1,91,991,91,91,91
1,93,16,93,93,93
1,93,19,93,93,93
2,91,991,91,91,91
1,93,15,93,93,93
2,91,991,91,91,91
1,93,17,93,93,93
1,91,991,91,91,91
1,93,19,93,93,93
1,93,19,93,93,93
2,91,991,91,91,91
2,30,11,1,2,2
2,91,991,91,91,91
2,3,16,2,2,1
1,91,991,91,91,91
2,93,14,93,93,93
1,91,991,91,91,91
1,20,15,2,1,1
1,91,991,91,91,91
2,91,991,91,91,91
1,93,19,93,93,93
1,4,15,1,2,2
2,91,991,91,91,91
2,93,13,93,93,93
1,93,20,93,93,93
2,91,991,91,91,91
2,30,16,2,2,1
2,93,20,93,93,93
2,91,991,91,91,91
1,91,991,91,91,91
2,91,991,91,91,91
2,91,991,91,91,91
1,91,991,91,91,91
2,91,991,91,91,91
2,93,14,93,93,93
2,93,20,93,93,93
1,93,19,93,93,93
2,91,991,91,91,91
2,91,991,91,91,91
1,7,19,1,1,1
1,91,991,91,91,91
2,91,991,91,91,91
2,91,991,91,91,91
2,91,991,91,91,91
1,91,991,91,91,91
2,93,16,93,93,93
2,91,991,91,91,91
1,93,19,93,93,93
1,91,991,91,91,91
1,2,17,1,2,2
2,91,991,91,91,91
1,20,19,1,1,2
2,91,991,91,91,91
1,91,991,91,91,91
1,91,991,91,91,91
2,91,991,91,91,91
1,91,991,91,91,91
2,30,18,1,1,1
2,91,991,91,91,91
1,10,18,1,1,2
1,91,991,91,91,91
2,30,16,1,2,2
1,91,991,91,91,91
1,91,991,91,91,91
1,93,14,93,93,93
2,91,991,91,91,91
2,30,12,1,1,1
2,91,991,91,91,91
2,91,991,91,91,91
2,15,15,1,1,2
1,93,16,93,93,93
1,91,991,91,91,91
1,93,18,93,93,93
1,93,15,93,93,93
2,93,15,93,93,93
2,91,991,91,91,91
1,25,14,1,1,2
1,1,16,1,2,2
1,93,17,93,93,93
2,91,991,91,91,91
1,91,991,91,91,91
1,91,991,91,91,91
2,25,15,1,1,1
1,91,991,91,91,91
2,91,991,91,91,91
1,93,12,93,93,93
1,91,991,91,91,91
1,91,991,91,91,91
1,91,991,91,91,91
1,93,16,93,93,93
2,93,16,93,93,93
1,91,991,91,91,91
1,3,20,1,2,2
1,91,991,91,91,91
2,91,991,91,91,91
1,91,991,91,91,91
2,93,40,93,93,93
1,91,991,91,91,91
1,93,14,93,93,93
1,91,991,91,91,91
2,91,991,91,91,91
1,91,991,91,91,91
2,93,23,93,93,93
2,1,16,1,1,1
1,91,991,91,91,91
2,9,18,1,2,2
1,10,19,1,2,2
2,91,991,91,91,91
1,91,991,91,91,91
2,91,991,91,91,91
1,93,21,93,93,93
1,15,14,1,2,2
1,91,991,91,91,91
1,91,991,91,91,91
1,91,991,91,91,91
2,1,28,2,2,1
2,93,20,93,93,93
1,91,991,91,91,91
1,91,991,91,91,91
2,91,991,91,91,91
2,91,991,91,91,91
2,93,24,93,93,93
2,91,991,91,91,91
1,93,18,93,93,93
1,93,20,93,93,93
2,91,991,91,91,91
1,91,991,91,91,91
1,1,14,1,1,1
1,91,991,91,91,91
1,91,991,91,91,91
2,91,991,91,91,91
1,91,991,91,91,91
2,93,15,93,93,93
2,91,991,91,91,91
2,93,14,93,93,93
2,93,17,93,93,93
1,91,991,91,91,91
2,91,991,91,91,91
1,93,16,93,93,93
2,91,991,91,91,91
2,20,13,1,2,2
1,30,16,1,2,2
1,25,12,1,1,1
2,91,991,91,91,91
2,93,15,93,93,93
1,91,991,91,91,91
1,93,12,93,93,93
1,91,991,91,91,91
1,91,991,91,91,91
2,91,991,91,91,91
1,93,17,93,93,93
2,93,21,93,93,93
2,93,34,93,93,93
1,93,16,93,93,93
1,91,991,91,91,91
1,91,991,91,91,91
1,91,991,91,91,91
2,91,991,91,91,91
2,93,15,93,93,93
1,93,13,93,93,93
2,1,18,2,2,1
2,98,12,98,98,98
1,20,16,2,2,1
1,93,17,93,93,93
1,26,14,1,2,2
2,93,18,93,93,93
2,20,13,1,1,2
2,7,18,1,2,1
1,30,15,1,1,2
1,91,991,91,91,91
2,93,19,93,93,93
1,91,991,91,91,91
2,93,18,93,93,93
2,91,991,91,91,91
1,30,12,1,2,2
1,91,991,91,91,91
1,91,991,91,91,91
1,93,12,93,93,93
1,93,20,93,93,93
1,1,16,2,2,2
2,91,991,91,91,91
2,91,991,91,91,91
2,2,17,2,2,1
2,91,991,91,91,91
1,91,991,91,91,91
2,91,991,91,91,91
1,91,991,91,91,91
1,30,14,1,1,2
2,91,991,91,91,91
1,93,12,93,93,93
1,91,991,91,91,91
1,91,991,91,91,91
1,93,17,93,93,93
1,93,21,93,93,93
1,93,21,93,93,93
2,30,15,2,2,1
2,91,991,91,91,91
1,93,13,93,93,93
1,91,991,91,91,91
1,91,991,91,91,91
2,91,991,91,91,91
2,93,20,93,93,93
2,91,991,91,91,91
2,30,15,1,2,2
2,91,991,91,91,91
2,93,21,93,93,93
1,93,16,93,93,93
2,93,12,93,93,93
1,91,991,91,91,91
2,91,991,91,91,91
1,10,12,2,1,2
1,91,991,91,91,91
1,91,991,91,91,91
1,91,991,91,91,91
2,91,991,91,91,91
2,91,991,91,91,91
1,91,991,91,91,91
2,91,991,91,91,91
2,93,16,93,93,93
1,93,19,93,93,93
1,2,18,2,1,2
1,93,17,93,93,93
2,27,18,1,2,2
1,93,17,93,93,93
2,91,991,91,91,91
2,91,991,91,91,91
1,93,20,93,93,93
2,91,991,91,91,91
2,91,991,91,91,91
2,91,991,91,91,91
2,91,991,91,91,91
2,91,991,91,91,91
1,93,20,93,93,93
2,91,991,91,91,91
2,93,18,93,93,93
1,91,991,91,91,91
1,30,17,1,1,2
2,91,991,91,91,91
2,30,10,1,1,1
2,93,16,93,93,93
2,98,16,98,98,98
2,93,17,93,93,93
1,91,991,91,91,91
1,91,991,91,91,91
1,93,30,93,93,93
2,91,991,91,91,91
1,91,991,91,91,91
1,93,17,93,93,93
2,91,991,91,91,91
2,91,991,91,91,91
2,93,14,93,93,93
1,91,991,91,91,91
2,91,991,91,91,91
2,91,991,91,91,91
2,91,991,91,91,91
1,91,991,91,91,91
2,91,991,91,91,91
2,15,17,1,1,1
1,93,19,93,93,93
2,30,18,1,1,2
1,93,15,93,93,93
1,91,991,91,91,91
1,91,991,91,91,91
1,91,991,91,91,91
2,25,25,1,2,2
2,93,18,93,93,93
2,91,991,91,91,91
1,93,18,93,93,93
2,30,16,1,1,2
2,91,991,91,91,91
1,91,991,91,91,91
1,91,991,91,91,91
2,91,991,91,91,91
1,91,991,91,91,91
2,93,21,93,93,93
2,91,991,91,91,91
2,91,991,91,91,91
2,93,17,93,93,93
2,91,991,91,91,91
1,91,991,91,91,91
1,91,991,91,91,91
2,30,16,1,1,2
2,93,14,93,93,93
1,91,991,91,91,91
2,91,991,91,91,91
1,10,20,1,2,1
2,91,991,91,91,91
1,91,991,91,91,91
2,91,991,91,91,91
2,93,18,93,93,93
2,91,991,91,91,91
2,91,991,91,91,91
1,91,991,91,91,91
1,10,17,1,2,2
2,91,991,91,91,91
2,91,991,91,91,91
2,93,16,93,93,93
2,91,991,91,91,91
1,91,991,91,91,91
1,93,22,93,93,93
2,30,19,1,2,2
2,93,26,93,93,93
1,93,16,93,93,93
2,91,991,91,91,91
1,91,991,91,91,91
1,93,12,93,93,93
2,93,16,93,93,93
2,91,991,91,91,91
1,27,17,1,2,2
2,91,991,91,91,91
1,91,991,91,91,91
2,93,13,93,93,93
2,93,18,93,93,93
1,91,991,91,91,91
2,91,991,91,91,91
2,91,991,91,91,91
2,91,991,91,91,91
2,91,991,91,91,91
2,93,17,93,93,93
1,93,16,93,93,93
1,93,25,93,93,93
2,91,991,91,91,91
2,1,20,2,2,2
1,93,16,93,93,93
2,91,991,91,91,91
2,93,18,93,93,93
2,91,991,91,91,91
2,93,16,93,93,93
1,91,991,91,91,91
1,91,991,91,91,91
1,91,991,91,91,91
1,91,991,91,91,91
2,91,991,91,91,91
2,91,991,91,91,91
2,91,991,91,91,91
1,91,991,91,91,91
1,28,15,1,1,2
2,91,991,91,91,91
1,93,16,93,93,93
2,91,991,91,91,91
1,93,16,93,93,93
2,93,18,93,93,93
2,93,14,93,93,93
1,91,991,91,91,91
1,91,991,91,91,91
2,91,991,91,91,91
1,91,991,91,91,91
1,93,12,93,93,93
2,91,991,91,91,91
2,91,991,91,91,91
2,91,991,91,91,91
1,4,26,1,2,2
1,91,991,91,91,91
1,93,16,93,93,93
2,91,991,91,91,91
2,91,991,91,91,91
2,94,15,1,2,1
1,91,991,91,91,91
1,30,9,1,2,2
2,91,991,91,91,91
2,2,20,1,1,2
2,93,25,93,93,93
1,93,18,93,93,93
2,93,19,93,93,93
1,2,15,2,2,1
1,93,16,93,93,93
2,91,991,91,91,91
2,91,991,91,91,91
2,93,10,93,93,93
2,91,991,91,91,91
2,91,991,91,91,91
2,93,20,93,93,93
2,93,16,93,93,93
1,93,994,93,93,93
2,91,991,91,91,91
2,93,14,93,93,93
2,91,991,91,91,91
1,93,18,93,93,93
2,91,991,91,91,91
1,91,991,91,91,91
1,93,21,93,93,93
2,93,30,93,93,93
1,93,17,93,93,93
2,91,991,91,91,91
1,91,991,91,91,91
2,91,991,91,91,91
1,30,15,1,2,2
2,91,991,91,91,91
2,91,991,91,91,91
1,91,991,91,91,91
2,30,12,1,1,2
1,93,1,93,93,93
2,30,17,1,1,1
1,2,15,1,2,2
1,91,991,91,91,91
2,20,13,1,1,2
1,93,32,93,93,93
1,91,991,91,91,91
1,91,991,91,91,91
2,93,40,93,93,93
2,5,12,1,2,1
2,1,21,1,2,2
2,93,17,93,93,93
1,91,991,91,91,91
2,91,991,91,91,91
2,93,16,93,93,93
1,21,16,1,2,2
1,91,991,91,91,91
1,91,991,91,91,91
1,93,16,93,93,93
1,30,10,1,2,2
1,93,16,93,93,93
1,93,18,93,93,93
1,91,991,91,91,91
2,93,21,93,93,93
2,1,12,2,2,1
1,91,991,91,91,91
2,93,15,93,93,93
2,91,991,91,91,91
2,91,991,91,91,91
1,91,991,91,91,91
1,91,991,91,91,91
1,20,11,1,1,1
2,93,15,93,93,93
1,30,16,2,2,1
1,10,19,1,2,2
2,91,991,91,91,91
2,93,19,93,93,93
2,91,991,91,91,91
2,91,991,91,91,91
2,93,20,93,93,93
1,91,991,91,91,91
2,93,17,93,93,93
2,91,991,91,91,91
2,91,991,91,91,91
2,91,991,91,91,91
2,93,18,93,93,93
2,93,19,93,93,93
1,93,13,93,93,93
1,3,13,1,2,2
2,91,991,91,91,91
1,30,19,1,1,2
2,15,15,1,1,1
2,1,16,1,2,2
2,91,991,91,91,91
2,93,16,93,93,93
2,91,991,91,91,91
2,93,16,93,93,93
1,91,991,91,91,91
2,93,14,93,93,93
2,91,991,91,91,91
2,91,991,91,91,91
2,93,17,93,93,93
2,93,23,93,93,93
2,20,14,1,2,2
1,30,15,1,1,2
2,91,991,91,91,91
2,1,17,2,2,1
2,4,18,1,2,1
2,93,17,93,93,93
2,91,991,91,91,91
2,91,991,91,91,91
2,93,14,93,93,93
1,30,15,1,1,2
2,91,991,91,91,91
1,91,991,91,91,91
2,91,991,91,91,91
1,91,991,91,91,91
1,91,991,91,91,91
2,93,17,93,93,93
2,30,12,1,1,1
2,91,991,91,91,91
1,93,18,93,93,93
1,3,22,1,2,2
1,91,991,91,91,91
2,30,14,1,1,2
1,93,17,93,93,93
2,91,991,91,91,91
2,93,17,93,93,93
2,91,991,91,91,91
1,30,23,1,1,2
2,91,991,91,91,91
1,91,991,91,91,91
2,91,991,91,91,91
2,91,991,91,91,91
1,91,991,91,91,91
2,91,991,91,91,91
1,91,991,91,91,91
1,91,991,91,91,91
1,91,991,91,91,91
2,91,991,91,91,91
2,20,15,1,2,1
2,91,991,91,91,91
1,91,991,91,91,91
1,20,12,1,2,2
2,7,12,1,2,2
2,93,19,93,93,93
2,91,991,91,91,91
2,93,9,93,93,93
2,91,991,91,91,91
2,91,991,91,91,91
1,91,991,91,91,91
2,93,26,93,93,93
2,91,991,91,91,91
1,91,991,91,91,91
2,93,19,93,93,93
1,91,991,91,91,91
1,91,991,91,91,91
1,91,991,91,91,91
2,28,20,1,2,1
1,91,991,91,91,91
1,91,991,91,91,91
1,91,991,91,91,91
2,91,991,91,91,91
1,91,991,91,91,91
1,91,991,91,91,91
2,93,19,93,93,93
1,2,21,1,2,2
1,27,17,2,1,1
2,93,21,93,93,93
2,93,18,93,93,93
2,93,14,93,93,93
2,98,13,98,98,98
2,91,991,91,91,91
2,91,991,91,91,91
2,91,991,91,91,91
2,91,991,91,91,91
2,91,991,91,91,91
2,93,15,93,93,93
1,91,991,91,91,91
1,91,991,91,91,91
1,12,15,1,2,2
2,91,991,91,91,91
1,91,991,91,91,91
1,91,991,91,91,91
2,93,15,93,93,93
1,30,11,1,2,2
1,91,991,91,91,91
1,6,13,1,2,2
2,93,14,93,93,93
2,91,991,91,91,91
2,18,13,1,2,1
1,93,14,93,93,93
1,91,991,91,91,91
1,91,991,91,91,91
1,93,20,93,93,93
1,93,18,93,93,93
2,93,20,93,93,93
1,91,991,91,91,91
1,91,991,91,91,91
1,91,991,91,91,91
1,91,991,91,91,91
1,20,19,1,2,2
1,30,18,2,5,2
1,93,16,93,93,93
1,91,991,91,91,91
1,1,30,1,2,2
2,91,991,91,91,91
1,93,25,93,93,93
1,93,16,93,93,93
2,91,991,91,91,91
2,91,991,91,91,91
2,91,991,91,91,91
2,93,15,93,93,93
2,3,13,1,1,2
1,93,45,93,93,93
1,93,14,93,93,93
1,1,14,1,1,1
1,91,991,91,91,91
2,93,50,93,93,93
2,91,991,91,91,91
2,91,991,91,91,91
1,91,991,91,91,91
1,21,17,1,1,2
1,30,16,1,2,2
2,91,991,91,91,91
1,91,991,91,91,91
2,91,991,91,91,91
2,93,16,93,93,93
1,91,991,91,91,91
2,91,991,91,91,91
2,1,50,2,2,2
2,91,991,91,91,91
2,91,991,91,91,91
2,93,20,93,93,93
2,91,991,91,91,91
1,91,991,91,91,91
1,93,30,93,93,93
2,91,991,91,91,91
1,91,991,91,91,91
2,91,991,91,91,91
2,30,11,1,1,2
1,91,991,91,91,91
1,93,20,93,93,93
1,91,991,91,91,91
1,91,991,91,91,91
2,91,991,91,91,91
2,91,991,91,91,91
2,91,991,91,91,91
1,22,14,1,1,2
2,91,991,91,91,91
1,91,991,91,91,91
2,93,17,93,93,93
2,93,21,93,93,93
1,91,991,91,91,91
2,91,991,91,91,91
2,91,991,91,91,91
1,91,991,91,91,91
2,30,11,1,2,1
2,91,991,91,91,91
1,93,26,93,93,93
1,25,20,2,1,2
2,91,991,91,91,91
2,93,17,93,93,93
2,93,15,93,93,93
2,91,991,91,91,91
1,93,18,93,93,93
2,93,16,93,93,93
1,91,991,91,91,91
1,91,991,91,91,91
1,91,991,91,91,91
1,91,991,91,91,91
1,2,16,1,2,2
1,30,11,1,2,2
2,91,991,91,91,91
2,91,991,91,91,91
2,91,991,91,91,91
2,93,21,93,93,93
2,91,991,91,91,91
1,93,14,93,93,93
1,93,19,93,93,93
1,4,19,1,2,1
1,91,991,91,91,91
2,2,18,2,2,2
2,93,26,93,93,93
1,98,12,98,98,98
1,91,991,91,91,91
1,93,15,93,93,93
1,93,22,93,93,93
1,91,991,91,91,91
1,1,14,1,2,2
2,93,28,93,93,93
2,91,991,91,91,91
2,2,16,2,2,1
2,93,16,93,93,93
2,91,991,91,91,91
2,93,28,93,93,93
2,91,991,91,91,91
2,93,15,93,93,93
2,91,991,91,91,91
1,91,991,91,91,91
2,91,991,91,91,91
2,91,991,91,91,91
1,4,16,1,1,1
2,30,18,1,1,1
2,93,20,93,93,93
1,91,991,91,91,91
2,10,12,1,1,2
2,30,12,1,1,1
2,91,991,91,91,91
1,93,14,93,93,93
1,91,991,91,91,91
1,91,991,91,91,91
1,91,991,91,91,91
1,91,991,91,91,91
2,93,15,93,93,93
1,93,26,93,93,93
1,29,12,1,1,2
1,91,991,91,91,91
1,91,991,91,91,91
1,93,14,93,93,93
1,93,21,93,93,93
2,91,991,91,91,91
1,91,991,91,91,91
2,2,13,2,2,1
1,91,991,91,91,91
1,91,991,91,91,91
1,20,15,2,2,1
1,30,16,1,1,2
2,2,16,2,2,1
2,91,991,91,91,91
2,91,991,91,91,91
1,93,15,93,93,93
1,91,991,91,91,91
1,93,16,93,93,93
2,30,14,1,2,2
1,30,15,1,2,2
2,93,14,93,93,93
2,1,16,2,2,1
2,93,17,93,93,93
1,93,18,93,93,93
1,91,991,91,91,91
1,30,15,1,1,1
2,91,991,91,91,91
2,93,21,93,93,93
2,4,17,2,2,1
1,91,991,91,91,91
2,93,19,93,93,93
1,91,991,91,91,91
1,91,991,91,91,91
2,91,991,91,91,91
1,93,21,93,93,93
1,91,991,91,91,91
2,91,991,91,91,91
2,93,14,93,93,93
1,3,18,1,2,1
1,30,18,1,2,2
2,91,991,91,91,91
1,91,991,91,91,91
2,91,991,91,91,91
2,93,69,93,93,93
2,93,16,93,93,93
1,93,20,93,93,93
1,91,991,91,91,91
1,91,991,91,91,91
1,93,18,93,93,93
2,93,15,93,93,93
2,93,16,93,93,93
1,1,18,1,2,2
1,91,991,91,91,91
1,93,15,93,93,93
1,93,18,93,93,93
2,91,991,91,91,91
1,93,16,93,93,93
2,91,991,91,91,91
2,30,14,1,1,1
1,5,13,1,2,2
1,93,18,93,93,93
2,93,19,93,93,93
2,29,16,1,1,2
2,8,27,2,2,1
1,91,991,91,91,91
2,91,991,91,91,91
2,5,16,1,2,2
1,93,30,93,93,93
2,91,991,91,91,91
1,93,21,93,93,93
2,91,991,91,91,91
2,93,21,93,93,93
2,93,17,93,93,93
1,12,13,1,2,2
2,93,24,93,93,93
1,91,991,91,91,91
1,91,991,91,91,91
2,93,19,93,93,93
1,93,17,93,93,93
1,93,18,93,93,93
2,7,27,1,2,1
1,93,15,93,93,93
2,91,991,91,91,91
2,93,14,93,93,93
2,91,991,91,91,91
2,91,991,91,91,91
2,91,991,91,91,91
1,91,991,91,91,91
1,91,991,91,91,91
2,91,991,91,91,91
2,91,991,91,91,91
2,93,38,93,93,93
2,1,53,2,2,1
2,20,21,1,2,2
2,93,21,93,93,93
2,93,21,93,93,93
2,91,991,91,91,91
1,93,18,93,93,93
2,93,28,93,93,93
1,8,12,1,2,2
2,93,15,93,93,93
1,93,25,93,93,93
2,93,18,93,93,93
1,91,991,91,91,91
1,93,13,93,93,93
2,91,991,91,91,91
1,10,18,1,1,1
1,91,991,91,91,91
2,93,19,93,93,93
2,93,34,93,93,93
1,93,13,93,93,93
2,91,991,91,91,91
1,91,991,91,91,91
2,93,15,93,93,93
1,91,991,91,91,91
1,91,991,91,91,91
2,91,991,91,91,91
2,93,16,93,93,93
1,93,19,93,93,93
2,91,991,91,91,91
2,93,12,93,93,93
1,91,991,91,91,91
2,91,991,91,91,91
1,7,20,1,2,2
2,93,16,93,93,93
1,5,14,2,2,1
2,91,991,91,91,91
1,91,991,91,91,91
1,91,991,91,91,91
2,91,991,91,91,91
2,91,991,91,91,91
2,91,991,91,91,91
1,93,16,93,93,93
1,30,16,1,1,1
1,3,13,1,2,2
2,8,14,1,1,2
1,91,991,91,91,91
1,91,991,91,91,91
1,91,991,91,91,91
2,91,991,91,91,91
1,30,15,1,1,2
1,30,20,1,2,2
2,93,15,93,93,93
1,93,12,93,93,93
2,93,24,93,93,93
2,91,991,91,91,91
1,91,991,91,91,91
2,91,991,91,91,91
2,91,991,91,91,91
1,91,991,91,91,91
2,93,17,93,93,93
2,91,991,91,91,91
2,30,15,1,2,1
2,93,18,93,93,93
2,91,991,91,91,91
1,91,991,91,91,91
2,91,991,91,91,91
2,91,991,91,91,91
2,91,991,91,91,91
1,91,991,91,91,91
1,93,16,93,93,93
2,91,991,91,91,91
2,91,991,91,91,91
1,91,991,91,91,91
2,7,9,1,2,2
2,91,991,91,91,91
1,6,16,1,1,2
2,98,15,98,98,98
1,91,991,91,91,91
2,91,991,91,91,91
2,93,18,93,93,93
1,29,16,1,2,2
1,4,18,1,2,2
1,91,991,91,91,91
2,93,15,93,93,93
1,91,991,91,91,91
2,91,991,91,91,91
2,93,15,93,93,93
1,93,21,93,93,93
1,91,991,91,91,91
1,93,16,93,93,93
2,91,991,91,91,91
2,2,19,2,2,2
1,91,991,91,91,91
1,28,21,1,1,2
1,91,991,91,91,91
1,1,11,2,1,2
2,91,991,91,91,91
1,91,991,91,91,91
2,91,991,91,91,91
2,91,991,91,91,91
2,17,15,1,1,2
1,91,991,91,91,91
2,91,991,91,91,91
1,91,991,91,91,91
2,93,15,93,93,93
1,91,991,91,91,91
1,91,991,91,91,91
2,91,991,91,91,91
2,28,12,1,1,2
2,91,991,91,91,91
1,91,991,91,91,91
2,91,991,91,91,91
2,93,19,93,93,93
2,93,18,93,93,93
2,91,991,91,91,91
2,93,13,93,93,93
1,91,991,91,91,91
2,30,12,2,2,1
2,91,991,91,91,91
2,93,19,93,93,93
2,93,21,93,93,93
2,91,991,91,91,91
2,91,991,91,91,91
1,91,991,91,91,91
2,91,991,91,91,91
2,91,991,91,91,91
1,5,19,1,2,2
2,93,14,93,93,93
2,30,14,1,1,2
1,25,12,1,1,1
1,93,12,93,93,93
2,91,991,91,91,91
1,93,32,93,93,93
2,30,14,1,2,1
1,2,18,1,2,2
1,91,991,91,91,91
2,91,991,91,91,91
1,30,19,1,2,2
2,93,18,93,93,93
2,91,991,91,91,91
2,91,991,91,91,91
2,91,991,91,91,91
1,20,11,1,2,2
1,93,15,93,93,93
2,2,18,1,2,2
2,93,29,93,93,93
2,93,17,93,93,93
1,93,18,93,93,93
2,91,991,91,91,91
2,91,991,91,91,91
1,93,18,93,93,93
1,91,991,91,91,91
2,91,991,91,91,91
1,91,991,91,91,91
1,91,991,91,91,91
1,91,991,91,91,91
1,91,991,91,91,91
1,91,991,91,91,91
2,30,16,1,2,1
1,91,991,91,91,91
2,93,12,93,93,93
2,91,991,91,91,91
1,14,14,1,2,2
2,91,991,91,91,91
1,98,994,98,98,98
2,91,991,91,91,91
2,93,14,93,93,93
1,93,62,93,93,93
1,91,991,91,91,91
1,91,991,91,91,91
1,91,991,91,91,91
1,91,991,91,91,91
2,91,991,91,91,91
1,93,35,93,93,93
1,93,22,93,93,93
2,30,13,1,2,1
2,91,991,91,91,91
1,91,991,91,91,91
2,91,991,91,91,91
2,91,991,91,91,91
2,91,991,91,91,91
1,91,991,91,91,91
1,91,991,91,91,91
1,20,25,1,2,2
2,91,991,91,91,91
2,7,12,1,1,2
2,91,991,91,91,91
2,91,991,91,91,91
1,30,9,1,2,2
1,93,14,93,93,93
1,2,19,2,2,1
2,91,991,91,91,91
2,91,991,91,91,91
1,93,17,93,93,93
2,91,991,91,91,91
2,7,18,1,1,2
2,91,991,91,91,91
1,93,22,93,93,93
2,24,20,1,2,2
2,91,991,91,91,91
2,93,14,93,93,93
2,93,14,93,93,93
2,91,991,91,91,91
1,93,25,93,93,93
1,91,991,91,91,91
2,91,991,91,91,91
2,91,991,91,91,91
2,30,14,1,2,2
1,91,991,91,91,91
2,93,18,93,93,93
1,93,17,93,93,93
1,3,12,2,1,1
1,91,991,91,91,91
2,91,991,91,91,91
1,91,991,91,91,91
1,30,13,2,1,2
2,3,13,2,1,2
2,3,12,1,2,2
1,91,991,91,91,91
1,93,18,93,93,93
2,93,14,93,93,93
1,93,13,93,93,93
2,93,13,93,93,93
2,93,18,93,93,93
2,91,991,91,91,91
2,91,991,91,91,91
1,30,16,1,1,2
2,91,991,91,91,91
1,91,991,91,91,91
2,91,991,91,91,91
1,93,15,93,93,93
2,91,991,91,91,91
1,93,16,93,93,93
1,5,16,1,2,2
2,3,14,2,1,1
2,3,15,1,2,2
1,98,15,98,98,98
2,91,991,91,91,91
1,93,6,93,93,93
1,3,21,1,2,1
2,91,991,91,91,91
2,93,15,93,93,93
1,91,991,91,91,91
2,4,15,2,1,1
1,91,991,91,91,91
1,93,17,93,93,93
1,8,12,1,2,2
1,91,991,91,91,91
2,93,17,93,93,93
2,30,15,1,1,2
2,1,14,1,2,2
2,30,21,1,1,1
2,4,20,1,2,1
1,91,991,91,91,91
1,91,991,91,91,91
2,91,991,91,91,91
2,91,991,91,91,91
2,93,16,93,93,93
2,93,30,93,93,93
1,91,991,91,91,91
2,91,991,91,91,91
2,93,20,93,93,93
1,3,17,2,2,1
1,93,20,93,93,93
1,91,991,91,91,91
1,30,21,2,2,2
1,91,991,91,91,91
2,91,991,91,91,91
2,1,19,4,4,5
1,26,13,1,2,1
2,93,17,93,93,93
2,91,991,91,91,91
2,91,991,91,91,91
2,3,14,2,1,2
1,91,991,91,91,91
2,93,22,93,93,93
2,91,991,91,91,91
2,15,17,1,2,1
1,91,991,91,91,91
2,93,15,93,93,93
2,93,14,93,93,93
2,93,16,93,93,93
2,98,37,98,98,98
1,91,991,91,91,91
2,91,991,91,91,91
1,3,14,1,1,2
1,91,991,91,91,91
2,6,19,1,1,2
2,91,991,91,91,91
2,93,20,93,93,93
1,91,991,91,91,91
2,4,18,1,1,2
1,91,991,91,91,91
1,20,18,2,1,1
1,20,19,1,2,2
1,93,17,93,93,93
1,93,15,93,93,93
2,91,991,91,91,91
1,91,991,91,91,91
2,93,19,93,93,93
1,91,991,91,91,91
2,93,16,93,93,93
2,93,22,93,93,93
2,91,991,91,91,91
1,91,991,91,91,91
1,91,991,91,91,91
2,91,991,91,91,91
1,91,991,91,91,91
1,91,991,91,91,91
1,91,991,91,91,91
1,93,18,93,93,93
1,3,14,1,2,2
2,91,991,91,91,91
2,91,991,91,91,91
1,93,19,93,93,93
1,93,18,93,93,93
2,91,991,91,91,91
2,93,24,93,93,93
1,91,991,91,91,91
2,30,14,1,2,2
2,91,991,91,91,91
2,91,991,91,91,91
1,91,991,91,91,91
1,91,991,91,91,91
2,91,991,91,91,91
2,30,15,1,2,2
2,94,18,1,2,2
2,93,19,93,93,93
2,20,15,1,1,2
1,93,14,93,93,93
1,93,16,93,93,93
2,91,991,91,91,91
2,91,991,91,91,91
1,5,18,2,2,1
1,91,991,91,91,91
2,91,991,91,91,91
1,91,991,91,91,91
1,10,12,2,2,1
2,91,991,91,91,91
2,93,16,93,93,93
1,91,991,91,91,91
2,91,991,91,91,91
2,2,19,2,2,1
1,30,18,1,1,2
1,91,991,91,91,91
2,91,991,91,91,91
2,91,991,91,91,91
2,91,991,91,91,91
2,91,991,91,91,91
1,93,9,93,93,93
2,91,991,91,91,91
1,91,991,91,91,91
2,93,15,93,93,93
2,93,16,93,93,93
2,93,20,93,93,93
2,91,991,91,91,91
2,91,991,91,91,91
1,93,16,93,93,93
1,91,991,91,91,91
1,91,991,91,91,91
2,93,18,93,93,93
2,1,18,2,2,1
1,1,25,2,2,2
2,91,991,91,91,91
1,91,991,91,91,91
1,91,991,91,91,91
2,93,19,93,93,93
1,91,991,91,91,91
2,91,991,91,91,91
2,10,21,1,1,2
2,91,991,91,91,91
2,91,991,91,91,91
2,30,18,1,2,1
2,91,991,91,91,91
2,30,30,1,2,1
1,91,991,91,91,91
2,91,991,91,91,91
2,93,17,93,93,93
2,93,16,93,93,93
1,91,991,91,91,91
2,30,26,1,1,2
1,91,991,91,91,91
2,30,43,2,2,2
1,91,991,91,91,91
2,91,991,91,91,91
1,93,19,93,93,93
2,91,991,91,91,91
2,91,991,91,91,91
2,91,991,91,91,91
2,30,16,1,1,1
2,91,991,91,91,91
2,91,991,91,91,91
1,91,991,91,91,91
2,91,991,91,91,91
1,93,18,93,93,93
1,29,13,1,1,2
2,93,30,93,93,93
1,93,14,93,93,93
1,93,20,93,93,93
1,91,991,91,91,91
1,30,18,1,2,2
2,91,991,91,91,91
1,93,25,93,93,93
1,93,16,93,93,93
2,91,991,91,91,91
2,91,991,91,91,91
1,91,991,91,91,91
2,93,18,93,93,93
1,91,991,91,91,91
1,91,991,91,91,91
1,93,18,93,93,93
2,2,40,2,1,2
2,91,991,91,91,91
2,91,991,91,91,91
2,30,12,1,1,1
2,93,16,93,93,93
1,91,991,91,91,91
2,93,21,93,93,93
1,91,991,91,91,91
2,91,991,91,91,91
2,91,991,91,91,91
1,91,991,91,91,91
1,30,17,1,2,2
2,30,18,1,1,2
2,93,16,93,93,93
2,93,18,93,93,93
2,93,17,93,93,93
1,91,991,91,91,91
1,93,18,93,93,93
1,91,991,91,91,91
2,91,991,91,91,91
2,93,27,93,93,93
2,91,991,91,91,91
1,30,15,1,2,2
2,93,17,93,93,93
2,91,991,91,91,91
2,91,991,91,91,91
1,91,991,91,91,91
1,91,991,91,91,91
1,91,991,91,91,91
2,30,14,1,1,1
2,91,991,91,91,91
1,93,16,93,93,93
2,91,991,91,91,91
1,91,991,91,91,91
2,91,991,91,91,91
2,91,991,91,91,91
2,91,991,91,91,91
1,29,16,1,2,2
2,93,18,93,93,93
2,93,14,93,93,93
2,91,991,91,91,91
2,3,19,1,2,1
1,93,16,93,93,93
1,91,991,91,91,91
1,93,16,93,93,93
1,91,991,91,91,91
2,93,16,93,93,93
1,91,991,91,91,91
1,91,991,91,91,91
2,91,991,91,91,91
2,91,991,91,91,91
1,30,12,1,1,1
1,3,18,1,2,2
2,91,991,91,91,91
2,91,991,91,91,91
1,91,991,91,91,91
1,93,20,93,93,93
2,91,991,91,91,91
2,91,991,91,91,91
1,91,991,91,91,91
2,2,16,1,1,2
2,93,26,93,93,93
1,91,991,91,91,91
1,93,18,93,93,93
1,30,12,1,1,1
1,91,991,91,91,91
2,91,991,91,91,91
2,91,991,91,91,91
1,91,991,91,91,91
1,93,14,93,93,93
1,93,20,93,93,93
1,93,24,93,93,93
2,91,991,91,91,91
2,91,991,91,91,91
2,91,991,91,91,91
2,93,16,93,93,93
1,30,16,1,2,2
1,91,991,91,91,91
1,91,991,91,91,91
1,91,991,91,91,91
2,93,15,93,93,93
2,93,18,93,93,93
2,93,17,93,93,93
2,93,22,93,93,93
2,91,991,91,91,91
2,91,991,91,91,91
2,20,12,1,1,2
2,20,18,1,2,2
2,91,991,91,91,91
1,93,19,93,93,93
1,91,991,91,91,91
1,91,991,91,91,91
2,91,991,91,91,91
1,93,15,93,93,93
2,93,16,93,93,93
1,91,991,91,91,91
2,91,991,91,91,91
2,30,26,1,2,2
1,93,15,93,93,93
2,91,991,91,91,91
1,93,25,93,93,93
2,30,13,1,2,2
2,93,15,93,93,93
1,91,991,91,91,91
1,91,991,91,91,91
1,91,991,91,91,91
2,93,13,93,93,93
2,91,991,91,91,91
1,28,20,2,1,2
2,93,17,93,93,93
2,3,17,2,1,2
1,91,991,91,91,91
2,91,991,91,91,91
1,91,991,91,91,91
2,91,991,91,91,91
2,93,24,93,93,93
1,91,991,91,91,91
1,91,991,91,91,91
2,91,991,91,91,91
2,30,10,1,1,2
1,93,19,93,93,93
1,1,14,2,2,2
1,93,12,93,93,93
2,91,991,91,91,91
2,91,991,91,91,91
2,93,18,93,93,93
1,91,991,91,91,91
2,91,991,91,91,91
1,93,17,93,93,93
1,91,991,91,91,91
2,91,991,91,91,91
2,91,991,91,91,91
2,93,19,93,93,93
1,91,991,91,91,91
1,5,18,2,2,1
1,91,991,91,91,91
1,93,16,93,93,93
2,91,991,91,91,91
2,93,16,93,93,93
2,93,16,93,93,93
1,93,23,93,93,93
1,29,11,1,2,2
1,91,991,91,91,91
2,10,12,1,2,1
2,91,991,91,91,91
2,91,991,91,91,91
1,91,991,91,91,91
2,93,22,93,93,93
2,91,991,91,91,91
1,91,991,91,91,91
1,93,16,93,93,93
1,91,991,91,91,91
2,93,19,93,93,93
2,93,17,93,93,93
1,91,991,91,91,91
2,30,18,1,1,1
1,91,991,91,91,91
1,93,17,93,93,93
2,91,991,91,91,91
1,91,991,91,91,91
1,93,23,93,93,93
1,91,991,91,91,91
2,93,19,93,93,93
1,93,16,93,93,93
2,91,991,91,91,91
1,1,15,1,2,2
2,93,15,93,93,93
2,91,991,91,91,91
1,91,991,91,91,91
1,91,991,91,91,91
2,5,15,2,2,1
2,91,991,91,91,91
2,91,991,91,91,91
2,91,991,91,91,91
2,93,15,93,93,93
1,30,16,1,1,2
2,91,991,91,91,91
2,91,991,91,91,91
2,91,991,91,91,91
1,91,991,91,91,91
1,91,991,91,91,91
2,91,991,91,91,91
1,91,991,91,91,91
1,93,14,93,93,93
1,91,991,91,91,91
2,2,15,1,2,2
2,91,991,91,91,91
2,93,17,93,93,93
1,93,16,93,93,93
1,91,991,91,91,91
1,10,18,1,2,2
1,93,19,93,93,93
2,93,14,93,93,93
2,91,991,91,91,91
1,20,13,1,1,1
2,91,991,91,91,91
1,91,991,91,91,91
2,93,14,93,93,93
2,91,991,91,91,91
1,91,991,91,91,91
2,93,23,93,93,93
2,93,23,93,93,93
1,91,991,91,91,91
2,91,991,91,91,91
2,93,12,93,93,93
2,91,991,91,91,91
2,91,991,91,91,91
2,91,991,91,91,91
1,93,47,93,93,93
2,91,991,91,91,91
2,93,20,93,93,93
1,91,991,91,91,91
1,93,19,93,93,93
2,93,14,93,93,93
2,91,991,91,91,91
1,93,16,93,93,93
2,91,991,91,91,91
1,91,991,91,91,91
2,91,991,91,91,91
2,91,991,91,91,91
2,91,991,91,91,91
1,93,14,93,93,93
2,91,991,91,91,91
2,93,16,93,93,93
2,91,991,91,91,91
2,30,16,2,1,2
1,93,14,93,93,93
1,2,9,1,2,2
1,91,991,91,91,91
1,30,13,1,2,2
1,91,991,91,91,91
1,91,991,91,91,91
2,22,18,1,2,2
1,20,17,1,1,2
2,93,20,93,93,93
1,91,991,91,91,91
2,91,991,91,91,91
2,91,991,91,91,91
2,91,991,91,91,91
2,7,14,1,2,2
2,93,16,93,93,93
1,93,12,93,93,93
2,91,991,91,91,91
2,93,20,93,93,93
2,91,991,91,91,91
1,91,991,91,91,91
2,93,17,93,93,93
2,30,18,1,1,1
1,91,991,91,91,91
1,93,12,93,93,93
2,91,991,91,91,91
2,93,18,93,93,93
1,91,991,91,91,91
1,30,19,2,1,2
1,91,991,91,91,91
1,91,991,91,91,91
1,1,18,1,2,2
2,91,991,91,91,91
1,30,10,1,2,2
2,7,16,1,1,1
1,30,17,1,2,2
2,93,38,93,93,93
2,91,991,91,91,91
1,91,991,91,91,91
1,91,991,91,91,91
2,93,17,93,93,93
1,91,991,91,91,91
1,91,991,91,91,91
2,93,15,93,93,93
2,93,16,93,93,93
2,91,991,91,91,91
1,93,19,93,93,93
1,91,991,91,91,91
2,93,21,93,93,93
2,91,991,91,91,91
2,91,991,91,91,91
1,91,991,91,91,91
2,91,991,91,91,91
1,91,991,91,91,91
1,15,18,1,2,2
2,91,991,91,91,91
1,3,24,1,2,2
1,91,991,91,91,91
1,91,991,91,91,91
2,91,991,91,91,91
1,91,991,91,91,91
2,91,991,91,91,91
2,91,991,91,91,91
2,91,991,91,91,91
2,93,15,93,93,93
2,91,991,91,91,91
1,4,17,2,2,1
2,91,991,91,91,91
2,91,991,91,91,91
2,91,991,91,91,91
1,91,991,91,91,91
2,30,27,2,2,1
2,93,16,93,93,93
2,93,13,93,93,93
1,91,991,91,91,91
1,91,991,91,91,91
1,91,991,91,91,91
2,91,991,91,91,91
1,7,17,1,1,2
2,91,991,91,91,91
1,91,991,91,91,91
1,93,27,93,93,93
1,93,18,93,93,93
2,91,991,91,91,91
1,91,991,91,91,91
2,91,991,91,91,91
2,93,22,93,93,93
2,91,991,91,91,91
2,93,39,93,93,93
1,91,991,91,91,91
2,91,991,91,91,91
1,93,20,93,93,93
1,91,991,91,91,91
1,91,991,91,91,91
2,91,991,91,91,91
2,91,991,91,91,91
1,91,991,91,91,91
2,91,991,91,91,91
2,91,991,91,91,91
2,91,991,91,91,91
2,91,991,91,91,91
2,91,991,91,91,91
1,91,991,91,91,91
2,91,991,91,91,91
1,91,991,91,91,91
1,93,17,93,93,93
1,93,24,93,93,93
2,10,16,1,2,2
2,30,21,1,2,1
2,91,991,91,91,91
2,93,25,93,93,93
2,91,991,91,91,91
2,91,991,91,91,91
2,93,19,93,93,93
2,93,18,93,93,93
1,91,991,91,91,91
1,91,991,91,91,91
1,12,18,1,2,2
1,91,991,91,91,91
1,27,12,1,1,1
1,91,991,91,91,91
2,91,991,91,91,91
2,93,18,93,93,93
2,93,24,93,93,93
1,91,991,91,91,91
2,91,991,91,91,91
2,91,991,91,91,91
2,91,991,91,91,91
2,91,991,91,91,91
2,91,991,91,91,91
2,4,13,2,1,2
2,10,15,2,2,1
1,91,991,91,91,91
2,91,991,91,91,91
1,20,16,1,2,2
1,91,991,91,91,91
1,91,991,91,91,91
2,93,22,93,93,93
2,91,991,91,91,91
1,91,991,91,91,91
2,93,20,93,93,93
2,93,62,93,93,93
2,28,11,1,1,2
2,93,12,93,93,93
1,91,991,91,91,91
1,93,19,93,93,93
1,91,991,91,91,91
2,93,11,93,93,93
2,93,12,93,93,93
2,91,991,91,91,91
1,91,991,91,91,91
1,93,17,93,93,93
1,91,991,91,91,91
1,91,991,91,91,91
1,93,14,93,93,93
1,93,20,93,93,93
1,93,18,93,93,93
2,91,991,91,91,91
1,91,991,91,91,91
1,91,991,91,91,91
2,30,12,1,1,2
1,93,18,93,93,93
1,93,17,93,93,93
1,91,991,91,91,91
2,3,17,1,2,2
1,91,991,91,91,91
2,91,991,91,91,91
1,93,18,93,93,93
1,93,16,93,93,93
1,91,991,91,91,91
1,4,13,1,2,1
1,93,21,93,93,93
2,91,991,91,91,91
1,91,991,91,91,91
1,91,991,91,91,91
1,93,17,93,93,93
2,91,991,91,91,91
2,93,16,93,93,93
2,93,31,93,93,93
2,30,42,1,1,1
1,25,15,1,1,1
1,91,991,91,91,91
1,30,11,1,1,1
2,91,991,91,91,91
2,94,17,1,1,1
2,29,15,1,1,2
2,91,991,91,91,91
1,91,991,91,91,91
1,91,991,91,91,91
1,91,991,91,91,91
2,7,20,1,2,2
2,2,3,1,2,2
2,30,12,1,2,1
2,10,25,2,2,1
2,91,991,91,91,91
2,4,16,1,2,2
1,91,991,91,91,91
2,93,20,93,93,93
2,30,40,2,1,2
1,93,20,93,93,93
2,93,17,93,93,93
2,93,20,93,93,93
1,91,991,91,91,91
1,91,991,91,91,91
2,6,17,1,2,2
2,30,18,1,2,1
2,91,991,91,91,91
2,91,991,91,91,91
2,20,15,1,1,1
1,91,991,91,91,91
2,93,18,93,93,93
2,91,991,91,91,91
1,10,12,1,2,2
1,91,991,91,91,91
2,93,26,93,93,93
1,91,991,91,91,91
1,1,15,2,1,2
1,91,991,91,91,91
2,91,991,91,91,91
2,93,15,93,93,93
2,91,991,91,91,91
1,91,991,91,91,91
1,93,24,93,93,93
2,1,24,1,2,2
1,93,16,93,93,93
2,91,991,91,91,91
1,93,20,93,93,93
2,93,18,93,93,93
2,91,991,91,91,91
1,27,16,1,2,2
1,93,15,93,93,93
1,20,18,1,1,2
1,6,25,1,2,1
2,20,13,1,2,1
2,91,991,91,91,91
1,91,991,91,91,91
2,91,991,91,91,91
2,93,16,93,93,93
2,91,991,91,91,91
1,91,991,91,91,91
1,91,991,91,91,91
1,1,20,1,2,2
2,1,40,2,2,1
2,93,22,93,93,93
2,29,15,1,2,1
1,93,16,93,93,93
1,91,991,91,91,91
2,91,991,91,91,91
1,93,22,93,93,93
1,91,991,91,91,91
1,91,991,91,91,91
1,6,9,1,2,2
1,29,17,1,2,2
1,30,14,1,1,2
2,91,991,91,91,91
1,9,10,1,2,2
2,1,18,2,2,1
2,93,13,93,93,93
2,91,991,91,91,91
1,91,991,91,91,91
2,25,40,2,2,1
1,93,22,93,93,93
2,93,13,93,93,93
2,91,991,91,91,91
2,8,14,1,2,1
1,91,991,91,91,91
1,91,991,91,91,91
2,91,991,91,91,91
1,91,991,91,91,91
1,91,991,91,91,91
1,91,991,91,91,91
2,93,18,93,93,93
1,93,14,93,93,93
1,91,991,91,91,91
1,91,991,91,91,91
1,30,11,1,1,1
1,30,14,1,1,2
2,30,12,1,2,2
1,93,14,93,93,93
2,93,15,93,93,93
2,91,991,91,91,91
1,91,991,91,91,91
2,93,33,93,93,93
1,93,14,93,93,93
2,91,991,91,91,91
1,91,991,91,91,91
2,3,16,1,1,1
1,91,991,91,91,91
1,91,991,91,91,91
2,91,991,91,91,91
2,91,991,91,91,91
2,93,26,93,93,93
2,93,19,93,93,93
2,91,991,91,91,91
2,93,42,93,93,93
2,93,15,93,93,93
1,91,991,91,91,91
2,91,991,91,91,91
2,91,991,91,91,91
2,91,991,91,91,91
2,93,10,93,93,93
2,91,991,91,91,91
1,93,13,93,93,93
2,30,12,1,2,1
1,91,991,91,91,91
1,91,991,91,91,91
2,30,16,1,2,1
1,91,991,91,91,91
1,91,991,91,91,91
2,91,991,91,91,91
2,91,991,91,91,91
2,91,991,91,91,91
2,91,991,91,91,91
1,93,15,93,93,93
1,3,17,1,2,2
2,91,991,91,91,91
2,93,30,93,93,93
2,93,15,93,93,93
1,91,991,91,91,91
1,93,13,93,93,93
2,91,991,91,91,91
2,91,991,91,91,91
2,91,991,91,91,91
2,91,991,91,91,91
2,93,18,93,93,93
1,91,991,91,91,91
1,4,27,1,2,1
1,2,19,2,2,1
2,93,19,93,93,93
2,91,991,91,91,91
2,93,30,93,93,93
1,93,11,93,93,93
2,1,18,2,2,1
2,91,991,91,91,91
1,91,991,91,91,91
2,93,19,93,93,93
2,93,16,93,93,93
1,25,17,1,2,2
2,30,11,1,1,2
2,91,991,91,91,91
2,91,991,91,91,91
2,91,991,91,91,91
2,91,991,91,91,91
1,93,15,93,93,93
1,91,991,91,91,91
2,93,35,93,93,93
2,10,18,1,2,2
1,91,991,91,91,91
2,93,20,93,93,93
1,91,991,91,91,91
1,91,991,91,91,91
2,91,991,91,91,91
1,91,991,91,91,91
2,20,15,1,2,2
2,93,20,93,93,93
1,93,22,93,93,93
1,91,991,91,91,91
2,1,13,1,2,2
1,93,18,93,93,93
1,15,16,2,1,1
2,91,991,91,91,91
2,93,11,93,93,93
2,91,991,91,91,91
2,91,991,91,91,91
2,91,991,91,91,91
2,91,991,91,91,91
1,30,16,1,1,2
2,91,991,91,91,91
1,91,991,91,91,91
2,15,18,1,1,2
1,91,991,91,91,91
1,91,991,91,91,91
2,93,22,93,93,93
2,91,991,91,91,91
2,91,991,91,91,91
2,8,16,2,2,1
2,91,991,91,91,91
2,91,991,91,91,91
2,91,991,91,91,91
2,91,991,91,91,91
2,91,991,91,91,91
2,93,33,93,93,93
2,10,13,1,1,2
2,91,991,91,91,91
2,91,991,91,91,91
1,30,23,1,1,2
2,91,991,91,91,91
1,1,21,2,2,2
1,93,16,93,93,93
2,91,991,91,91,91
1,91,991,91,91,91
2,91,991,91,91,91
1,93,19,93,93,93
1,91,991,91,91,91
2,93,18,93,93,93
1,91,991,91,91,91
2,93,50,93,93,93
2,93,20,93,93,93
1,10,11,1,2,2
1,91,991,91,91,91
1,91,991,91,91,91
1,91,991,91,91,91
2,91,991,91,91,91
1,91,991,91,91,91
1,91,991,91,91,91
2,91,991,91,91,91
2,91,991,91,91,91
1,10,19,1,1,1
2,10,18,1,2,2
1,91,991,91,91,91
2,91,991,91,91,91
1,93,15,93,93,93
2,91,991,91,91,91
1,10,28,1,2,2
2,2,17,1,2,1
1,91,991,91,91,91
2,91,991,91,91,91
2,91,991,91,91,91
1,91,991,91,91,91
1,93,13,93,93,93
1,30,15,1,1,1
1,27,12,1,1,1
2,91,991,91,91,91
2,91,991,91,91,91
2,93,15,93,93,93
1,2,13,1,1,1
1,91,991,91,91,91
1,91,991,91,91,91
1,91,991,91,91,91
1,93,19,93,93,93
2,4,24,1,2,2
2,91,991,91,91,91
1,93,17,93,93,93
2,93,22,93,93,93
2,91,991,91,91,91
2,7,18,1,2,2
2,91,991,91,91,91
1,91,991,91,91,91
1,91,991,91,91,91
2,30,14,1,2,2
2,93,13,93,93,93
1,30,12,1,2,2
1,30,16,1,2,2
2,20,15,1,1,2
1,91,991,91,91,91
1,93,19,93,93,93
2,91,991,91,91,91
1,91,991,91,91,91
1,91,991,91,91,91
2,3,17,1,2,1
2,93,14,93,93,93
1,93,26,93,93,93
1,91,991,91,91,91
2,25,30,2,1,1
2,30,14,1,1,1
2,91,991,91,91,91
2,93,47,93,93,93
1,91,991,91,91,91
1,3,16,1,2,1
1,93,14,93,93,93
2,30,24,1,1,1
2,93,13,93,93,93
2,20,13,2,1,2
2,3,22,1,2,2
1,30,13,1,2,1
2,91,991,91,91,91
2,91,991,91,91,91
2,91,991,91,91,91
2,91,991,91,91,91
1,93,17,93,93,93
1,30,16,1,2,2
1,91,991,91,91,91
2,93,12,93,93,93
2,93,24,93,93,93
1,91,991,91,91,91
2,91,991,91,91,91
1,93,20,93,93,93
1,30,22,2,1,2
1,9,16,1,1,1
2,93,11,93,93,93
2,29,17,1,1,2
2,91,991,91,91,91
1,91,991,91,91,91
1,91,991,91,91,91
1,21,14,1,1,2
2,91,991,91,91,91
1,91,991,91,91,91
2,91,991,91,91,91
1,93,19,93,93,93
2,91,991,91,91,91
1,25,21,1,1,1
1,30,15,1,1,1
2,91,991,91,91,91
2,91,991,91,91,91
2,91,991,91,91,91
2,91,991,91,91,91
2,91,991,91,91,91
2,91,991,91,91,91
1,91,991,91,91,91
2,93,17,93,93,93
1,91,991,91,91,91
1,93,18,93,93,93
2,93,16,93,93,93
1,9,23,1,2,2
1,91,991,91,91,91
1,3,21,1,2,2
1,91,991,91,91,91
2,91,991,91,91,91
2,91,991,91,91,91
2,91,991,91,91,91
2,91,991,91,91,91
1,91,991,91,91,91
2,1,22,2,2,1
1,91,991,91,91,91
1,20,18,1,2,1
1,91,991,91,91,91
2,98,16,98,98,98
1,91,991,91,91,91
1,5,20,2,1,2
1,91,991,91,91,91
2,91,991,91,91,91
1,91,991,91,91,91
2,91,991,91,91,91
2,3,17,1,1,2
2,15,17,1,2,1
2,91,991,91,91,91
2,91,991,91,91,91
2,91,991,91,91,91
2,93,17,93,93,93
1,91,991,91,91,91
2,91,991,91,91,91
1,93,26,93,93,93
1,14,17,2,1,2
1,1,14,2,2,1
2,91,991,91,91,91
2,91,991,91,91,91
1,93,17,93,93,93
1,91,991,91,91,91
2,93,20,93,93,93
1,91,991,91,91,91
1,91,991,91,91,91
2,91,991,91,91,91
1,93,37,93,93,93
2,91,991,91,91,91
1,91,991,91,91,91
1,93,19,93,93,93
2,91,991,91,91,91
1,91,991,91,91,91
2,8,16,1,2,1
2,93,16,93,93,93
2,91,991,91,91,91
2,91,991,91,91,91
2,91,991,91,91,91
2,91,991,91,91,91
1,30,13,1,1,2
1,91,991,91,91,91
2,93,33,93,93,93
1,93,21,93,93,93
2,93,20,93,93,93
2,93,23,93,93,93
1,93,15,93,93,93
1,91,991,91,91,91
1,91,991,91,91,91
1,91,991,91,91,91
2,91,991,91,91,91
2,91,991,91,91,91
1,91,991,91,91,91
1,91,991,91,91,91
1,6,12,1,2,2
2,91,991,91,91,91
1,91,991,91,91,91
2,93,15,93,93,93
1,93,16,93,93,93
1,93,18,93,93,93
1,91,991,91,91,91
2,91,991,91,91,91
2,30,12,1,2,1
2,7,14,1,2,2
1,91,991,91,91,91
1,91,991,91,91,91
2,93,25,93,93,93
1,15,14,1,1,2
1,91,991,91,91,91
1,93,17,93,93,93
1,91,991,91,91,91
1,91,991,91,91,91
1,93,15,93,93,93
1,91,991,91,91,91
1,91,991,91,91,91
2,91,991,91,91,91
1,30,15,1,1,2
1,1,16,2,2,1
2,93,20,93,93,93
2,93,14,93,93,93
2,93,22,93,93,93
2,91,991,91,91,91
2,91,991,91,91,91
1,91,991,91,91,91
1,91,991,91,91,91
1,91,991,91,91,91
1,91,991,91,91,91
1,91,991,91,91,91
1,30,16,1,1,2
2,91,991,91,91,91
2,6,20,1,2,1
2,91,991,91,91,91
1,93,13,93,93,93
2,91,991,91,91,91
2,93,15,93,93,93
2,91,991,91,91,91
2,93,16,93,93,93
2,93,16,93,93,93
2,91,991,91,91,91
1,93,18,93,93,93
2,91,991,91,91,91
2,91,991,91,91,91
2,91,991,91,91,91
2,91,991,91,91,91
2,91,991,91,91,91
2,93,18,93,93,93
1,93,14,93,93,93
2,91,991,91,91,91
1,91,991,91,91,91
1,91,991,91,91,91
1,20,16,1,1,2
1,91,991,91,91,91
2,10,15,1,1,2
1,91,991,91,91,91
2,91,991,91,91,91
1,91,991,91,91,91
2,93,14,93,93,93
1,91,991,91,91,91
1,91,991,91,91,91
2,3,16,2,2,2
1,93,20,93,93,93
1,91,991,91,91,91
2,91,991,91,91,91
2,91,991,91,91,91
1,91,991,91,91,91
1,91,991,91,91,91
2,91,991,91,91,91
2,91,991,91,91,91
1,30,18,1,2,1
1,91,991,91,91,91
2,93,16,93,93,93
1,91,991,91,91,91
1,91,991,91,91,91
2,93,16,93,93,93
1,91,991,91,91,91
2,91,991,91,91,91
2,91,991,91,91,91
2,91,991,91,91,91
1,91,991,91,91,91
1,91,991,91,91,91
2,93,16,93,93,93
2,91,991,91,91,91
2,30,15,1,1,2
2,30,20,1,1,2
2,91,991,91,91,91
1,93,14,93,93,93
1,93,13,93,93,93
2,93,14,93,93,93
1,93,16,93,93,93
2,91,991,91,91,91
1,91,991,91,91,91
1,91,991,91,91,91
2,30,14,2,2,2
1,3,17,1,1,2
2,93,20,93,93,93
1,91,991,91,91,91
2,91,991,91,91,91
2,91,991,91,91,91
1,91,991,91,91,91
2,93,16,93,93,93
2,93,18,93,93,93
1,93,12,93,93,93
2,91,991,91,91,91
2,93,20,93,93,93
1,91,991,91,91,91
2,1,15,2,1,2
2,30,15,1,1,1
2,93,18,93,93,93
2,1,16,2,2,1
2,91,991,91,91,91
1,93,14,93,93,93
1,93,15,93,93,93
1,91,991,91,91,91
2,93,18,93,93,93
1,91,991,91,91,91
1,91,991,91,91,91
2,93,14,93,93,93
1,91,991,91,91,91
1,91,991,91,91,91
1,91,991,91,91,91
1,20,19,1,2,2
2,91,991,91,91,91
1,91,991,91,91,91
1,91,991,91,91,91
1,30,14,1,2,2
1,93,35,93,93,93
1,93,38,93,93,93
1,91,991,91,91,91
1,93,16,93,93,93
2,91,991,91,91,91
2,93,17,93,93,93
2,91,991,91,91,91
1,91,991,91,91,91
1,91,991,91,91,91
2,6,15,1,1,2
1,93,14,93,93,93
2,93,22,93,93,93
1,91,991,91,91,91
1,91,991,91,91,91
1,25,18,1,1,2
1,91,991,91,91,91
1,93,16,93,93,93
2,91,991,91,91,91
2,30,32,1,2,2
1,91,991,91,91,91
2,93,19,93,93,93
2,20,12,1,1,1
2,91,991,91,91,91
1,93,17,93,93,93
1,91,991,91,91,91
2,91,991,91,91,91
1,91,991,91,91,91
1,93,19,93,93,93
2,93,13,93,93,93
2,93,17,93,93,93
1,93,30,93,93,93
1,91,991,91,91,91
2,91,991,91,91,91
2,91,991,91,91,91
1,93,18,93,93,93
1,91,991,91,91,91
1,91,991,91,91,91
1,91,991,91,91,91
1,25,27,1,2,2
2,4,21,2,2,1
1,91,991,91,91,91
1,91,991,91,91,91
1,91,991,91,91,91
2,93,17,93,93,93
2,93,17,93,93,93
2,98,19,98,98,98
2,93,15,93,93,93
2,93,22,93,93,93
1,30,12,1,2,1
1,93,18,93,93,93
1,91,991,91,91,91
2,91,991,91,91,91
2,93,20,93,93,93
2,93,25,93,93,93
1,30,18,1,2,2
2,91,991,91,91,91
1,91,991,91,91,91
1,91,991,91,91,91
1,93,15,93,93,93
1,93,15,93,93,93
2,93,17,93,93,93
2,91,991,91,91,91
2,91,991,91,91,91
1,1,13,2,2,2
2,93,23,93,93,93
2,93,46,93,93,93
1,91,991,91,91,91
2,93,20,93,93,93
2,30,12,1,1,1
2,93,18,93,93,93
2,91,991,91,91,91
2,93,17,93,93,93
2,91,991,91,91,91
1,93,13,93,93,93
2,91,991,91,91,91
2,91,991,91,91,91
1,91,991,91,91,91
1,91,991,91,91,91
1,93,15,93,93,93
1,91,991,91,91,91
1,91,991,91,91,91
2,10,13,1,1,2
2,91,991,91,91,91
2,91,991,91,91,91
1,91,991,91,91,91
2,3,45,2,2,2
1,93,19,93,93,93
1,93,17,93,93,93
1,91,991,91,91,91
1,91,991,91,91,91
2,93,19,93,93,93
2,28,14,2,2,2
1,93,16,93,93,93
1,91,991,91,91,91
1,5,15,1,2,2
2,2,18,2,2,1
2,93,30,93,93,93
2,1,16,1,2,2
2,1,27,2,2,1
2,91,991,91,91,91
1,91,991,91,91,91
2,91,991,91,91,91
1,98,13,98,98,98
1,91,991,91,91,91
1,91,991,91,91,91
2,91,991,91,91,91
2,91,991,91,91,91
2,91,991,91,91,91
2,91,991,91,91,91
2,91,991,91,91,91
2,91,991,91,91,91
2,93,16,93,93,93
2,93,17,93,93,93
2,91,991,91,91,91
1,91,991,91,91,91
2,91,991,91,91,91
1,14,16,1,2,2
2,91,991,91,91,91
1,93,16,93,93,93
1,91,991,91,91,91
1,91,991,91,91,91
2,91,991,91,91,91
2,30,16,1,2,2
2,91,991,91,91,91
2,91,991,91,91,91
1,91,991,91,91,91
2,91,991,91,91,91
2,91,991,91,91,91
1,91,991,91,91,91
1,91,991,91,91,91
2,91,991,91,91,91
2,3,19,2,2,1
2,91,991,91,91,91
1,91,991,91,91,91
1,93,16,93,93,93
2,91,991,91,91,91
1,91,991,91,91,91
2,91,991,91,91,91
1,91,991,91,91,91
2,93,15,93,93,93
2,91,991,91,91,91
1,91,991,91,91,91
1,30,21,1,1,2
2,93,22,93,93,93
2,91,991,91,91,91
2,93,16,93,93,93
2,93,14,93,93,93
2,93,18,93,93,93
2,91,991,91,91,91
1,93,18,93,93,93
2,91,991,91,91,91
1,12,15,1,2,2
1,91,991,91,91,91
1,91,991,91,91,91
2,93,17,93,93,93
2,91,991,91,91,91
2,91,991,91,91,91
1,91,991,91,91,91
2,91,991,91,91,91
1,30,14,1,2,2
1,91,991,91,91,91
2,93,8,93,93,93
1,91,991,91,91,91
1,93,18,93,93,93
2,30,13,1,2,1
2,93,18,93,93,93
2,93,21,93,93,93
1,91,991,91,91,91
1,91,991,91,91,91
2,91,991,91,91,91
2,5,16,2,1,2
2,93,20,93,93,93
2,91,991,91,91,91
2,91,991,91,91,91
1,91,991,91,91,91
2,91,991,91,91,91
1,91,991,91,91,91
1,93,17,93,93,93
2,28,16,1,1,1
2,91,991,91,91,91
1,91,991,91,91,91
1,91,991,91,91,91
2,93,22,93,93,93
2,93,18,93,93,93
1,93,18,93,93,93
2,91,991,91,91,91
2,93,15,93,93,93
1,91,991,91,91,91
2,91,991,91,91,91
1,91,991,91,91,91
2,93,22,93,93,93
2,93,19,93,93,93
2,91,991,91,91,91
1,93,14,93,93,93
1,93,20,93,93,93
2,91,991,91,91,91
1,93,18,93,93,93
1,91,991,91,91,91
2,91,991,91,91,91
2,91,991,91,91,91
2,91,991,91,91,91
1,91,991,91,91,91
2,91,991,91,91,91
2,1,16,2,2,1
1,93,19,93,93,93
2,91,991,91,91,91
1,93,21,93,93,93
1,91,991,91,91,91
1,5,20,1,2,2
1,93,21,93,93,93
2,93,35,93,93,93
2,93,12,93,93,93
1,93,16,93,93,93
1,91,991,91,91,91
2,91,991,91,91,91
2,91,991,91,91,91
2,91,991,91,91,91
2,93,18,93,93,93
1,93,15,93,93,93
1,91,991,91,91,91
1,91,991,91,91,91
1,28,17,1,2,1
2,91,991,91,91,91
2,93,21,93,93,93
1,91,991,91,91,91
1,91,991,91,91,91
2,1,17,2,1,2
1,91,991,91,91,91
1,2,17,1,2,2
1,1,17,2,2,1
1,93,21,93,93,93
2,93,16,93,93,93
1,91,991,91,91,91
2,25,23,2,1,1
2,91,991,91,91,91
1,91,991,91,91,91
2,25,18,1,2,1
1,91,991,91,91,91
2,91,991,91,91,91
2,93,18,93,93,93
2,91,991,91,91,91
2,93,67,93,93,93
2,93,16,93,93,93
1,93,24,93,93,93
2,91,991,91,91,91
2,91,991,91,91,91
2,93,18,93,93,93
1,3,18,1,2,2
1,91,991,91,91,91
1,93,16,93,93,93
1,20,17,2,1,2
1,16,16,2,1,2
2,93,18,93,93,93
1,1,16,1,2,2
2,91,991,91,91,91
1,91,991,91,91,91
1,91,991,91,91,91
2,93,19,93,93,93
1,91,991,91,91,91
1,93,8,93,93,93
1,91,991,91,91,91
2,91,991,91,91,91
1,93,15,93,93,93
2,91,991,91,91,91
2,15,19,1,2,2
1,91,991,91,91,91
2,91,991,91,91,91
2,93,15,93,93,93
1,93,19,93,93,93
2,91,991,91,91,91
1,91,991,91,91,91
2,91,991,91,91,91
2,91,991,91,91,91
2,93,17,93,93,93
2,91,991,91,91,91
2,91,991,91,91,91
1,93,17,93,93,93
2,20,17,2,2,1
2,91,991,91,91,91
1,93,21,93,93,93
2,91,991,91,91,91
1,93,14,93,93,93
2,93,20,93,93,93
2,91,991,91,91,91
1,91,991,91,91,91
2,91,991,91,91,91
2,93,21,93,93,93
2,91,991,91,91,91
2,93,18,93,93,93
1,91,991,91,91,91
2,91,991,91,91,91
2,91,991,91,91,91
1,91,991,91,91,91
1,91,991,91,91,91
2,93,10,93,93,93
1,93,28,93,93,93
2,91,991,91,91,91
2,93,15,93,93,93
2,91,991,91,91,91
1,91,991,91,91,91
2,91,991,91,91,91
2,91,991,91,91,91
1,93,17,93,93,93
2,93,18,93,93,93
2,91,991,91,91,91
2,91,991,91,91,91
1,30,14,1,2,2
2,91,991,91,91,91
2,93,12,93,93,93
1,93,22,93,93,93
2,91,991,91,91,91
1,1,20,2,1,1
1,91,991,91,91,91
2,91,991,91,91,91
1,91,991,91,91,91
2,91,991,91,91,91
2,91,991,91,91,91
1,29,10,1,1,2
2,93,17,93,93,93
2,91,991,91,91,91
1,93,16,93,93,93
2,91,991,91,91,91
1,91,991,91,91,91
2,91,991,91,91,91
1,91,991,91,91,91
2,91,991,91,91,91
1,93,20,93,93,93
1,93,18,93,93,93
1,91,991,91,91,91
2,91,991,91,91,91
2,91,991,91,91,91
2,93,15,93,93,93
1,93,19,93,93,93
1,93,17,93,93,93
2,93,17,93,93,93
2,91,991,91,91,91
1,91,991,91,91,91
2,91,991,91,91,91
2,25,15,1,2,2
2,2,19,2,2,1
1,91,991,91,91,91
1,91,991,91,91,91
2,91,991,91,91,91
1,7,16,1,1,2
2,15,13,1,1,1
1,93,16,93,93,93
2,91,991,91,91,91
1,93,15,93,93,93
2,91,991,91,91,91
1,91,991,91,91,91
1,91,991,91,91,91
2,93,16,93,93,93
1,93,16,93,93,93
1,91,991,91,91,91
2,93,14,93,93,93
2,91,991,91,91,91
1,93,22,93,93,93
2,91,991,91,91,91
2,91,991,91,91,91
1,91,991,91,91,91
1,30,7,2,2,2
1,91,991,91,91,91
2,91,991,91,91,91
1,91,991,91,91,91
1,2,13,1,2,1
1,91,991,91,91,91
1,24,18,1,1,1
2,93,15,93,93,93
1,91,991,91,91,91
2,93,18,93,93,93
2,91,991,91,91,91
2,91,991,91,91,91
2,93,15,93,93,93
1,91,991,91,91,91
1,91,991,91,91,91
1,93,17,93,93,93
1,91,991,91,91,91
2,91,991,91,91,91
1,91,991,91,91,91
2,91,991,91,91,91
1,91,991,91,91,91
1,91,991,91,91,91
1,91,991,91,91,91
2,28,13,1,2,2
2,93,28,93,93,93
2,91,991,91,91,91
1,91,991,91,91,91
1,30,18,1,2,2
2,91,991,91,91,91
1,93,21,93,93,93
2,93,28,93,93,93
2,91,991,91,91,91
2,93,35,93,93,93
2,2,14,1,2,2
1,91,991,91,91,91
2,91,991,91,91,91
2,93,18,93,93,93
1,91,991,91,91,91
1,1,17,1,2,2
2,93,21,93,93,93
2,15,15,1,1,2
2,91,991,91,91,91
2,93,14,93,93,93
2,91,991,91,91,91
1,91,991,91,91,91
2,1,20,2,2,1
1,91,991,91,91,91
1,2,17,1,1,1
2,93,24,93,93,93
1,25,18,1,1,2
2,93,21,93,93,93
1,91,991,91,91,91
1,30,18,1,2,1
2,93,13,93,93,93
1,91,991,91,91,91
1,93,18,93,93,93
1,10,17,1,2,2
1,2,12,1,1,2
2,91,991,91,91,91
2,93,15,93,93,93
2,91,991,91,91,91
1,30,10,1,2,2
1,91,991,91,91,91
2,91,991,91,91,91
2,93,16,93,93,93
2,91,991,91,91,91
1,14,15,1,1,1
2,91,991,91,91,91
1,91,991,91,91,91
1,91,991,91,91,91
2,93,21,93,93,93
2,91,991,91,91,91
1,91,991,91,91,91
2,91,991,91,91,91
2,91,991,91,91,91
2,25,24,1,2,2
1,25,18,1,2,2
1,10,18,2,2,1
2,93,26,93,93,93
1,91,991,91,91,91
2,93,13,93,93,93
2,91,991,91,91,91
2,91,991,91,91,91
2,30,21,1,2,2
1,93,36,93,93,93
1,93,16,93,93,93
2,91,991,91,91,91
1,91,991,91,91,91
1,93,16,93,93,93
1,91,991,91,91,91
2,30,16,1,1,1
2,91,991,91,91,91
1,93,16,93,93,93
2,91,991,91,91,91
1,91,991,91,91,91
2,91,991,91,91,91
2,91,991,91,91,91
1,93,27,93,93,93
2,93,15,93,93,93
1,91,991,91,91,91
2,28,14,1,1,2
2,91,991,91,91,91
2,91,991,91,91,91
2,91,991,91,91,91
1,93,18,93,93,93
1,93,16,93,93,93
2,91,991,91,91,91
2,91,991,91,91,91
2,30,14,1,2,2
1,93,12,93,93,93
1,93,20,93,93,93
1,91,991,91,91,91
2,91,991,91,91,91
1,91,991,91,91,91
1,91,991,91,91,91
1,91,991,91,91,91
1,91,991,91,91,91
1,91,991,91,91,91
2,91,991,91,91,91
1,91,991,91,91,91
2,93,16,93,93,93
1,91,991,91,91,91
1,91,991,91,91,91
1,91,991,91,91,91
2,91,991,91,91,91
1,7,14,1,2,2
1,91,991,91,91,91
2,93,23,93,93,93
1,91,991,91,91,91
2,91,991,91,91,91
1,91,991,91,91,91
1,91,991,91,91,91
1,91,991,91,91,91
1,91,991,91,91,91
1,93,16,93,93,93
2,91,991,91,91,91
1,98,15,98,98,98
2,91,991,91,91,91
2,91,991,91,91,91
2,3,15,1,2,2
2,93,15,93,93,93
1,91,991,91,91,91
1,91,991,91,91,91
2,1,14,2,2,1
2,91,991,91,91,91
2,93,14,93,93,93
2,91,991,91,91,91
1,91,991,91,91,91
2,91,991,91,91,91
2,91,991,91,91,91
1,91,991,91,91,91
1,93,13,93,93,93
2,93,21,93,93,93
2,1,17,1,2,2
1,91,991,91,91,91
1,91,991,91,91,91
2,91,991,91,91,91
2,93,15,93,93,93
1,91,991,91,91,91
2,91,991,91,91,91
1,93,22,93,93,93
1,93,19,93,93,93
2,91,991,91,91,91
1,20,17,2,1,2
2,93,22,93,93,93
1,93,19,93,93,93
1,91,991,91,91,91
1,91,991,91,91,91
2,91,991,91,91,91
2,91,991,91,91,91
2,1,17,2,1,1
1,91,991,91,91,91
1,91,991,91,91,91
2,91,991,91,91,91
2,91,991,91,91,91
2,91,991,91,91,91
2,91,991,91,91,91
2,91,991,91,91,91
2,91,991,91,91,91
2,91,991,91,91,91
2,93,15,93,93,93
1,18,19,2,2,1
1,6,17,2,2,2
1,2,19,2,2,1
2,2,22,2,2,1
1,91,991,91,91,91
2,93,17,93,93,93
2,91,991,91,91,91
1,91,991,91,91,91
2,91,991,91,91,91
2,4,21,1,2,2
1,91,991,91,91,91
1,91,991,91,91,91
2,91,991,91,91,91
2,91,991,91,91,91
2,18,15,1,1,2
2,91,991,91,91,91
1,91,991,91,91,91
2,91,991,91,91,91
2,91,991,91,91,91
1,91,991,91,91,91
2,93,19,93,93,93
2,93,13,93,93,93
1,91,991,91,91,91
2,7,16,2,1,2
1,30,14,1,1,1
1,30,14,1,1,2
2,93,16,93,93,93
1,30,14,1,2,2
1,93,21,93,93,93
1,91,991,91,91,91
1,91,991,91,91,91
2,2,20,1,1,1
1,91,991,91,91,91
1,91,991,91,91,91
2,6,20,1,2,2
2,30,17,1,1,1
2,91,991,91,91,91
1,4,17,1,2,2
2,91,991,91,91,91
2,91,991,91,91,91
1,91,991,91,91,91
1,5,20,1,1,2
2,91,991,91,91,91
1,93,15,93,93,93
2,91,991,91,91,91
2,93,16,93,93,93
2,91,991,91,91,91
1,93,22,93,93,93
1,91,991,91,91,91
2,91,991,91,91,91
1,93,21,93,93,93
1,93,16,93,93,93
1,16,26,1,1,1
2,91,991,91,91,91
1,93,14,93,93,93
2,91,991,91,91,91
2,91,991,91,91,91
1,93,22,93,93,93
2,91,991,91,91,91
2,93,21,93,93,93
2,91,991,91,91,91
2,91,991,91,91,91
2,93,29,93,93,93
2,91,991,91,91,91
2,91,991,91,91,91
2,91,991,91,91,91
1,93,29,93,93,93
2,93,15,93,93,93
1,91,991,91,91,91
2,91,991,91,91,91
1,91,991,91,91,91
1,93,23,93,93,93
2,93,20,93,93,93
1,91,991,91,91,91
1,93,50,93,93,93
2,91,991,91,91,91
1,91,991,91,91,91
1,91,991,91,91,91
1,25,18,1,2,2
1,91,991,91,91,91
1,91,991,91,91,91
1,91,991,91,91,91
1,91,991,91,91,91
1,91,991,91,91,91
1,91,991,91,91,91
1,93,17,93,93,93
2,91,991,91,91,91
1,5,12,1,2,2
1,93,14,93,93,93
2,93,18,93,93,93
2,91,991,91,91,91
1,93,20,93,93,93
1,91,991,91,91,91
1,91,991,91,91,91
2,1,60,1,2,2
1,91,991,91,91,91
1,93,18,93,93,93
1,93,997,93,93,93
1,91,991,91,91,91
1,93,28,93,93,93
1,93,19,93,93,93
2,91,991,91,91,91
1,30,18,2,1,2
2,91,991,91,91,91
2,29,14,1,1,1
1,93,19,93,93,93
2,12,14,1,1,2
2,93,14,93,93,93
1,91,991,91,91,91
2,93,29,93,93,93
2,5,19,1,2,1
1,30,9,1,2,2
1,91,991,91,91,91
1,93,16,93,93,93
2,93,8,93,93,93
1,30,15,1,2,2
2,93,21,93,93,93
2,91,991,91,91,91
2,91,991,91,91,91
1,93,19,93,93,93
1,91,991,91,91,91
2,91,991,91,91,91
2,91,991,91,91,91
2,93,24,93,93,93
2,20,18,1,1,1
1,1,17,1,2,2
2,91,991,91,91,91
1,93,16,93,93,93
2,30,14,1,2,2
1,93,18,93,93,93
1,91,991,91,91,91
2,98,13,98,98,98
1,91,991,91,91,91
2,91,991,91,91,91
2,93,13,93,93,93
1,91,991,91,91,91
1,93,15,93,93,93
1,93,15,93,93,93
2,93,24,93,93,93
1,30,16,1,2,2
2,3,51,2,2,1
1,93,17,93,93,93
2,30,18,1,2,2
1,91,991,91,91,91
1,93,18,93,93,93
1,93,994,93,93,93
2,91,991,91,91,91
1,91,991,91,91,91
2,93,31,93,93,93
2,93,25,93,93,93
2,93,14,93,93,93
2,29,16,1,2,1
2,91,991,91,91,91
2,4,17,2,2,2
2,98,30,98,98,98
1,91,991,91,91,91
2,91,991,91,91,91
1,91,991,91,91,91
1,91,991,91,91,91
2,30,14,1,1,2
2,17,13,1,1,2
2,93,14,93,93,93
2,93,25,93,93,93
1,91,991,91,91,91
1,4,13,1,2,2
2,16,16,2,1,2
2,5,21,1,1,2
2,98,985,98,98,98
1,25,16,1,2,2
1,4,15,1,2,2
2,91,991,91,91,91
2,93,15,93,93,93
2,91,991,91,91,91
1,91,991,91,91,91
1,91,991,91,91,91
1,91,991,91,91,91
2,91,991,91,91,91
2,28,14,2,2,1
1,91,991,91,91,91
1,91,991,91,91,91
1,20,18,1,2,2
1,91,991,91,91,91
1,91,991,91,91,91
2,91,991,91,91,91
1,91,991,91,91,91
1,91,991,91,91,91
2,91,991,91,91,91
1,91,991,91,91,91
1,16,25,1,2,1
2,30,15,1,2,2
2,91,991,91,91,91
2,91,991,91,91,91
1,91,991,91,91,91
2,27,15,1,1,1
1,93,24,93,93,93
2,93,28,93,93,93
1,91,991,91,91,91
1,93,19,93,93,93
2,1,22,2,2,1
2,93,16,93,93,93
1,91,991,91,91,91
1,91,991,91,91,91
2,91,991,91,91,91
2,91,991,91,91,91
1,91,991,91,91,91
2,91,991,91,91,91
2,93,18,93,93,93
1,15,26,1,1,1
2,91,991,91,91,91
1,91,991,91,91,91
2,91,991,91,91,91
2,1,17,2,2,1
1,93,16,93,93,93
2,91,991,91,91,91
2,91,991,91,91,91
2,91,991,91,91,91
2,91,991,91,91,91
1,91,991,91,91,91
1,30,14,2,1,1
2,91,991,91,91,91
2,91,991,91,91,91
2,20,16,1,2,2
1,91,991,91,91,91
2,93,17,93,93,93
1,6,17,1,1,2
2,93,18,93,93,93
1,91,991,91,91,91
2,93,18,93,93,93
2,93,17,93,93,93
2,91,991,91,91,91
1,91,991,91,91,91
1,91,991,91,91,91
1,30,13,1,1,1
1,91,991,91,91,91
2,93,16,93,93,93
2,93,13,93,93,93
1,93,14,93,93,93
1,91,991,91,91,91
2,91,991,91,91,91
2,30,12,3,2,2
1,91,991,91,91,91
1,91,991,91,91,91
2,91,991,91,91,91
2,91,991,91,91,91
2,93,16,93,93,93
1,91,991,91,91,91
2,91,991,91,91,91
2,91,991,91,91,91
2,91,991,91,91,91
1,93,13,93,93,93
1,91,991,91,91,91
1,91,991,91,91,91
2,93,61,93,93,93
2,30,17,2,2,1
2,91,991,91,91,91
2,30,16,1,2,2
2,93,11,93,93,93
1,91,991,91,91,91
2,91,991,91,91,91
2,91,991,91,91,91
2,30,18,1,1,1
1,93,15,93,93,93
2,93,16,93,93,93
2,15,14,1,1,2
1,91,991,91,91,91
2,91,991,91,91,91
2,91,991,91,91,91
1,93,24,93,93,93
1,91,991,91,91,91
1,93,21,93,93,93
2,7,13,1,2,2
2,91,991,91,91,91
2,30,18,1,1,1
2,91,991,91,91,91
1,93,18,93,93,93
2,93,18,93,93,93
2,91,991,91,91,91
2,15,17,1,1,1
2,25,12,1,1,1
1,91,991,91,91,91
2,6,47,1,5,2
2,91,991,91,91,91
1,91,991,91,91,91
2,93,16,93,93,93
2,91,991,91,91,91
2,91,991,91,91,91
1,91,991,91,91,91
2,93,12,93,93,93
2,91,991,91,91,91
2,91,991,91,91,91
1,91,991,91,91,91
2,93,12,93,93,93
1,93,36,93,93,93
2,91,991,91,91,91
2,3,13,2,2,2
2,91,991,91,91,91
2,91,991,91,91,91
1,91,991,91,91,91
1,91,991,91,91,91
2,91,991,91,91,91
2,91,991,91,91,91
2,91,991,91,91,91
1,93,14,93,93,93
2,91,991,91,91,91
1,91,991,91,91,91
2,91,991,91,91,91
2,16,14,1,2,2
1,93,16,93,93,93
2,91,991,91,91,91
1,93,48,93,93,93
1,91,991,91,91,91
2,93,42,93,93,93
1,14,10,2,2,1
1,91,991,91,91,91
1,91,991,91,91,91
1,91,991,91,91,91
2,91,991,91,91,91
2,93,22,93,93,93
1,91,991,91,91,91
2,93,18,93,93,93
1,91,991,91,91,91
1,91,991,91,91,91
2,93,25,93,93,93
2,91,991,91,91,91
2,91,991,91,91,91
2,91,991,91,91,91
2,7,13,1,2,2
2,25,22,2,1,2
2,91,991,91,91,91
2,91,991,91,91,91
2,91,991,91,91,91
1,93,15,93,93,93
1,91,991,91,91,91
2,3,16,1,1,1
1,91,991,91,91,91
2,91,991,91,91,91
1,93,18,93,93,93
1,91,991,91,91,91
1,91,991,91,91,91
1,30,19,1,1,2
2,93,30,93,93,93
2,93,13,93,93,93
1,91,991,91,91,91
1,12,7,1,1,1
1,93,18,93,93,93
2,93,26,93,93,93
1,91,991,91,91,91
2,91,991,91,91,91
1,91,991,91,91,91
2,91,991,91,91,91
1,93,14,93,93,93
1,91,991,91,91,91
1,91,991,91,91,91
1,91,991,91,91,91
2,91,991,91,91,91
2,91,991,91,91,91
2,91,991,91,91,91
1,91,991,91,91,91
1,93,14,93,93,93
1,93,15,93,93,93
1,91,991,91,91,91
2,91,991,91,91,91
1,91,991,91,91,91
1,91,991,91,91,91
2,91,991,91,91,91
1,91,991,91,91,91
2,91,991,91,91,91
1,91,991,91,91,91
1,91,991,91,91,91
1,91,991,91,91,91
2,15,20,1,1,2
1,93,19,93,93,93
2,91,991,91,91,91
2,93,25,93,93,93
2,91,991,91,91,91
2,93,25,93,93,93
1,91,991,91,91,91
2,91,991,91,91,91
1,2,12,2,2,1
2,91,991,91,91,91
1,91,991,91,91,91
1,91,991,91,91,91
1,91,991,91,91,91
2,91,991,91,91,91
1,93,21,93,93,93
2,91,991,91,91,91
2,1,16,1,2,2
2,10,17,2,2,3
1,91,991,91,91,91
2,93,13,93,93,93
2,91,991,91,91,91
1,25,13,1,2,2
2,91,991,91,91,91
1,93,16,93,93,93
2,10,19,1,1,2
2,12,13,1,1,2
2,91,991,91,91,91
1,91,991,91,91,91
1,1,17,2,1,2
2,91,991,91,91,91
2,91,991,91,91,91
2,91,991,91,91,91
1,91,991,91,91,91
1,91,991,91,91,91
2,91,991,91,91,91
1,6,18,1,2,1
2,91,991,91,91,91
2,91,991,91,91,91
1,91,991,91,91,91
1,91,991,91,91,91
2,91,991,91,91,91
2,93,20,93,93,93
2,91,991,91,91,91
2,91,991,91,91,91
1,91,991,91,91,91
1,91,991,91,91,91
2,93,19,93,93,93
1,91,991,91,91,91
2,98,998,98,98,98
2,91,991,91,91,91
1,93,14,93,93,93
2,91,991,91,91,91
2,93,14,93,93,93
1,93,18,93,93,93
2,91,991,91,91,91
2,91,991,91,91,91
2,91,991,91,91,91
1,91,991,91,91,91
2,91,991,91,91,91
2,93,15,93,93,93
1,91,991,91,91,91
2,91,991,91,91,91
1,91,991,91,91,91
1,91,991,91,91,91
1,91,991,91,91,91
2,91,991,91,91,91
2,93,15,93,93,93
1,93,14,93,93,93
2,91,991,91,91,91
2,91,991,91,91,91
2,91,991,91,91,91
2,6,11,2,2,1
2,91,991,91,91,91
2,91,991,91,91,91
2,93,20,93,93,93
1,91,991,91,91,91
1,91,991,91,91,91
1,91,991,91,91,91
1,91,991,91,91,91
1,91,991,91,91,91
2,91,991,91,91,91
2,93,16,93,93,93
1,91,991,91,91,91
2,91,991,91,91,91
1,91,991,91,91,91
2,91,991,91,91,91
1,93,16,93,93,93
2,91,991,91,91,91
1,91,991,91,91,91
2,5,21,1,2,1
2,91,991,91,91,91
2,91,991,91,91,91
2,93,16,93,93,93
1,30,15,2,2,2
1,93,35,93,93,93
2,91,991,91,91,91
2,2,21,1,2,1
2,91,991,91,91,91
2,6,17,1,2,2
1,93,17,93,93,93
2,91,991,91,91,91
2,93,16,93,93,93
1,91,991,91,91,91
2,91,991,91,91,91
1,91,991,91,91,91
1,93,16,93,93,93
1,30,15,1,1,2
1,91,991,91,91,91
1,14,13,1,1,2
1,91,991,91,91,91
2,91,991,91,91,91
2,91,991,91,91,91
1,93,20,93,93,93
1,91,991,91,91,91
2,20,17,1,2,2
1,93,19,93,93,93
1,93,14,93,93,93
2,91,991,91,91,91
2,91,991,91,91,91
1,91,991,91,91,91
2,97,14,1,2,2
2,91,991,91,91,91
1,91,991,91,91,91
2,1,15,2,2,2
2,91,991,91,91,91
1,91,991,91,91,91
1,91,991,91,91,91
1,91,991,91,91,91
2,91,991,91,91,91
2,91,991,91,91,91
2,25,16,1,2,2
2,93,21,93,93,93
2,91,991,91,91,91
1,91,991,91,91,91
2,91,991,91,91,91
1,93,14,93,93,93
1,91,991,91,91,91
1,93,18,93,93,93
1,93,18,93,93,93
2,91,991,91,91,91
2,91,991,91,91,91
2,91,991,91,91,91
2,93,25,93,93,93
1,91,991,91,91,91
1,93,16,93,93,93
2,91,991,91,91,91
2,91,991,91,91,91
1,28,16,1,1,2
2,93,15,93,93,93
1,2,16,2,2,1
1,10,17,2,1,2
1,91,991,91,91,91
1,8,14,1,2,2
1,91,991,91,91,91
2,91,991,91,91,91
2,93,26,93,93,93
1,91,991,91,91,91
2,93,13,93,93,93
2,30,14,1,2,2
2,91,991,91,91,91
1,91,991,91,91,91
2,91,991,91,91,91
1,91,991,91,91,91
2,93,21,93,93,93
2,93,18,93,93,93
1,93,12,93,93,93
2,93,13,93,93,93
2,98,17,98,98,98
1,2,16,1,2,2
2,93,18,93,93,93
1,91,991,91,91,91
2,93,12,93,93,93
1,10,12,1,2,2
2,91,991,91,91,91
2,93,13,93,93,93
1,15,22,2,1,2
1,91,991,91,91,91
1,91,991,91,91,91
2,91,991,91,91,91
2,15,21,1,1,2
2,91,991,91,91,91
1,91,991,91,91,91
1,91,991,91,91,91
2,3,36,1,1,1
2,28,19,1,1,2
2,91,991,91,91,91
2,91,991,91,91,91
1,91,991,91,91,91
1,91,991,91,91,91
2,93,30,93,93,93
2,93,11,93,93,93
1,1,28,1,2,2
2,30,12,1,1,1
1,93,15,93,93,93
2,91,991,91,91,91
1,93,21,93,93,93
2,93,18,93,93,93
2,91,991,91,91,91
1,91,991,91,91,91
1,91,991,91,91,91
1,91,991,91,91,91
1,91,991,91,91,91
1,93,20,93,93,93
1,91,991,91,91,91
2,91,991,91,91,91
2,91,991,91,91,91
2,93,16,93,93,93
1,91,991,91,91,91
2,91,991,91,91,91
1,91,991,91,91,91
1,30,16,1,2,2
1,30,14,1,1,2
1,15,17,2,2,1
1,91,991,91,91,91
2,8,13,1,1,2
1,91,991,91,91,91
1,91,991,91,91,91
1,93,15,93,93,93
2,91,991,91,91,91
1,93,17,93,93,93
2,4,13,2,1,2
2,93,15,93,93,93
1,19,15,1,2,2
1,91,991,91,91,91
2,91,991,91,91,91
1,91,991,91,91,91
1,93,15,93,93,93
2,93,16,93,93,93
2,1,20,1,2,2
2,91,991,91,91,91
1,91,991,91,91,91
2,91,991,91,91,91
2,91,991,91,91,91
2,91,991,91,91,91
2,91,991,91,91,91
2,93,20,93,93,93
1,91,991,91,91,91
1,2,17,2,1,2
2,91,991,91,91,91
1,91,991,91,91,91
1,93,16,93,93,93
1,93,18,93,93,93
1,93,20,93,93,93
2,91,991,91,91,91
2,93,16,93,93,93
1,93,55,93,93,93
2,91,991,91,91,91
1,91,991,91,91,91
2,30,13,1,1,2
2,91,991,91,91,91
2,93,32,93,93,93
2,93,15,93,93,93
2,91,991,91,91,91
1,93,15,93,93,93
2,93,12,93,93,93
2,91,991,91,91,91
2,93,18,93,93,93
2,93,18,93,93,93
2,93,19,93,93,93
2,93,18,93,93,93
1,93,17,93,93,93
2,91,991,91,91,91
1,91,991,91,91,91
2,91,991,91,91,91
2,20,16,2,2,1
1,30,16,1,2,1
2,93,12,93,93,93
2,3,16,2,1,2
1,91,991,91,91,91
2,91,991,91,91,91
1,93,19,93,93,93
2,91,991,91,91,91
2,93,40,93,93,93
1,91,991,91,91,91
2,91,991,91,91,91
1,93,16,93,93,93
1,93,17,93,93,93
1,93,15,93,93,93
2,91,991,91,91,91
2,93,17,93,93,93
2,93,11,93,93,93
1,7,15,1,1,2
2,91,991,91,91,91
1,91,991,91,91,91
2,93,28,93,93,93
1,91,991,91,91,91
2,91,991,91,91,91
2,93,21,93,93,93
1,91,991,91,91,91
1,93,21,93,93,93
1,93,17,93,93,93
1,91,991,91,91,91
1,91,991,91,91,91
2,91,991,91,91,91
2,93,14,93,93,93
2,91,991,91,91,91
2,91,991,91,91,91
1,91,991,91,91,91
2,91,991,91,91,91
1,91,991,91,91,91
1,10,14,1,2,2
1,2,12,1,2,2
2,91,991,91,91,91
2,91,991,91,91,91
1,91,991,91,91,91
1,30,11,1,2,2
2,91,991,91,91,91
1,91,991,91,91,91
1,28,16,1,1,1
1,91,991,91,91,91
1,93,28,93,93,93
2,91,991,91,91,91
2,91,991,91,91,91
2,91,991,91,91,91
2,91,991,91,91,91
2,91,991,91,91,91
2,16,19,1,1,2
2,93,24,93,93,93
2,91,991,91,91,91
2,98,15,98,98,98
1,91,991,91,91,91
2,93,19,93,93,93
2,91,991,91,91,91
1,14,16,1,2,2
1,93,14,93,93,93
2,30,15,1,1,1
2,91,991,91,91,91
1,1,17,1,2,2
1,91,991,91,91,91
2,91,991,91,91,91
1,91,991,91,91,91
1,93,15,93,93,93
2,91,991,91,91,91
2,91,991,91,91,91
2,91,991,91,91,91
2,14,13,1,1,1
1,1,20,2,1,2
2,93,20,93,93,93
1,29,15,1,1,1
2,93,16,93,93,93
2,91,991,91,91,91
2,91,991,91,91,91
1,93,13,93,93,93
2,91,991,91,91,91
2,91,991,91,91,91
2,91,991,91,91,91
2,91,991,91,91,91
1,91,991,91,91,91
2,30,12,1,2,2
1,93,17,93,93,93
1,93,21,93,93,93
2,93,19,93,93,93
2,24,16,1,2,1
2,93,18,93,93,93
2,5,40,2,2,1
1,8,14,1,2,2
1,93,14,93,93,93
1,91,991,91,91,91
2,91,991,91,91,91
2,91,991,91,91,91
2,91,991,91,91,91
1,91,991,91,91,91
1,91,991,91,91,91
2,93,20,93,93,93
2,5,20,1,2,2
2,91,991,91,91,91
1,91,991,91,91,91
2,91,991,91,91,91
2,91,991,91,91,91
2,91,991,91,91,91
2,93,18,93,93,93
2,91,991,91,91,91
1,91,991,91,91,91
1,30,13,1,1,2
1,93,14,93,93,93
1,91,991,91,91,91
2,91,991,91,91,91
2,93,15,93,93,93
2,93,22,93,93,93
2,91,991,91,91,91
2,91,991,91,91,91
1,91,991,91,91,91
1,91,991,91,91,91
1,93,14,93,93,93
1,93,14,93,93,93
2,93,17,93,93,93
2,4,18,2,2,1
1,91,991,91,91,91
2,91,991,91,91,91
1,91,991,91,91,91
1,2,14,1,1,2
1,91,991,91,91,91
2,1,994,1,1,2
2,91,991,91,91,91
2,93,18,93,93,93
2,91,991,91,91,91
2,93,17,93,93,93
2,20,14,1,2,2
1,91,991,91,91,91
2,91,991,91,91,91
1,93,13,93,93,93
1,30,12,1,1,1
2,91,991,91,91,91
1,93,13,93,93,93
1,93,19,93,93,93
1,91,991,91,91,91
2,1,15,1,2,2
1,93,16,93,93,93
1,91,991,91,91,91
2,91,991,91,91,91
2,91,991,91,91,91
1,93,20,93,93,93
1,91,991,91,91,91
1,91,991,91,91,91
2,91,991,91,91,91
2,91,991,91,91,91
2,93,17,93,93,93
1,91,991,91,91,91
1,91,991,91,91,91
1,91,991,91,91,91
2,93,16,93,93,93
2,91,991,91,91,91
1,91,991,91,91,91
2,91,991,91,91,91
2,91,991,91,91,91
1,93,18,93,93,93
1,91,991,91,91,91
2,91,991,91,91,91
2,93,18,93,93,93
2,91,991,91,91,91
2,91,991,91,91,91
1,5,21,2,1,2
1,91,991,91,91,91
2,8,18,1,2,2
1,93,25,93,93,93
1,20,14,1,2,1
1,93,21,93,93,93
2,91,991,91,91,91
1,93,19,93,93,93
1,91,991,91,91,91
1,25,16,2,2,2
2,91,991,91,91,91
1,91,991,91,91,91
2,93,17,93,93,93
1,29,18,1,1,1
1,91,991,91,91,91
2,1,12,2,1,2
1,25,17,1,2,2
2,91,991,91,91,91
1,91,991,91,91,91
2,91,991,91,91,91
2,93,35,93,93,93
2,91,991,91,91,91
1,91,991,91,91,91
1,91,991,91,91,91
1,4,17,2,1,1
2,93,16,93,93,93
1,91,991,91,91,91
2,30,14,1,1,1
1,4,14,1,1,2
1,91,991,91,91,91
2,91,991,91,91,91
2,93,15,93,93,93
1,91,991,91,91,91
2,91,991,91,91,91
2,91,991,91,91,91
1,91,991,91,91,91
2,91,991,91,91,91
2,30,18,1,1,2
2,30,21,1,1,1
2,93,22,93,93,93
1,4,15,1,2,2
2,2,14,1,2,1
2,91,991,91,91,91
2,91,991,91,91,91
2,93,44,93,93,93
1,91,991,91,91,91
2,91,991,91,91,91
2,93,13,93,93,93
2,91,991,91,91,91
1,91,991,91,91,91
2,93,20,93,93,93
1,93,19,93,93,93
2,93,18,93,93,93
1,91,991,91,91,91
2,91,991,91,91,91
2,25,25,1,1,2
2,30,13,1,2,2
1,91,991,91,91,91
1,91,991,91,91,91
2,91,991,91,91,91
1,91,991,91,91,91
2,91,991,91,91,91
2,93,15,93,93,93
1,93,20,93,93,93
1,91,991,91,91,91
2,30,17,1,2,1
2,2,10,5,5,1
2,91,991,91,91,91
1,91,991,91,91,91
2,91,991,91,91,91
1,91,991,91,91,91
2,93,18,93,93,93
1,93,19,93,93,93
2,91,991,91,91,91
2,91,991,91,91,91
1,91,991,91,91,91
1,93,22,93,93,93
2,1,14,2,1,2
2,93,21,93,93,93
2,91,991,91,91,91
1,91,991,91,91,91
2,93,14,93,93,93
1,18,21,1,1,1
2,91,991,91,91,91
2,91,991,91,91,91
1,93,15,93,93,93
2,91,991,91,91,91
2,93,23,93,93,93
1,91,991,91,91,91
1,15,18,1,2,2
2,91,991,91,91,91
1,93,17,93,93,93
2,6,17,1,2,2
2,91,991,91,91,91
2,93,19,93,93,93
2,91,991,91,91,91
2,91,991,91,91,91
1,30,13,1,2,2
1,12,14,2,2,1
1,91,991,91,91,91
2,91,991,91,91,91
2,91,991,91,91,91
2,7,18,2,1,2
2,91,991,91,91,91
1,93,21,93,93,93
1,91,991,91,91,91
1,91,991,91,91,91
2,91,991,91,91,91
2,91,991,91,91,91
1,91,991,91,91,91
1,93,32,93,93,93
1,91,991,91,91,91
1,91,991,91,91,91
2,91,991,91,91,91
2,2,16,2,1,2
2,91,991,91,91,91
1,7,17,2,1,2
2,91,991,91,91,91
2,6,14,1,2,2
1,93,17,93,93,93
1,91,991,91,91,91
2,93,19,93,93,93
1,20,13,1,1,2
2,15,14,1,2,2
2,91,991,91,91,91
1,91,991,91,91,91
1,91,991,91,91,91
2,7,10,1,1,2
1,93,16,93,93,93
2,91,991,91,91,91
1,91,991,91,91,91
1,93,21,93,93,93
1,91,991,91,91,91
2,93,14,93,93,93
2,93,17,93,93,93
2,91,991,91,91,91
1,91,991,91,91,91
2,1,15,1,2,2
1,91,991,91,91,91
1,91,991,91,91,91
2,93,12,93,93,93
2,93,13,93,93,93
2,21,18,1,1,1
2,93,20,93,93,93
2,25,21,1,2,1
2,91,991,91,91,91
1,91,991,91,91,91
2,25,19,1,1,2
2,93,16,93,93,93
1,91,991,91,91,91
2,93,18,93,93,93
2,91,991,91,91,91
1,91,991,91,91,91
2,91,991,91,91,91
2,93,12,93,93,93
1,93,13,93,93,93
1,91,991,91,91,91
2,91,991,91,91,91
1,28,14,1,1,1
2,91,991,91,91,91
1,30,28,1,2,2
1,93,13,93,93,93
1,30,14,1,1,1
1,2,16,2,1,1
2,91,991,91,91,91
1,91,991,91,91,91
2,93,16,93,93,93
1,91,991,91,91,91
2,91,991,91,91,91
1,91,991,91,91,91
2,91,991,91,91,91
2,91,991,91,91,91
2,91,991,91,91,91
2,91,991,91,91,91
2,91,991,91,91,91
1,3,16,1,1,1
2,1,16,2,2,1
1,91,991,91,91,91
2,91,991,91,91,91
2,91,991,91,91,91
2,91,991,91,91,91
1,91,991,91,91,91
2,91,991,91,91,91
1,93,20,93,93,93
2,91,991,91,91,91
2,91,991,91,91,91
2,91,991,91,91,91
1,91,991,91,91,91
1,1,10,1,2,2
2,93,42,93,93,93
1,91,991,91,91,91
1,91,991,91,91,91
2,93,25,93,93,93
2,93,13,93,93,93
1,91,991,91,91,91
2,91,991,91,91,91
1,91,991,91,91,91
2,91,991,91,91,91
2,91,991,91,91,91
1,91,991,91,91,91
2,93,17,93,93,93
2,91,991,91,91,91
1,2,21,1,2,2
2,1,37,1,2,2
2,91,991,91,91,91
2,93,16,93,93,93
2,91,991,91,91,91
1,93,16,93,93,93
2,93,14,93,93,93
2,91,991,91,91,91
1,91,991,91,91,91
1,10,14,1,1,2
1,26,12,1,2,2
2,91,991,91,91,91
2,91,991,91,91,91
1,93,21,93,93,93
1,93,35,93,93,93
1,91,991,91,91,91
1,93,19,93,93,93
2,91,991,91,91,91
2,93,21,93,93,93
1,91,991,91,91,91
1,3,21,1,2,2
1,91,991,91,91,91
2,91,991,91,91,91
2,91,991,91,91,91
2,91,991,91,91,91
1,91,991,91,91,91
1,91,991,91,91,91
1,91,991,91,91,91
2,91,991,91,91,91
2,93,14,93,93,93
1,93,17,93,93,93
1,91,991,91,91,91
2,91,991,91,91,91
1,91,991,91,91,91
1,93,22,93,93,93
2,91,991,91,91,91
1,91,991,91,91,91
2,91,991,91,91,91
1,91,991,91,91,91
1,91,991,91,91,91
1,91,991,91,91,91
2,91,991,91,91,91
2,93,15,93,93,93
2,28,14,1,1,1
1,91,991,91,91,91
1,29,19,1,2,2
1,91,991,91,91,91
1,91,991,91,91,91
2,91,991,91,91,91
2,91,991,91,91,91
1,30,14,1,1,1
2,91,991,91,91,91
2,91,991,91,91,91
1,1,17,2,2,1
2,91,991,91,91,91
2,93,42,93,93,93
1,93,18,93,93,93
1,91,991,91,91,91
2,91,991,91,91,91
1,93,12,93,93,93
1,91,991,91,91,91
2,91,991,91,91,91
2,91,991,91,91,91
2,91,991,91,91,91
1,13,15,1,1,1
1,91,991,91,91,91
2,91,991,91,91,91
2,5,16,1,1,2
2,3,22,1,2,2
2,91,991,91,91,91
1,91,991,91,91,91
1,91,991,91,91,91
2,93,18,93,93,93
2,93,17,93,93,93
2,93,18,93,93,93
2,91,991,91,91,91
1,93,14,93,93,93
2,93,18,93,93,93
2,91,991,91,91,91
1,91,991,91,91,91
1,30,11,1,2,2
2,91,991,91,91,91
2,91,991,91,91,91
1,91,991,91,91,91
1,91,991,91,91,91
2,91,991,91,91,91
1,91,991,91,91,91
2,91,991,91,91,91
1,91,991,91,91,91
2,91,991,91,91,91
1,91,991,91,91,91
2,91,991,91,91,91
1,93,25,93,93,93
1,91,991,91,91,91
2,93,14,93,93,93
1,91,991,91,91,91
1,3,18,1,2,2
2,91,991,91,91,91
2,91,991,91,91,91
2,93,19,93,93,93
1,93,22,93,93,93
1,91,991,91,91,91
2,29,18,1,1,2
1,30,15,1,2,2
1,91,991,91,91,91
1,91,991,91,91,91
1,28,13,1,1,2
2,91,991,91,91,91
1,91,991,91,91,91
2,10,14,1,1,2
2,15,17,2,1,2
2,91,991,91,91,91
1,91,991,91,91,91
2,93,25,93,93,93
2,91,991,91,91,91
1,91,991,91,91,91
2,91,991,91,91,91
1,91,991,91,91,91
1,91,991,91,91,91
1,91,991,91,91,91
1,91,991,91,91,91
2,91,991,91,91,91
1,91,991,91,91,91
2,91,991,91,91,91
1,91,991,91,91,91
1,1,20,1,2,1
2,91,991,91,91,91
1,91,991,91,91,91
2,2,20,2,2,1
2,93,12,93,93,93
2,1,23,1,2,2
1,91,991,91,91,91
2,91,991,91,91,91
1,30,16,1,2,1
2,93,13,93,93,93
1,93,15,93,93,93
1,91,991,91,91,91
1,3,14,1,2,2
1,22,17,1,1,2
2,91,991,91,91,91
1,91,991,91,91,91
1,91,991,91,91,91
1,2,25,2,2,1
1,9,16,1,2,2
1,15,18,1,2,1
2,91,991,91,91,91
2,93,13,93,93,93
1,97,18,1,1,1
2,91,991,91,91,91
2,91,991,91,91,91
2,30,14,1,1,2
1,93,25,93,93,93
2,91,991,91,91,91
1,93,37,93,93,93
1,91,991,91,91,91
2,91,991,91,91,91
2,91,991,91,91,91
1,93,30,93,93,93
1,93,22,93,93,93
1,93,15,93,93,93
1,91,991,91,91,91
1,2,13,2,1,2
2,91,991,91,91,91
2,12,30,1,2,2
2,93,16,93,93,93
2,91,991,91,91,91
2,91,991,91,91,91
1,30,13,1,2,2
2,93,19,93,93,93
1,93,16,93,93,93
2,91,991,91,91,91
2,91,991,91,91,91
2,91,991,91,91,91
2,93,15,93,93,93
1,91,991,91,91,91
2,91,991,91,91,91
1,91,991,91,91,91
1,93,17,93,93,93
1,91,991,91,91,91
1,91,991,91,91,91
2,91,991,91,91,91
2,93,33,93,93,93
1,93,15,93,93,93
2,25,18,1,2,2
2,91,991,91,91,91
2,16,16,1,2,1
2,93,18,93,93,93
2,91,991,91,91,91
2,91,991,91,91,91
2,91,991,91,91,91
2,1,20,2,2,1
1,3,18,1,2,2
2,3,13,1,1,1
2,91,991,91,91,91
2,91,991,91,91,91
1,93,21,93,93,93
2,91,991,91,91,91
1,91,991,91,91,91
1,91,991,91,91,91
2,93,39,93,93,93
2,93,16,93,93,93
1,91,991,91,91,91
1,91,991,91,91,91
2,2,12,1,1,2
2,91,991,91,91,91
2,91,991,91,91,91
2,91,991,91,91,91
2,20,21,1,1,1
2,91,991,91,91,91
2,91,991,91,91,91
1,93,16,93,93,93
2,91,991,91,91,91
2,91,991,91,91,91
2,91,991,91,91,91
2,91,991,91,91,91
1,8,14,2,1,1
2,93,21,93,93,93
1,91,991,91,91,91
2,91,991,91,91,91
2,91,991,91,91,91
2,91,991,91,91,91
1,3,17,2,1,2
1,93,16,93,93,93
2,91,991,91,91,91
1,91,991,91,91,91
1,93,14,93,93,93
2,93,16,93,93,93
2,91,991,91,91,91
1,91,991,91,91,91
2,91,991,91,91,91
2,93,22,93,93,93
2,93,28,93,93,93
2,3,11,1,2,2
2,91,991,91,91,91
2,91,991,91,91,91
1,91,991,91,91,91
2,94,21,2,2,1
2,91,991,91,91,91
2,15,18,1,1,1
2,91,991,91,91,91
1,91,991,91,91,91
2,91,991,91,91,91
1,91,991,91,91,91
1,91,991,91,91,91
1,91,991,91,91,91
1,91,991,91,91,91
2,91,991,91,91,91
1,91,991,91,91,91
2,3,16,1,1,2
2,91,991,91,91,91
2,93,15,93,93,93
1,91,991,91,91,91
1,17,12,2,1,2
2,93,18,93,93,93
2,91,991,91,91,91
2,93,15,93,93,93
1,91,991,91,91,91
1,91,991,91,91,91
1,15,16,2,2,1
2,93,16,93,93,93
1,93,19,93,93,93
2,91,991,91,91,91
2,93,15,93,93,93
2,91,991,91,91,91
1,93,21,93,93,93
2,2,32,2,2,1
2,91,991,91,91,91
2,30,12,1,2,2
2,93,16,93,93,93
1,93,16,93,93,93
1,93,38,93,93,93
1,91,991,91,91,91
2,91,991,91,91,91
1,91,991,91,91,91
1,93,25,93,93,93
2,20,15,1,2,1
2,91,991,91,91,91
2,91,991,91,91,91
1,91,991,91,91,91
2,91,991,91,91,91
1,30,13,1,2,2
2,91,991,91,91,91
1,30,17,1,1,1
2,91,991,91,91,91
2,91,991,91,91,91
1,30,12,2,1,1
1,93,20,93,93,93
1,91,991,91,91,91
2,93,16,93,93,93
2,30,15,1,1,2
2,93,14,93,93,93
1,93,15,93,93,93
1,91,991,91,91,91
1,91,991,91,91,91
2,30,18,1,2,2
2,91,991,91,91,91
2,91,991,91,91,91
2,91,991,91,91,91
2,91,991,91,91,91
2,93,14,93,93,93
1,91,991,91,91,91
1,93,17,93,93,93
2,93,12,93,93,93
2,1,16,2,2,1
1,93,14,93,93,93
1,26,17,1,1,2
2,91,991,91,91,91
1,93,21,93,93,93
2,93,20,93,93,93
1,3,14,1,2,2
2,91,991,91,91,91
1,91,991,91,91,91
2,91,991,91,91,91
1,93,30,93,93,93
2,91,991,91,91,91
1,1,20,2,1,2
2,91,991,91,91,91
2,91,991,91,91,91
1,91,991,91,91,91
2,15,15,1,1,1
2,93,30,93,93,93
2,8,16,2,1,2
2,93,40,93,93,93
1,30,14,1,1,2
1,91,991,91,91,91
2,6,18,1,2,2
2,93,17,93,93,93
1,98,997,98,98,98
2,91,991,91,91,91
2,91,991,91,91,91
2,2,42,2,2,2
2,93,14,93,93,93
2,91,991,91,91,91
2,91,991,91,91,91
1,91,991,91,91,91
1,30,12,1,2,2
2,1,11,2,1,2
2,93,26,93,93,93
2,91,991,91,91,91
1,91,991,91,91,91
2,93,19,93,93,93
1,91,991,91,91,91
1,26,18,1,2,2
1,93,16,93,93,93
2,91,991,91,91,91
1,91,991,91,91,91
2,93,13,93,93,93
2,91,991,91,91,91
1,30,16,1,2,2
2,91,991,91,91,91
2,91,991,91,91,91
1,91,991,91,91,91
2,91,991,91,91,91
2,91,991,91,91,91
1,91,991,91,91,91
2,91,991,91,91,91
2,91,991,91,91,91
2,1,67,2,2,1
1,91,991,91,91,91
1,91,991,91,91,91
1,91,991,91,91,91
2,91,991,91,91,91
2,93,20,93,93,93
2,2,13,1,2,2
2,3,19,1,2,1
2,91,991,91,91,91
2,91,991,91,91,91
1,91,991,91,91,91
2,93,21,93,93,93
2,2,14,2,2,1
1,91,991,91,91,91
1,6,15,1,1,1
1,91,991,91,91,91
1,91,991,91,91,91
1,1,14,1,2,2
1,91,991,91,91,91
2,91,991,91,91,91
2,91,991,91,91,91
2,91,991,91,91,91
1,91,991,91,91,91
1,91,991,91,91,91
1,91,991,91,91,91
1,93,17,93,93,93
2,91,991,91,91,91
1,91,991,91,91,91
1,91,991,91,91,91
1,93,17,93,93,93
2,93,17,93,93,93
1,93,15,93,93,93
2,98,998,98,98,98
1,91,991,91,91,91
2,93,19,93,93,93
2,91,991,91,91,91
1,91,991,91,91,91
2,93,15,93,93,93
1,9,12,1,2,2
1,91,991,91,91,91
2,91,991,91,91,91
1,91,991,91,91,91
1,1,18,1,2,2
2,93,18,93,93,93
1,91,991,91,91,91
2,93,15,93,93,93
1,91,991,91,91,91
2,91,991,91,91,91
1,5,14,1,1,2
2,91,991,91,91,91
1,91,991,91,91,91
1,30,15,1,2,1
1,91,991,91,91,91
2,20,15,1,1,1
2,93,16,93,93,93
2,93,15,93,93,93
2,8,17,1,2,1
2,3,19,2,2,1
2,91,991,91,91,91
1,30,11,1,1,2
2,93,13,93,93,93
2,91,991,91,91,91
1,91,991,91,91,91
2,30,22,1,2,2
1,93,18,93,93,93
1,91,991,91,91,91
2,93,18,93,93,93
1,93,21,93,93,93
1,93,16,93,93,93
2,91,991,91,91,91
1,93,17,93,93,93
2,91,991,91,91,91
2,93,17,93,93,93
2,91,991,91,91,91
2,15,16,2,1,2
1,91,991,91,91,91
1,93,19,93,93,93
1,93,17,93,93,93
1,91,991,91,91,91
1,20,14,1,2,2
2,91,991,91,91,91
1,30,14,1,2,2
1,30,15,1,1,1
1,93,15,93,93,93
1,91,991,91,91,91
1,91,991,91,91,91
2,91,991,91,91,91
2,91,991,91,91,91
2,91,991,91,91,91
1,93,14,93,93,93
2,91,991,91,91,91
1,93,12,93,93,93
1,91,991,91,91,91
2,91,991,91,91,91
1,30,15,1,1,2
1,91,991,91,91,91
2,91,991,91,91,91
1,91,991,91,91,91
2,30,20,1,1,1
1,91,991,91,91,91
1,91,991,91,91,91
2,91,991,91,91,91
2,93,13,93,93,93
2,91,991,91,91,91
1,91,991,91,91,91
2,93,29,93,93,93
2,91,991,91,91,91
2,30,16,1,2,2
2,93,25,93,93,93
1,1,13,1,5,2
1,1,13,1,2,1
2,91,991,91,91,91
1,93,13,93,93,93
1,91,991,91,91,91
2,93,13,93,93,93
1,93,18,93,93,93
2,93,16,93,93,93
2,91,991,91,91,91
1,91,991,91,91,91
1,91,991,91,91,91
1,91,991,91,91,91
2,3,12,1,2,2
2,93,23,93,93,93
1,93,19,93,93,93
2,30,17,1,1,2
2,91,991,91,91,91
2,13,18,1,1,2
2,93,18,93,93,93
1,7,16,1,1,1
1,4,14,1,2,1
1,93,18,93,93,93
1,93,16,93,93,93
2,91,991,91,91,91
2,1,13,2,1,2
1,3,15,1,2,2
1,91,991,91,91,91
2,93,14,93,93,93
2,7,12,1,2,2
1,91,991,91,91,91
2,20,9,1,2,2
1,91,991,91,91,91
2,91,991,91,91,91
1,30,11,1,1,2
1,91,991,91,91,91
2,91,991,91,91,91
2,3,19,2,2,1
1,5,14,1,2,2
1,93,16,93,93,93
2,93,16,93,93,93
1,91,991,91,91,91
1,91,991,91,91,91
1,91,991,91,91,91
2,4,17,1,2,1
1,91,991,91,91,91
2,91,991,91,91,91
1,93,18,93,93,93
2,93,16,93,93,93
2,91,991,91,91,91
2,91,991,91,91,91
2,93,17,93,93,93
2,91,991,91,91,91
1,91,991,91,91,91
2,91,991,91,91,91
2,94,13,1,2,2
1,91,991,91,91,91
1,30,18,1,1,2
2,93,21,93,93,93
2,20,14,1,1,2
2,91,991,91,91,91
2,93,19,93,93,93
2,91,991,91,91,91
2,91,991,91,91,91
2,91,991,91,91,91
2,91,991,91,91,91
2,1,15,2,2,1
2,1,14,1,1,2
2,91,991,91,91,91
2,91,991,91,91,91
2,91,991,91,91,91
1,91,991,91,91,91
1,91,991,91,91,91
2,30,21,1,1,1
2,91,991,91,91,91
1,91,991,91,91,91
1,91,991,91,91,91
2,91,991,91,91,91
2,93,30,93,93,93
1,91,991,91,91,91
1,91,991,91,91,91
2,91,991,91,91,91
1,91,991,91,91,91
2,91,991,91,91,91
2,91,991,91,91,91
2,93,14,93,93,93
1,91,991,91,91,91
2,91,991,91,91,91
2,91,991,91,91,91
2,91,991,91,91,91
2,91,991,91,91,91
2,91,991,91,91,91
2,93,18,93,93,93
2,1,20,2,2,1
2,91,991,91,91,91
2,91,991,91,91,91
1,91,991,91,91,91
2,93,14,93,93,93
1,93,15,93,93,93
2,29,12,1,1,1
2,91,991,91,91,91
1,93,25,93,93,93
1,91,991,91,91,91
1,91,991,91,91,91
1,91,991,91,91,91
2,91,991,91,91,91
2,93,13,93,93,93
1,91,991,91,91,91
1,30,16,1,1,1
1,91,991,91,91,91
2,91,991,91,91,91
1,7,18,1,2,2
1,91,991,91,91,91
1,91,991,91,91,91
2,91,991,91,91,91
2,91,991,91,91,91
2,93,18,93,93,93
1,91,991,91,91,91
1,91,991,91,91,91
1,93,16,93,93,93
1,20,16,1,2,2
1,91,991,91,91,91
1,91,991,91,91,91
2,93,17,93,93,93
2,93,42,93,93,93
1,93,15,93,93,93
2,93,11,93,93,93
1,91,991,91,91,91
2,93,16,93,93,93
2,91,991,91,91,91
2,91,991,91,91,91
1,2,18,1,2,1
2,91,991,91,91,91
1,91,991,91,91,91
1,93,14,93,93,93
2,91,991,91,91,91
2,91,991,91,91,91
2,91,991,91,91,91
1,91,991,91,91,91
2,98,15,98,98,98
1,93,16,93,93,93
2,91,991,91,91,91
1,93,19,93,93,93
2,12,14,2,2,1
1,91,991,91,91,91
2,91,991,91,91,91
1,20,17,1,1,1
2,93,20,93,93,93
1,91,991,91,91,91
2,91,991,91,91,91
2,93,18,93,93,93
1,91,991,91,91,91
1,91,991,91,91,91
2,8,12,2,2,1
2,5,14,1,2,2
1,30,16,1,2,2
2,91,991,91,91,91
1,91,991,91,91,91
1,93,17,93,93,93
1,93,38,93,93,93
2,93,18,93,93,93
1,91,991,91,91,91
2,91,991,91,91,91
2,93,18,93,93,93
2,91,991,91,91,91
1,91,991,91,91,91
1,91,991,91,91,91
1,7,994,1,2,2
1,5,13,1,1,2
2,93,38,93,93,93
1,91,991,91,91,91
2,93,11,93,93,93
1,91,991,91,91,91
1,93,18,93,93,93
1,91,991,91,91,91
2,91,991,91,91,91
2,93,18,93,93,93
2,93,17,93,93,93
2,91,991,91,91,91
2,93,14,93,93,93
1,91,991,91,91,91
1,93,13,93,93,93
1,91,991,91,91,91
2,91,991,91,91,91
2,91,991,91,91,91
1,91,991,91,91,91
1,15,12,1,2,2
2,91,991,91,91,91
2,91,991,91,91,91
2,91,991,91,91,91
2,4,17,1,2,2
2,93,16,93,93,93
1,91,991,91,91,91
2,91,991,91,91,91
1,91,991,91,91,91
2,91,991,91,91,91
2,91,991,91,91,91
1,93,20,93,93,93
2,91,991,91,91,91
2,91,991,91,91,91
2,91,991,91,91,91
2,91,991,91,91,91
2,93,18,93,93,93
1,91,991,91,91,91
2,91,991,91,91,91
1,93,18,93,93,93
2,91,991,91,91,91
1,91,991,91,91,91
2,91,991,91,91,91
1,91,991,91,91,91
1,93,13,93,93,93
2,98,998,98,98,98
2,93,13,93,93,93
1,93,14,93,93,93
1,93,17,93,93,93
1,4,13,2,1,2
1,91,991,91,91,91
2,91,991,91,91,91
2,91,991,91,91,91
1,93,20,93,93,93
1,91,991,91,91,91
2,91,991,91,91,91
1,93,19,93,93,93
2,91,991,91,91,91
1,91,991,91,91,91
2,30,18,1,1,1
2,91,991,91,91,91
1,97,997,98,98,98
1,91,991,91,91,91
2,91,991,91,91,91
2,91,991,91,91,91
1,91,991,91,91,91
1,93,21,93,93,93
2,30,17,1,2,2
2,91,991,91,91,91
2,93,21,93,93,93
2,91,991,91,91,91
2,91,991,91,91,91
1,12,12,1,1,2
1,91,991,91,91,91
2,1,14,2,2,1
1,91,991,91,91,91
2,93,14,93,93,93
2,91,991,91,91,91
2,29,17,1,1,1
1,91,991,91,91,91
1,93,18,93,93,93
1,91,991,91,91,91
2,91,991,91,91,91
2,93,17,93,93,93
1,93,18,93,93,93
2,91,991,91,91,91
2,93,25,93,93,93
2,91,991,91,91,91
1,93,32,93,93,93
2,6,25,1,1,2
2,15,20,1,2,1
1,91,991,91,91,91
1,91,991,91,91,91
2,91,991,91,91,91
2,91,991,91,91,91
2,91,991,91,91,91
2,5,27,2,1,1
1,20,13,1,1,2
2,25,24,1,1,1
1,91,991,91,91,91
1,91,991,91,91,91
2,93,21,93,93,93
1,10,15,2,1,1
2,91,991,91,91,91
1,91,991,91,91,91
2,91,991,91,91,91
2,91,991,91,91,91
1,91,991,91,91,91
2,25,18,1,2,1
2,93,21,93,93,93
1,91,991,91,91,91
1,91,991,91,91,91
1,91,991,91,91,91
1,91,991,91,91,91
1,91,991,91,91,91
2,91,991,91,91,91
1,91,991,91,91,91
2,91,991,91,91,91
2,91,991,91,91,91
1,91,991,91,91,91
1,30,13,1,2,2
1,93,19,93,93,93
2,93,14,93,93,93
2,2,18,1,1,2
2,93,27,93,93,93
1,91,991,91,91,91
1,93,15,93,93,93
2,20,13,1,1,2
1,91,991,91,91,91
2,5,14,2,2,1
1,91,991,91,91,91
2,91,991,91,91,91
2,93,16,93,93,93
2,91,991,91,91,91
1,2,15,1,2,2
1,93,18,93,93,93
1,93,16,93,93,93
2,15,15,1,2,2
1,91,991,91,91,91
2,91,991,91,91,91
1,93,18,93,93,93
2,91,991,91,91,91
2,93,23,93,93,93
2,91,991,91,91,91
1,91,991,91,91,91
1,91,991,91,91,91
1,93,15,93,93,93
2,91,991,91,91,91
1,93,18,93,93,93
2,3,18,5,4,4
2,93,18,93,93,93
1,30,16,1,2,2
2,91,991,91,91,91
1,91,991,91,91,91
1,91,991,91,91,91
1,91,991,91,91,91
1,91,991,91,91,91
2,91,991,91,91,91
2,20,17,1,2,2
2,91,991,91,91,91
2,30,15,1,2,2
2,27,15,1,2,2
1,91,991,91,91,91
1,91,991,91,91,91
1,91,991,91,91,91
1,91,991,91,91,91
1,91,991,91,91,91
2,15,26,1,1,2
1,93,15,93,93,93
1,93,13,93,93,93
1,91,991,91,91,91
1,93,15,93,93,93
1,93,25,93,93,93
2,93,13,93,93,93
2,30,18,1,1,2
1,91,991,91,91,91
2,91,991,91,91,91
1,4,15,2,2,1
2,93,19,93,93,93
2,91,991,91,91,91
2,91,991,91,91,91
1,1,18,1,2,1
2,91,991,91,91,91
2,91,991,91,91,91
2,91,991,91,91,91
2,12,35,2,2,1
2,93,25,93,93,93
1,93,14,93,93,93
2,91,991,91,91,91
1,93,12,93,93,93
1,93,25,93,93,93
1,91,991,91,91,91
1,91,991,91,91,91
1,93,17,93,93,93
2,93,16,93,93,93
1,91,991,91,91,91
1,91,991,91,91,91
1,91,991,91,91,91
2,91,991,91,91,91
2,91,991,91,91,91
1,93,25,93,93,93
1,91,991,91,91,91
1,91,991,91,91,91
1,91,991,91,91,91
2,25,14,1,2,1
1,93,17,93,93,93
1,91,991,91,91,91
2,91,991,91,91,91
2,93,18,93,93,93
1,4,14,2,2,1
2,1,18,1,1,2
2,20,16,2,1,1
2,91,991,91,91,91
1,91,991,91,91,91
1,91,991,91,91,91
2,91,991,91,91,91
1,1,27,1,2,2
1,30,16,1,1,2
2,91,991,91,91,91
2,91,991,91,91,91
2,93,14,93,93,93
2,91,991,91,91,91
2,91,991,91,91,91
2,91,991,91,91,91
2,30,16,1,2,2
1,93,18,93,93,93
2,91,991,91,91,91
2,3,24,2,2,1
2,93,16,93,93,93
1,91,991,91,91,91
1,93,15,93,93,93
2,91,991,91,91,91
2,93,16,93,93,93
2,30,16,1,1,2
2,15,17,2,1,1
1,91,991,91,91,91
2,12,18,1,2,1
1,91,991,91,91,91
2,91,991,91,91,91
2,91,991,91,91,91
1,93,13,93,93,93
1,91,991,91,91,91
1,91,991,91,91,91
1,91,991,91,91,91
2,91,991,91,91,91
2,91,991,91,91,91
1,91,991,91,91,91
1,91,991,91,91,91
1,18,16,1,2,2
1,91,991,91,91,91
1,91,991,91,91,91
1,91,991,91,91,91
2,91,991,91,91,91
1,93,17,93,93,93
2,91,991,91,91,91
1,93,16,93,93,93
2,30,16,1,2,2
1,91,991,91,91,91
2,93,15,93,93,93
1,30,12,1,1,1
1,98,11,98,98,98
2,91,991,91,91,91
2,91,991,91,91,91
1,91,991,91,91,91
1,91,991,91,91,91
1,91,991,91,91,91
1,91,991,91,91,91
1,91,991,91,91,91
2,93,19,93,93,93
1,91,991,91,91,91
2,30,17,1,1,1
2,91,991,91,91,91
2,93,21,93,93,93
2,91,991,91,91,91
2,91,991,91,91,91
2,91,991,91,91,91
2,93,23,93,93,93
1,91,991,91,91,91
1,20,17,1,2,1
2,91,991,91,91,91
1,93,21,93,93,93
2,91,991,91,91,91
1,91,991,91,91,91
2,91,991,91,91,91
2,91,991,91,91,91
2,91,991,91,91,91
1,93,20,93,93,93
2,91,991,91,91,91
1,93,16,93,93,93
1,93,13,93,93,93
1,93,20,93,93,93
1,93,24,93,93,93
1,93,16,93,93,93
2,93,10,93,93,93
2,30,16,1,1,2
2,91,991,91,91,91
2,91,991,91,91,91
1,91,991,91,91,91
2,91,991,91,91,91
1,91,991,91,91,91
2,93,19,93,93,93
2,91,991,91,91,91
2,91,991,91,91,91
2,93,20,93,93,93
1,91,991,91,91,91
2,93,22,93,93,93
2,91,991,91,91,91
1,93,18,93,93,93
1,30,18,1,2,1
1,1,994,1,2,2
2,91,991,91,91,91
2,5,16,2,2,1
2,93,20,93,93,93
1,91,991,91,91,91
2,91,991,91,91,91
2,93,26,93,93,93
2,93,14,93,93,93
2,91,991,91,91,91
1,93,15,93,93,93
1,91,991,91,91,91
2,91,991,91,91,91
2,91,991,91,91,91
2,91,991,91,91,91
1,91,991,91,91,91
2,25,15,1,1,1
2,91,991,91,91,91
2,91,991,91,91,91
1,30,16,1,1,1
2,91,991,91,91,91
1,93,19,93,93,93
2,91,991,91,91,91
2,91,991,91,91,91
1,91,991,91,91,91
2,91,991,91,91,91
1,91,991,91,91,91
1,93,21,93,93,93
1,93,21,93,93,93
2,93,18,93,93,93
2,91,991,91,91,91
2,30,13,1,1,2
1,91,991,91,91,91
2,91,991,91,91,91
2,91,991,91,91,91
1,91,991,91,91,91
2,30,19,1,2,2
2,91,991,91,91,91
1,91,991,91,91,91
1,3,15,1,2,2
2,93,23,93,93,93
2,93,11,93,93,93
2,91,991,91,91,91
1,91,991,91,91,91
2,93,25,93,93,93
2,91,991,91,91,91
1,91,991,91,91,91
1,93,18,93,93,93
1,1,18,2,1,2
1,91,991,91,91,91
1,93,18,93,93,93
2,91,991,91,91,91
2,91,991,91,91,91
1,91,991,91,91,91
2,1,15,1,2,2
1,93,18,93,93,93
2,93,15,93,93,93
1,25,17,1,1,1
2,91,991,91,91,91
1,91,991,91,91,91
1,93,18,93,93,93
2,91,991,91,91,91
2,91,991,91,91,91
2,91,991,91,91,91
1,28,18,1,2,2
1,91,991,91,91,91
2,91,991,91,91,91
1,93,16,93,93,93
2,91,991,91,91,91
2,91,991,91,91,91
1,91,991,91,91,91
2,93,17,93,93,93
2,30,15,1,1,1
1,91,991,91,91,91
1,91,991,91,91,91
2,93,20,93,93,93
2,91,991,91,91,91
2,30,16,1,2,2
2,93,23,93,93,93
1,91,991,91,91,91
2,93,19,93,93,93
2,93,15,93,93,93
1,28,14,1,1,1
1,93,12,93,93,93
1,91,991,91,91,91
2,93,16,93,93,93
2,93,23,93,93,93
2,91,991,91,91,91
2,93,21,93,93,93
1,91,991,91,91,91
1,91,991,91,91,91
2,93,14,93,93,93
2,93,19,93,93,93
1,91,991,91,91,91
2,91,991,91,91,91
2,93,19,93,93,93
2,30,13,1,2,2
2,93,19,93,93,93
2,91,991,91,91,91
1,91,991,91,91,91
1,1,17,1,2,2
2,91,991,91,91,91
1,91,991,91,91,91
1,91,991,91,91,91
2,91,991,91,91,91
1,91,991,91,91,91
2,91,991,91,91,91
2,91,991,91,91,91
2,91,991,91,91,91
1,3,994,2,2,1
1,25,16,1,1,1
1,93,15,93,93,93
1,14,17,1,2,1
1,91,991,91,91,91
2,91,991,91,91,91
1,91,991,91,91,91
1,91,991,91,91,91
2,91,991,91,91,91
1,91,991,91,91,91
2,91,991,91,91,91
2,91,991,91,91,91
1,91,991,91,91,91
2,91,991,91,91,91
2,91,991,91,91,91
1,25,16,1,1,2
2,93,22,93,93,93
2,93,18,93,93,93
2,91,991,91,91,91
2,91,991,91,91,91
2,91,991,91,91,91
2,91,991,91,91,91
1,18,19,2,1,1
1,91,991,91,91,91
2,93,15,93,93,93
1,91,991,91,91,91
1,91,991,91,91,91
2,91,991,91,91,91
1,93,16,93,93,93
2,93,15,93,93,93
1,93,14,93,93,93
2,30,24,2,1,1
1,91,991,91,91,91
2,93,14,93,93,93
2,91,991,91,91,91
2,91,991,91,91,91
1,91,991,91,91,91
2,93,18,93,93,93
2,91,991,91,91,91
2,91,991,91,91,91
2,91,991,91,91,91
2,91,991,91,91,91
2,93,20,93,93,93
1,91,991,91,91,91
1,91,991,91,91,91
2,93,21,93,93,93
2,91,991,91,91,91
2,91,991,91,91,91
2,91,991,91,91,91
1,93,30,93,93,93
2,91,991,91,91,91
1,10,14,2,2,1
1,91,991,91,91,91
1,91,991,91,91,91
1,30,13,1,1,1
2,30,13,1,1,2
1,93,41,93,93,93
2,91,991,91,91,91
2,93,14,93,93,93
2,93,16,93,93,93
1,91,991,91,91,91
2,20,33,2,2,1
2,93,16,93,93,93
1,30,20,1,1,2
1,93,32,93,93,93
2,20,16,1,2,2
2,93,19,93,93,93
1,91,991,91,91,91
2,91,991,91,91,91
1,93,12,93,93,93
1,93,18,93,93,93
2,93,23,93,93,93
1,93,15,93,93,93
1,91,991,91,91,91
2,91,991,91,91,91
2,93,17,93,93,93
2,30,18,1,2,1
1,91,991,91,91,91
2,93,14,93,93,93
1,93,15,93,93,93
2,91,991,91,91,91
1,93,16,93,93,93
1,91,991,91,91,91
1,91,991,91,91,91
2,91,991,91,91,91
1,5,20,2,2,1
2,8,16,1,1,2
2,1,49,2,2,1
1,91,991,91,91,91
1,29,12,1,2,2
1,93,15,93,93,93
1,4,14,1,2,2
1,10,16,1,1,1
2,93,16,93,93,93
1,91,991,91,91,91
1,93,18,93,93,93
1,4,16,2,2,1
2,91,991,91,91,91
2,93,20,93,93,93
1,91,991,91,91,91
2,93,994,93,93,93
1,93,18,93,93,93
2,91,991,91,91,91
1,93,20,93,93,93
2,93,20,93,93,93
1,91,991,91,91,91
1,93,18,93,93,93
1,91,991,91,91,91
2,91,991,91,91,91
2,93,13,93,93,93
1,91,991,91,91,91
2,93,20,93,93,93
2,91,991,91,91,91
2,93,19,93,93,93
2,91,991,91,91,91
2,93,16,93,93,93
1,93,41,93,93,93
1,91,991,91,91,91
2,93,14,93,93,93
2,93,18,93,93,93
2,91,991,91,91,91
1,91,991,91,91,91
2,5,21,1,2,2
2,91,991,91,91,91
1,91,991,91,91,91
1,91,991,91,91,91
1,93,15,93,93,93
1,93,14,93,93,93
2,91,991,91,91,91
2,91,991,91,91,91
2,91,991,91,91,91
2,93,18,93,93,93
1,91,991,91,91,91
2,93,18,93,93,93
1,91,991,91,91,91
2,91,991,91,91,91
2,91,991,91,91,91
1,93,17,93,93,93
1,91,991,91,91,91
2,91,991,91,91,91
1,91,991,91,91,91
2,91,991,91,91,91
1,91,991,91,91,91
1,14,15,1,1,1
2,91,991,91,91,91
1,91,991,91,91,91
1,91,991,91,91,91
1,93,16,93,93,93
2,91,991,91,91,91
2,30,13,2,1,2
2,91,991,91,91,91
2,5,7,2,1,2
2,93,16,93,93,93
2,93,19,93,93,93
2,91,991,91,91,91
1,91,991,91,91,91
2,30,18,1,2,2
2,91,991,91,91,91
2,1,16,2,2,1
1,98,14,98,98,98
2,91,991,91,91,91
2,91,991,91,91,91
1,91,991,91,91,91
1,93,19,93,93,93
1,91,991,91,91,91
2,27,24,1,1,1
2,91,991,91,91,91
2,91,991,91,91,91
1,30,16,1,1,1
1,91,991,91,91,91
2,30,17,1,1,1
1,91,991,91,91,91
1,91,991,91,91,91
1,91,991,91,91,91
1,4,17,2,2,1
1,91,991,91,91,91
2,91,991,91,91,91
1,91,991,91,91,91
2,91,991,91,91,91
2,93,14,93,93,93
1,91,991,91,91,91
2,93,25,93,93,93
1,30,14,1,1,2
2,91,991,91,91,91
2,93,16,93,93,93
1,91,991,91,91,91
2,91,991,91,91,91
1,93,17,93,93,93
2,30,15,1,1,1
2,11,12,1,1,2
2,5,19,1,2,1
1,91,991,91,91,91
1,91,991,91,91,91
2,91,991,91,91,91
2,30,15,1,2,1
1,91,991,91,91,91
2,91,991,91,91,91
1,93,16,93,93,93
2,91,991,91,91,91
2,91,991,91,91,91
1,93,21,93,93,93
1,93,13,93,93,93
2,91,991,91,91,91
1,91,991,91,91,91
2,93,19,93,93,93
1,91,991,91,91,91
1,91,991,91,91,91
2,93,35,93,93,93
1,91,991,91,91,91
1,91,991,91,91,91
2,91,991,91,91,91
2,93,21,93,93,93
2,1,21,2,2,1
2,93,30,93,93,93
2,91,991,91,91,91
2,91,991,91,91,91
2,91,991,91,91,91
1,91,991,91,91,91
2,91,991,91,91,91
2,91,991,91,91,91
1,20,11,1,2,2
1,93,15,93,93,93
2,30,18,1,1,1
1,91,991,91,91,91
2,91,991,91,91,91
1,91,991,91,91,91
1,93,15,93,93,93
2,91,991,91,91,91
2,30,14,2,1,1
1,91,991,91,91,91
2,91,991,91,91,91
2,10,16,2,2,1
2,93,27,93,93,93
1,28,14,1,1,2
2,91,991,91,91,91
1,93,17,93,93,93
2,91,991,91,91,91
2,91,991,91,91,91
1,91,991,91,91,91
2,91,991,91,91,91
2,93,16,93,93,93
1,91,991,91,91,91
2,91,991,91,91,91
2,91,991,91,91,91
1,91,991,91,91,91
1,91,991,91,91,91
2,91,991,91,91,91
1,93,16,93,93,93
1,91,991,91,91,91
1,91,991,91,91,91
2,91,991,91,91,91
1,93,21,93,93,93
1,91,991,91,91,91
1,91,991,91,91,91
1,93,18,93,93,93
2,20,15,1,2,2
1,91,991,91,91,91
1,91,991,91,91,91
2,93,18,93,93,93
2,91,991,91,91,91
2,91,991,91,91,91
2,91,991,91,91,91
2,91,991,91,91,91
1,20,19,1,2,1
2,91,991,91,91,91
1,91,991,91,91,91
2,91,991,91,91,91
1,30,18,1,1,2
2,30,16,1,1,1
2,91,991,91,91,91
2,93,70,93,93,93
2,25,17,1,2,2
2,91,991,91,91,91
1,30,14,1,1,2
2,2,12,1,2,2
2,93,16,93,93,93
1,93,15,93,93,93
2,93,22,93,93,93
1,1,28,2,2,1
2,93,16,93,93,93
2,93,19,93,93,93
1,91,991,91,91,91
2,91,991,91,91,91
1,91,991,91,91,91
1,93,14,93,93,93
2,91,991,91,91,91
2,93,22,93,93,93
2,91,991,91,91,91
1,91,991,91,91,91
1,91,991,91,91,91
2,30,17,1,1,1
1,25,16,1,2,2
2,91,991,91,91,91
2,91,991,91,91,91
1,91,991,91,91,91
1,94,13,1,1,2
2,91,991,91,91,91
2,91,991,91,91,91
2,91,991,91,91,91
2,91,991,91,91,91
2,91,991,91,91,91
1,91,991,91,91,91
1,91,991,91,91,91
1,91,991,91,91,91
2,2,17,1,2,1
1,91,991,91,91,91
2,91,991,91,91,91
1,93,15,93,93,93
1,91,991,91,91,91
1,91,991,91,91,91
2,93,20,93,93,93
2,91,991,91,91,91
2,29,17,1,2,2
1,91,991,91,91,91
2,93,75,93,93,93
1,91,991,91,91,91
1,91,991,91,91,91
2,93,21,93,93,93
1,91,991,91,91,91
1,91,991,91,91,91
1,91,991,91,91,91
2,93,18,93,93,93
2,91,991,91,91,91
2,25,15,1,1,2
2,91,991,91,91,91
1,91,991,91,91,91
1,93,16,93,93,93
2,93,18,93,93,93
2,91,991,91,91,91
1,91,991,91,91,91
2,27,13,1,1,2
2,91,991,91,91,91
2,1,35,2,1,2
1,1,14,1,1,2
1,91,991,91,91,91
1,93,14,93,93,93
2,91,991,91,91,91
2,30,17,1,2,2
1,93,20,93,93,93
2,91,991,91,91,91
2,93,21,93,93,93
2,93,14,93,93,93
1,93,22,93,93,93
2,91,991,91,91,91
2,91,991,91,91,91
2,30,12,1,2,2
2,93,21,93,93,93
2,30,16,1,2,2
2,91,991,91,91,91
1,93,12,93,93,93
2,91,991,91,91,91
1,91,991,91,91,91
2,93,13,93,93,93
2,91,991,91,91,91
1,91,991,91,91,91
2,93,15,93,93,93
1,91,991,91,91,91
2,91,991,91,91,91
2,91,991,91,91,91
2,93,17,93,93,93
2,91,991,91,91,91
2,91,991,91,91,91
2,91,991,91,91,91
1,93,18,93,93,93
1,91,991,91,91,91
1,6,14,1,2,2
1,93,18,93,93,93
1,10,18,1,1,2
2,91,991,91,91,91
2,93,13,93,93,93
2,93,22,93,93,93
1,91,991,91,91,91
2,93,16,93,93,93
2,2,30,1,2,1
1,20,17,2,1,2
1,25,18,1,2,2
2,93,21,93,93,93
1,93,21,93,93,93
1,93,14,93,93,93
1,91,991,91,91,91
2,91,991,91,91,91
2,91,991,91,91,91
2,26,16,1,2,2
1,1,20,1,1,2
1,91,991,91,91,91
1,93,15,93,93,93
1,93,21,93,93,93
1,13,15,1,2,2
2,93,13,93,93,93
2,91,991,91,91,91
2,91,991,91,91,91
1,91,991,91,91,91
1,20,17,2,1,2
1,93,17,93,93,93
1,93,24,93,93,93
2,91,991,91,91,91
2,91,991,91,91,91
1,91,991,91,91,91
1,27,12,1,2,2
2,91,991,91,91,91
2,91,991,91,91,91
2,91,991,91,91,91
2,91,991,91,91,91
2,5,15,1,2,2
1,17,16,1,2,1
1,91,991,91,91,91
2,91,991,91,91,91
1,20,15,1,1,1
2,91,991,91,91,91
2,93,18,93,93,93
1,91,991,91,91,91
2,93,12,93,93,93
1,91,991,91,91,91
1,30,17,1,2,1
2,91,991,91,91,91
1,93,13,93,93,93
2,1,21,1,2,2
2,91,991,91,91,91
2,91,991,91,91,91
2,91,991,91,91,91
1,91,991,91,91,91
2,91,991,91,91,91
1,91,991,91,91,91
2,20,56,2,2,1
2,30,19,1,1,2
2,91,991,91,91,91
2,91,991,91,91,91
1,2,19,2,1,2
2,93,14,93,93,93
2,91,991,91,91,91
1,91,991,91,91,91
1,91,991,91,91,91
1,15,16,1,2,2
2,30,19,1,1,1
2,91,991,91,91,91
1,91,991,91,91,91
1,91,991,91,91,91
2,91,991,91,91,91
2,93,19,93,93,93
2,91,991,91,91,91
2,25,16,1,1,2
2,93,30,93,93,93
2,91,991,91,91,91
2,91,991,91,91,91
2,30,30,1,2,2
1,93,15,93,93,93
2,91,991,91,91,91
2,91,991,91,91,91
1,1,22,1,2,2
2,93,13,93,93,93
2,93,18,93,93,93
1,25,13,1,1,2
1,91,991,91,91,91
2,91,991,91,91,91
2,93,36,93,93,93
2,93,18,93,93,93
2,93,21,93,93,93
2,3,22,1,2,2
2,91,991,91,91,91
2,3,19,1,2,1
1,91,991,91,91,91
1,30,18,1,2,1
2,91,991,91,91,91
2,91,991,91,91,91
2,93,17,93,93,93
2,91,991,91,91,91
2,93,15,93,93,93
2,91,991,91,91,91
1,30,16,1,1,2
2,91,991,91,91,91
1,93,18,93,93,93
2,91,991,91,91,91
1,91,991,91,91,91
1,91,991,91,91,91
2,91,991,91,91,91
1,91,991,91,91,91
1,93,16,93,93,93
2,91,991,91,91,91
2,91,991,91,91,91
1,93,15,93,93,93
2,93,17,93,93,93
1,30,14,1,2,2
1,93,20,93,93,93
1,93,15,93,93,93
1,1,13,2,2,1
1,5,14,1,2,2
2,93,16,93,93,93
1,91,991,91,91,91
1,91,991,91,91,91
1,91,991,91,91,91
2,91,991,91,91,91
1,93,14,93,93,93
2,30,13,1,2,1
1,93,21,93,93,93
2,91,991,91,91,91
1,98,985,98,98,98
2,98,13,98,98,98
2,91,991,91,91,91
1,93,14,93,93,93
1,25,18,1,2,2
2,12,14,1,2,1
1,93,15,93,93,93
1,91,991,91,91,91
1,91,991,91,91,91
2,91,991,91,91,91
2,91,991,91,91,91
1,91,991,91,91,91
1,93,997,93,93,93
1,91,991,91,91,91
1,93,18,93,93,93
1,91,991,91,91,91
1,91,991,91,91,91
2,91,991,91,91,91
2,91,991,91,91,91
2,91,991,91,91,91
2,91,991,91,91,91
2,91,991,91,91,91
1,91,991,91,91,91
2,30,16,1,1,1
1,91,991,91,91,91
2,8,19,1,2,2
2,91,991,91,91,91
1,91,991,91,91,91
1,93,21,93,93,93
1,93,17,93,93,93
1,91,991,91,91,91
1,91,991,91,91,91
1,93,24,93,93,93
1,91,991,91,91,91
2,91,991,91,91,91
2,91,991,91,91,91
1,91,991,91,91,91
1,30,15,1,1,1
1,93,16,93,93,93
1,91,991,91,91,91
2,91,991,91,91,91
1,93,15,93,93,93
1,6,16,1,2,2
2,91,991,91,91,91
1,91,991,91,91,91
2,91,991,91,91,91
2,93,14,93,93,93
1,22,18,1,1,1
2,93,18,93,93,93
2,25,18,1,1,1
2,91,991,91,91,91
1,93,35,93,93,93
2,30,14,1,2,2
1,15,16,1,2,2
2,91,991,91,91,91
1,93,24,93,93,93
2,91,991,91,91,91
2,91,991,91,91,91
2,15,20,2,1,1
2,91,991,91,91,91
1,91,991,91,91,91
2,91,991,91,91,91
2,91,991,91,91,91
2,93,17,93,93,93
2,91,991,91,91,91
1,1,13,1,2,2
1,93,19,93,93,93
2,93,17,93,93,93
1,10,12,1,2,1
2,91,991,91,91,91
2,91,991,91,91,91
1,91,991,91,91,91
2,91,991,91,91,91
1,93,39,93,93,93
1,93,18,93,93,93
1,91,991,91,91,91
2,93,13,93,93,93
1,98,20,5,4,4
2,93,25,93,93,93
2,91,991,91,91,91
2,91,991,91,91,91
1,91,991,91,91,91
2,4,18,2,2,1
1,93,15,93,93,93
1,91,991,91,91,91
2,91,991,91,91,91
1,91,991,91,91,91
2,91,991,91,91,91
2,91,991,91,91,91
2,91,991,91,91,91
1,91,991,91,91,91
2,30,14,1,1,1
2,93,14,93,93,93
1,93,20,93,93,93
2,91,991,91,91,91
2,91,991,91,91,91
2,93,18,93,93,93
1,91,991,91,91,91
2,91,991,91,91,91
1,91,991,91,91,91
1,93,16,93,93,93
2,30,20,2,1,1
2,93,18,93,93,93
2,91,991,91,91,91
2,30,16,1,2,2
2,20,16,1,2,1
1,30,18,1,1,2
1,93,12,93,93,93
2,91,991,91,91,91
2,91,991,91,91,91
1,30,15,1,2,1
1,93,14,93,93,93
1,93,22,93,93,93
2,93,22,93,93,93
2,91,991,91,91,91
1,91,991,91,91,91
1,93,21,93,93,93
1,98,997,98,98,98
2,91,991,91,91,91
2,91,991,91,91,91
2,93,22,93,93,93
2,93,22,93,93,93
2,91,991,91,91,91
2,93,21,93,93,93
1,25,16,1,1,2
1,91,991,91,91,91
2,91,991,91,91,91
2,91,991,91,91,91
2,14,17,2,2,1
2,93,17,93,93,93
2,93,17,93,93,93
2,91,991,91,91,91
1,30,14,1,1,2
1,91,991,91,91,91
1,91,991,91,91,91
1,21,18,1,1,2
1,93,13,93,93,93
2,2,17,1,2,1
1,98,985,98,98,98
1,93,10,93,93,93
1,98,15,98,98,98
1,93,15,93,93,93
1,91,991,91,91,91
1,30,14,1,2,2
1,91,991,91,91,91
2,91,991,91,91,91
1,93,16,93,93,93
2,3,15,2,1,2
2,93,16,93,93,93
1,91,991,91,91,91
1,91,991,91,91,91
2,4,12,1,1,1
2,93,17,93,93,93
2,91,991,91,91,91
1,91,991,91,91,91
2,91,991,91,91,91
2,91,991,91,91,91
2,91,991,91,91,91
1,91,991,91,91,91
1,10,16,1,2,1
2,93,20,93,93,93
1,91,991,91,91,91
1,93,16,93,93,93
1,20,14,1,1,1
1,91,991,91,91,91
1,91,991,91,91,91
2,91,991,91,91,91
1,91,991,91,91,91
2,93,15,93,93,93
1,91,991,91,91,91
2,91,991,91,91,91
2,93,15,93,93,93
1,93,20,93,93,93
1,15,10,1,2,2
1,91,991,91,91,91
1,91,991,91,91,91
2,30,18,1,2,1
2,93,16,93,93,93
1,91,991,91,91,91
1,2,16,2,2,1
1,91,991,91,91,91
1,91,991,91,91,91
1,93,17,93,93,93
1,93,19,93,93,93
1,93,12,93,93,93
1,30,12,1,1,1
1,91,991,91,91,91
1,93,16,93,93,93
1,91,991,91,91,91
1,91,991,91,91,91
1,91,991,91,91,91
1,93,18,93,93,93
2,30,11,1,2,2
2,91,991,91,91,91
2,91,991,91,91,91
2,91,991,91,91,91
2,91,991,91,91,91
2,93,16,93,93,93
1,91,991,91,91,91
2,91,991,91,91,91
1,93,32,93,93,93
2,93,16,93,93,93
1,91,991,91,91,91
1,91,991,91,91,91
2,91,991,91,91,91
1,91,991,91,91,91
1,93,11,93,93,93
2,91,991,91,91,91
2,93,18,93,93,93
1,91,991,91,91,91
2,91,991,91,91,91
2,91,991,91,91,91
2,91,991,91,91,91
1,91,991,91,91,91
1,91,991,91,91,91
2,91,991,91,91,91
2,3,15,2,1,2
2,91,991,91,91,91
1,91,991,91,91,91
1,93,21,93,93,93
2,91,991,91,91,91
1,93,18,93,93,93
2,91,991,91,91,91
1,93,16,93,93,93
1,91,991,91,91,91
2,91,991,91,91,91
1,93,30,93,93,93
1,91,991,91,91,91
2,1,18,2,2,1
1,91,991,91,91,91
1,93,17,93,93,93
1,15,13,1,2,2
1,91,991,91,91,91
1,2,18,2,1,2
1,91,991,91,91,91
2,11,13,1,1,1
1,91,991,91,91,91
2,93,13,93,93,93
1,91,991,91,91,91
2,10,16,1,2,1
2,91,991,91,91,91
1,98,985,98,98,98
1,97,19,1,2,1
1,1,20,1,2,1
2,93,15,93,93,93
2,91,991,91,91,91
1,91,991,91,91,91
2,91,991,91,91,91
1,7,21,1,2,2
2,93,21,93,93,93
2,29,11,1,1,1
2,4,18,1,1,2
2,98,20,98,98,98
2,93,16,93,93,93
1,91,991,91,91,91
1,28,15,1,1,2
2,93,26,93,93,93
1,30,16,1,1,1
1,93,15,93,93,93
2,91,991,91,91,91
1,91,991,91,91,91
1,91,991,91,91,91
2,91,991,91,91,91
1,93,16,93,93,93
1,3,22,1,1,2
1,91,991,91,91,91
1,91,991,91,91,91
1,91,991,91,91,91
2,17,15,1,1,1
2,91,991,91,91,91
2,30,18,1,2,2
1,93,15,93,93,93
1,93,18,93,93,93
1,30,12,1,1,1
1,91,991,91,91,91
2,93,23,93,93,93
1,91,991,91,91,91
1,5,18,1,2,2
2,1,19,1,2,2
1,98,22,98,98,98
1,91,991,91,91,91
1,91,991,91,91,91
1,93,18,93,93,93
2,93,15,93,93,93
2,91,991,91,91,91
2,15,18,1,1,2
2,93,12,93,93,93
2,91,991,91,91,91
2,91,991,91,91,91
2,91,991,91,91,91
2,91,991,91,91,91
1,93,20,93,93,93
1,91,991,91,91,91
2,91,991,91,91,91
1,91,991,91,91,91
2,91,991,91,91,91
2,91,991,91,91,91
1,91,991,91,91,91
2,91,991,91,91,91
2,5,18,1,2,1
2,91,991,91,91,91
2,93,17,93,93,93
1,91,991,91,91,91
2,30,13,1,2,1
1,30,14,1,1,1
1,93,18,93,93,93
1,91,991,91,91,91
1,91,991,91,91,91
1,10,15,1,1,1
1,91,991,91,91,91
2,91,991,91,91,91
1,91,991,91,91,91
2,91,991,91,91,91
1,91,991,91,91,91
2,91,991,91,91,91
2,91,991,91,91,91
2,93,18,93,93,93
2,91,991,91,91,91
2,91,991,91,91,91
2,91,991,91,91,91
2,91,991,91,91,91
2,91,991,91,91,91
1,91,991,91,91,91
1,93,14,93,93,93
1,93,18,93,93,93
2,28,60,2,2,1
2,91,991,91,91,91
1,91,991,91,91,91
2,91,991,91,91,91
1,91,991,91,91,91
1,91,991,91,91,91
1,91,991,91,91,91
1,93,27,93,93,93
2,91,991,91,91,91
2,93,13,93,93,93
2,23,11,1,2,2
2,91,991,91,91,91
2,91,991,91,91,91
2,91,991,91,91,91
2,91,991,91,91,91
2,93,18,93,93,93
2,91,991,91,91,91
2,91,991,91,91,91
1,1,40,2,2,1
2,1,14,1,2,2
2,91,991,91,91,91
2,91,991,91,91,91
2,91,991,91,91,91
1,93,11,93,93,93
2,91,991,91,91,91
1,91,991,91,91,91
1,91,991,91,91,91
2,93,16,93,93,93
2,91,991,91,91,91
2,91,991,91,91,91
2,93,14,93,93,93
2,93,15,93,93,93
2,93,20,93,93,93
1,91,991,91,91,91
1,93,20,93,93,93
1,30,18,1,1,1
1,93,26,93,93,93
1,93,18,93,93,93
1,93,21,93,93,93
1,91,991,91,91,91
2,91,991,91,91,91
1,30,12,1,1,2
1,93,25,93,93,93
2,91,991,91,91,91
1,91,991,91,91,91
2,91,991,91,91,91
2,91,991,91,91,91
2,93,16,93,93,93
1,20,13,1,1,2
2,91,991,91,91,91
1,15,12,1,2,2
1,27,15,1,2,2
1,2,19,1,2,2
1,91,991,91,91,91
2,91,991,91,91,91
2,91,991,91,91,91
1,30,7,1,1,1
2,91,991,91,91,91
2,91,991,91,91,91
2,1,21,2,2,1
2,91,991,91,91,91
2,91,991,91,91,91
2,5,32,2,1,2
1,91,991,91,91,91
2,15,12,1,1,1
1,93,22,93,93,93
2,93,14,93,93,93
2,91,991,91,91,91
2,30,73,2,2,1
1,91,991,91,91,91
2,91,991,91,91,91
2,93,22,93,93,93
2,91,991,91,91,91
2,93,18,93,93,93
2,91,991,91,91,91
1,9,15,1,2,2
2,91,991,91,91,91
1,91,991,91,91,91
2,91,991,91,91,91
2,91,991,91,91,91
1,30,15,1,2,2
2,30,22,1,2,1
1,91,991,91,91,91
1,93,16,93,93,93
2,93,14,93,93,93
1,91,991,91,91,91
2,1,17,1,2,2
1,91,991,91,91,91
2,91,991,91,91,91
2,91,991,91,91,91
1,93,17,93,93,93
2,28,19,1,1,1
2,93,16,93,93,93
1,91,991,91,91,91
1,91,991,91,91,91
1,91,991,91,91,91
2,98,15,98,98,98
1,91,991,91,91,91
2,91,991,91,91,91
1,2,18,2,2,1
2,91,991,91,91,91
2,91,991,91,91,91
2,91,991,91,91,91
2,91,991,91,91,91
1,91,991,91,91,91
2,93,22,93,93,93
1,93,24,93,93,93
2,20,16,2,1,2
2,91,991,91,91,91
2,28,16,1,2,2
2,91,991,91,91,91
2,93,27,93,93,93
1,91,991,91,91,91
1,91,991,91,91,91
1,91,991,91,91,91
2,91,991,91,91,91
1,91,991,91,91,91
1,1,16,2,2,1
1,10,15,1,1,2
1,91,991,91,91,91
1,91,991,91,91,91
1,30,18,1,1,1
2,93,16,93,93,93
2,93,19,93,93,93
2,1,14,1,1,1
1,91,991,91,91,91
1,91,991,91,91,91
1,91,991,91,91,91
2,93,19,93,93,93
2,91,991,91,91,91
1,91,991,91,91,91
2,91,991,91,91,91
2,93,15,93,93,93
2,98,17,98,98,98
1,91,991,91,91,91
2,93,15,93,93,93
2,91,991,91,91,91
1,7,15,2,1,2
1,91,991,91,91,91
1,91,991,91,91,91
1,93,14,93,93,93
1,25,18,1,1,1
2,25,18,1,2,2
2,93,15,93,93,93
1,91,991,91,91,91
1,93,15,93,93,93
1,93,15,93,93,93
2,91,991,91,91,91
2,91,991,91,91,91
2,91,991,91,91,91
2,91,991,91,91,91
1,91,991,91,91,91
2,91,991,91,91,91
1,91,991,91,91,91
1,91,991,91,91,91
2,91,991,91,91,91
1,93,21,93,93,93
1,91,991,91,91,91
2,91,991,91,91,91
1,91,991,91,91,91
2,93,21,93,93,93
1,91,991,91,91,91
1,91,991,91,91,91
1,91,991,91,91,91
1,93,30,93,93,93
1,4,16,1,2,1
1,91,991,91,91,91
1,93,14,93,93,93
2,91,991,91,91,91
1,91,991,91,91,91
2,91,991,91,91,91
1,91,991,91,91,91
1,93,16,93,93,93
1,91,991,91,91,91
1,91,991,91,91,91
2,91,991,91,91,91
1,91,991,91,91,91
1,91,991,91,91,91
1,91,991,91,91,91
1,91,991,91,91,91
2,91,991,91,91,91
1,93,14,93,93,93
1,93,19,93,93,93
2,91,991,91,91,91
2,93,31,93,93,93
2,93,19,93,93,93
1,93,17,93,93,93
1,91,991,91,91,91
1,7,14,1,1,1
1,91,991,91,91,91
2,91,991,91,91,91
2,15,14,1,1,2
1,91,991,91,91,91
1,28,14,1,1,1
2,93,28,93,93,93
1,93,18,93,93,93
1,91,991,91,91,91
2,8,19,2,1,1
1,91,991,91,91,91
2,91,991,91,91,91
2,93,18,93,93,93
2,91,991,91,91,91
2,91,991,91,91,91
2,93,22,93,93,93
2,93,24,93,93,93
2,20,48,2,1,1
1,91,991,91,91,91
1,93,33,93,93,93
1,91,991,91,91,91
1,91,991,91,91,91
1,91,991,91,91,91
1,91,991,91,91,91
2,25,11,1,1,2
1,3,15,2,1,2
2,93,16,93,93,93
1,91,991,91,91,91
2,93,15,93,93,93
2,30,18,1,1,2
2,93,18,93,93,93
2,91,991,91,91,91
1,91,991,91,91,91
2,93,14,93,93,93
2,93,21,93,93,93
2,93,19,93,93,93
1,91,991,91,91,91
1,91,991,91,91,91
2,93,14,93,93,93
2,91,991,91,91,91
1,27,18,1,1,2
1,91,991,91,91,91
2,91,991,91,91,91
1,93,18,93,93,93
1,91,991,91,91,91
2,91,991,91,91,91
1,91,991,91,91,91
2,91,991,91,91,91
2,91,991,91,91,91
1,30,14,1,2,2
1,93,18,93,93,93
1,91,991,91,91,91
1,93,15,93,93,93
2,93,21,93,93,93
2,91,991,91,91,91
1,91,991,91,91,91
1,93,20,93,93,93
2,93,22,93,93,93
1,91,991,91,91,91
1,91,991,91,91,91
1,91,991,91,91,91
2,91,991,91,91,91
1,93,17,93,93,93
2,98,997,98,98,98
2,91,991,91,91,91
2,91,991,91,91,91
2,91,991,91,91,91
2,93,20,93,93,93
2,2,16,1,2,1
2,93,30,93,93,93
1,91,991,91,91,91
2,91,991,91,91,91
1,91,991,91,91,91
2,4,17,2,2,1
2,5,25,2,2,1
2,30,25,2,1,1
1,91,991,91,91,91
1,91,991,91,91,91
2,30,12,1,2,2
1,91,991,91,91,91
2,93,19,93,93,93
1,91,991,91,91,91
2,91,991,91,91,91
1,91,991,91,91,91
2,93,19,93,93,93
1,93,14,93,93,93
1,91,991,91,91,91
2,93,12,93,93,93
1,30,14,1,1,2
2,93,70,93,93,93
1,91,991,91,91,91
2,91,991,91,91,91
1,91,991,91,91,91
2,93,15,93,93,93
1,28,15,1,2,2
2,93,19,93,93,93
2,91,991,91,91,91
2,28,16,1,2,2
2,91,991,91,91,91
1,91,991,91,91,91
1,91,991,91,91,91
1,91,991,91,91,91
2,91,991,91,91,91
1,93,20,93,93,93
2,91,991,91,91,91
2,25,17,1,2,1
2,91,991,91,91,91
2,30,8,1,1,1
1,91,991,91,91,91
2,93,17,93,93,93
2,91,991,91,91,91
1,93,16,93,93,93
1,93,14,93,93,93
2,91,991,91,91,91
1,91,991,91,91,91
1,91,991,91,91,91
1,93,19,93,93,93
2,91,991,91,91,91
1,91,991,91,91,91
2,91,991,91,91,91
1,93,17,93,93,93
2,91,991,91,91,91
1,93,21,93,93,93
2,91,991,91,91,91
2,91,991,91,91,91
2,93,19,93,93,93
2,93,13,93,93,93
1,91,991,91,91,91
1,93,14,93,93,93
2,91,991,91,91,91
1,91,991,91,91,91
2,91,991,91,91,91
1,30,17,1,1,2
2,91,991,91,91,91
2,91,991,91,91,91
2,91,991,91,91,91
2,91,991,91,91,91
1,93,21,93,93,93
1,91,991,91,91,91
1,91,991,91,91,91
2,91,991,91,91,91
2,91,991,91,91,91
1,91,991,91,91,91
1,91,991,91,91,91
1,93,16,93,93,93
2,91,991,91,91,91
1,91,991,91,91,91
1,93,16,93,93,93
2,7,15,1,1,1
2,91,991,91,91,91
2,1,14,2,1,2
2,93,14,93,93,93
2,93,13,93,93,93
2,93,26,93,93,93
2,30,12,1,2,2
1,18,15,1,1,2
1,93,16,93,93,93
2,93,19,93,93,93
1,93,23,93,93,93
2,91,991,91,91,91
2,93,17,93,93,93
2,91,991,91,91,91
1,91,991,91,91,91
1,91,991,91,91,91
1,93,18,93,93,93
1,93,18,93,93,93
1,3,17,1,2,2
2,91,991,91,91,91
1,91,991,91,91,91
1,91,991,91,91,91
2,1,18,2,2,1
1,91,991,91,91,91
2,93,18,93,93,93
2,10,17,1,2,2
2,91,991,91,91,91
1,93,17,93,93,93
2,91,991,91,91,91
1,91,991,91,91,91
2,91,991,91,91,91
1,91,991,91,91,91
2,91,991,91,91,91
1,91,991,91,91,91
1,91,991,91,91,91
2,91,991,91,91,91
2,93,18,93,93,93
2,91,991,91,91,91
1,94,20,1,1,1
1,91,991,91,91,91
2,91,991,91,91,91
1,91,991,91,91,91
1,93,16,93,93,93
2,91,991,91,91,91
2,91,991,91,91,91
2,91,991,91,91,91
1,93,16,93,93,93
2,15,16,1,2,2
1,91,991,91,91,91
2,30,12,1,1,1
1,2,18,2,1,2
1,30,17,1,1,2
1,93,15,93,93,93
2,91,991,91,91,91
2,93,24,93,93,93
2,93,16,93,93,93
1,91,991,91,91,91
2,27,21,1,2,2
1,91,991,91,91,91
1,91,991,91,91,91
1,91,991,91,91,91
2,1,33,2,2,1
2,30,14,2,2,1
1,91,991,91,91,91
1,5,14,1,1,2
1,93,20,93,93,93
2,91,991,91,91,91
1,91,991,91,91,91
1,91,991,91,91,91
1,91,991,91,91,91
2,93,21,93,93,93
1,91,991,91,91,91
1,7,14,1,2,2
2,91,991,91,91,91
1,93,13,93,93,93
2,29,18,1,1,1
1,91,991,91,91,91
2,93,23,93,93,93
2,26,15,1,1,2
1,25,21,1,2,1
1,30,30,1,1,1
2,93,16,93,93,93
2,91,991,91,91,91
2,24,16,1,1,2
2,93,21,93,93,93
2,91,991,91,91,91
2,25,14,1,1,1
2,91,991,91,91,91
1,30,16,1,1,1
1,91,991,91,91,91
2,6,15,2,2,1
2,91,991,91,91,91
1,91,991,91,91,91
1,93,17,93,93,93
2,91,991,91,91,91
2,30,16,1,1,1
2,91,991,91,91,91
2,2,13,2,2,1
1,2,17,1,1,2
1,93,18,93,93,93
1,91,991,91,91,91
2,91,991,91,91,91
1,91,991,91,91,91
1,91,991,91,91,91
2,91,991,91,91,91
1,91,991,91,91,91
2,91,991,91,91,91
2,4,15,1,1,2
2,91,991,91,91,91
2,3,12,2,1,2
2,91,991,91,91,91
2,91,991,91,91,91
2,91,991,91,91,91
2,93,18,93,93,93
1,1,27,1,2,2
1,91,991,91,91,91
1,93,18,93,93,93
2,91,991,91,91,91
1,91,991,91,91,91
1,93,18,93,93,93
2,93,18,93,93,93
2,93,22,93,93,93
1,91,991,91,91,91
2,91,991,91,91,91
2,91,991,91,91,91
2,91,991,91,91,91
2,91,991,91,91,91
2,30,16,1,2,2
2,93,17,93,93,93
2,91,991,91,91,91
2,91,991,91,91,91
2,93,30,93,93,93
1,91,991,91,91,91
1,91,991,91,91,91
2,91,991,91,91,91
2,91,991,91,91,91
2,91,991,91,91,91
2,93,18,93,93,93
2,4,18,2,2,1
2,93,15,93,93,93
1,91,991,91,91,91
1,93,19,93,93,93
2,93,18,93,93,93
2,91,991,91,91,91
2,30,15,1,1,1
2,91,991,91,91,91
2,91,991,91,91,91
2,93,16,93,93,93
2,91,991,91,91,91
1,91,991,91,91,91
1,91,991,91,91,91
2,30,16,1,2,2
1,12,20,1,2,2
1,91,991,91,91,91
2,91,991,91,91,91
2,91,991,91,91,91
1,91,991,91,91,91
1,9,12,1,1,1
2,91,991,91,91,91
1,91,991,91,91,91
2,91,991,91,91,91
1,91,991,91,91,91
1,93,16,93,93,93
2,91,991,91,91,91
2,91,991,91,91,91
1,91,991,91,91,91
1,91,991,91,91,91
1,22,16,1,1,2
2,91,991,91,91,91
2,91,991,91,91,91
1,30,16,1,1,2
1,93,19,93,93,93
2,91,991,91,91,91
1,93,30,93,93,93
1,91,991,91,91,91
2,91,991,91,91,91
2,91,991,91,91,91
1,4,14,1,2,2
1,91,991,91,91,91
1,93,21,93,93,93
1,91,991,91,91,91
1,25,18,1,1,2
2,93,36,93,93,93
1,93,16,93,93,93
2,20,17,1,2,2
1,91,991,91,91,91
2,91,991,91,91,91
2,91,991,91,91,91
2,30,13,1,2,2
1,93,16,93,93,93
1,93,18,93,93,93
2,91,991,91,91,91
1,91,991,91,91,91
2,91,991,91,91,91
2,91,991,91,91,91
1,91,991,91,91,91
1,93,15,93,93,93
2,93,15,93,93,93
1,91,991,91,91,91
1,91,991,91,91,91
2,93,21,93,93,93
2,91,991,91,91,91
2,93,16,93,93,93
2,91,991,91,91,91
2,3,16,1,2,2
2,93,28,93,93,93
2,91,991,91,91,91
1,30,12,1,2,2
1,93,15,93,93,93
1,93,16,93,93,93
1,18,15,1,2,2
2,7,30,1,2,2
1,91,991,91,91,91
2,91,991,91,91,91
1,91,991,91,91,91
1,8,14,2,1,2
1,3,13,1,1,1
2,26,13,2,1,1
1,91,991,91,91,91
2,91,991,91,91,91
1,91,991,91,91,91
2,93,12,93,93,93
2,91,991,91,91,91
1,93,30,93,93,93
1,93,14,93,93,93
1,91,991,91,91,91
2,91,991,91,91,91
1,3,16,2,2,1
1,30,19,2,1,2
1,91,991,91,91,91
2,91,991,91,91,91
1,93,25,93,93,93
2,91,991,91,91,91
1,91,991,91,91,91
2,7,15,1,2,2
2,91,991,91,91,91
1,91,991,91,91,91
1,91,991,91,91,91
1,93,15,93,93,93
1,30,14,1,2,2
2,93,16,93,93,93
1,91,991,91,91,91
1,93,15,93,93,93
2,91,991,91,91,91
1,91,991,91,91,91
2,93,23,93,93,93
1,91,991,91,91,91
2,93,15,93,93,93
1,91,991,91,91,91
2,91,991,91,91,91
2,93,25,93,93,93
1,93,994,93,93,93
1,91,991,91,91,91
2,2,15,2,1,2
1,3,9,1,2,2
2,91,991,91,91,91
2,93,15,93,93,93
1,91,991,91,91,91
1,30,15,1,1,1
1,91,991,91,91,91
1,93,15,93,93,93
1,4,17,1,1,2
1,91,991,91,91,91
2,91,991,91,91,91
2,91,991,91,91,91
1,91,991,91,91,91
1,30,16,1,2,2
2,91,991,91,91,91
1,91,991,91,91,91
2,91,991,91,91,91
1,26,13,1,2,2
2,91,991,91,91,91
2,91,991,91,91,91
2,91,991,91,91,91
2,93,14,93,93,93
2,91,991,91,91,91
1,30,16,1,1,2
2,93,18,93,93,93
1,91,991,91,91,91
1,91,991,91,91,91
2,93,18,93,93,93
2,91,991,91,91,91
1,91,991,91,91,91
1,30,24,1,2,1
1,91,991,91,91,91
1,93,16,93,93,93
1,93,12,93,93,93
1,3,16,1,2,2
1,93,17,93,93,93
1,91,991,91,91,91
2,91,991,91,91,91
2,4,16,1,1,2
2,91,991,91,91,91
2,91,991,91,91,91
2,91,991,91,91,91
2,91,991,91,91,91
2,5,9,1,2,1
2,91,991,91,91,91
1,91,991,91,91,91
1,93,17,93,93,93
2,30,15,1,1,2
1,93,13,93,93,93
1,93,30,93,93,93
1,91,991,91,91,91
2,91,991,91,91,91
2,91,991,91,91,91
1,93,22,93,93,93
2,91,991,91,91,91
1,30,13,1,2,2
2,91,991,91,91,91
1,91,991,91,91,91
2,91,991,91,91,91
2,93,13,93,93,93
1,91,991,91,91,91
2,91,991,91,91,91
1,91,991,91,91,91
1,91,991,91,91,91
2,91,991,91,91,91
1,91,991,91,91,91
2,93,21,93,93,93
1,26,16,1,2,2
1,93,19,93,93,93
1,91,991,91,91,91
2,93,19,93,93,93
2,93,16,93,93,93
1,93,17,93,93,93
1,91,991,91,91,91
1,91,991,91,91,91
2,93,19,93,93,93
2,6,13,1,1,1
2,93,15,93,93,93
2,91,991,91,91,91
2,3,17,1,2,2
1,91,991,91,91,91
2,93,13,93,93,93
2,91,991,91,91,91
2,91,991,91,91,91
2,12,20,2,2,1
1,91,991,91,91,91
1,91,991,91,91,91
2,91,991,91,91,91
1,91,991,91,91,91
2,30,13,1,2,2
2,7,16,1,2,2
1,93,21,93,93,93
1,30,18,1,2,2
2,91,991,91,91,91
1,91,991,91,91,91
1,91,991,91,91,91
2,93,20,93,93,93
2,91,991,91,91,91
2,91,991,91,91,91
1,20,18,1,1,1
1,91,991,91,91,91
2,91,991,91,91,91
2,93,16,93,93,93
2,1,18,2,2,1
2,93,15,93,93,93
1,91,991,91,91,91
2,93,10,93,93,93
1,93,25,93,93,93
1,91,991,91,91,91
1,91,991,91,91,91
1,25,21,1,2,1
1,93,18,93,93,93
1,91,991,91,91,91
1,91,991,91,91,91
1,91,991,91,91,91
1,91,991,91,91,91
2,91,991,91,91,91
2,2,20,1,2,1
2,91,991,91,91,91
2,2,16,1,2,2
1,93,12,93,93,93
2,93,67,93,93,93
2,91,991,91,91,91
2,93,16,93,93,93
2,91,991,91,91,91
2,93,12,93,93,93
1,91,991,91,91,91
1,91,991,91,91,91
1,91,991,91,91,91
2,93,17,93,93,93
1,93,17,93,93,93
2,26,17,1,1,1
2,93,16,93,93,93
2,91,991,91,91,91
2,91,991,91,91,91
2,93,18,93,93,93
1,93,18,93,93,93
2,91,991,91,91,91
1,91,991,91,91,91
1,91,991,91,91,91
2,10,15,2,2,2
1,91,991,91,91,91
2,1,19,2,2,1
2,91,991,91,91,91
2,20,15,1,2,2
2,93,20,93,93,93
2,10,18,1,2,2
1,91,991,91,91,91
2,30,17,1,1,2
2,91,991,91,91,91
2,91,991,91,91,91
2,30,18,1,2,2
2,93,19,93,93,93
2,25,13,1,2,2
1,5,19,1,1,1
2,91,991,91,91,91
2,29,16,1,1,2
1,93,18,93,93,93
2,25,16,1,1,2
2,91,991,91,91,91
2,91,991,91,91,91
1,91,991,91,91,91
2,93,17,93,93,93
2,93,23,93,93,93
2,91,991,91,91,91
2,91,991,91,91,91
1,91,991,91,91,91
2,91,991,91,91,91
1,91,991,91,91,91
1,91,991,91,91,91
2,30,12,2,1,1
1,91,991,91,91,91
2,93,19,93,93,93
1,91,991,91,91,91
2,91,991,91,91,91
2,91,991,91,91,91
2,91,991,91,91,91
1,93,14,93,93,93
2,93,15,93,93,93
2,91,991,91,91,91
1,28,18,1,2,1
2,91,991,91,91,91
1,93,13,93,93,93
2,91,991,91,91,91
2,91,991,91,91,91
1,91,991,91,91,91
2,91,991,91,91,91
1,93,14,93,93,93
2,30,16,1,1,2
2,93,18,93,93,93
2,91,991,91,91,91
1,91,991,91,91,91
1,91,991,91,91,91
1,91,991,91,91,91
1,93,18,93,93,93
2,91,991,91,91,91
2,91,991,91,91,91
1,91,991,91,91,91
1,93,17,93,93,93
1,93,18,93,93,93
2,93,35,93,93,93
1,91,991,91,91,91
1,93,23,93,93,93
1,93,24,93,93,93
2,91,991,91,91,91
2,93,60,93,93,93
2,91,991,91,91,91
1,91,991,91,91,91
1,91,991,91,91,91
2,3,20,2,2,1
2,91,991,91,91,91
1,30,11,1,1,1
2,10,20,2,1,2
2,93,18,93,93,93
1,93,32,93,93,93
2,93,15,93,93,93
2,93,22,93,93,93
1,91,991,91,91,91
2,93,48,93,93,93
2,93,16,93,93,93
2,91,991,91,91,91
1,91,991,91,91,91
1,91,991,91,91,91
2,91,991,91,91,91
2,91,991,91,91,91
2,91,991,91,91,91
1,93,24,93,93,93
2,15,14,1,2,5
2,93,16,93,93,93
1,93,18,93,93,93
1,93,18,93,93,93
2,93,18,93,93,93
2,91,991,91,91,91
1,91,991,91,91,91
2,91,991,91,91,91
2,29,14,1,2,2
1,91,991,91,91,91
1,93,14,93,93,93
1,93,18,93,93,93
1,91,991,91,91,91
2,91,991,91,91,91
2,1,16,1,2,2
1,8,25,1,2,1
2,93,21,93,93,93
2,91,991,91,91,91
1,20,16,1,2,2
1,91,991,91,91,91
1,2,17,2,2,1
1,14,16,1,2,2
2,5,25,1,2,2
1,91,991,91,91,91
2,3,17,1,2,2
1,93,15,93,93,93
2,93,22,93,93,93
1,91,991,91,91,91
1,91,991,91,91,91
2,93,16,93,93,93
2,91,991,91,91,91
2,91,991,91,91,91
1,5,18,1,2,2
2,91,991,91,91,91
2,93,13,93,93,93
1,91,991,91,91,91
1,91,991,91,91,91
1,91,991,91,91,91
1,91,991,91,91,91
2,91,991,91,91,91
2,93,16,93,93,93
2,91,991,91,91,91
1,91,991,91,91,91
1,93,12,93,93,93
1,93,13,93,93,93
1,91,991,91,91,91
1,93,16,93,93,93
2,93,21,93,93,93
2,93,15,93,93,93
1,91,991,91,91,91
2,91,991,91,91,91
2,91,991,91,91,91
1,93,994,93,93,93
2,30,14,1,1,2
1,91,991,91,91,91
2,93,20,93,93,93
2,25,16,2,1,2
2,91,991,91,91,91
1,91,991,91,91,91
2,91,991,91,91,91
1,91,991,91,91,91
1,93,30,93,93,93
2,91,991,91,91,91
1,91,991,91,91,91
2,10,18,2,2,1
1,93,16,93,93,93
2,93,17,93,93,93
2,91,991,91,91,91
2,93,16,93,93,93
1,93,18,93,93,93
2,15,19,1,1,1
2,93,18,93,93,93
2,2,15,1,1,2
1,93,28,93,93,93
1,91,991,91,91,91
2,91,991,91,91,91
2,93,17,93,93,93
1,93,18,93,93,93
2,93,17,93,93,93
1,91,991,91,91,91
1,93,14,93,93,93
2,91,991,91,91,91
1,91,991,91,91,91
1,91,991,91,91,91
2,91,991,91,91,91
1,91,991,91,91,91
1,91,991,91,91,91
2,93,15,93,93,93
1,91,991,91,91,91
1,93,17,93,93,93
2,91,991,91,91,91
1,91,991,91,91,91
2,91,991,91,91,91
2,93,46,93,93,93
1,3,15,1,2,2
2,91,991,91,91,91
1,91,991,91,91,91
2,91,991,91,91,91
1,91,991,91,91,91
1,91,991,91,91,91
1,93,18,93,93,93
2,93,15,93,93,93
1,91,991,91,91,91
2,91,991,91,91,91
2,93,16,93,93,93
2,91,991,91,91,91
2,91,991,91,91,91
1,91,991,91,91,91
2,91,991,91,91,91
1,91,991,91,91,91
1,91,991,91,91,91
1,25,13,1,2,2
2,2,20,1,2,2
2,91,991,91,91,91
1,91,991,91,91,91
1,91,991,91,91,91
2,91,991,91,91,91
2,91,991,91,91,91
2,91,991,91,91,91
2,1,13,1,1,2
1,91,991,91,91,91
1,91,991,91,91,91
2,91,991,91,91,91
1,91,991,91,91,91
1,4,14,1,2,1
1,91,991,91,91,91
2,1,14,1,2,2
1,30,16,1,2,2
1,1,15,2,2,1
1,91,991,91,91,91
2,91,991,91,91,91
2,5,15,1,2,1
2,91,991,91,91,91
2,93,13,93,93,93
2,93,22,93,93,93
2,12,12,1,2,2
2,91,991,91,91,91
2,93,13,93,93,93
2,91,991,91,91,91
2,93,17,93,93,93
2,91,991,91,91,91
2,93,22,93,93,93
2,93,8,93,93,93
1,93,18,93,93,93
2,15,16,2,2,2
1,91,991,91,91,91
2,1,32,2,2,2
1,4,994,1,2,2
2,91,991,91,91,91
2,15,28,1,1,2
2,91,991,91,91,91
1,30,17,1,1,2
2,91,991,91,91,91
1,91,991,91,91,91
2,91,991,91,91,91
2,8,15,1,1,2
1,91,991,91,91,91
2,5,17,1,2,2
2,91,991,91,91,91
1,91,991,91,91,91
1,91,991,91,91,91
1,91,991,91,91,91
1,91,991,91,91,91
2,91,991,91,91,91
2,26,16,1,1,1
2,91,991,91,91,91
2,91,991,91,91,91
1,91,991,91,91,91
2,91,991,91,91,91
2,91,991,91,91,91
2,91,991,91,91,91
2,1,15,1,1,2
2,91,991,91,91,91
1,8,16,1,1,2
2,91,991,91,91,91
2,93,18,93,93,93
1,93,16,93,93,93
2,91,991,91,91,91
1,91,991,91,91,91
2,91,991,91,91,91
2,93,17,93,93,93
1,93,16,93,93,93
2,93,19,93,93,93
2,91,991,91,91,91
2,91,991,91,91,91
1,91,991,91,91,91
2,93,14,93,93,93
1,93,18,93,93,93
1,91,991,91,91,91
1,91,991,91,91,91
2,93,16,93,93,93
1,91,991,91,91,91
1,93,14,93,93,93
2,93,18,93,93,93
2,91,991,91,91,91
1,93,22,93,93,93
1,91,991,91,91,91
2,91,991,91,91,91
2,93,12,93,93,93
2,1,14,1,2,2
2,91,991,91,91,91
1,29,16,1,1,2
2,91,991,91,91,91
1,93,26,93,93,93
1,93,14,93,93,93
1,91,991,91,91,91
2,91,991,91,91,91
1,15,15,1,1,2
1,91,991,91,91,91
2,91,991,91,91,91
1,91,991,91,91,91
2,91,991,91,91,91
2,93,16,93,93,93
2,93,16,93,93,93
2,91,991,91,91,91
2,93,21,93,93,93
1,28,16,1,2,2
1,5,19,1,1,2
2,93,16,93,93,93
2,91,991,91,91,91
1,91,991,91,91,91
2,93,18,93,93,93
2,91,991,91,91,91
1,91,991,91,91,91
2,30,13,1,2,1
1,91,991,91,91,91
2,91,991,91,91,91
2,91,991,91,91,91
2,91,991,91,91,91
2,91,991,91,91,91
2,91,991,91,91,91
2,91,991,91,91,91
2,93,15,93,93,93
2,91,991,91,91,91
2,91,991,91,91,91
2,91,991,91,91,91
1,20,12,1,2,2
2,93,16,93,93,93
2,93,18,93,93,93
2,91,991,91,91,91
2,93,30,93,93,93
2,93,65,93,93,93
1,93,40,93,93,93
2,91,991,91,91,91
2,93,19,93,93,93
1,6,12,1,2,2
1,91,991,91,91,91
2,93,19,93,93,93
2,93,16,93,93,93
2,91,991,91,91,91
2,91,991,91,91,91
2,91,991,91,91,91
2,91,991,91,91,91
1,1,14,1,2,2
1,93,24,93,93,93
1,91,991,91,91,91
2,91,991,91,91,91
1,93,15,93,93,93
1,20,16,2,2,1
2,91,991,91,91,91
1,93,17,93,93,93
2,30,16,1,2,2
1,91,991,91,91,91
1,30,17,1,1,1
2,91,991,91,91,91
2,91,991,91,91,91
2,2,21,2,1,1
2,91,991,91,91,91
1,91,991,91,91,91
1,91,991,91,91,91
2,91,991,91,91,91
1,91,991,91,91,91
2,91,991,91,91,91
2,4,20,2,1,1
2,93,18,93,93,93
1,93,14,93,93,93
2,91,991,91,91,91
1,2,15,2,2,1
1,91,991,91,91,91
2,91,991,91,91,91
2,91,991,91,91,91
2,91,991,91,91,91
2,91,991,91,91,91
2,93,16,93,93,93
1,91,991,91,91,91
2,91,991,91,91,91
1,93,25,93,93,93
2,91,991,91,91,91
1,91,991,91,91,91
1,30,997,1,1,2
2,93,18,93,93,93
2,91,991,91,91,91
1,30,16,1,2,2
1,30,20,1,2,2
2,93,15,93,93,93
2,2,21,1,2,1
2,91,991,91,91,91
2,93,25,93,93,93
1,91,991,91,91,91
1,91,991,91,91,91
2,91,991,91,91,91
1,93,14,93,93,93
1,25,15,1,1,2
2,91,991,91,91,91
2,91,991,91,91,91
2,93,15,93,93,93
1,91,991,91,91,91
2,91,991,91,91,91
2,93,16,93,93,93
1,93,23,93,93,93
1,91,991,91,91,91
2,91,991,91,91,91
2,93,17,93,93,93
2,93,14,93,93,93
1,15,15,1,1,2
2,93,16,93,93,93
1,91,991,91,91,91
2,91,991,91,91,91
2,91,991,91,91,91
2,91,991,91,91,91
1,27,14,1,2,2
1,91,991,91,91,91
2,93,14,93,93,93
1,5,18,2,1,1
2,2,17,1,2,1
2,91,991,91,91,91
2,93,14,93,93,93
1,93,35,93,93,93
1,1,16,1,2,2
2,93,23,93,93,93
2,91,991,91,91,91
2,93,20,93,93,93
1,91,991,91,91,91
2,91,991,91,91,91
1,91,991,91,91,91
2,91,991,91,91,91
1,91,991,91,91,91
2,91,991,91,91,91
1,30,16,1,2,2
2,3,16,1,2,2
2,25,14,1,2,2
2,91,991,91,91,91
1,1,16,1,2,2
2,93,22,93,93,93
1,91,991,91,91,91
2,91,991,91,91,91
1,93,18,93,93,93
1,91,991,91,91,91
1,93,18,93,93,93
2,91,991,91,91,91
1,93,14,93,93,93
2,91,991,91,91,91
2,91,991,91,91,91
2,91,991,91,91,91
2,93,17,93,93,93
2,91,991,91,91,91
2,91,991,91,91,91
2,4,18,1,1,2
1,91,991,91,91,91
2,91,991,91,91,91
2,2,25,2,1,1
2,93,15,93,93,93
1,91,991,91,91,91
2,91,991,91,91,91
2,93,19,93,93,93
1,93,20,93,93,93
1,2,22,2,2,1
2,91,991,91,91,91
1,91,991,91,91,91
1,91,991,91,91,91
2,13,18,1,2,2
1,91,991,91,91,91
2,91,991,91,91,91
1,91,991,91,91,91
2,2,21,2,2,1
1,93,19,93,93,93
2,91,991,91,91,91
1,91,991,91,91,91
2,91,991,91,91,91
1,93,12,93,93,93
1,91,991,91,91,91
1,30,15,1,1,2
1,91,991,91,91,91
2,15,30,1,1,2
1,91,991,91,91,91
2,91,991,91,91,91
1,1,25,1,2,2
1,91,991,91,91,91
1,30,13,1,2,2
1,91,991,91,91,91
1,93,13,93,93,93
1,91,991,91,91,91
2,91,991,91,91,91
2,27,27,1,2,2
1,28,8,1,1,1
2,18,11,1,1,2
2,91,991,91,91,91
2,91,991,91,91,91
1,93,41,93,93,93
2,24,19,2,1,2
1,91,991,91,91,91
2,91,991,91,91,91
2,91,991,91,91,91
1,91,991,91,91,91
1,93,14,93,93,93
2,30,9,2,2,2
2,93,25,93,93,93
2,91,991,91,91,91
1,91,991,91,91,91
1,91,991,91,91,91
2,91,991,91,91,91
2,93,16,93,93,93
2,13,14,1,1,2
1,91,991,91,91,91
2,93,13,93,93,93
1,91,991,91,91,91
2,91,991,91,91,91
1,91,991,91,91,91
2,91,991,91,91,91
1,91,991,91,91,91
1,91,991,91,91,91
1,30,16,1,1,2
2,3,15,2,2,1
2,91,991,91,91,91
2,91,991,91,91,91
1,91,991,91,91,91
1,91,991,91,91,91
2,91,991,91,91,91
1,91,991,91,91,91
1,93,20,93,93,93
1,30,12,1,1,1
2,91,991,91,91,91
1,5,18,1,2,2
2,91,991,91,91,91
1,93,20,93,93,93
2,91,991,91,91,91
2,91,991,91,91,91
2,91,991,91,91,91
1,91,991,91,91,91
2,91,991,91,91,91
2,93,17,93,93,93
2,91,991,91,91,91
2,91,991,91,91,91
2,91,991,91,91,91
1,93,13,93,93,93
2,91,991,91,91,91
1,91,991,91,91,91
2,91,991,91,91,91
1,10,22,1,2,2
1,91,991,91,91,91
2,91,991,91,91,91
1,91,991,91,91,91
1,91,991,91,91,91
1,91,991,91,91,91
2,93,26,93,93,93
1,91,991,91,91,91
1,93,13,93,93,93
2,29,15,1,1,2
1,23,19,2,1,2
2,91,991,91,91,91
1,2,18,2,2,1
1,93,22,93,93,93
2,30,14,1,1,2
2,91,991,91,91,91
2,2,17,2,1,1
2,91,991,91,91,91
1,30,19,1,1,2
1,91,991,91,91,91
2,93,16,93,93,93
2,91,991,91,91,91
1,30,15,1,1,1
2,91,991,91,91,91
1,91,991,91,91,91
2,91,991,91,91,91
1,91,991,91,91,91
2,93,17,93,93,93
1,26,17,1,2,1
1,91,991,91,91,91
2,91,991,91,91,91
1,91,991,91,91,91
2,30,17,2,2,1
1,93,30,93,93,93
1,93,16,93,93,93
1,91,991,91,91,91
1,91,991,91,91,91
1,93,15,93,93,93
2,93,16,93,93,93
2,91,991,91,91,91
2,91,991,91,91,91
2,93,20,93,93,93
2,93,16,93,93,93
2,28,14,1,1,1
2,4,18,1,2,2
1,91,991,91,91,91
2,91,991,91,91,91
2,25,18,1,1,2
1,91,991,91,91,91
2,1,16,1,2,2
2,91,991,91,91,91
2,30,16,1,2,2
1,93,15,93,93,93
2,91,991,91,91,91
2,93,19,93,93,93
1,91,991,91,91,91
1,91,991,91,91,91
2,91,991,91,91,91
1,93,15,93,93,93
1,91,991,91,91,91
1,12,14,1,2,2
2,8,30,2,2,1
1,91,991,91,91,91
2,28,20,1,1,1
2,91,991,91,91,91
2,91,991,91,91,91
2,91,991,91,91,91
2,91,991,91,91,91
1,93,16,93,93,93
1,93,18,93,93,93
2,93,15,93,93,93
1,91,991,91,91,91
2,98,19,98,98,98
2,91,991,91,91,91
2,93,35,93,93,93
1,30,15,1,1,1
2,1,17,2,2,1
1,91,991,91,91,91
2,93,19,93,93,93
1,93,13,93,93,93
1,91,991,91,91,91
2,91,991,91,91,91
1,91,991,91,91,91
1,91,991,91,91,91
1,91,991,91,91,91
2,30,18,1,2,1
2,93,22,93,93,93
1,91,991,91,91,91
1,91,991,91,91,91
2,93,39,93,93,93
2,91,991,91,91,91
2,93,16,93,93,93
2,91,991,91,91,91
1,91,991,91,91,91
1,91,991,91,91,91
2,91,991,91,91,91
1,91,991,91,91,91
1,93,16,93,93,93
1,93,16,93,93,93
1,93,17,93,93,93
1,91,991,91,91,91
1,93,17,93,93,93
2,91,991,91,91,91
2,91,991,91,91,91
1,91,991,91,91,91
2,93,16,93,93,93
2,91,991,91,91,91
2,91,991,91,91,91
1,91,991,91,91,91
2,30,19,1,1,2
2,91,991,91,91,91
1,93,18,93,93,93
2,93,16,93,93,93
1,91,991,91,91,91
2,91,991,91,91,91
1,91,991,91,91,91
1,3,21,2,1,2
2,91,991,91,91,91
2,91,991,91,91,91
2,93,18,93,93,93
1,93,18,93,93,93
1,24,17,1,2,1
1,93,20,93,93,93
2,93,22,93,93,93
1,91,991,91,91,91
2,93,21,93,93,93
2,91,991,91,91,91
1,91,991,91,91,91
1,25,15,1,2,2
2,91,991,91,91,91
1,93,23,93,93,93
1,98,18,98,98,98
2,91,991,91,91,91
2,91,991,91,91,91
1,91,991,91,91,91
2,91,991,91,91,91
1,91,991,91,91,91
1,91,991,91,91,91
2,91,991,91,91,91
2,91,991,91,91,91
1,91,991,91,91,91
2,93,17,93,93,93
2,93,16,93,93,93
1,91,991,91,91,91
2,93,21,93,93,93
1,91,991,91,91,91
1,29,13,1,1,2
1,91,991,91,91,91
2,91,991,91,91,91
2,91,991,91,91,91
2,91,991,91,91,91
2,91,991,91,91,91
1,25,16,1,1,2
2,91,991,91,91,91
1,91,991,91,91,91
1,91,991,91,91,91
1,93,24,93,93,93
2,91,991,91,91,91
2,91,991,91,91,91
2,91,991,91,91,91
1,91,991,91,91,91
2,91,991,91,91,91
2,91,991,91,91,91
2,91,991,91,91,91
2,93,16,93,93,93
2,93,21,93,93,93
2,93,18,93,93,93
2,93,16,93,93,93
2,91,991,91,91,91
1,93,23,93,93,93
1,91,991,91,91,91
2,93,9,93,93,93
1,91,991,91,91,91
1,91,991,91,91,91
2,93,31,93,93,93
2,4,24,1,2,2
1,93,24,93,93,93
1,93,16,93,93,93
1,98,10,98,98,98
2,91,991,91,91,91
2,93,13,93,93,93
1,93,18,93,93,93
1,91,991,91,91,91
2,91,991,91,91,91
1,91,991,91,91,91
2,91,991,91,91,91
2,91,991,91,91,91
1,91,991,91,91,91
1,91,991,91,91,91
1,30,14,1,2,1
2,2,15,1,2,2
2,91,991,91,91,91
2,91,991,91,91,91
1,16,14,1,1,1
1,93,15,93,93,93
1,91,991,91,91,91
1,91,991,91,91,91
1,93,15,93,93,93
1,93,12,93,93,93
2,91,991,91,91,91
1,93,17,93,93,93
1,91,991,91,91,91
2,91,991,91,91,91
2,93,13,93,93,93
1,93,15,93,93,93
1,91,991,91,91,91
2,91,991,91,91,91
1,30,11,1,2,2
1,91,991,91,91,91
2,91,991,91,91,91
2,30,15,1,2,1
1,91,991,91,91,91
1,91,991,91,91,91
2,93,23,93,93,93
1,91,991,91,91,91
2,91,991,91,91,91
1,93,15,93,93,93
2,15,22,1,2,1
2,91,991,91,91,91
2,91,991,91,91,91
1,93,17,93,93,93
2,91,991,91,91,91
1,93,15,93,93,93
2,91,991,91,91,91
2,93,16,93,93,93
1,93,20,93,93,93
2,30,17,2,2,2
1,91,991,91,91,91
2,93,16,93,93,93
1,91,991,91,91,91
2,91,991,91,91,91
2,93,30,93,93,93
1,93,26,93,93,93
1,91,991,91,91,91
1,93,20,93,93,93
1,93,20,93,93,93
2,91,991,91,91,91
2,91,991,91,91,91
1,30,15,1,1,1
1,91,991,91,91,91
2,30,18,1,2,1
2,91,991,91,91,91
2,91,991,91,91,91
2,93,14,93,93,93
2,91,991,91,91,91
1,91,991,91,91,91
2,93,18,93,93,93
2,10,12,2,2,1
1,91,991,91,91,91
1,93,18,93,93,93
1,93,16,93,93,93
2,1,30,2,1,2
1,93,14,93,93,93
2,91,991,91,91,91
1,93,14,93,93,93
2,91,991,91,91,91
2,91,991,91,91,91
1,4,20,1,2,1
1,91,991,91,91,91
1,91,991,91,91,91
1,91,991,91,91,91
2,93,18,93,93,93
2,91,991,91,91,91
1,91,991,91,91,91
2,91,991,91,91,91
1,91,991,91,91,91
2,22,17,1,2,1
2,91,991,91,91,91
2,91,991,91,91,91
1,30,17,1,2,2
1,93,45,93,93,93
1,91,991,91,91,91
1,91,991,91,91,91
1,91,991,91,91,91
1,93,16,93,93,93
1,91,991,91,91,91
1,91,991,91,91,91
1,3,17,2,1,2
2,93,18,93,93,93
1,91,991,91,91,91
2,93,15,93,93,93
2,93,56,93,93,93
2,93,14,93,93,93
2,91,991,91,91,91
1,93,18,93,93,93
1,30,14,1,1,2
2,8,19,2,2,1
1,12,17,2,1,1
1,91,991,91,91,91
2,91,991,91,91,91
2,91,991,91,91,91
2,91,991,91,91,91
2,91,991,91,91,91
1,28,13,1,1,1
2,93,12,93,93,93
1,91,991,91,91,91
2,91,991,91,91,91
2,91,991,91,91,91
2,30,14,1,1,1
1,91,991,91,91,91
1,91,991,91,91,91
2,4,11,2,2,1
2,91,991,91,91,91
2,30,24,2,1,1
1,93,20,93,93,93
1,30,15,1,2,2
1,17,14,1,2,1
2,91,991,91,91,91
1,91,991,91,91,91
2,91,991,91,91,91
2,93,5,93,93,93
1,91,991,91,91,91
2,30,18,1,2,2
1,93,15,93,93,93
1,91,991,91,91,91
2,93,18,93,93,93
2,91,991,91,91,91
1,91,991,91,91,91
1,93,17,93,93,93
1,91,991,91,91,91
2,91,991,91,91,91
1,93,14,93,93,93
1,91,991,91,91,91
2,91,991,91,91,91
1,91,991,91,91,91
1,93,15,93,93,93
2,93,40,93,93,93
2,93,16,93,93,93
1,93,16,93,93,93
2,91,991,91,91,91
1,91,991,91,91,91
1,91,991,91,91,91
1,91,991,91,91,91
1,93,11,93,93,93
2,91,991,91,91,91
2,93,26,93,93,93
2,91,991,91,91,91
2,91,991,91,91,91
1,91,991,91,91,91
2,93,17,93,93,93
2,91,991,91,91,91
1,91,991,91,91,91
1,91,991,91,91,91
1,91,991,91,91,91
2,91,991,91,91,91
1,28,15,2,2,1
2,91,991,91,91,91
2,93,16,93,93,93
2,91,991,91,91,91
2,91,991,91,91,91
1,25,25,1,2,1
2,91,991,91,91,91
2,91,991,91,91,91
1,91,991,91,91,91
2,91,991,91,91,91
2,91,991,91,91,91
2,91,991,91,91,91
2,91,991,91,91,91
2,91,991,91,91,91
2,91,991,91,91,91
2,91,991,91,91,91
2,93,15,93,93,93
2,93,25,93,93,93
1,8,12,1,2,2
2,91,991,91,91,91
2,93,15,93,93,93
1,91,991,91,91,91
1,91,991,91,91,91
2,93,13,93,93,93
2,91,991,91,91,91
1,93,20,93,93,93
2,93,16,93,93,93
1,91,991,91,91,91
1,91,991,91,91,91
2,93,25,93,93,93
2,93,16,93,93,93
2,91,991,91,91,91
2,91,991,91,91,91
1,91,991,91,91,91
2,91,991,91,91,91
2,93,15,93,93,93
2,91,991,91,91,91
1,93,23,93,93,93
1,91,991,91,91,91
2,93,15,93,93,93
2,91,991,91,91,91
1,23,14,1,1,1
2,93,19,93,93,93
2,91,991,91,91,91
2,93,27,93,93,93
1,1,17,97,97,4
2,91,991,91,91,91
1,91,991,91,91,91
1,91,991,91,91,91
1,93,49,93,93,93
1,93,19,93,93,93
2,93,17,93,93,93
2,91,991,91,91,91
2,93,21,93,93,93
1,93,20,93,93,93
2,20,15,1,1,1
2,1,19,1,2,2
1,91,991,91,91,91
2,91,991,91,91,91
2,91,991,91,91,91
1,93,20,93,93,93
2,93,17,93,93,93
1,91,991,91,91,91
2,91,991,91,91,91
2,93,21,93,93,93
2,4,15,4,5,4
1,91,991,91,91,91
2,93,14,93,93,93
2,91,991,91,91,91
2,93,21,93,93,93
2,91,991,91,91,91
1,93,13,93,93,93
2,91,991,91,91,91
2,93,17,93,93,93
2,91,991,91,91,91
1,91,991,91,91,91
2,91,991,91,91,91
1,93,18,93,93,93
2,93,31,93,93,93
1,91,991,91,91,91
1,93,21,93,93,93
1,91,991,91,91,91
1,91,991,91,91,91
2,93,16,93,93,93
2,93,50,93,93,93
2,98,17,98,98,98
2,93,17,93,93,93
1,91,991,91,91,91
2,93,16,93,93,93
1,91,991,91,91,91
2,30,16,2,1,2
1,93,21,93,93,93
1,91,991,91,91,91
1,91,991,91,91,91
1,93,20,93,93,93
2,93,15,93,93,93
2,91,991,91,91,91
2,93,18,93,93,93
2,91,991,91,91,91
2,93,18,93,93,93
2,30,22,1,1,1
1,91,991,91,91,91
1,22,22,1,2,2
2,20,18,1,2,2
2,91,991,91,91,91
2,91,991,91,91,91
1,91,991,91,91,91
1,91,991,91,91,91
1,91,991,91,91,91
2,91,991,91,91,91
2,7,15,1,2,2
2,93,18,93,93,93
1,93,22,93,93,93
1,30,16,1,2,1
2,91,991,91,91,91
1,30,18,1,2,2
1,91,991,91,91,91
1,91,991,91,91,91
1,20,17,97,97,97
1,91,991,91,91,91
2,91,991,91,91,91
2,10,33,2,2,1
1,91,991,91,91,91
2,91,991,91,91,91
1,91,991,91,91,91
1,28,16,1,1,2
1,30,13,1,1,1
2,91,991,91,91,91
2,91,991,91,91,91
2,93,25,93,93,93
1,93,17,93,93,93
1,30,19,1,1,1
1,91,991,91,91,91
1,91,991,91,91,91
1,91,991,91,91,91
1,98,21,98,98,98
1,93,18,93,93,93
2,91,991,91,91,91
1,91,991,91,91,91
2,91,991,91,91,91
2,91,991,91,91,91
1,91,991,91,91,91
1,93,26,93,93,93
2,91,991,91,91,91
2,91,991,91,91,91
1,93,20,93,93,93
1,91,991,91,91,91
1,2,22,2,2,1
2,93,27,93,93,93
2,30,13,1,1,1
1,93,18,93,93,93
1,91,991,91,91,91
2,2,71,2,2,1
2,91,991,91,91,91
1,93,20,93,93,93
2,30,27,1,1,1
2,93,21,93,93,93
1,91,991,91,91,91
1,98,998,98,98,98
2,1,21,1,2,2
2,91,991,91,91,91
1,91,991,91,91,91
1,91,991,91,91,91
1,93,20,93,93,93
2,93,45,93,93,93
1,93,18,93,93,93
2,91,991,91,91,91
1,91,991,91,91,91
1,91,991,91,91,91
2,91,991,91,91,91
1,91,991,91,91,91
1,93,15,93,93,93
2,91,991,91,91,91
2,91,991,91,91,91
1,91,991,91,91,91
1,91,991,91,91,91
1,91,991,91,91,91
1,93,15,93,93,93
1,91,991,91,91,91
1,2,16,1,1,2
1,91,991,91,91,91
2,93,15,93,93,93
1,93,14,93,93,93
2,91,991,91,91,91
1,30,13,2,1,2
2,16,21,1,2,2
1,91,991,91,91,91
1,91,991,91,91,91
1,30,17,1,1,1
1,30,18,1,1,2
2,91,991,91,91,91
2,91,991,91,91,91
2,93,12,93,93,93
2,20,12,1,2,2
2,93,16,93,93,93
2,93,16,93,93,93
1,91,991,91,91,91
2,93,24,93,93,93
2,93,13,93,93,93
1,91,991,91,91,91
1,91,991,91,91,91
1,91,991,91,91,91
1,91,991,91,91,91
2,91,991,91,91,91
2,93,16,93,93,93
2,93,20,93,93,93
2,20,11,2,2,2
1,91,991,91,91,91
1,91,991,91,91,91
2,93,14,93,93,93
2,93,14,93,93,93
1,91,991,91,91,91
2,91,991,91,91,91
2,91,991,91,91,91
2,93,18,93,93,93
1,91,991,91,91,91
2,91,991,91,91,91
1,93,12,93,93,93
1,91,991,91,91,91
2,1,16,1,2,2
1,30,16,1,2,2
2,93,20,93,93,93
1,91,991,91,91,91
2,93,16,93,93,93
2,16,15,1,1,2
2,91,991,91,91,91
2,91,991,91,91,91
1,93,6,93,93,93
1,91,991,91,91,91
2,91,991,91,91,91
2,30,16,1,1,1
2,91,991,91,91,91
1,91,991,91,91,91
1,91,991,91,91,91
1,91,991,91,91,91
1,30,13,1,1,2
2,91,991,91,91,91
2,93,35,93,93,93
1,93,19,93,93,93
1,91,991,91,91,91
2,91,991,91,91,91
2,93,15,93,93,93
1,91,991,91,91,91
1,93,26,93,93,93
1,93,10,93,93,93
1,91,991,91,91,91
2,91,991,91,91,91
2,93,13,93,93,93
2,25,15,1,2,2
1,98,998,98,98,98
2,93,14,93,93,93
1,91,991,91,91,91
2,91,991,91,91,91
2,1,13,2,1,2
2,91,991,91,91,91
2,93,16,93,93,93
1,91,991,91,91,91
2,91,991,91,91,91
2,91,991,91,91,91
1,93,15,93,93,93
1,91,991,91,91,91
1,91,991,91,91,91
2,93,24,93,93,93
2,91,991,91,91,91
1,93,24,93,93,93
2,93,35,93,93,93
2,93,60,93,93,93
1,93,16,93,93,93
1,91,991,91,91,91
1,91,991,91,91,91
2,30,15,1,1,2
1,4,18,1,1,2
1,93,14,93,93,93
1,91,991,91,91,91
1,91,991,91,91,91
1,91,991,91,91,91
1,93,19,93,93,93
1,30,15,1,1,2
2,91,991,91,91,91
2,1,16,1,1,1
2,93,17,93,93,93
1,91,991,91,91,91
1,25,20,1,1,1
1,91,991,91,91,91
1,91,991,91,91,91
1,91,991,91,91,91
1,91,991,91,91,91
1,91,991,91,91,91
1,91,991,91,91,91
2,91,991,91,91,91
1,93,21,93,93,93
2,91,991,91,91,91
2,91,991,91,91,91
2,91,991,91,91,91
2,91,991,91,91,91
1,91,991,91,91,91
2,10,28,1,2,1
1,91,991,91,91,91
1,91,991,91,91,91
1,91,991,91,91,91
1,91,991,91,91,91
1,91,991,91,91,91
1,26,14,1,1,1
2,91,991,91,91,91
1,93,15,93,93,93
2,91,991,91,91,91
2,91,991,91,91,91
2,91,991,91,91,91
2,91,991,91,91,91
2,91,991,91,91,91
1,91,991,91,91,91
2,91,991,91,91,91
2,91,991,91,91,91
2,30,15,2,1,1
2,93,15,93,93,93
1,91,991,91,91,91
1,91,991,91,91,91
1,91,991,91,91,91
2,91,991,91,91,91
2,93,20,93,93,93
1,91,991,91,91,91
2,93,18,93,93,93
1,91,991,91,91,91
1,91,991,91,91,91
2,30,16,1,1,1
1,91,991,91,91,91
1,21,18,1,2,2
1,91,991,91,91,91
2,91,991,91,91,91
2,30,17,1,2,2
1,93,19,93,93,93
2,91,991,91,91,91
1,91,991,91,91,91
2,91,991,91,91,91
2,15,15,2,1,2
1,91,991,91,91,91
1,91,991,91,91,91
1,91,991,91,91,91
2,91,991,91,91,91
1,91,991,91,91,91
1,30,18,1,1,2
1,91,991,91,91,91
1,91,991,91,91,91
1,91,991,91,91,91
1,91,991,91,91,91
1,93,20,93,93,93
1,91,991,91,91,91
2,93,13,93,93,93
1,93,18,93,93,93
2,91,991,91,91,91
2,93,15,93,93,93
2,91,991,91,91,91
2,91,991,91,91,91
1,28,14,1,1,1
1,91,991,91,91,91
1,91,991,91,91,91
2,93,21,93,93,93
2,91,991,91,91,91
2,1,24,1,2,2
2,91,991,91,91,91
2,91,991,91,91,91
1,91,991,91,91,91
1,30,15,1,2,2
2,30,16,1,1,2
2,93,16,93,93,93
1,91,991,91,91,91
2,93,66,93,93,93
2,91,991,91,91,91
2,91,991,91,91,91
2,8,17,1,2,2
2,93,21,93,93,93
2,93,17,93,93,93
1,93,26,93,93,93
1,91,991,91,91,91
2,91,991,91,91,91
1,91,991,91,91,91
1,91,991,91,91,91
2,91,991,91,91,91
1,30,18,1,2,2
2,93,16,93,93,93
1,15,18,1,2,2
1,93,16,93,93,93
2,93,21,93,93,93
1,93,19,93,93,93
2,3,20,1,1,1
2,91,991,91,91,91
2,91,991,91,91,91
1,91,991,91,91,91
2,1,17,2,1,2
2,93,21,93,93,93
2,93,20,93,93,93
1,93,19,93,93,93
2,91,991,91,91,91
1,93,13,93,93,93
2,91,991,91,91,91
1,91,991,91,91,91
2,91,991,91,91,91
1,91,991,91,91,91
2,91,991,91,91,91
1,91,991,91,91,91
2,91,991,91,91,91
2,93,18,93,93,93
2,91,991,91,91,91
1,93,17,93,93,93
1,91,991,91,91,91
2,1,15,1,2,2
2,91,991,91,91,91
2,91,991,91,91,91
1,91,991,91,91,91
2,91,991,91,91,91
1,93,18,93,93,93
1,93,13,93,93,93
2,91,991,91,91,91
2,91,991,91,91,91
1,12,18,1,1,2
2,97,997,98,98,98
2,91,991,91,91,91
2,91,991,91,91,91
2,91,991,91,91,91
2,93,15,93,93,93
2,93,18,93,93,93
2,91,991,91,91,91
2,93,17,93,93,93
1,91,991,91,91,91
2,91,991,91,91,91
1,91,991,91,91,91
2,93,16,93,93,93
1,93,14,93,93,93
2,91,991,91,91,91
2,4,13,1,2,1
1,91,991,91,91,91
2,91,991,91,91,91
2,91,991,91,91,91
2,1,14,1,2,1
1,93,25,93,93,93
2,91,991,91,91,91
1,91,991,91,91,91
2,91,991,91,91,91
2,5,41,2,2,1
1,20,30,2,2,1
2,30,14,1,1,2
2,3,13,1,2,2
1,91,991,91,91,91
2,93,21,93,93,93
2,91,991,91,91,91
2,91,991,91,91,91
2,1,27,2,2,2
2,91,991,91,91,91
1,91,991,91,91,91
1,93,19,93,93,93
2,91,991,91,91,91
1,28,12,1,2,2
1,91,991,91,91,91
1,91,991,91,91,91
1,91,991,91,91,91
2,91,991,91,91,91
1,91,991,91,91,91
2,91,991,91,91,91
2,93,24,93,93,93
2,91,991,91,91,91
1,91,991,91,91,91
2,91,991,91,91,91
2,91,991,91,91,91
1,30,18,1,2,2
2,91,991,91,91,91
2,91,991,91,91,91
2,1,26,2,2,1
2,93,24,93,93,93
2,2,14,1,2,2
2,93,58,93,93,93
1,91,991,91,91,91
1,91,991,91,91,91
1,91,991,91,91,91
2,30,21,1,2,2
1,91,991,91,91,91
2,91,991,91,91,91
2,91,991,91,91,91
1,30,19,1,2,2
1,20,13,1,1,2
2,93,22,93,93,93
1,93,34,93,93,93
2,26,13,1,1,2
1,91,991,91,91,91
1,91,991,91,91,91
1,93,24,93,93,93
1,91,991,91,91,91
1,91,991,91,91,91
2,91,991,91,91,91
2,91,991,91,91,91
1,20,16,1,2,1
2,91,991,91,91,91
2,93,18,93,93,93
1,93,25,93,93,93
2,93,13,93,93,93
1,93,19,93,93,93
1,91,991,91,91,91
1,91,991,91,91,91
1,91,991,91,91,91
1,93,12,93,93,93
2,93,15,93,93,93
2,2,25,2,2,1
2,93,19,93,93,93
1,91,991,91,91,91
1,91,991,91,91,91
1,91,991,91,91,91
1,91,991,91,91,91
2,93,17,93,93,93
2,9,21,1,1,1
1,91,991,91,91,91
2,91,991,91,91,91
2,94,14,1,2,1
1,91,991,91,91,91
1,98,14,98,98,98
1,91,991,91,91,91
1,91,991,91,91,91
2,93,18,93,93,93
2,93,19,93,93,93
2,5,22,1,2,2
1,93,17,93,93,93
2,1,23,2,2,1
2,93,22,93,93,93
2,93,18,93,93,93
1,91,991,91,91,91
1,25,13,1,2,2
1,91,991,91,91,91
1,91,991,91,91,91
1,93,14,93,93,93
2,7,14,1,2,2
1,93,16,93,93,93
1,25,12,2,1,2
1,30,14,1,2,1
1,93,18,93,93,93
2,93,12,93,93,93
1,91,991,91,91,91
2,91,991,91,91,91
1,93,18,93,93,93
1,91,991,91,91,91
1,3,28,2,2,1
2,93,25,93,93,93
1,91,991,91,91,91
2,93,16,93,93,93
2,91,991,91,91,91
2,93,15,93,93,93
2,91,991,91,91,91
1,91,991,91,91,91
1,91,991,91,91,91
2,91,991,91,91,91
1,91,991,91,91,91
2,91,991,91,91,91
2,93,35,93,93,93
1,91,991,91,91,91
2,91,991,91,91,91
2,2,14,2,1,2
1,91,991,91,91,91
2,91,991,91,91,91
2,93,17,93,93,93
2,91,991,91,91,91
2,91,991,91,91,91
1,91,991,91,91,91
2,93,19,93,93,93
2,3,42,2,2,1
2,91,991,91,91,91
2,30,14,1,1,2
2,91,991,91,91,91
1,91,991,91,91,91
2,93,18,93,93,93
2,93,16,93,93,93
2,7,15,1,1,1
1,91,991,91,91,91
1,93,23,93,93,93
1,91,991,91,91,91
1,91,991,91,91,91
1,91,991,91,91,91
2,20,19,1,2,1
2,91,991,91,91,91
1,93,13,93,93,93
1,93,13,93,93,93
2,91,991,91,91,91
2,93,15,93,93,93
2,91,991,91,91,91
2,25,17,1,1,2
1,91,991,91,91,91
1,8,18,2,1,1
2,91,991,91,91,91
1,91,991,91,91,91
2,91,991,91,91,91
2,91,991,91,91,91
2,91,991,91,91,91
1,91,991,91,91,91
2,91,991,91,91,91
2,93,36,93,93,93
2,91,991,91,91,91
2,91,991,91,91,91
2,91,991,91,91,91
1,91,991,91,91,91
2,91,991,91,91,91
1,91,991,91,91,91
2,91,991,91,91,91
2,3,25,2,1,2
2,91,991,91,91,91
1,91,991,91,91,91
1,91,991,91,91,91
2,91,991,91,91,91
2,91,991,91,91,91
1,24,13,1,2,1
1,91,991,91,91,91
1,91,991,91,91,91
1,7,15,1,2,2
2,93,34,93,93,93
2,93,28,93,93,93
2,93,16,93,93,93
2,91,991,91,91,91
2,91,991,91,91,91
2,30,22,2,1,2
1,91,991,91,91,91
2,93,30,93,93,93
2,91,991,91,91,91
1,91,991,91,91,91
1,93,16,93,93,93
1,91,991,91,91,91
2,93,35,93,93,93
2,93,24,93,93,93
1,93,18,93,93,93
1,91,991,91,91,91
2,93,18,93,93,93
1,91,991,91,91,91
2,93,28,93,93,93
1,91,991,91,91,91
1,91,991,91,91,91
2,91,991,91,91,91
2,91,991,91,91,91
2,93,17,93,93,93
1,25,18,1,2,2
2,91,991,91,91,91
1,93,40,93,93,93
1,30,16,1,2,2
1,91,991,91,91,91
2,91,991,91,91,91
2,91,991,91,91,91
1,93,34,93,93,93
1,91,991,91,91,91
1,91,991,91,91,91
2,91,991,91,91,91
2,93,21,93,93,93
1,91,991,91,91,91
1,91,991,91,91,91
1,14,18,1,2,1
2,1,28,1,2,1
2,91,991,91,91,91
1,93,17,93,93,93
2,91,991,91,91,91
2,91,991,91,91,91
2,93,29,93,93,93
1,26,12,1,1,1
2,91,991,91,91,91
2,30,15,1,1,1
2,91,991,91,91,91
1,30,13,1,1,2
1,93,12,93,93,93
2,93,14,93,93,93
2,91,991,91,91,91
1,30,14,1,2,2
2,93,21,93,93,93
1,93,18,93,93,93
1,30,13,1,1,2
2,91,991,91,91,91
2,7,7,1,1,1
1,91,991,91,91,91
2,93,14,93,93,93
1,93,14,93,93,93
2,93,80,93,93,93
1,30,16,1,2,2
2,93,14,93,93,93
1,93,18,93,93,93
2,91,991,91,91,91
2,91,991,91,91,91
1,91,991,91,91,91
2,91,991,91,91,91
1,91,991,91,91,91
1,91,991,91,91,91
2,93,16,93,93,93
1,91,991,91,91,91
2,91,991,91,91,91
2,91,991,91,91,91
2,91,991,91,91,91
2,15,13,1,1,2
2,93,15,93,93,93
1,93,33,93,93,93
1,93,18,93,93,93
2,91,991,91,91,91
1,93,18,93,93,93
1,93,15,93,93,93
2,91,991,91,91,91
2,91,991,91,91,91
1,93,20,93,93,93
1,91,991,91,91,91
2,93,16,93,93,93
1,91,991,91,91,91
1,91,991,91,91,91
2,93,10,93,93,93
2,91,991,91,91,91
2,93,17,93,93,93
2,91,991,91,91,91
2,93,26,93,93,93
1,91,991,91,91,91
1,91,991,91,91,91
1,91,991,91,91,91
1,91,991,91,91,91
2,93,15,93,93,93
2,91,991,91,91,91
2,91,991,91,91,91
1,91,991,91,91,91
1,91,991,91,91,91
2,91,991,91,91,91
2,93,26,93,93,93
1,93,15,93,93,93
1,93,14,93,93,93
2,91,991,91,91,91
2,91,991,91,91,91
1,93,15,93,93,93
2,93,17,93,93,93
2,93,18,93,93,93
1,93,11,93,93,93
1,91,991,91,91,91
1,91,991,91,91,91
1,91,991,91,91,91
2,93,18,93,93,93
2,93,13,93,93,93
1,2,19,1,2,1
2,93,21,93,93,93
2,91,991,91,91,91
1,30,12,1,1,1
2,91,991,91,91,91
2,91,991,91,91,91
2,93,15,93,93,93
2,91,991,91,91,91
1,93,21,93,93,93
2,5,12,1,2,2
1,91,991,91,91,91
2,91,991,91,91,91
1,25,21,1,2,2
2,93,28,93,93,93
1,93,13,93,93,93
2,93,15,93,93,93
1,91,991,91,91,91
2,91,991,91,91,91
2,91,991,91,91,91
1,93,22,93,93,93
1,30,16,1,2,2
1,93,17,93,93,93
2,91,991,91,91,91
2,91,991,91,91,91
2,91,991,91,91,91
1,91,991,91,91,91
2,93,55,93,93,93
2,93,59,93,93,93
1,93,23,93,93,93
2,91,991,91,91,91
2,91,991,91,91,91
2,29,19,1,1,1
2,93,13,93,93,93
2,91,991,91,91,91
2,93,19,93,93,93
2,93,24,93,93,93
2,91,991,91,91,91
2,93,18,93,93,93
2,93,15,93,93,93
2,91,991,91,91,91
2,93,17,93,93,93
1,93,18,93,93,93
2,20,14,1,2,1
2,30,21,1,1,1
2,91,991,91,91,91
1,91,991,91,91,91
2,6,18,1,2,1
1,91,991,91,91,91
1,93,20,93,93,93
1,4,23,1,2,2
1,4,19,2,2,1
1,93,12,93,93,93
1,91,991,91,91,91
2,10,16,2,2,1
2,91,991,91,91,91
2,91,991,91,91,91
1,91,991,91,91,91
1,91,991,91,91,91
2,93,15,93,93,93
2,1,42,2,1,2
2,91,991,91,91,91
1,93,21,93,93,93
1,93,16,93,93,93
2,93,14,93,93,93
1,91,991,91,91,91
1,91,991,91,91,91
1,91,991,91,91,91
2,91,991,91,91,91
2,91,991,91,91,91
1,93,17,93,93,93
2,91,991,91,91,91
2,30,14,1,2,2
2,1,16,2,1,2
1,91,991,91,91,91
1,93,21,93,93,93
1,93,21,93,93,93
2,93,12,93,93,93
2,91,991,91,91,91
2,91,991,91,91,91
2,93,25,93,93,93
2,91,991,91,91,91
2,93,12,93,93,93
1,30,18,1,2,2
2,6,11,2,1,1
1,93,19,93,93,93
2,91,991,91,91,91
2,93,22,93,93,93
1,93,18,93,93,93
1,91,991,91,91,91
1,27,17,1,2,1
1,91,991,91,91,91
1,91,991,91,91,91
2,91,991,91,91,91
2,30,11,1,2,1
2,91,991,91,91,91
1,91,991,91,91,91
1,91,991,91,91,91
1,91,991,91,91,91
2,25,14,1,1,1
1,93,19,93,93,93
1,91,991,91,91,91
2,93,18,93,93,93
1,91,991,91,91,91
1,93,15,93,93,93
1,91,991,91,91,91
1,30,17,1,1,2
1,91,991,91,91,91
1,91,991,91,91,91
2,93,16,93,93,93
1,91,991,91,91,91
2,93,20,93,93,93
1,91,991,91,91,91
2,5,14,2,2,1
1,91,991,91,91,91
1,91,991,91,91,91
2,30,14,1,2,2
2,91,991,91,91,91
1,91,991,91,91,91
2,91,991,91,91,91
1,1,15,2,1,2
2,93,15,93,93,93
1,1,18,1,2,2
1,91,991,91,91,91
2,91,991,91,91,91
1,91,991,91,91,91
1,91,991,91,91,91
2,91,991,91,91,91
2,93,16,93,93,93
2,91,991,91,91,91
2,6,14,2,1,1
2,91,991,91,91,91
2,91,991,91,91,91
1,91,991,91,91,91
1,93,10,93,93,93
2,93,12,93,93,93
2,93,18,93,93,93
1,91,991,91,91,91
2,93,16,93,93,93
2,91,991,91,91,91
1,91,991,91,91,91
1,91,991,91,91,91
1,15,15,1,1,1
1,91,991,91,91,91
1,91,991,91,91,91
2,2,17,2,2,1
2,91,991,91,91,91
2,91,991,91,91,91
1,30,17,2,2,1
1,91,991,91,91,91
1,91,991,91,91,91
2,91,991,91,91,91
1,91,991,91,91,91
1,91,991,91,91,91
1,93,19,93,93,93
1,91,991,91,91,91
1,93,16,93,93,93
1,91,991,91,91,91
1,93,16,93,93,93
1,30,16,1,1,1
1,91,991,91,91,91
2,91,991,91,91,91
2,91,991,91,91,91
1,30,8,1,1,1
2,93,18,93,93,93
1,93,18,93,93,93
1,91,991,91,91,91
2,93,26,93,93,93
1,93,30,93,93,93
1,91,991,91,91,91
1,4,17,1,2,2
2,91,991,91,91,91
2,91,991,91,91,91
2,1,18,1,2,2
2,17,15,1,2,2
2,91,991,91,91,91
2,93,19,93,93,93
1,91,991,91,91,91
2,91,991,91,91,91
1,93,22,93,93,93
1,3,7,2,1,2
1,91,991,91,91,91
2,91,991,91,91,91
2,91,991,91,91,91
2,91,991,91,91,91
2,91,991,91,91,91
2,91,991,91,91,91
1,91,991,91,91,91
2,93,16,93,93,93
2,91,991,91,91,91
1,93,14,93,93,93
2,91,991,91,91,91
2,91,991,91,91,91
2,28,16,1,1,2
2,91,991,91,91,91
2,91,991,91,91,91
2,91,991,91,91,91
1,93,16,93,93,93
1,91,991,91,91,91
2,93,18,93,93,93
1,1,18,2,2,1
1,93,13,93,93,93
1,8,13,1,1,2
1,93,15,93,93,93
1,19,19,1,1,2
2,91,991,91,91,91
2,25,13,1,1,2
1,91,991,91,91,91
1,91,991,91,91,91
2,93,14,93,93,93
2,5,15,1,2,2
2,91,991,91,91,91
2,93,25,93,93,93
2,91,991,91,91,91
1,91,991,91,91,91
1,93,27,93,93,93
2,91,991,91,91,91
1,91,991,91,91,91
1,91,991,91,91,91
1,93,18,93,93,93
1,91,991,91,91,91
1,1,18,2,1,2
2,93,16,93,93,93
1,91,991,91,91,91
2,91,991,91,91,91
2,1,21,1,2,2
1,91,991,91,91,91
1,91,991,91,91,91
2,91,991,91,91,91
1,93,17,93,93,93
1,91,991,91,91,91
1,93,15,93,93,93
2,30,22,2,1,2
1,91,991,91,91,91
1,91,991,91,91,91
1,91,991,91,91,91
2,93,17,93,93,93
1,93,19,93,93,93
2,91,991,91,91,91
2,93,17,93,93,93
2,91,991,91,91,91
1,91,991,91,91,91
1,93,16,93,93,93
1,93,17,93,93,93
2,91,991,91,91,91
2,93,14,93,93,93
1,1,16,1,2,2
1,93,22,93,93,93
1,91,991,91,91,91
1,93,15,93,93,93
2,91,991,91,91,91
2,91,991,91,91,91
2,91,991,91,91,91
2,91,991,91,91,91
1,26,18,1,2,2
2,93,16,93,93,93
2,91,991,91,91,91
2,91,991,91,91,91
2,91,991,91,91,91
2,91,991,91,91,91
1,93,21,93,93,93
1,93,13,93,93,93
2,93,21,93,93,93
2,93,21,93,93,93
1,93,15,93,93,93
1,93,17,93,93,93
2,93,18,93,93,93
1,2,22,2,1,2
2,93,15,93,93,93
1,91,991,91,91,91
2,30,12,1,2,2
1,93,16,93,93,93
2,1,16,1,2,1
1,91,991,91,91,91
1,93,16,93,93,93
1,6,24,1,1,1
1,91,991,91,91,91
2,30,18,1,2,2
1,28,21,1,1,2
2,93,23,93,93,93
2,93,16,93,93,93
1,93,24,93,93,93
2,93,15,93,93,93
1,93,23,93,93,93
2,91,991,91,91,91
1,91,991,91,91,91
2,91,991,91,91,91
1,91,991,91,91,91
2,91,991,91,91,91
2,91,991,91,91,91
1,91,991,91,91,91
1,91,991,91,91,91
2,91,991,91,91,91
1,91,991,91,91,91
2,93,18,93,93,93
2,91,991,91,91,91
1,91,991,91,91,91
2,91,991,91,91,91
1,91,991,91,91,91
1,91,991,91,91,91
2,91,991,91,91,91
1,30,13,1,2,2
1,93,18,93,93,93
1,93,30,93,93,93
2,93,17,93,93,93
1,93,15,93,93,93
1,93,18,93,93,93
2,93,22,93,93,93
1,30,14,1,1,1
2,91,991,91,91,91
2,93,19,93,93,93
1,3,9,1,1,1
1,91,991,91,91,91
2,91,991,91,91,91
2,93,17,93,93,93
2,91,991,91,91,91
1,93,16,93,93,93
1,93,20,93,93,93
1,91,991,91,91,91
1,91,991,91,91,91
2,91,991,91,91,91
1,91,991,91,91,91
2,93,15,93,93,93
2,93,16,93,93,93
1,91,991,91,91,91
1,1,21,1,2,2
2,1,14,2,1,2
2,91,991,91,91,91
1,93,20,93,93,93
2,91,991,91,91,91
2,93,15,93,93,93
2,93,15,93,93,93
1,91,991,91,91,91
1,20,19,1,2,2
1,91,991,91,91,91
1,93,30,93,93,93
1,91,991,91,91,91
1,93,15,93,93,93
2,93,15,93,93,93
1,93,18,93,93,93
1,91,991,91,91,91
1,93,20,93,93,93
1,93,21,93,93,93
1,93,7,93,93,93
2,91,991,91,91,91
2,93,17,93,93,93
2,91,991,91,91,91
1,91,991,91,91,91
1,93,21,93,93,93
1,91,991,91,91,91
1,91,991,91,91,91
1,93,13,93,93,93
2,2,15,1,2,2
2,91,991,91,91,91
1,93,15,93,93,93
1,91,991,91,91,91
1,30,15,1,2,2
2,7,13,1,1,2
1,91,991,91,91,91
2,93,21,93,93,93
1,1,16,2,2,1
1,91,991,91,91,91
2,91,991,91,91,91
2,91,991,91,91,91
1,93,13,93,93,93
1,93,22,93,93,93
2,91,991,91,91,91
2,91,991,91,91,91
1,91,991,91,91,91
2,91,991,91,91,91
2,93,14,93,93,93
1,8,16,1,2,1
2,27,8,1,1,1
2,93,15,93,93,93
1,91,991,91,91,91
2,91,991,91,91,91
2,4,21,2,2,1
1,91,991,91,91,91
1,91,991,91,91,91
1,93,18,93,93,93
2,93,13,93,93,93
2,91,991,91,91,91
1,91,991,91,91,91
2,93,15,93,93,93
2,1,21,2,2,1
2,93,12,93,93,93
2,91,991,91,91,91
2,91,991,91,91,91
1,91,991,91,91,91
2,93,18,93,93,93
1,93,17,93,93,93
2,30,15,1,1,1
2,91,991,91,91,91
1,91,991,91,91,91
2,91,991,91,91,91
2,91,991,91,91,91
1,93,18,93,93,93
2,91,991,91,91,91
2,2,18,1,2,2
2,93,13,93,93,93
1,93,25,93,93,93
2,93,18,93,93,93
1,91,991,91,91,91
1,91,991,91,91,91
1,93,15,93,93,93
2,93,30,93,93,93
1,91,991,91,91,91
2,91,991,91,91,91
2,91,991,91,91,91
2,93,19,93,93,93
1,91,991,91,91,91
2,2,15,1,2,2
1,93,14,93,93,93
1,91,991,91,91,91
2,93,16,93,93,93
1,91,991,91,91,91
2,5,16,2,2,1
2,2,18,1,2,2
2,93,18,93,93,93
2,91,991,91,91,91
1,93,19,93,93,93
1,91,991,91,91,91
1,93,17,93,93,93
2,91,991,91,91,91
1,91,991,91,91,91
1,93,18,93,93,93
1,91,991,91,91,91
1,93,11,93,93,93
1,5,20,2,2,1
1,93,17,93,93,93
1,91,991,91,91,91
1,3,14,1,2,2
2,91,991,91,91,91
1,91,991,91,91,91
2,91,991,91,91,91
1,91,991,91,91,91
2,93,16,93,93,93
2,93,19,93,93,93
2,91,991,91,91,91
2,91,991,91,91,91
1,91,991,91,91,91
1,91,991,91,91,91
2,91,991,91,91,91
1,91,991,91,91,91
1,91,991,91,91,91
2,91,991,91,91,91
2,93,19,93,93,93
1,15,20,2,2,1
2,93,20,93,93,93
2,91,991,91,91,91
1,91,991,91,91,91
2,91,991,91,91,91
2,93,13,93,93,93
1,1,15,2,2,1
2,91,991,91,91,91
2,93,12,93,93,93
1,91,991,91,91,91
1,91,991,91,91,91
1,91,991,91,91,91
1,91,991,91,91,91
1,91,991,91,91,91
2,30,10,1,1,1
1,93,20,93,93,93
2,91,991,91,91,91
1,91,991,91,91,91
1,93,18,93,93,93
1,93,22,93,93,93
2,91,991,91,91,91
2,91,991,91,91,91
1,93,16,93,93,93
2,30,13,1,1,2
1,93,11,93,93,93
1,91,991,91,91,91
2,91,991,91,91,91
1,91,991,91,91,91
2,91,991,91,91,91
2,1,24,2,2,1
2,93,18,93,93,93
2,91,991,91,91,91
1,91,991,91,91,91
1,91,991,91,91,91
2,91,991,91,91,91
1,25,14,1,1,1
2,91,991,91,91,91
1,91,991,91,91,91
1,1,13,1,1,2
2,91,991,91,91,91
1,91,991,91,91,91
2,93,16,93,93,93
2,30,16,1,1,1
2,93,997,93,93,93
1,25,18,2,1,2
1,93,15,93,93,93
1,91,991,91,91,91
2,15,18,1,2,2
2,93,17,93,93,93
1,91,991,91,91,91
1,91,991,91,91,91
2,93,11,93,93,93
2,91,991,91,91,91
2,93,15,93,93,93
1,93,21,93,93,93
2,91,991,91,91,91
2,15,44,2,2,1
2,30,16,1,1,2
1,5,16,2,1,2
2,91,991,91,91,91
1,91,991,91,91,91
2,91,991,91,91,91
1,91,991,91,91,91
2,93,16,93,93,93
2,93,17,93,93,93
1,91,991,91,91,91
1,93,16,93,93,93
2,91,991,91,91,91
2,91,991,91,91,91
1,91,991,91,91,91
2,91,991,91,91,91
1,91,991,91,91,91
1,93,19,93,93,93
2,93,16,93,93,93
1,91,991,91,91,91
2,91,991,91,91,91
2,93,18,93,93,93
1,93,21,93,93,93
1,91,991,91,91,91
2,91,991,91,91,91
1,91,991,91,91,91
2,91,991,91,91,91
2,91,991,91,91,91
2,91,991,91,91,91
1,93,22,93,93,93
1,93,18,93,93,93
1,25,13,1,1,1
1,91,991,91,91,91
2,93,12,93,93,93
2,93,17,93,93,93
2,93,18,93,93,93
1,30,16,1,2,2
2,93,11,93,93,93
1,11,13,1,1,1
2,91,991,91,91,91
1,91,991,91,91,91
2,2,18,2,1,1
1,93,18,93,93,93
1,93,14,93,93,93
1,91,991,91,91,91
1,91,991,91,91,91
2,15,16,2,1,2
2,93,15,93,93,93
2,91,991,91,91,91
2,91,991,91,91,91
1,91,991,91,91,91
2,91,991,91,91,91
2,2,15,1,2,1
2,91,991,91,91,91
1,91,991,91,91,91
1,7,17,2,2,1
1,91,991,91,91,91
2,93,15,93,93,93
1,93,19,93,93,93
1,91,991,91,91,91
1,93,25,93,93,93
2,91,991,91,91,91
1,91,991,91,91,91
2,30,16,1,1,2
1,15,16,2,1,1
2,93,19,93,93,93
2,93,15,93,93,93
1,91,991,91,91,91
1,91,991,91,91,91
2,91,991,91,91,91
2,3,18,1,2,2
2,91,991,91,91,91
1,91,991,91,91,91
1,93,18,93,93,93
1,91,991,91,91,91
2,91,991,91,91,91
1,93,16,93,93,93
2,91,991,91,91,91
1,93,19,93,93,93
2,30,17,1,2,2
2,91,991,91,91,91
2,91,991,91,91,91
2,91,991,91,91,91
1,91,991,91,91,91
1,91,991,91,91,91
1,93,12,93,93,93
1,91,991,91,91,91
1,91,991,91,91,91
2,91,991,91,91,91
2,3,16,1,2,2
1,91,991,91,91,91
2,91,991,91,91,91
1,91,991,91,91,91
1,91,991,91,91,91
2,93,22,93,93,93
1,25,17,1,2,1
1,93,15,93,93,93
1,18,12,1,1,1
1,91,991,91,91,91
2,93,21,93,93,93
2,91,991,91,91,91
2,91,991,91,91,91
1,91,991,91,91,91
1,93,15,93,93,93
1,91,991,91,91,91
1,91,991,91,91,91
1,91,991,91,91,91
2,91,991,91,91,91
1,91,991,91,91,91
2,93,22,93,93,93
1,5,20,1,1,1
1,30,12,1,2,2
2,91,991,91,91,91
2,93,25,93,93,93
2,93,21,93,93,93
2,91,991,91,91,91
2,10,14,1,2,1
1,91,991,91,91,91
2,91,991,91,91,91
2,18,14,1,1,2
2,91,991,91,91,91
2,93,17,93,93,93
2,91,991,91,91,91
1,30,11,1,1,1
2,91,991,91,91,91
1,93,19,93,93,93
2,91,991,91,91,91
1,91,991,91,91,91
2,91,991,91,91,91
2,93,14,93,93,93
2,93,15,93,93,93
1,2,15,1,2,2
2,15,17,1,1,2
2,91,991,91,91,91
2,91,991,91,91,91
2,20,13,1,1,2
1,91,991,91,91,91
1,91,991,91,91,91
2,91,991,91,91,91
2,91,991,91,91,91
2,93,16,93,93,93
2,91,991,91,91,91
2,93,21,93,93,93
2,20,18,1,2,2
2,91,991,91,91,91
2,91,991,91,91,91
1,91,991,91,91,91
2,30,15,1,1,2
2,91,991,91,91,91
2,93,13,93,93,93
2,91,991,91,91,91
1,91,991,91,91,91
1,91,991,91,91,91
1,91,991,91,91,91
1,91,991,91,91,91
1,91,991,91,91,91
1,93,16,93,93,93
1,93,18,93,93,93
1,91,991,91,91,91
1,91,991,91,91,91
2,91,991,91,91,91
1,91,991,91,91,91
2,91,991,91,91,91
2,91,991,91,91,91
2,91,991,91,91,91
2,93,17,93,93,93
2,91,991,91,91,91
1,91,991,91,91,91
2,91,991,91,91,91
1,2,19,2,2,1
2,91,991,91,91,91
1,91,991,91,91,91
1,91,991,91,91,91
1,93,14,93,93,93
2,91,991,91,91,91
2,91,991,91,91,91
2,30,15,1,1,2
1,93,18,93,93,93
1,91,991,91,91,91
2,91,991,91,91,91
2,91,991,91,91,91
1,10,21,1,2,2
2,91,991,91,91,91
2,91,991,91,91,91
2,5,14,1,2,2
1,93,16,93,93,93
1,91,991,91,91,91
2,91,991,91,91,91
1,30,20,2,2,2
2,91,991,91,91,91
2,91,991,91,91,91
1,93,17,93,93,93
2,93,15,93,93,93
1,91,991,91,91,91
2,91,991,91,91,91
2,91,991,91,91,91
1,30,15,1,2,2
2,91,991,91,91,91
2,28,22,2,1,1
2,91,991,91,91,91
1,91,991,91,91,91
1,30,14,1,1,1
1,93,17,93,93,93
2,91,991,91,91,91
1,91,991,91,91,91
2,93,16,93,93,93
1,91,991,91,91,91
2,93,11,93,93,93
1,91,991,91,91,91
1,91,991,91,91,91
2,91,991,91,91,91
2,1,15,1,2,2
2,91,991,91,91,91
2,91,991,91,91,91
2,91,991,91,91,91
2,93,13,93,93,93
1,30,16,1,2,1
1,93,12,93,93,93
1,91,991,91,91,91
1,91,991,91,91,91
1,93,15,93,93,93
1,93,22,93,93,93
2,93,27,93,93,93
2,91,991,91,91,91
1,91,991,91,91,91
2,98,998,98,98,98
1,91,991,91,91,91
2,91,991,91,91,91
2,5,23,1,2,2
1,91,991,91,91,91
1,2,15,1,2,2
2,91,991,91,91,91
2,91,991,91,91,91
1,91,991,91,91,91
2,3,18,1,1,1
2,93,13,93,93,93
1,91,991,91,91,91
1,91,991,91,91,91
1,91,991,91,91,91
2,97,13,1,2,2
2,93,21,93,93,93
2,93,14,93,93,93
2,93,30,93,93,93
1,93,19,93,93,93
2,93,18,93,93,93
1,93,16,93,93,93
2,91,991,91,91,91
1,91,991,91,91,91
1,93,19,93,93,93
2,91,991,91,91,91
2,5,17,2,2,1
1,93,18,93,93,93
2,14,11,1,2,2
1,93,15,93,93,93
1,91,991,91,91,91
1,91,991,91,91,91
2,91,991,91,91,91
1,93,18,93,93,93
1,91,991,91,91,91
1,91,991,91,91,91
2,91,991,91,91,91
2,93,15,93,93,93
2,93,17,93,93,93
2,91,991,91,91,91
2,15,13,1,2,2
1,91,991,91,91,91
2,93,24,93,93,93
1,91,991,91,91,91
1,91,991,91,91,91
1,2,17,1,1,2
1,93,22,93,93,93
1,91,991,91,91,91
2,93,16,93,93,93
1,94,13,2,2,1
1,93,18,93,93,93
2,91,991,91,91,91
2,91,991,91,91,91
2,91,991,91,91,91
2,1,18,2,2,1
2,91,991,91,91,91
1,30,18,1,1,2
1,10,18,1,2,2
1,30,12,1,1,2
1,93,17,93,93,93
1,91,991,91,91,91
2,91,991,91,91,91
2,93,17,93,93,93
2,2,17,2,1,2
2,91,991,91,91,91
2,91,991,91,91,91
1,91,991,91,91,91
2,27,10,1,1,1
2,93,18,93,93,93
1,21,18,1,2,1
2,91,991,91,91,91
2,91,991,91,91,91
1,91,991,91,91,91
2,91,991,91,91,91
1,93,12,93,93,93
2,91,991,91,91,91
2,93,14,93,93,93
2,91,991,91,91,91
2,93,21,93,93,93
2,93,18,93,93,93
2,91,991,91,91,91
2,93,16,93,93,93
2,91,991,91,91,91
2,93,18,93,93,93
2,91,991,91,91,91
1,8,13,1,1,1
1,93,16,93,93,93
2,91,991,91,91,91
1,91,991,91,91,91
1,91,991,91,91,91
2,25,18,1,2,2
1,93,15,93,93,93
2,2,18,2,1,2
1,91,991,91,91,91
2,91,991,91,91,91
2,91,991,91,91,91
1,25,11,1,2,2
1,91,991,91,91,91
1,93,28,93,93,93
1,93,13,93,93,93
2,91,991,91,91,91
2,91,991,91,91,91
2,93,18,93,93,93
2,30,18,1,1,2
1,93,19,93,93,93
1,93,21,93,93,93
2,91,991,91,91,91
2,91,991,91,91,91
1,91,991,91,91,91
2,91,991,91,91,91
2,93,27,93,93,93
1,91,991,91,91,91
1,4,18,1,2,2
2,91,991,91,91,91
2,91,991,91,91,91
2,91,991,91,91,91
2,91,991,91,91,91
1,91,991,91,91,91
1,91,991,91,91,91
2,91,991,91,91,91
1,30,15,1,1,1
2,93,12,93,93,93
2,93,18,93,93,93
2,93,73,93,93,93
2,30,14,1,2,2
1,91,991,91,91,91
2,93,25,93,93,93
2,93,16,93,93,93
1,93,13,93,93,93
1,91,991,91,91,91
2,93,19,93,93,93
1,30,12,1,1,1
1,91,991,91,91,91
1,91,991,91,91,91
2,93,23,93,93,93
1,25,28,1,1,1
2,91,991,91,91,91
2,91,991,91,91,91
2,91,991,91,91,91
2,91,991,91,91,91
2,93,14,93,93,93
2,91,991,91,91,91
1,93,12,93,93,93
1,30,17,1,1,1
2,91,991,91,91,91
2,91,991,91,91,91
1,91,991,91,91,91
2,15,18,1,1,2
1,91,991,91,91,91
2,91,991,91,91,91
1,91,991,91,91,91
1,91,991,91,91,91
1,91,991,91,91,91
1,4,19,1,1,2
1,93,25,93,93,93
1,91,991,91,91,91
1,91,991,91,91,91
2,91,991,91,91,91
2,91,991,91,91,91
1,91,991,91,91,91
2,5,16,1,2,2
2,93,16,93,93,93
2,93,15,93,93,93
1,91,991,91,91,91
2,30,17,1,2,2
2,91,991,91,91,91
2,93,28,93,93,93
2,93,13,93,93,93
2,93,18,93,93,93
1,93,15,93,93,93
1,93,22,93,93,93
2,91,991,91,91,91
2,91,991,91,91,91
2,91,991,91,91,91
2,91,991,91,91,91
2,91,991,91,91,91
2,91,991,91,91,91
2,93,12,93,93,93
1,91,991,91,91,91
2,91,991,91,91,91
1,91,991,91,91,91
1,93,20,93,93,93
1,91,991,91,91,91
2,91,991,91,91,91
2,91,991,91,91,91
1,93,15,93,93,93
1,91,991,91,91,91
2,93,16,93,93,93
2,91,991,91,91,91
2,91,991,91,91,91
1,91,991,91,91,91
2,91,991,91,91,91
2,91,991,91,91,91
1,93,16,93,93,93
1,91,991,91,91,91
1,93,16,93,93,93
1,91,991,91,91,91
1,93,14,93,93,93
2,30,18,1,2,2
2,1,20,1,2,1
2,30,15,1,1,2
1,91,991,91,91,91
2,91,991,91,91,91
2,93,20,93,93,93
2,91,991,91,91,91
1,91,991,91,91,91
1,91,991,91,91,91
1,91,991,91,91,91
1,91,991,91,91,91
2,91,991,91,91,91
1,91,991,91,91,91
2,1,14,2,1,2
2,91,991,91,91,91
1,10,17,1,2,2
1,93,12,93,93,93
2,12,13,1,2,1
2,93,16,93,93,93
2,93,19,93,93,93
2,30,10,1,2,1
1,93,21,93,93,93
2,20,24,2,2,1
1,91,991,91,91,91
2,91,991,91,91,91
2,91,991,91,91,91
2,30,18,1,1,1
2,93,13,93,93,93
1,93,18,93,93,93
2,93,18,93,93,93
1,93,18,93,93,93
1,93,19,93,93,93
1,93,15,93,93,93
1,93,20,93,93,93
1,91,991,91,91,91
1,91,991,91,91,91
2,91,991,91,91,91
2,91,991,91,91,91
2,30,25,1,1,1
2,91,991,91,91,91
2,93,17,93,93,93
2,93,16,93,93,93
1,15,15,1,2,2
2,16,26,2,2,1
2,91,991,91,91,91
2,91,991,91,91,91
2,30,28,2,1,1
1,93,16,93,93,93
1,25,11,1,2,2
1,91,991,91,91,91
2,91,991,91,91,91
1,1,16,1,2,2
2,91,991,91,91,91
2,91,991,91,91,91
2,91,991,91,91,91
2,91,991,91,91,91
1,91,991,91,91,91
1,1,18,1,2,2
1,91,991,91,91,91
2,93,14,93,93,93
1,30,15,1,1,1
1,91,991,91,91,91
2,91,991,91,91,91
1,91,991,91,91,91
1,91,991,91,91,91
1,91,991,91,91,91
2,91,991,91,91,91
1,8,15,1,2,2
2,93,20,93,93,93
1,91,991,91,91,91
1,93,22,93,93,93
2,93,15,93,93,93
2,91,991,91,91,91
1,93,15,93,93,93
1,15,12,1,1,2
2,91,991,91,91,91
2,93,17,93,93,93
1,30,14,1,1,2
1,93,16,93,93,93
1,93,14,93,93,93
1,91,991,91,91,91
1,91,991,91,91,91
2,93,16,93,93,93
1,30,13,1,2,2
2,91,991,91,91,91
1,30,17,1,2,2
1,93,13,93,93,93
1,10,13,1,2,2
2,91,991,91,91,91
1,27,12,1,1,1
1,91,991,91,91,91
2,91,991,91,91,91
2,93,23,93,93,93
2,91,991,91,91,91
1,91,991,91,91,91
2,91,991,91,91,91
1,91,991,91,91,91
1,91,991,91,91,91
1,91,991,91,91,91
1,91,991,91,91,91
1,91,991,91,91,91
2,91,991,91,91,91
1,93,13,93,93,93
2,91,991,91,91,91
2,91,991,91,91,91
2,93,16,93,93,93
2,91,991,91,91,91
2,1,22,2,1,2
2,93,32,93,93,93
1,91,991,91,91,91
2,91,991,91,91,91
2,91,991,91,91,91
2,91,991,91,91,91
1,91,991,91,91,91
1,91,991,91,91,91
2,14,14,2,1,2
1,91,991,91,91,91
1,91,991,91,91,91
1,91,991,91,91,91
1,93,19,93,93,93
1,91,991,91,91,91
2,93,17,93,93,93
2,93,18,93,93,93
1,93,20,93,93,93
1,91,991,91,91,91
1,93,12,93,93,93
2,91,991,91,91,91
2,93,33,93,93,93
2,93,21,93,93,93
1,91,991,91,91,91
2,91,991,91,91,91
2,93,19,93,93,93
1,91,991,91,91,91
2,91,991,91,91,91
2,91,991,91,91,91
2,91,991,91,91,91
2,91,991,91,91,91
2,91,991,91,91,91
2,91,991,91,91,91
1,91,991,91,91,91
2,91,991,91,91,91
2,93,994,93,93,93
2,93,994,93,93,93
1,91,991,91,91,91
2,91,991,91,91,91
1,91,991,91,91,91
2,93,16,93,93,93
1,91,991,91,91,91
2,98,17,98,98,98
1,93,17,93,93,93
2,93,16,93,93,93
2,91,991,91,91,91
1,91,991,91,91,91
1,91,991,91,91,91
2,2,12,1,1,2
1,93,13,93,93,93
2,91,991,91,91,91
1,91,991,91,91,91
2,93,22,93,93,93
2,93,18,93,93,93
1,93,24,93,93,93
1,30,13,1,2,2
2,91,991,91,91,91
1,93,18,93,93,93
1,98,994,98,98,98
2,91,991,91,91,91
2,91,991,91,91,91
1,91,991,91,91,91
1,91,991,91,91,91
1,3,20,1,2,1
2,30,16,1,2,2
2,30,11,1,1,2
2,91,991,91,91,91
2,91,991,91,91,91
1,91,991,91,91,91
1,91,991,91,91,91
1,93,17,93,93,93
2,91,991,91,91,91
1,91,991,91,91,91
1,93,16,93,93,93
2,91,991,91,91,91
2,1,12,1,2,2
1,93,17,93,93,93
1,93,13,93,93,93
1,91,991,91,91,91
2,91,991,91,91,91
2,93,16,93,93,93
2,93,44,93,93,93
2,91,991,91,91,91
1,25,17,1,2,2
1,2,18,1,2,2
1,91,991,91,91,91
1,98,14,98,98,98
2,91,991,91,91,91
2,91,991,91,91,91
2,91,991,91,91,91
1,30,16,1,2,2
1,91,991,91,91,91
2,25,23,1,1,1
2,98,22,98,98,98
2,91,991,91,91,91
2,4,18,1,2,2
2,93,16,93,93,93
1,91,991,91,91,91
1,91,991,91,91,91
2,93,7,93,93,93
2,8,16,1,1,1
1,93,24,93,93,93
1,91,991,91,91,91
2,91,991,91,91,91
1,91,991,91,91,91
2,91,991,91,91,91
2,91,991,91,91,91
2,5,15,1,2,2
2,91,991,91,91,91
1,91,991,91,91,91
2,1,16,2,2,1
1,30,16,1,1,2
2,93,20,93,93,93
2,93,19,93,93,93
2,91,991,91,91,91
2,93,19,93,93,93
2,91,991,91,91,91
1,91,991,91,91,91
2,10,997,1,2,2
2,93,18,93,93,93
1,93,13,93,93,93
1,91,991,91,91,91
2,2,19,2,2,1
2,91,991,91,91,91
1,91,991,91,91,91
2,93,16,93,93,93
1,93,20,93,93,93
1,93,21,93,93,93
2,91,991,91,91,91
1,93,13,93,93,93
1,91,991,91,91,91
2,91,991,91,91,91
2,91,991,91,91,91
2,30,15,1,1,2
1,91,991,91,91,91
2,93,38,93,93,93
1,91,991,91,91,91
2,93,20,93,93,93
1,91,991,91,91,91
2,91,991,91,91,91
1,91,991,91,91,91
1,91,991,91,91,91
1,93,13,93,93,93
2,2,16,2,1,2
2,93,25,93,93,93
2,91,991,91,91,91
2,91,991,91,91,91
2,91,991,91,91,91
1,93,14,93,93,93
1,91,991,91,91,91
1,93,14,93,93,93
1,91,991,91,91,91
2,93,16,93,93,93
2,91,991,91,91,91
1,21,16,1,1,2
2,15,18,1,2,1
1,20,21,2,1,1
1,91,991,91,91,91
1,91,991,91,91,91
1,91,991,91,91,91
1,93,18,93,93,93
2,91,991,91,91,91
2,93,13,93,93,93
1,91,991,91,91,91
2,93,25,93,93,93
1,2,14,1,2,2
1,25,13,1,1,2
2,91,991,91,91,91
2,91,991,91,91,91
1,93,20,93,93,93
2,91,991,91,91,91
1,91,991,91,91,91
2,30,14,1,2,1
2,91,991,91,91,91
1,91,991,91,91,91
1,91,991,91,91,91
2,91,991,91,91,91
2,91,991,91,91,91
2,91,991,91,91,91
1,91,991,91,91,91
1,98,13,98,98,98
2,91,991,91,91,91
2,91,991,91,91,91
2,91,991,91,91,91
2,91,991,91,91,91
1,91,991,91,91,91
2,1,20,1,2,2
2,91,991,91,91,91
2,91,991,91,91,91
2,93,15,93,93,93
2,91,991,91,91,91
1,91,991,91,91,91
1,91,991,91,91,91
2,91,991,91,91,91
1,91,991,91,91,91
1,91,991,91,91,91
2,91,991,91,91,91
1,93,14,93,93,93
2,91,991,91,91,91
2,30,16,1,1,1
1,7,18,2,2,1
2,91,991,91,91,91
1,1,22,1,2,2
2,91,991,91,91,91
2,93,17,93,93,93
1,91,991,91,91,91
2,93,21,93,93,93
1,91,991,91,91,91
2,91,991,91,91,91
1,91,991,91,91,91
2,91,991,91,91,91
2,91,991,91,91,91
1,93,16,93,93,93
1,4,15,1,2,2
2,91,991,91,91,91
2,91,991,91,91,91
2,93,19,93,93,93
1,10,14,2,2,1
2,93,14,93,93,93
1,91,991,91,91,91
1,93,17,93,93,93
2,25,13,1,1,1
2,91,991,91,91,91
1,93,15,93,93,93
2,5,13,1,2,2
1,93,25,93,93,93
2,91,991,91,91,91
2,91,991,91,91,91
1,93,23,93,93,93
1,91,991,91,91,91
2,91,991,91,91,91
1,91,991,91,91,91
2,91,991,91,91,91
2,93,14,93,93,93
1,93,8,93,93,93
1,91,991,91,91,91
2,1,21,2,1,1
2,2,14,1,2,2
2,1,19,2,2,1
1,1,17,2,2,1
2,93,16,93,93,93
2,7,52,1,2,1
1,91,991,91,91,91
1,30,14,1,2,2
1,91,991,91,91,91
2,91,991,91,91,91
2,91,991,91,91,91
2,93,18,93,93,93
2,30,16,1,1,1
2,91,991,91,91,91
1,93,25,93,93,93
1,91,991,91,91,91
1,91,991,91,91,91
1,25,16,1,2,2
2,91,991,91,91,91
1,91,991,91,91,91
2,93,21,93,93,93
2,91,991,91,91,91
2,93,18,93,93,93
2,91,991,91,91,91
1,91,991,91,91,91
2,91,991,91,91,91
1,91,991,91,91,91
2,91,991,91,91,91
2,93,16,93,93,93
1,14,13,1,1,2
1,18,18,2,2,1
1,93,55,93,93,93
2,91,991,91,91,91
2,1,16,2,2,2
2,10,14,1,2,2
2,91,991,91,91,91
1,91,991,91,91,91
1,91,991,91,91,91
2,30,19,1,2,1
1,3,14,1,2,2
1,91,991,91,91,91
2,91,991,91,91,91
2,91,991,91,91,91
2,93,40,93,93,93
1,93,15,93,93,93
2,93,23,93,93,93
1,91,991,91,91,91
2,30,13,1,2,1
1,91,991,91,91,91
2,91,991,91,91,91
2,91,991,91,91,91
2,91,991,91,91,91
1,91,991,91,91,91
2,25,13,1,1,2
1,93,18,93,93,93
2,91,991,91,91,91
2,91,991,91,91,91
1,91,991,91,91,91
1,91,991,91,91,91
2,91,991,91,91,91
2,91,991,91,91,91
2,91,991,91,91,91
2,91,991,91,91,91
1,91,991,91,91,91
2,93,18,93,93,93
1,91,991,91,91,91
2,91,991,91,91,91
1,91,991,91,91,91
1,93,18,93,93,93
2,91,991,91,91,91
1,91,991,91,91,91
1,15,16,1,2,2
2,9,13,1,1,2
2,93,28,93,93,93
1,91,991,91,91,91
2,93,18,93,93,93
1,91,991,91,91,91
1,93,21,93,93,93
2,91,991,91,91,91
2,91,991,91,91,91
2,91,991,91,91,91
1,91,991,91,91,91
2,30,15,2,2,1
1,91,991,91,91,91
2,91,991,91,91,91
1,93,25,93,93,93
2,93,23,93,93,93
1,91,991,91,91,91
1,93,20,93,93,93
2,91,991,91,91,91
1,93,13,93,93,93
2,91,991,91,91,91
2,93,14,93,93,93
2,91,991,91,91,91
1,91,991,91,91,91
2,91,991,91,91,91
1,2,15,1,2,2
1,30,16,2,2,1
1,91,991,91,91,91
1,91,991,91,91,91
1,93,18,93,93,93
1,91,991,91,91,91
2,91,991,91,91,91
2,4,11,1,1,1
1,91,991,91,91,91
2,91,991,91,91,91
2,91,991,91,91,91
1,30,10,1,1,2
1,91,991,91,91,91
1,91,991,91,91,91
1,93,16,93,93,93
2,93,13,93,93,93
1,91,991,91,91,91
1,91,991,91,91,91
1,91,991,91,91,91
2,91,991,91,91,91
2,91,991,91,91,91
2,91,991,91,91,91
2,91,991,91,91,91
2,91,991,91,91,91
2,91,991,91,91,91
1,91,991,91,91,91
1,12,12,1,2,2
1,91,991,91,91,91
1,91,991,91,91,91
1,91,991,91,91,91
2,93,17,93,93,93
1,2,17,1,1,2
1,91,991,91,91,91
2,93,21,93,93,93
1,91,991,91,91,91
2,91,991,91,91,91
2,91,991,91,91,91
2,91,991,91,91,91
1,91,991,91,91,91
1,91,991,91,91,91
2,91,991,91,91,91
1,91,991,91,91,91
2,93,19,93,93,93
2,2,43,1,1,1
2,91,991,91,91,91
2,28,18,1,2,2
1,93,20,93,93,93
1,93,14,93,93,93
1,91,991,91,91,91
2,91,991,91,91,91
2,91,991,91,91,91
2,93,18,93,93,93
1,1,21,2,2,1
2,93,16,93,93,93
2,91,991,91,91,91
2,93,25,93,93,93
1,30,18,1,1,1
1,91,991,91,91,91
1,93,14,93,93,93
2,93,13,93,93,93
2,4,28,1,2,2
2,3,16,1,1,2
1,91,991,91,91,91
2,91,991,91,91,91
1,91,991,91,91,91
2,91,991,91,91,91
1,93,17,93,93,93
2,1,13,1,2,2
2,91,991,91,91,91
1,91,991,91,91,91
2,93,13,93,93,93
1,93,15,93,93,93
2,91,991,91,91,91
2,91,991,91,91,91
1,30,12,1,2,1
2,93,13,93,93,93
2,91,991,91,91,91
2,12,24,1,1,1
1,93,16,93,93,93
1,91,991,91,91,91
1,91,991,91,91,91
2,93,18,93,93,93
1,93,21,93,93,93
2,91,991,91,91,91
2,93,12,93,93,93
2,91,991,91,91,91
1,2,18,2,2,1
2,91,991,91,91,91
1,91,991,91,91,91
2,93,12,93,93,93
2,93,17,93,93,93
1,91,991,91,91,91
2,91,991,91,91,91
2,93,21,93,93,93
2,91,991,91,91,91
2,93,14,93,93,93
2,93,17,93,93,93
2,91,991,91,91,91
2,93,19,93,93,93
2,7,47,2,2,2
1,91,991,91,91,91
2,91,991,91,91,91
1,2,15,2,1,1
2,93,14,93,93,93
2,91,991,91,91,91
1,5,16,1,1,2
2,93,17,93,93,93
1,93,15,93,93,93
2,93,18,93,93,93
2,1,35,2,2,1
2,91,991,91,91,91
2,91,991,91,91,91
2,91,991,91,91,91
1,91,991,91,91,91
2,93,20,93,93,93
2,1,13,1,2,2
2,15,39,2,2,2
2,91,991,91,91,91
2,91,991,91,91,91
1,91,991,91,91,91
2,29,19,1,2,2
1,91,991,91,91,91
2,91,991,91,91,91
1,93,15,93,93,93
1,91,991,91,91,91
2,5,13,2,2,1
2,91,991,91,91,91
1,91,991,91,91,91
1,91,991,91,91,91
1,93,15,93,93,93
1,91,991,91,91,91
1,91,991,91,91,91
2,91,991,91,91,91
2,97,997,2,1,2
2,91,991,91,91,91
1,6,13,1,2,1
1,91,991,91,91,91
2,20,14,2,1,2
1,91,991,91,91,91
2,91,991,91,91,91
2,93,19,93,93,93
1,91,991,91,91,91
2,97,997,98,98,98
2,91,991,91,91,91
1,91,991,91,91,91
2,30,16,1,1,2
1,93,31,93,93,93
2,91,991,91,91,91
2,91,991,91,91,91
2,91,991,91,91,91
2,91,991,91,91,91
1,91,991,91,91,91
1,93,28,93,93,93
1,93,15,93,93,93
1,91,991,91,91,91
2,91,991,91,91,91
2,91,991,91,91,91
1,91,991,91,91,91
1,91,991,91,91,91
1,93,33,93,93,93
1,91,991,91,91,91
1,93,25,93,93,93
1,91,991,91,91,91
1,20,18,2,2,1
1,91,991,91,91,91
1,93,16,93,93,93
1,91,991,91,91,91
1,91,991,91,91,91
2,91,991,91,91,91
2,91,991,91,91,91
2,1,14,1,2,2
2,93,24,93,93,93
2,6,17,1,1,2
2,93,16,93,93,93
1,91,991,91,91,91
2,93,17,93,93,93
2,9,17,2,1,2
2,93,19,93,93,93
2,93,18,93,93,93
2,30,13,1,1,1
1,91,991,91,91,91
2,91,991,91,91,91
1,91,991,91,91,91
1,93,25,93,93,93
2,91,991,91,91,91
2,93,19,93,93,93
1,93,21,93,93,93
2,93,18,93,93,93
2,91,991,91,91,91
2,93,18,93,93,93
2,91,991,91,91,91
1,1,17,1,2,1
1,93,18,93,93,93
1,30,19,1,1,1
2,30,12,1,1,2
2,4,21,1,2,2
2,91,991,91,91,91
1,91,991,91,91,91
2,91,991,91,91,91
2,20,18,1,2,2
2,93,20,93,93,93
1,93,19,93,93,93
1,91,991,91,91,91
1,91,991,91,91,91
2,91,991,91,91,91
2,91,991,91,91,91
1,16,14,1,1,2
2,91,991,91,91,91
1,93,18,93,93,93
2,30,16,1,2,2
2,93,14,93,93,93
2,2,15,2,2,2
2,91,991,91,91,91
1,91,991,91,91,91
2,91,991,91,91,91
1,91,991,91,91,91
2,91,991,91,91,91
2,93,20,93,93,93
1,93,22,93,93,93
2,6,12,1,2,1
2,93,17,93,93,93
2,91,991,91,91,91
2,91,991,91,91,91
2,93,30,93,93,93
2,91,991,91,91,91
1,94,15,2,1,2
1,93,14,93,93,93
1,91,991,91,91,91
2,91,991,91,91,91
1,93,18,93,93,93
1,3,15,1,2,2
2,91,991,91,91,91
2,93,16,93,93,93
2,30,24,1,2,2
2,93,14,93,93,93
2,91,991,91,91,91
1,91,991,91,91,91
1,93,18,93,93,93
2,91,991,91,91,91
2,93,17,93,93,93
1,93,14,93,93,93
2,91,991,91,91,91
1,91,991,91,91,91
1,91,991,91,91,91
2,91,991,91,91,91
2,91,991,91,91,91
1,91,991,91,91,91
2,91,991,91,91,91
2,91,991,91,91,91
1,91,991,91,91,91
1,91,991,91,91,91
2,93,25,93,93,93
2,93,21,93,93,93
2,93,16,93,93,93
1,91,991,91,91,91
1,93,57,93,93,93
2,8,13,2,2,1
1,5,14,1,2,2
1,91,991,91,91,91
1,91,991,91,91,91
2,91,991,91,91,91
2,93,14,93,93,93
2,93,15,93,93,93
2,98,21,98,98,98
2,10,17,2,1,1
1,91,991,91,91,91
2,93,25,93,93,93
1,91,991,91,91,91
2,91,991,91,91,91
2,93,18,93,93,93
1,91,991,91,91,91
2,91,991,91,91,91
1,91,991,91,91,91
2,5,18,2,1,2
2,91,991,91,91,91
1,2,18,2,2,1
1,25,15,1,2,2
2,30,17,1,2,2
1,91,991,91,91,91
1,98,985,98,98,98
1,93,30,93,93,93
1,91,991,91,91,91
1,91,991,91,91,91
1,1,15,2,2,1
1,93,16,93,93,93
1,91,991,91,91,91
2,91,991,91,91,91
1,91,991,91,91,91
2,93,13,93,93,93
1,20,16,1,2,1
2,91,991,91,91,91
1,91,991,91,91,91
1,91,991,91,91,91
2,93,19,93,93,93
2,91,991,91,91,91
1,91,991,91,91,91
1,91,991,91,91,91
1,91,991,91,91,91
1,93,25,93,93,93
2,93,40,93,93,93
1,2,15,1,2,2
2,91,991,91,91,91
2,93,20,93,93,93
2,30,23,1,1,2
2,91,991,91,91,91
1,91,991,91,91,91
2,91,991,91,91,91
1,91,991,91,91,91
1,91,991,91,91,91
1,2,16,1,2,2
1,93,14,93,93,93
1,91,991,91,91,91
1,93,18,93,93,93
2,91,991,91,91,91
1,91,991,91,91,91
1,91,991,91,91,91
2,91,991,91,91,91
1,93,17,93,93,93
1,15,14,2,1,2
2,93,19,93,93,93
2,91,991,91,91,91
1,91,991,91,91,91
1,93,18,93,93,93
1,93,16,93,93,93
2,91,991,91,91,91
2,93,29,93,93,93
2,93,20,93,93,93
2,93,15,93,93,93
1,93,17,93,93,93
1,93,17,93,93,93
2,12,33,1,2,2
2,93,15,93,93,93
2,27,15,1,1,1
2,91,991,91,91,91
2,93,14,93,93,93
2,93,17,93,93,93
2,91,991,91,91,91
2,91,991,91,91,91
2,93,19,93,93,93
1,91,991,91,91,91
1,93,19,93,93,93
2,27,17,1,1,1
2,91,991,91,91,91
1,30,17,1,1,1
2,8,13,1,1,2
1,91,991,91,91,91
1,93,18,93,93,93
2,91,991,91,91,91
1,91,991,91,91,91
2,93,14,93,93,93
2,93,15,93,93,93
1,91,991,91,91,91
1,93,19,93,93,93
1,28,15,1,2,2
2,91,991,91,91,91
1,20,27,1,2,2
1,91,991,91,91,91
1,91,991,91,91,91
1,2,33,1,2,1
2,93,30,93,93,93
2,91,991,91,91,91
2,91,991,91,91,91
1,91,991,91,91,91
1,91,991,91,91,91
1,93,18,93,93,93
2,91,991,91,91,91
1,91,991,91,91,91
2,91,991,91,91,91
2,93,15,93,93,93
1,91,991,91,91,91
2,91,991,91,91,91
2,93,20,93,93,93
2,93,32,93,93,93
1,91,991,91,91,91
1,93,17,93,93,93
2,91,991,91,91,91
2,91,991,91,91,91
2,93,22,93,93,93
2,91,991,91,91,91
1,3,21,1,2,2
1,93,13,93,93,93
2,93,21,93,93,93
1,25,38,2,1,2
1,91,991,91,91,91
2,93,15,93,93,93
1,91,991,91,91,91
1,91,991,91,91,91
1,91,991,91,91,91
2,91,991,91,91,91
1,93,19,93,93,93
1,30,17,2,2,2
1,93,24,93,93,93
1,91,991,91,91,91
2,91,991,91,91,91
2,93,18,93,93,93
1,91,991,91,91,91
2,91,991,91,91,91
2,91,991,91,91,91
1,91,991,91,91,91
1,30,15,1,2,2
2,91,991,91,91,91
1,93,20,93,93,93
2,91,991,91,91,91
2,91,991,91,91,91
2,91,991,91,91,91
1,91,991,91,91,91
1,93,18,93,93,93
2,2,18,1,2,1
2,91,991,91,91,91
1,91,991,91,91,91
1,11,11,1,1,1
1,93,19,93,93,93
1,91,991,91,91,91
1,93,20,93,93,93
1,12,12,1,2,2
1,91,991,91,91,91
2,91,991,91,91,91
1,91,991,91,91,91
1,91,991,91,91,91
2,91,991,91,91,91
1,91,991,91,91,91
1,91,991,91,91,91
2,91,991,91,91,91
2,91,991,91,91,91
2,91,991,91,91,91
2,91,991,91,91,91
1,91,991,91,91,91
2,91,991,91,91,91
1,91,991,91,91,91
1,91,991,91,91,91
1,91,991,91,91,91
2,93,36,93,93,93
1,91,991,91,91,91
2,91,991,91,91,91
2,93,15,93,93,93
1,91,991,91,91,91
2,91,991,91,91,91
1,91,991,91,91,91
2,93,18,93,93,93
1,93,16,93,93,93
2,91,991,91,91,91
2,91,991,91,91,91
2,93,22,93,93,93
2,91,991,91,91,91
1,91,991,91,91,91
1,91,991,91,91,91
2,91,991,91,91,91
2,91,991,91,91,91
2,93,20,93,93,93
1,1,16,1,2,2
1,93,13,93,93,93
2,93,21,93,93,93
1,1,16,1,1,2
2,91,991,91,91,91
2,91,991,91,91,91
2,93,12,93,93,93
2,91,991,91,91,91
1,91,991,91,91,91
2,91,991,91,91,91
2,91,991,91,91,91
1,91,991,91,91,91
1,91,991,91,91,91
2,30,15,1,2,2
2,93,21,93,93,93
2,91,991,91,91,91
1,93,15,93,93,93
1,91,991,91,91,91
2,91,991,91,91,91
2,91,991,91,91,91
1,91,991,91,91,91
1,30,13,1,2,2
2,6,27,2,2,1
2,2,21,2,1,2
1,91,991,91,91,91
2,29,15,1,1,2
2,91,991,91,91,91
2,93,16,93,93,93
2,91,991,91,91,91
2,91,991,91,91,91
1,91,991,91,91,91
1,21,994,1,2,2
1,7,14,1,1,2
2,7,18,2,1,2
2,93,15,93,93,93
1,93,18,93,93,93
1,91,991,91,91,91
2,93,21,93,93,93
2,91,991,91,91,91
1,91,991,91,91,91
1,93,16,93,93,93
2,91,991,91,91,91
1,91,991,91,91,91
1,91,991,91,91,91
1,93,17,93,93,93
1,8,17,2,2,1
1,93,71,93,93,93
1,1,24,2,2,1
2,91,991,91,91,91
1,91,991,91,91,91
1,91,991,91,91,91
2,91,991,91,91,91
2,93,16,93,93,93
2,93,17,93,93,93
1,93,16,93,93,93
1,91,991,91,91,91
2,93,17,93,93,93
1,91,991,91,91,91
2,91,991,91,91,91
1,91,991,91,91,91
2,91,991,91,91,91
2,91,991,91,91,91
2,91,991,91,91,91
2,25,16,1,2,2
1,93,13,93,93,93
2,93,18,93,93,93
1,93,16,93,93,93
2,91,991,91,91,91
1,91,991,91,91,91
1,91,991,91,91,91
2,91,991,91,91,91
2,91,991,91,91,91
2,91,991,91,91,91
2,91,991,91,91,91
1,30,16,2,1,1
2,93,29,93,93,93
1,93,17,93,93,93
2,10,32,1,2,2
2,30,16,1,1,2
1,93,18,93,93,93
2,91,991,91,91,91
2,4,16,1,1,1
2,91,991,91,91,91
2,91,991,91,91,91
1,91,991,91,91,91
2,27,18,1,2,1
2,91,991,91,91,91
1,91,991,91,91,91
2,93,16,93,93,93
1,93,13,93,93,93
2,93,16,93,93,93
2,91,991,91,91,91
1,20,12,1,2,2
2,91,991,91,91,91
2,91,991,91,91,91
2,6,17,1,2,1
2,93,30,93,93,93
1,91,991,91,91,91
1,91,991,91,91,91
1,91,991,91,91,91
2,91,991,91,91,91
2,91,991,91,91,91
2,93,23,93,93,93
1,98,17,98,98,98
1,91,991,91,91,91
2,93,15,93,93,93
1,30,14,1,1,2
1,30,35,1,2,2
1,93,14,93,93,93
1,91,991,91,91,91
2,91,991,91,91,91
1,91,991,91,91,91
1,91,991,91,91,91
1,91,991,91,91,91
1,93,19,93,93,93
1,93,16,93,93,93
2,91,991,91,91,91
2,93,16,93,93,93
2,15,22,1,2,2
2,91,991,91,91,91
2,93,15,93,93,93
2,91,991,91,91,91
2,2,18,1,2,2
2,93,16,93,93,93
2,5,14,1,1,1
2,3,44,2,1,1
1,91,991,91,91,91
2,91,991,91,91,91
1,91,991,91,91,91
1,93,25,93,93,93
1,1,23,2,2,1
2,91,991,91,91,91
2,91,991,91,91,91
2,93,994,93,93,93
2,91,991,91,91,91
1,91,991,91,91,91
2,91,991,91,91,91
2,91,991,91,91,91
2,91,991,91,91,91
1,91,991,91,91,91
1,91,991,91,91,91
1,91,991,91,91,91
1,91,991,91,91,91
2,27,19,1,2,1
1,91,991,91,91,91
1,93,15,93,93,93
2,91,991,91,91,91
2,12,15,2,1,2
2,91,991,91,91,91
1,91,991,91,91,91
1,93,18,93,93,93
1,91,991,91,91,91
1,93,10,93,93,93
2,30,14,1,1,2
2,93,21,93,93,93
2,10,15,1,2,1
1,93,18,93,93,93
2,93,22,93,93,93
1,7,12,1,2,2
2,91,991,91,91,91
2,93,14,93,93,93
2,93,19,93,93,93
2,30,16,1,1,1
2,93,21,93,93,93
1,93,21,93,93,93
1,93,17,93,93,93
2,91,991,91,91,91
2,91,991,91,91,91
1,91,991,91,91,91
2,91,991,91,91,91
2,91,991,91,91,91
1,93,19,93,93,93
2,1,18,1,1,2
2,91,991,91,91,91
2,93,19,93,93,93
2,91,991,91,91,91
2,91,991,91,91,91
1,93,17,93,93,93
1,91,991,91,91,91
1,91,991,91,91,91
1,91,991,91,91,91
1,91,991,91,91,91
2,2,11,2,2,1
2,91,991,91,91,91
1,91,991,91,91,91
1,91,991,91,91,91
1,91,991,91,91,91
2,93,18,93,93,93
2,91,991,91,91,91
2,91,991,91,91,91
2,91,991,91,91,91
1,4,25,2,1,2
2,93,21,93,93,93
1,93,22,93,93,93
1,1,20,2,2,1
1,93,14,93,93,93
2,91,991,91,91,91
1,91,991,91,91,91
2,30,15,1,1,1
1,1,28,1,2,1
2,91,991,91,91,91
2,93,16,93,93,93
2,91,991,91,91,91
2,93,30,93,93,93
1,91,991,91,91,91
2,91,991,91,91,91
2,91,991,91,91,91
1,91,991,91,91,91
2,91,991,91,91,91
1,91,991,91,91,91
2,24,15,1,1,2
1,5,18,1,1,2
2,91,991,91,91,91
1,93,20,93,93,93
2,91,991,91,91,91
1,93,18,93,93,93
2,91,991,91,91,91
1,91,991,91,91,91
2,91,991,91,91,91
2,93,13,93,93,93
2,93,21,93,93,93
2,93,17,93,93,93
1,18,12,1,2,2
2,91,991,91,91,91
2,91,991,91,91,91
2,1,19,2,2,1
1,91,991,91,91,91
1,91,991,91,91,91
1,91,991,91,91,91
2,91,991,91,91,91
2,91,991,91,91,91
1,91,991,91,91,91
2,2,19,1,1,2
2,91,991,91,91,91
2,91,991,91,91,91
2,91,991,91,91,91
1,91,991,91,91,91
1,8,13,1,2,2
1,91,991,91,91,91
1,91,991,91,91,91
2,91,991,91,91,91
2,91,991,91,91,91
2,91,991,91,91,91
1,91,991,91,91,91
2,91,991,91,91,91
2,91,991,91,91,91
2,91,991,91,91,91
1,91,991,91,91,91
2,91,991,91,91,91
1,91,991,91,91,91
2,91,991,91,91,91
2,93,14,93,93,93
1,91,991,91,91,91
2,91,991,91,91,91
2,91,991,91,91,91
2,30,18,1,2,2
1,30,18,1,2,2
2,91,991,91,91,91
1,91,991,91,91,91
2,93,16,93,93,93
1,93,18,93,93,93
1,91,991,91,91,91
2,93,17,93,93,93
1,91,991,91,91,91
2,1,20,2,2,1
1,91,991,91,91,91
2,91,991,91,91,91
1,30,15,1,2,2
2,15,13,1,2,2
2,91,991,91,91,91
2,93,21,93,93,93
2,91,991,91,91,91
2,93,16,93,93,93
2,91,991,91,91,91
1,91,991,91,91,91
1,91,991,91,91,91
1,91,991,91,91,91
1,91,991,91,91,91
1,91,991,91,91,91
1,93,21,93,93,93
1,91,991,91,91,91
2,93,16,93,93,93
2,91,991,91,91,91
1,91,991,91,91,91
1,91,991,91,91,91
2,3,16,1,2,2
1,93,16,93,93,93
2,3,17,1,2,2
1,1,27,2,1,2
2,91,991,91,91,91
1,91,991,91,91,91
1,91,991,91,91,91
1,91,991,91,91,91
2,91,991,91,91,91
2,93,28,93,93,93
1,93,17,93,93,93
2,93,19,93,93,93
1,91,991,91,91,91
2,91,991,91,91,91
1,91,991,91,91,91
2,93,16,93,93,93
1,91,991,91,91,91
2,91,991,91,91,91
2,91,991,91,91,91
2,91,991,91,91,91
2,1,22,2,2,1
1,93,14,93,93,93
1,91,991,91,91,91
2,91,991,91,91,91
2,25,13,2,1,2
1,91,991,91,91,91
2,91,991,91,91,91
2,93,14,93,93,93
1,91,991,91,91,91
2,93,18,93,93,93
2,91,991,91,91,91
1,30,19,1,1,1
2,91,991,91,91,91
1,91,991,91,91,91
2,1,14,1,2,2
1,6,15,1,1,2
2,93,21,93,93,93
2,91,991,91,91,91
2,91,991,91,91,91
2,91,991,91,91,91
2,91,991,91,91,91
2,91,991,91,91,91
1,91,991,91,91,91
2,91,991,91,91,91
2,91,991,91,91,91
2,91,991,91,91,91
1,91,991,91,91,91
1,91,991,91,91,91
1,91,991,91,91,91
2,93,14,93,93,93
2,30,16,1,2,1
2,91,991,91,91,91
2,91,991,91,91,91
1,91,991,91,91,91
2,91,991,91,91,91
2,30,16,1,2,2
1,91,991,91,91,91
2,93,20,93,93,93
1,91,991,91,91,91
2,93,16,93,93,93
2,2,16,2,1,2
1,93,12,93,93,93
1,91,991,91,91,91
2,91,991,91,91,91
1,2,16,2,2,1
1,91,991,91,91,91
1,91,991,91,91,91
1,91,991,91,91,91
1,91,991,91,91,91
2,91,991,91,91,91
1,27,16,1,1,1
2,91,991,91,91,91
1,91,991,91,91,91
1,93,21,93,93,93
2,91,991,91,91,91
2,1,13,1,1,2
1,93,13,93,93,93
2,93,18,93,93,93
2,91,991,91,91,91
1,30,14,1,2,2
1,15,15,1,2,2
1,91,991,91,91,91
2,93,18,93,93,93
1,93,13,93,93,93
2,91,991,91,91,91
1,25,17,1,2,2
1,91,991,91,91,91
1,91,991,91,91,91
1,91,991,91,91,91
2,91,991,91,91,91
2,91,991,91,91,91
2,91,991,91,91,91
2,97,997,98,98,98
2,93,21,93,93,93
2,91,991,91,91,91
2,93,40,93,93,93
2,91,991,91,91,91
2,93,19,93,93,93
1,91,991,91,91,91
2,93,16,93,93,93
2,93,16,93,93,93
2,91,991,91,91,91
1,91,991,91,91,91
2,93,15,93,93,93
1,91,991,91,91,91
1,91,991,91,91,91
2,93,23,93,93,93
1,91,991,91,91,91
2,91,991,91,91,91
2,93,14,93,93,93
1,93,16,93,93,93
2,91,991,91,91,91
1,93,15,93,93,93
1,91,991,91,91,91
2,93,16,93,93,93
1,91,991,91,91,91
2,91,991,91,91,91
2,91,991,91,91,91
1,93,19,93,93,93
1,30,14,1,1,2
1,91,991,91,91,91
1,91,991,91,91,91
1,93,22,93,93,93
1,91,991,91,91,91
2,91,991,91,91,91
1,91,991,91,91,91
2,91,991,91,91,91
2,20,18,1,1,2
1,93,20,93,93,93
2,91,991,91,91,91
2,91,991,91,91,91
2,91,991,91,91,91
1,91,991,91,91,91
2,93,13,93,93,93
2,91,991,91,91,91
2,28,14,1,2,1
2,91,991,91,91,91
2,91,991,91,91,91
1,91,991,91,91,91
1,8,13,1,2,1
1,30,14,1,1,2
1,91,991,91,91,91
1,91,991,91,91,91
2,91,991,91,91,91
2,91,991,91,91,91
1,91,991,91,91,91
1,91,991,91,91,91
2,91,991,91,91,91
1,91,991,91,91,91
2,91,991,91,91,91
2,91,991,91,91,91
2,91,991,91,91,91
2,91,991,91,91,91
2,91,991,91,91,91
2,93,15,93,93,93
2,91,991,91,91,91
2,91,991,91,91,91
2,91,991,91,91,91
1,93,16,93,93,93
1,91,991,91,91,91
1,91,991,91,91,91
1,91,991,91,91,91
2,93,45,93,93,93
2,91,991,91,91,91
1,93,18,93,93,93
2,91,991,91,91,91
2,91,991,91,91,91
1,91,991,91,91,91
2,91,991,91,91,91
2,93,13,93,93,93
2,5,15,2,1,1
2,93,18,93,93,93
2,93,18,93,93,93
1,1,20,2,1,2
2,91,991,91,91,91
1,30,15,1,1,2
2,91,991,91,91,91
2,91,991,91,91,91
1,93,16,93,93,93
2,93,14,93,93,93
2,93,14,93,93,93
1,93,15,93,93,93
1,93,5,93,93,93
1,91,991,91,91,91
2,93,20,93,93,93
1,93,21,93,93,93
2,91,991,91,91,91
1,91,991,91,91,91
2,93,18,93,93,93
2,91,991,91,91,91
2,91,991,91,91,91
1,30,21,1,1,2
1,91,991,91,91,91
1,10,15,2,1,2
2,91,991,91,91,91
1,91,991,91,91,91
1,98,985,98,98,98
1,93,14,93,93,93
2,91,991,91,91,91
2,91,991,91,91,91
1,91,991,91,91,91
1,91,991,91,91,91
2,93,18,93,93,93
2,91,991,91,91,91
2,91,991,91,91,91
2,91,991,91,91,91
2,1,12,2,1,2
2,91,991,91,91,91
1,2,16,1,2,2
2,91,991,91,91,91
2,91,991,91,91,91
1,91,991,91,91,91
2,91,991,91,91,91
2,91,991,91,91,91
2,91,991,91,91,91
1,91,991,91,91,91
2,93,48,93,93,93
2,91,991,91,91,91
2,28,20,1,1,2
2,91,991,91,91,91
1,30,14,1,2,2
2,91,991,91,91,91
1,93,16,93,93,93
1,91,991,91,91,91
1,30,16,1,2,2
2,93,14,93,93,93
1,91,991,91,91,91
2,93,15,93,93,93
1,91,991,91,91,91
1,91,991,91,91,91
1,91,991,91,91,91
2,91,991,91,91,91
2,93,16,93,93,93
1,93,12,93,93,93
2,5,12,1,1,1
2,91,991,91,91,91
2,93,17,93,93,93
2,93,20,93,93,93
2,91,991,91,91,91
2,91,991,91,91,91
2,93,17,93,93,93
2,91,991,91,91,91
1,93,16,93,93,93
2,91,991,91,91,91
1,93,21,93,93,93
1,91,991,91,91,91
1,91,991,91,91,91
2,93,29,93,93,93
2,1,22,1,2,2
1,91,991,91,91,91
2,20,14,1,1,2
2,93,15,93,93,93
2,93,14,93,93,93
2,30,14,1,2,2
2,91,991,91,91,91
1,91,991,91,91,91
2,8,16,1,1,2
1,93,15,93,93,93
2,91,991,91,91,91
1,1,42,2,2,1
1,2,13,2,2,1
1,91,991,91,91,91
1,30,9,1,1,1
1,3,22,1,2,2
1,93,17,93,93,93
2,93,19,93,93,93
2,30,16,1,1,1
1,91,991,91,91,91
1,91,991,91,91,91
2,93,20,93,93,93
2,91,991,91,91,91
2,93,21,93,93,93
2,30,12,1,2,2
1,93,30,93,93,93
2,91,991,91,91,91
2,91,991,91,91,91
1,91,991,91,91,91
2,93,14,93,93,93
2,91,991,91,91,91
1,91,991,91,91,91
1,27,15,1,2,1
2,91,991,91,91,91
1,91,991,91,91,91
1,91,991,91,91,91
2,98,18,98,4,4
1,93,15,93,93,93
2,91,991,91,91,91
1,91,991,91,91,91
2,93,17,93,93,93
1,28,19,1,1,1
2,91,991,91,91,91
1,91,991,91,91,91
2,91,991,91,91,91
1,91,991,91,91,91
1,91,991,91,91,91
2,5,16,2,1,2
2,91,991,91,91,91
1,91,991,91,91,91
2,91,991,91,91,91
2,93,13,93,93,93
1,20,15,2,1,2
2,93,17,93,93,93
2,91,991,91,91,91
1,93,19,93,93,93
1,91,991,91,91,91
1,93,12,93,93,93
2,93,27,93,93,93
1,91,991,91,91,91
2,91,991,91,91,91
2,20,18,1,1,1
1,91,991,91,91,91
1,93,25,93,93,93
1,91,991,91,91,91
2,5,25,1,1,1
1,20,14,2,1,1
1,93,12,93,93,93
2,91,991,91,91,91
2,91,991,91,91,91
2,91,991,91,91,91
1,93,11,93,93,93
2,91,991,91,91,91
2,91,991,91,91,91
2,91,991,91,91,91
2,91,991,91,91,91
2,93,18,93,93,93
1,98,998,98,98,98
2,91,991,91,91,91
1,3,18,1,1,1
1,93,11,93,93,93
2,91,991,91,91,91
2,91,991,91,91,91
1,91,991,91,91,91
1,91,991,91,91,91
1,93,21,93,93,93
1,30,17,1,2,2
1,93,17,93,93,93
2,93,30,93,93,93
2,93,17,93,93,93
2,91,991,91,91,91
2,91,991,91,91,91
1,91,991,91,91,91
2,91,991,91,91,91
2,91,991,91,91,91
1,91,991,91,91,91
2,91,991,91,91,91
1,91,991,91,91,91
1,1,16,2,2,1
2,93,17,93,93,93
1,91,991,91,91,91
2,91,991,91,91,91
2,91,991,91,91,91
2,91,991,91,91,91
1,91,991,91,91,91
2,91,991,91,91,91
2,91,991,91,91,91
1,91,991,91,91,91
2,91,991,91,91,91
1,30,15,1,1,1
2,91,991,91,91,91
1,91,991,91,91,91
2,93,14,93,93,93
2,91,991,91,91,91
1,4,14,1,2,2
2,93,26,93,93,93
1,91,991,91,91,91
2,93,13,93,93,93
2,91,991,91,91,91
1,93,19,93,93,93
2,91,991,91,91,91
1,93,15,93,93,93
1,91,991,91,91,91
1,91,991,91,91,91
2,91,991,91,91,91
2,91,991,91,91,91
2,91,991,91,91,91
2,93,15,93,93,93
2,30,15,1,2,2
2,91,991,91,91,91
2,91,991,91,91,91
2,30,14,1,1,1
2,91,991,91,91,91
2,91,991,91,91,91
1,93,16,93,93,93
1,91,991,91,91,91
1,18,18,1,1,1
1,93,34,93,93,93
1,91,991,91,91,91
1,30,18,1,1,2
2,30,14,1,2,2
1,1,52,2,2,2
1,30,15,1,1,2
1,91,991,91,91,91
2,10,21,1,2,2
2,28,18,1,1,2
2,91,991,91,91,91
1,91,991,91,91,91
1,30,18,1,1,2
1,93,19,93,93,93
1,26,16,1,2,2
1,7,19,1,2,1
2,91,991,91,91,91
2,91,991,91,91,91
2,30,18,1,2,1
2,93,18,93,93,93
1,21,17,1,1,1
1,30,16,1,2,2
2,93,21,93,93,93
2,93,18,93,93,93
2,93,18,93,93,93
2,91,991,91,91,91
2,93,18,93,93,93
2,93,16,93,93,93
2,93,20,93,93,93
2,4,14,1,2,2
2,30,20,1,1,1
1,91,991,91,91,91
2,93,21,93,93,93
1,93,16,93,93,93
1,91,991,91,91,91
2,91,991,91,91,91
2,93,19,93,93,93
2,91,991,91,91,91
2,93,15,93,93,93
2,5,16,1,2,1
1,94,15,94,94,94
2,91,991,91,91,91
2,93,24,93,93,93
2,91,991,91,91,91
1,93,18,93,93,93
2,91,991,91,91,91
2,91,991,91,91,91
2,91,991,91,91,91
2,93,18,93,93,93
2,91,991,91,91,91
2,30,12,1,1,2
2,93,16,93,93,93
1,91,991,91,91,91
2,91,991,91,91,91
1,91,991,91,91,91
2,91,991,91,91,91
2,91,991,91,91,91
1,91,991,91,91,91
2,91,991,91,91,91
2,30,15,1,1,1
1,91,991,91,91,91
2,91,991,91,91,91
1,91,991,91,91,91
1,91,991,91,91,91
1,93,40,93,93,93
1,91,991,91,91,91
1,91,991,91,91,91
2,2,16,2,1,2
2,93,12,93,93,93
1,91,991,91,91,91
2,23,14,1,1,2
2,93,15,93,93,93
2,91,991,91,91,91
2,1,12,1,1,2
2,2,18,1,2,2
2,10,18,2,2,1
1,93,21,93,93,93
2,91,991,91,91,91
1,91,991,91,91,91
1,30,17,1,2,2
2,91,991,91,91,91
2,30,15,2,2,1
2,91,991,91,91,91
2,91,991,91,91,91
2,91,991,91,91,91
1,30,15,1,1,1
2,93,13,93,93,93
2,93,68,93,93,93
1,91,991,91,91,91
2,91,991,91,91,91
2,7,15,1,2,1
2,91,991,91,91,91
2,91,991,91,91,91
2,93,16,93,93,93
2,91,991,91,91,91
1,93,18,93,93,93
2,91,991,91,91,91
2,91,991,91,91,91
2,91,991,91,91,91
2,93,17,93,93,93
2,93,19,93,93,93
1,91,991,91,91,91
2,91,991,91,91,91
1,93,15,93,93,93
1,91,991,91,91,91
1,91,991,91,91,91
1,21,19,1,2,2
2,91,991,91,91,91
2,93,17,93,93,93
2,91,991,91,91,91
2,91,991,91,91,91
2,91,991,91,91,91
1,93,20,93,93,93
2,93,18,93,93,93
2,91,991,91,91,91
1,30,20,1,1,1
2,91,991,91,91,91
2,91,991,91,91,91
2,91,991,91,91,91
2,93,21,93,93,93
1,91,991,91,91,91
2,91,991,91,91,91
1,91,991,91,91,91
1,93,17,93,93,93
2,91,991,91,91,91
1,91,991,91,91,91
1,93,23,93,93,93
1,93,18,93,93,93
1,91,991,91,91,91
2,30,12,1,1,1
2,91,991,91,91,91
1,91,991,91,91,91
2,91,991,91,91,91
2,93,18,93,93,93
2,93,13,93,93,93
2,91,991,91,91,91
2,91,991,91,91,91
2,91,991,91,91,91
2,29,18,1,1,1
2,93,13,93,93,93
2,91,991,91,91,91
2,93,15,93,93,93
1,93,16,93,93,93
1,6,30,1,1,1
2,91,991,91,91,91
1,91,991,91,91,91
2,91,991,91,91,91
2,91,991,91,91,91
1,91,991,91,91,91
2,91,991,91,91,91
2,93,15,93,93,93
2,91,991,91,91,91
1,91,991,91,91,91
1,5,16,1,1,1
1,25,15,1,2,2
1,30,15,1,1,2
2,91,991,91,91,91
1,93,18,93,93,93
1,91,991,91,91,91
2,91,991,91,91,91
2,91,991,91,91,91
2,91,991,91,91,91
2,1,15,1,1,1
1,93,18,93,93,93
1,2,14,1,2,1
2,91,991,91,91,91
2,91,991,91,91,91
1,5,17,1,2,2
1,91,991,91,91,91
2,93,15,93,93,93
1,93,17,93,93,93
1,91,991,91,91,91
1,91,991,91,91,91
2,30,16,1,2,1
1,91,991,91,91,91
1,91,991,91,91,91
2,93,16,93,93,93
2,91,991,91,91,91
2,93,15,93,93,93
2,91,991,91,91,91
1,91,991,91,91,91
1,91,991,91,91,91
1,93,33,93,93,93
2,93,18,93,93,93
1,91,991,91,91,91
1,93,18,93,93,93
2,91,991,91,91,91
1,4,17,2,2,1
2,91,991,91,91,91
2,91,991,91,91,91
1,91,991,91,91,91
2,91,991,91,91,91
2,3,13,1,1,2
2,91,991,91,91,91
2,1,36,2,2,2
1,91,991,91,91,91
2,91,991,91,91,91
2,91,991,91,91,91
1,91,991,91,91,91
2,12,28,1,2,2
2,91,991,91,91,91
2,91,991,91,91,91
2,93,15,93,93,93
2,91,991,91,91,91
1,91,991,91,91,91
1,91,991,91,91,91
2,30,20,2,1,2
2,91,991,91,91,91
2,25,25,2,2,1
2,91,991,91,91,91
1,91,991,91,91,91
1,93,23,93,93,93
2,91,991,91,91,91
2,91,991,91,91,91
1,91,991,91,91,91
1,3,16,1,2,2
2,91,991,91,91,91
2,6,16,1,2,2
2,91,991,91,91,91
1,91,991,91,91,91
2,93,16,93,93,93
1,91,991,91,91,91
1,93,16,93,93,93
2,30,13,1,1,2
2,91,991,91,91,91
2,91,991,91,91,91
1,91,991,91,91,91
1,91,991,91,91,91
2,93,13,93,93,93
2,93,15,93,93,93
2,93,16,93,93,93
1,91,991,91,91,91
1,91,991,91,91,91
1,91,991,91,91,91
2,20,19,1,1,2
1,10,16,1,2,2
1,5,18,2,2,1
1,93,17,93,93,93
2,91,991,91,91,91
1,91,991,91,91,91
1,91,991,91,91,91
2,91,991,91,91,91
1,91,991,91,91,91
1,93,17,93,93,93
1,91,991,91,91,91
1,91,991,91,91,91
1,91,991,91,91,91
2,91,991,91,91,91
1,91,991,91,91,91
2,29,18,1,2,2
2,93,21,93,93,93
1,91,991,91,91,91
2,91,991,91,91,91
1,91,991,91,91,91
2,91,991,91,91,91
2,91,991,91,91,91
2,91,991,91,91,91
2,91,991,91,91,91
2,91,991,91,91,91
2,93,21,93,93,93
2,93,17,93,93,93
2,93,16,93,93,93
1,91,991,91,91,91
2,91,991,91,91,91
2,93,32,93,93,93
1,93,21,93,93,93
2,91,991,91,91,91
2,93,15,93,93,93
2,93,17,93,93,93
1,91,991,91,91,91
2,93,24,93,93,93
2,91,991,91,91,91
2,91,991,91,91,91
1,91,991,91,91,91
2,91,991,91,91,91
2,91,991,91,91,91
2,93,11,93,93,93
2,93,21,93,93,93
1,93,16,93,93,93
2,91,991,91,91,91
2,91,991,91,91,91
2,91,991,91,91,91
1,30,12,1,2,2
2,91,991,91,91,91
2,91,991,91,91,91
1,91,991,91,91,91
2,91,991,91,91,91
1,7,18,1,2,2
2,93,19,93,93,93
2,91,991,91,91,91
1,91,991,91,91,91
1,93,24,93,93,93
2,29,15,2,1,2
2,93,15,93,93,93
1,93,22,93,93,93
2,10,21,1,1,2
2,91,991,91,91,91
2,93,16,93,93,93
1,3,18,2,1,2
2,91,991,91,91,91
1,17,21,1,2,2
1,30,14,2,1,2
1,91,991,91,91,91
1,20,17,1,1,1
2,91,991,91,91,91
2,93,14,93,93,93
2,91,991,91,91,91
1,91,991,91,91,91
2,93,18,93,93,93
1,91,991,91,91,91
1,93,18,93,93,93
2,93,20,93,93,93
2,91,991,91,91,91
1,93,18,93,93,93
2,93,17,93,93,93
2,93,18,93,93,93
1,91,991,91,91,91
1,91,991,91,91,91
1,91,991,91,91,91
1,91,991,91,91,91
1,91,991,91,91,91
1,91,991,91,91,91
1,91,991,91,91,91
1,93,11,93,93,93
2,93,16,93,93,93
1,91,991,91,91,91
2,93,18,93,93,93
2,93,30,93,93,93
2,93,21,93,93,93
2,91,991,91,91,91
1,91,991,91,91,91
1,91,991,91,91,91
1,91,991,91,91,91
1,91,991,91,91,91
2,93,15,93,93,93
1,91,991,91,91,91
1,1,28,2,2,1
2,93,16,93,93,93
1,93,19,93,93,93
1,91,991,91,91,91
1,91,991,91,91,91
1,93,16,93,93,93
2,93,53,93,93,93
1,93,16,93,93,93
1,91,991,91,91,91
2,91,991,91,91,91
1,91,991,91,91,91
2,93,16,93,93,93
1,2,22,2,1,1
2,93,17,93,93,93
1,30,18,1,2,2
2,93,18,93,93,93
2,3,18,1,2,2
2,93,25,93,93,93
1,93,16,93,93,93
1,91,991,91,91,91
1,91,991,91,91,91
1,91,991,91,91,91
1,91,991,91,91,91
1,91,991,91,91,91
2,91,991,91,91,91
2,91,991,91,91,91
2,30,15,1,2,2
2,91,991,91,91,91
1,93,10,93,93,93
1,91,991,91,91,91
1,5,15,1,2,2
2,91,991,91,91,91
2,91,991,91,91,91
1,24,18,1,1,1
2,93,14,93,93,93
1,91,991,91,91,91
1,1,17,1,2,2
2,1,28,1,2,2
1,4,18,1,2,1
2,93,15,93,93,93
2,91,991,91,91,91
2,91,991,91,91,91
2,1,15,1,1,1
2,91,991,91,91,91
2,91,991,91,91,91
2,91,991,91,91,91
2,91,991,91,91,91
1,91,991,91,91,91
1,93,19,93,93,93
1,91,991,91,91,91
1,30,16,1,1,1
2,91,991,91,91,91
2,93,18,93,93,93
2,5,13,1,2,2
1,91,991,91,91,91
2,7,24,1,1,2
1,93,18,93,93,93
2,93,17,93,93,93
1,91,991,91,91,91
2,93,26,93,93,93
2,15,18,1,2,2
2,91,991,91,91,91
1,93,13,93,93,93
1,93,14,93,93,93
1,91,991,91,91,91
1,91,991,91,91,91
1,93,13,93,93,93
2,91,991,91,91,91
1,91,991,91,91,91
1,93,15,93,93,93
1,91,991,91,91,91
2,91,991,91,91,91
1,93,18,93,93,93
2,94,17,1,2,2
2,93,19,93,93,93
1,91,991,91,91,91
1,91,991,91,91,91
2,91,991,91,91,91
1,91,991,91,91,91
1,93,14,93,93,93
2,91,991,91,91,91
1,93,24,93,93,93
1,93,49,93,93,93
2,93,15,93,93,93
2,93,50,93,93,93
2,91,991,91,91,91
2,91,991,91,91,91
1,1,19,2,1,2
2,91,991,91,91,91
2,91,991,91,91,91
2,93,21,93,93,93
1,91,991,91,91,91
2,15,22,2,2,1
1,91,991,91,91,91
2,91,991,91,91,91
1,91,991,91,91,91
2,91,991,91,91,91
2,91,991,91,91,91
2,91,991,91,91,91
1,91,991,91,91,91
1,91,991,91,91,91
2,91,991,91,91,91
2,91,991,91,91,91
1,91,991,91,91,91
2,93,12,93,93,93
2,91,991,91,91,91
2,91,991,91,91,91
1,30,11,1,1,1
2,93,16,93,93,93
2,30,13,2,1,1
1,93,46,93,93,93
1,21,20,1,1,1
1,93,14,93,93,93
2,91,991,91,91,91
2,91,991,91,91,91
1,91,991,91,91,91
2,91,991,91,91,91
1,91,991,91,91,91
2,91,991,91,91,91
1,91,991,91,91,91
1,91,991,91,91,91
1,91,991,91,91,91
2,91,991,91,91,91
1,91,991,91,91,91
1,91,991,91,91,91
1,91,991,91,91,91
1,91,991,91,91,91
2,93,15,93,93,93
2,93,21,93,93,93
2,30,12,1,2,2
2,91,991,91,91,91
2,93,20,93,93,93
1,93,22,93,93,93
1,91,991,91,91,91
2,5,15,1,2,2
1,91,991,91,91,91
2,91,991,91,91,91
2,93,22,93,93,93
2,91,991,91,91,91
2,91,991,91,91,91
1,91,991,91,91,91
2,4,19,1,2,1
1,91,991,91,91,91
1,91,991,91,91,91
1,4,13,1,2,2
1,91,991,91,91,91
2,4,13,1,1,1
2,91,991,91,91,91
2,98,998,98,98,98
2,93,14,93,93,93
1,93,16,93,93,93
1,1,14,1,2,2
1,91,991,91,91,91
2,91,991,91,91,91
2,20,15,1,1,2
2,91,991,91,91,91
2,93,997,93,93,93
1,25,24,1,2,2
2,91,991,91,91,91
2,93,22,93,93,93
1,15,18,1,1,2
1,20,15,1,2,2
1,93,18,93,93,93
2,20,15,1,2,2
2,91,991,91,91,91
2,91,991,91,91,91
2,91,991,91,91,91
2,93,19,93,93,93
2,91,991,91,91,91
1,91,991,91,91,91
2,1,21,1,2,2
1,91,991,91,91,91
1,91,991,91,91,91
2,91,991,91,91,91
2,91,991,91,91,91
2,93,17,93,93,93
2,91,991,91,91,91
1,91,991,91,91,91
2,93,16,93,93,93
1,93,994,93,93,93
2,91,991,91,91,91
1,91,991,91,91,91
1,91,991,91,91,91
2,91,991,91,91,91
2,91,991,91,91,91
2,91,991,91,91,91
2,91,991,91,91,91
1,91,991,91,91,91
1,91,991,91,91,91
1,91,991,91,91,91
1,91,991,91,91,91
1,93,25,93,93,93
1,93,15,93,93,93
1,91,991,91,91,91
1,93,20,93,93,93
1,91,991,91,91,91
1,93,21,93,93,93
1,91,991,91,91,91
2,91,991,91,91,91
1,93,14,93,93,93
1,93,19,93,93,93
2,91,991,91,91,91
2,91,991,91,91,91
2,93,12,93,93,93
1,93,17,93,93,93
2,93,20,93,93,93
2,91,991,91,91,91
1,91,991,91,91,91
2,93,20,93,93,93
2,91,991,91,91,91
2,29,13,1,1,1
1,93,17,93,93,93
2,91,991,91,91,91
1,8,18,1,1,2
1,91,991,91,91,91
2,93,18,93,93,93
2,91,991,91,91,91
1,91,991,91,91,91
2,91,991,91,91,91
2,91,991,91,91,91
1,93,18,93,93,93
2,93,17,93,93,93
1,91,991,91,91,91
1,30,11,1,2,2
1,91,991,91,91,91
2,93,17,93,93,93
2,91,991,91,91,91
1,91,991,91,91,91
1,91,991,91,91,91
1,91,991,91,91,91
1,91,991,91,91,91
2,10,21,1,1,2
2,22,12,1,2,2
1,93,21,93,93,93
1,5,17,1,2,1
1,91,991,91,91,91
2,93,21,93,93,93
1,91,991,91,91,91
2,93,20,93,93,93
2,93,23,93,93,93
1,93,22,93,93,93
1,91,991,91,91,91
1,93,19,93,93,93
1,91,991,91,91,91
2,93,18,93,93,93
2,91,991,91,91,91
1,91,991,91,91,91
2,93,13,93,93,93
1,91,991,91,91,91
1,91,991,91,91,91
2,15,13,2,1,1
1,30,12,1,1,2
2,91,991,91,91,91
2,91,991,91,91,91
1,93,20,93,93,93
2,93,18,93,93,93
1,91,991,91,91,91
2,91,991,91,91,91
2,91,991,91,91,91
1,93,16,93,93,93
1,93,16,93,93,93
2,93,26,93,93,93
1,91,991,91,91,91
1,91,991,91,91,91
1,91,991,91,91,91
1,91,991,91,91,91
1,93,12,93,93,93
1,91,991,91,91,91
2,91,991,91,91,91
1,93,30,93,93,93
2,93,28,93,93,93
1,30,16,1,2,2
1,15,15,1,2,2
2,93,16,93,93,93
2,93,14,93,93,93
1,93,20,93,93,93
2,1,25,2,2,1
2,91,991,91,91,91
2,91,991,91,91,91
2,30,14,1,1,1
2,91,991,91,91,91
2,93,17,93,93,93
2,91,991,91,91,91
1,93,18,93,93,93
2,91,991,91,91,91
1,2,12,1,2,2
2,93,25,93,93,93
1,91,991,91,91,91
2,6,19,2,2,1
2,91,991,91,91,91
1,91,991,91,91,91
2,20,16,1,1,1
2,91,991,91,91,91
2,91,991,91,91,91
2,91,991,91,91,91
2,91,991,91,91,91
1,10,21,1,2,2
2,93,17,93,93,93
1,91,991,91,91,91
1,91,991,91,91,91
2,91,991,91,91,91
2,93,13,93,93,93
1,91,991,91,91,91
1,2,14,1,2,2
1,93,15,93,93,93
1,98,16,98,98,98
2,91,991,91,91,91
1,91,991,91,91,91
1,91,991,91,91,91
2,93,15,93,93,93
1,93,14,93,93,93
1,93,15,93,93,93
1,91,991,91,91,91
2,91,991,91,91,91
2,91,991,91,91,91
1,91,991,91,91,91
1,93,18,93,93,93
1,93,27,93,93,93
1,93,19,93,93,93
2,91,991,91,91,91
2,91,991,91,91,91
1,91,991,91,91,91
1,91,991,91,91,91
1,91,991,91,91,91
2,91,991,91,91,91
1,7,14,1,2,2
2,4,15,1,2,2
1,91,991,91,91,91
1,91,991,91,91,91
1,3,15,2,2,1
2,1,21,2,2,1
2,91,991,91,91,91
1,93,17,93,93,93
1,93,14,93,93,93
1,91,991,91,91,91
2,91,991,91,91,91
2,93,24,93,93,93
1,91,991,91,91,91
2,91,991,91,91,91
2,93,25,93,93,93
1,30,14,1,1,1
2,93,16,93,93,93
2,3,13,1,1,2
1,30,13,1,1,1
2,91,991,91,91,91
2,91,991,91,91,91
2,93,23,93,93,93
2,93,14,93,93,93
1,93,25,93,93,93
1,93,22,93,93,93
2,91,991,91,91,91
1,93,18,93,93,93
2,93,24,93,93,93
1,91,991,91,91,91
2,91,991,91,91,91
2,91,991,91,91,91
1,91,991,91,91,91
1,91,991,91,91,91
2,93,14,93,93,93
1,91,991,91,91,91
2,91,991,91,91,91
2,93,15,93,93,93
1,14,20,1,2,2
2,91,991,91,91,91
1,93,17,93,93,93
1,25,15,1,1,1
1,91,991,91,91,91
1,91,991,91,91,91
2,91,991,91,91,91
1,91,991,91,91,91
2,25,8,1,2,2
2,30,19,1,1,2
1,93,18,93,93,93
1,91,991,91,91,91
2,93,18,93,93,93
1,91,991,91,91,91
1,93,16,93,93,93
1,91,991,91,91,91
2,93,13,93,93,93
1,91,991,91,91,91
1,93,28,93,93,93
2,93,78,93,93,93
1,93,11,93,93,93
2,93,18,93,93,93
1,91,991,91,91,91
2,91,991,91,91,91
2,91,991,91,91,91
2,91,991,91,91,91
2,91,991,91,91,91
1,30,16,1,2,2
1,91,991,91,91,91
2,14,20,1,1,2
2,91,991,91,91,91
2,91,991,91,91,91
2,91,991,91,91,91
1,91,991,91,91,91
1,91,991,91,91,91
1,91,991,91,91,91
2,91,991,91,91,91
2,91,991,91,91,91
1,93,18,93,93,93
2,91,991,91,91,91
2,93,28,93,93,93
2,91,991,91,91,91
2,93,15,93,93,93
1,93,17,93,93,93
1,91,991,91,91,91
2,91,991,91,91,91
2,91,991,91,91,91
1,28,17,1,1,2
2,91,991,91,91,91
1,91,991,91,91,91
2,91,991,91,91,91
2,91,991,91,91,91
2,93,20,93,93,93
2,91,991,91,91,91
2,93,17,93,93,93
2,93,18,93,93,93
1,91,991,91,91,91
1,93,28,93,93,93
1,18,18,1,2,2
1,91,991,91,91,91
2,93,15,93,93,93
1,91,991,91,91,91
1,91,991,91,91,91
2,91,991,91,91,91
1,30,16,1,1,2
2,91,991,91,91,91
2,7,13,1,1,2
1,30,12,1,2,2
1,30,14,1,1,1
2,93,26,93,93,93
2,91,991,91,91,91
1,91,991,91,91,91
2,91,991,91,91,91
1,15,18,1,1,2
1,3,14,1,2,2
1,26,17,1,1,1
1,30,18,1,2,2
1,20,15,1,2,1
2,91,991,91,91,91
2,93,35,93,93,93
1,91,991,91,91,91
1,93,15,93,93,93
1,91,991,91,91,91
1,30,16,1,1,1
2,93,41,93,93,93
2,91,991,91,91,91
1,93,15,93,93,93
1,91,991,91,91,91
2,91,991,91,91,91
1,30,16,2,2,1
2,91,991,91,91,91
2,91,991,91,91,91
2,93,16,93,93,93
1,3,14,1,2,2
2,91,991,91,91,91
2,30,15,1,1,2
2,91,991,91,91,91
2,93,19,93,93,93
2,91,991,91,91,91
2,91,991,91,91,91
1,93,15,93,93,93
2,93,15,93,93,93
2,91,991,91,91,91
2,93,19,93,93,93
2,2,20,1,2,1
1,91,991,91,91,91
1,91,991,91,91,91
1,93,19,93,93,93
2,91,991,91,91,91
2,10,18,1,2,1
1,91,991,91,91,91
2,91,991,91,91,91
1,29,16,1,2,2
2,93,16,93,93,93
1,91,991,91,91,91
1,93,10,93,93,93
1,91,991,91,91,91
2,93,30,93,93,93
1,93,21,93,93,93
2,91,991,91,91,91
2,91,991,91,91,91
2,91,991,91,91,91
2,91,991,91,91,91
1,93,13,93,93,93
2,91,991,91,91,91
1,93,16,93,93,93
2,6,13,1,2,2
1,91,991,91,91,91
2,91,991,91,91,91
2,91,991,91,91,91
1,91,991,91,91,91
1,93,31,93,93,93
1,91,991,91,91,91
1,93,15,93,93,93
2,93,18,93,93,93
2,1,15,2,1,2
2,91,991,91,91,91
2,27,13,1,1,1
2,93,17,93,93,93
1,93,13,93,93,93
2,93,22,93,93,93
1,91,991,91,91,91
2,91,991,91,91,91
2,93,17,93,93,93
2,91,991,91,91,91
2,5,14,2,1,2
1,91,991,91,91,91
2,93,19,93,93,93
2,93,25,93,93,93
1,91,991,91,91,91
1,91,991,91,91,91
2,91,991,91,91,91
1,91,991,91,91,91
2,30,14,1,1,2
1,91,991,91,91,91
2,93,18,93,93,93
1,91,991,91,91,91
1,91,991,91,91,91
2,93,16,93,93,93
2,91,991,91,91,91
2,93,18,93,93,93
2,91,991,91,91,91
1,93,16,93,93,93
2,91,991,91,91,91
2,30,21,1,1,1
1,4,12,1,1,2
2,91,991,91,91,91
2,91,991,91,91,91
1,91,991,91,91,91
1,93,24,93,93,93
1,30,12,1,1,1
1,91,991,91,91,91
1,91,991,91,91,91
1,91,991,91,91,91
2,93,15,93,93,93
2,91,991,91,91,91
2,91,991,91,91,91
1,93,28,93,93,93
1,91,991,91,91,91
1,98,985,98,98,98
1,93,22,93,93,93
2,91,991,91,91,91
2,5,18,1,2,2
1,91,991,91,91,91
2,4,20,2,2,1
1,4,27,2,2,1
1,93,28,93,93,93
1,93,14,93,93,93
2,91,991,91,91,91
1,93,17,93,93,93
1,30,16,1,1,1
1,91,991,91,91,91
1,93,14,93,93,93
1,93,12,93,93,93
1,91,991,91,91,91
2,91,991,91,91,91
2,91,991,91,91,91
2,98,985,98,98,98
2,91,991,91,91,91
1,91,991,91,91,91
1,93,27,93,93,93
1,91,991,91,91,91
2,91,991,91,91,91
1,20,18,1,2,2
2,93,16,93,93,93
2,93,11,93,93,93
2,93,40,93,93,93
2,91,991,91,91,91
2,30,17,1,1,2
2,93,16,93,93,93
1,1,19,1,2,2
1,13,13,2,2,2
1,93,16,93,93,93
1,30,13,5,4,4
2,30,17,1,1,2
2,91,991,91,91,91
1,93,19,93,93,93
1,91,991,91,91,91
1,91,991,91,91,91
2,93,17,93,93,93
2,91,991,91,91,91
2,91,991,91,91,91
2,91,991,91,91,91
2,93,15,93,93,93
1,91,991,91,91,91
1,91,991,91,91,91
1,91,991,91,91,91
1,91,991,91,91,91
2,30,14,1,2,1
2,93,18,93,93,93
1,91,991,91,91,91
2,30,15,1,1,2
2,93,22,93,93,93
2,93,16,93,93,93
1,91,991,91,91,91
2,93,12,93,93,93
1,91,991,91,91,91
2,91,991,91,91,91
1,30,15,1,1,2
2,91,991,91,91,91
2,93,20,93,93,93
1,93,15,93,93,93
1,91,991,91,91,91
1,91,991,91,91,91
1,93,20,93,93,93
1,91,991,91,91,91
1,91,991,91,91,91
2,91,991,91,91,91
2,20,14,1,2,1
1,93,16,93,93,93
1,91,991,91,91,91
1,1,16,1,2,2
2,91,991,91,91,91
1,93,15,93,93,93
2,91,991,91,91,91
1,91,991,91,91,91
2,30,17,1,2,2
2,93,15,93,93,93
2,93,22,93,93,93
2,91,991,91,91,91
1,93,15,93,93,93
2,11,34,2,2,2
1,91,991,91,91,91
2,91,991,91,91,91
1,91,991,91,91,91
1,91,991,91,91,91
2,93,14,93,93,93
2,91,991,91,91,91
1,91,991,91,91,91
2,27,17,2,1,2
1,93,20,93,93,93
1,91,991,91,91,91
2,91,991,91,91,91
2,91,991,91,91,91
1,20,27,2,2,1
1,91,991,91,91,91
1,93,19,93,93,93
1,91,991,91,91,91
2,91,991,91,91,91
1,91,991,91,91,91
1,30,7,1,1,1
1,91,991,91,91,91
2,91,991,91,91,91
2,93,18,93,93,93
1,91,991,91,91,91
2,93,17,93,93,93
2,93,12,93,93,93
1,91,991,91,91,91
2,93,17,93,93,93
2,93,16,93,93,93
1,91,991,91,91,91
2,91,991,91,91,91
1,93,28,93,93,93
2,91,991,91,91,91
2,91,991,91,91,91
1,93,12,93,93,93
1,91,991,91,91,91
2,93,21,93,93,93
2,1,18,1,2,2
1,93,19,93,93,93
1,93,23,93,93,93
1,91,991,91,91,91
1,91,991,91,91,91
1,91,991,91,91,91
2,30,12,1,1,2
2,93,17,93,93,93
2,91,991,91,91,91
2,17,18,1,1,1
2,91,991,91,91,91
1,91,991,91,91,91
2,30,20,1,1,2
2,91,991,91,91,91
1,93,15,93,93,93
1,93,23,93,93,93
2,91,991,91,91,91
2,5,17,1,2,2
2,93,18,93,93,93
2,91,991,91,91,91
2,91,991,91,91,91
1,91,991,91,91,91
1,1,13,1,2,2
2,91,991,91,91,91
2,2,18,1,1,2
2,1,32,2,2,1
1,30,15,1,2,1
2,3,11,1,1,2
2,91,991,91,91,91
2,91,991,91,91,91
1,1,19,2,2,1
2,91,991,91,91,91
1,93,21,93,93,93
2,91,991,91,91,91
2,93,20,93,93,93
1,91,991,91,91,91
1,91,991,91,91,91
1,1,18,2,2,1
2,93,15,93,93,93
2,91,991,91,91,91
1,91,991,91,91,91
2,93,35,93,93,93
1,91,991,91,91,91
2,91,991,91,91,91
2,3,16,1,1,2
1,93,21,93,93,93
1,20,21,2,2,1
2,93,17,93,93,93
1,91,991,91,91,91
1,91,991,91,91,91
2,91,991,91,91,91
1,91,991,91,91,91
1,20,17,1,1,2
2,2,17,2,1,2
2,93,21,93,93,93
1,91,991,91,91,91
1,30,13,1,2,2
2,5,20,1,1,2
1,91,991,91,91,91
1,93,20,93,93,93
1,93,19,93,93,93
2,91,991,91,91,91
1,91,991,91,91,91
2,91,991,91,91,91
1,93,17,93,93,93
2,93,15,93,93,93
1,21,13,1,1,2
1,91,991,91,91,91
1,93,19,93,93,93
2,91,991,91,91,91
2,91,991,91,91,91
1,91,991,91,91,91
1,91,991,91,91,91
1,91,991,91,91,91
1,91,991,91,91,91
2,93,18,93,93,93
2,91,991,91,91,91
1,93,16,93,93,93
2,91,991,91,91,91
1,93,14,93,93,93
1,91,991,91,91,91
2,91,991,91,91,91
1,91,991,91,91,91
2,10,22,1,2,2
2,93,17,93,93,93
1,91,991,91,91,91
1,91,991,91,91,91
2,15,17,1,2,2
1,93,20,93,93,93
2,93,23,93,93,93
1,93,16,93,93,93
2,30,13,1,2,1
2,93,17,93,93,93
1,91,991,91,91,91
2,93,16,93,93,93
2,30,15,1,1,1
2,30,17,1,2,1
2,91,991,91,91,91
2,91,991,91,91,91
2,91,991,91,91,91
2,91,991,91,91,91
2,91,991,91,91,91
1,91,991,91,91,91
2,91,991,91,91,91
1,93,17,93,93,93
2,93,16,93,93,93
1,91,991,91,91,91
2,93,30,93,93,93
1,91,991,91,91,91
1,20,21,1,2,2
2,93,15,93,93,93
1,93,15,93,93,93
2,1,14,1,2,2
1,25,16,1,2,2
1,93,12,93,93,93
2,93,11,93,93,93
2,91,991,91,91,91
2,93,15,93,93,93
2,91,991,91,91,91
1,93,15,93,93,93
2,30,14,1,2,2
1,91,991,91,91,91
1,91,991,91,91,91
2,2,16,1,1,2
2,91,991,91,91,91
1,91,991,91,91,91
1,15,18,2,2,1
2,93,23,93,93,93
2,91,991,91,91,91
1,93,22,93,93,93
2,91,991,91,91,91
2,91,991,91,91,91
2,91,991,91,91,91
1,91,991,91,91,91
2,93,11,93,93,93
1,10,13,1,2,2
2,93,10,93,93,93
2,91,991,91,91,91
1,1,8,4,4,4
2,91,991,91,91,91
2,91,991,91,91,91
1,91,991,91,91,91
1,91,991,91,91,91
1,91,991,91,91,91
2,93,17,93,93,93
1,93,20,93,93,93
2,91,991,91,91,91
1,91,991,91,91,91
2,91,991,91,91,91
2,25,15,1,2,2
2,93,12,93,93,93
2,93,19,93,93,93
2,6,17,1,2,2
1,91,991,91,91,91
1,91,991,91,91,91
2,27,17,1,2,1
2,15,16,1,2,1
2,91,991,91,91,91
2,93,21,93,93,93
2,91,991,91,91,91
2,91,991,91,91,91
1,93,30,93,93,93
2,93,15,93,93,93
2,91,991,91,91,91
2,93,45,93,93,93
1,91,991,91,91,91
1,93,17,93,93,93
2,93,21,93,93,93
1,30,16,1,1,2
2,91,991,91,91,91
1,15,12,1,1,2
1,91,991,91,91,91
1,91,991,91,91,91
1,91,991,91,91,91
1,91,991,91,91,91
1,93,28,93,93,93
2,91,991,91,91,91
1,91,991,91,91,91
2,91,991,91,91,91
2,2,19,1,2,2
1,91,991,91,91,91
1,1,21,2,2,1
2,91,991,91,91,91
1,91,991,91,91,91
1,91,991,91,91,91
1,91,991,91,91,91
2,93,15,93,93,93
1,93,15,93,93,93
1,91,991,91,91,91
1,91,991,91,91,91
1,91,991,91,91,91
1,28,11,1,2,2
2,91,991,91,91,91
1,91,991,91,91,91
2,93,19,93,93,93
2,91,991,91,91,91
2,91,991,91,91,91
2,91,991,91,91,91
1,20,20,1,1,2
2,91,991,91,91,91
1,91,991,91,91,91
1,91,991,91,91,91
2,91,991,91,91,91
1,91,991,91,91,91
2,93,16,93,93,93
2,91,991,91,91,91
1,91,991,91,91,91
1,93,16,93,93,93
1,91,991,91,91,91
2,98,10,98,98,98
2,91,991,91,91,91
2,30,40,2,1,2
2,93,14,93,93,93
1,91,991,91,91,91
2,12,13,1,2,2
2,91,991,91,91,91
2,91,991,91,91,91
2,91,991,91,91,91
2,93,24,93,93,93
2,91,991,91,91,91
2,93,20,93,93,93
2,91,991,91,91,91
1,91,991,91,91,91
1,91,991,91,91,91
2,91,991,91,91,91
2,91,991,91,91,91
2,91,991,91,91,91
2,7,13,1,1,2
1,91,991,91,91,91
1,20,18,1,2,2
2,91,991,91,91,91
2,91,991,91,91,91
1,93,16,93,93,93
1,5,15,2,1,2
2,93,23,93,93,93
1,91,991,91,91,91
1,91,991,91,91,91
2,91,991,91,91,91
1,91,991,91,91,91
2,91,991,91,91,91
2,91,991,91,91,91
2,91,991,91,91,91
2,1,19,1,2,2
1,30,18,1,2,2
2,91,991,91,91,91
2,91,991,91,91,91
2,91,991,91,91,91
2,91,991,91,91,91
2,93,16,93,93,93
1,93,17,93,93,93
1,93,25,93,93,93
2,91,991,91,91,91
2,93,21,93,93,93
1,91,991,91,91,91
2,15,18,1,1,1
2,93,16,93,93,93
2,93,16,93,93,93
1,91,991,91,91,91
2,93,12,93,93,93
1,91,991,91,91,91
2,91,991,91,91,91
1,2,14,1,2,2
1,93,12,93,93,93
2,91,991,91,91,91
1,91,991,91,91,91
2,91,991,91,91,91
2,93,17,93,93,93
1,91,991,91,91,91
1,91,991,91,91,91
1,91,991,91,91,91
2,23,11,1,1,2
1,93,17,93,93,93
2,91,991,91,91,91
1,91,991,91,91,91
1,91,991,91,91,91
2,91,991,91,91,91
2,30,14,1,2,2
2,91,991,91,91,91
1,91,991,91,91,91
2,93,18,93,93,93
2,91,991,91,91,91
1,91,991,91,91,91
1,91,991,91,91,91
2,91,991,91,91,91
1,91,991,91,91,91
2,93,22,93,93,93
2,91,991,91,91,91
1,25,14,1,2,2
1,91,991,91,91,91
1,91,991,91,91,91
1,91,991,91,91,91
1,91,991,91,91,91
1,91,991,91,91,91
1,26,18,1,1,1
1,91,991,91,91,91
2,93,13,93,93,93
2,93,17,93,93,93
1,91,991,91,91,91
2,93,25,93,93,93
1,91,991,91,91,91
2,91,991,91,91,91
1,91,991,91,91,91
2,91,991,91,91,91
1,91,991,91,91,91
2,91,991,91,91,91
1,91,991,91,91,91
1,93,17,93,93,93
1,91,991,91,91,91
2,27,15,1,2,1
1,93,15,93,93,93
2,93,15,93,93,93
1,93,18,93,93,93
2,91,991,91,91,91
1,91,991,91,91,91
1,93,20,93,93,93
2,91,991,91,91,91
1,91,991,91,91,91
2,91,991,91,91,91
2,30,15,1,2,2
1,91,991,91,91,91
1,98,13,98,98,4
2,91,991,91,91,91
1,2,16,1,2,2
1,98,15,98,98,98
2,1,36,2,2,1
2,20,13,1,2,1
1,91,991,91,91,91
2,93,18,93,93,93
1,91,991,91,91,91
2,30,15,1,2,2
1,91,991,91,91,91
2,93,20,93,93,93
2,91,991,91,91,91
2,91,991,91,91,91
1,91,991,91,91,91
2,91,991,91,91,91
1,91,991,91,91,91
1,1,14,2,2,1
1,91,991,91,91,91
2,27,17,1,1,1
1,91,991,91,91,91
2,91,991,91,91,91
2,93,15,93,93,93
2,93,13,93,93,93
1,9,18,1,2,1
1,91,991,91,91,91
2,93,16,93,93,93
2,93,18,93,93,93
1,91,991,91,91,91
1,91,991,91,91,91
2,91,991,91,91,91
2,30,18,1,1,1
1,91,991,91,91,91
2,91,991,91,91,91
2,91,991,91,91,91
2,93,22,93,93,93
1,16,15,1,2,2
1,91,991,91,91,91
2,93,18,93,93,93
1,91,991,91,91,91
2,93,18,93,93,93
1,3,13,2,1,2
2,20,14,1,2,1
2,1,18,2,2,2
1,91,991,91,91,91
2,91,991,91,91,91
2,91,991,91,91,91
1,93,25,93,93,93
2,21,14,1,2,2
2,93,15,93,93,93
1,93,14,93,93,93
1,93,18,93,93,93
1,93,16,93,93,93
1,91,991,91,91,91
1,91,991,91,91,91
1,98,15,98,98,98
2,91,991,91,91,91
1,93,17,93,93,93
2,93,19,93,93,93
2,91,991,91,91,91
2,91,991,91,91,91
2,91,991,91,91,91
1,30,16,1,1,1
2,91,991,91,91,91
2,91,991,91,91,91
2,91,991,91,91,91
1,91,991,91,91,91
2,93,15,93,93,93
2,8,15,1,2,2
2,91,991,91,91,91
2,93,50,93,93,93
2,91,991,91,91,91
1,91,991,91,91,91
1,91,991,91,91,91
2,91,991,91,91,91
1,91,991,91,91,91
1,91,991,91,91,91
2,93,38,93,93,93
2,91,991,91,91,91
1,91,991,91,91,91
1,93,23,93,93,93
2,91,991,91,91,91
2,91,991,91,91,91
2,91,991,91,91,91
2,93,16,93,93,93
1,91,991,91,91,91
2,91,991,91,91,91
2,93,22,93,93,93
1,91,991,91,91,91
2,4,14,1,2,2
2,91,991,91,91,91
1,28,18,1,2,1
1,91,991,91,91,91
1,91,991,91,91,91
1,93,25,93,93,93
2,2,18,1,1,1
2,91,991,91,91,91
1,91,991,91,91,91
1,93,16,93,93,93
2,93,15,93,93,93
2,93,50,93,93,93
1,91,991,91,91,91
2,91,991,91,91,91
1,23,12,1,1,1
1,93,23,93,93,93
2,91,991,91,91,91
1,91,991,91,91,91
2,20,16,2,1,2
1,91,991,91,91,91
2,91,991,91,91,91
2,15,12,1,1,2
1,91,991,91,91,91
1,91,991,91,91,91
1,91,991,91,91,91
2,91,991,91,91,91
1,93,14,93,93,93
1,91,991,91,91,91
1,91,991,91,91,91
1,91,991,91,91,91
1,30,12,1,2,2
1,91,991,91,91,91
2,93,12,93,93,93
2,98,17,98,98,98
2,1,15,1,2,1
1,91,991,91,91,91
2,93,17,93,93,93
2,91,991,91,91,91
2,91,991,91,91,91
1,91,991,91,91,91
1,93,26,93,93,93
2,91,991,91,91,91
1,93,27,93,93,93
1,93,58,93,93,93
2,10,19,1,2,1
1,93,16,93,93,93
2,91,991,91,91,91
2,91,991,91,91,91
1,93,14,93,93,93
1,93,16,93,93,93
1,91,991,91,91,91
2,91,991,91,91,91
2,93,22,93,93,93
2,91,991,91,91,91
1,91,991,91,91,91
1,91,991,91,91,91
2,93,16,93,93,93
1,93,15,93,93,93
1,91,991,91,91,91
1,91,991,91,91,91
1,93,15,93,93,93
1,91,991,91,91,91
1,91,991,91,91,91
2,91,991,91,91,91
2,91,991,91,91,91
1,91,991,91,91,91
1,91,991,91,91,91
1,91,991,91,91,91
1,91,991,91,91,91
1,93,16,93,93,93
1,91,991,91,91,91
1,93,19,93,93,93
2,29,14,1,1,1
2,91,991,91,91,91
1,93,17,93,93,93
1,91,991,91,91,91
2,93,17,93,93,93
1,91,991,91,91,91
2,91,991,91,91,91
1,91,991,91,91,91
1,93,19,93,93,93
2,91,991,91,91,91
1,91,991,91,91,91
2,25,13,1,1,2
2,91,991,91,91,91
1,93,18,93,93,93
2,93,14,93,93,93
1,30,17,1,1,2
1,93,18,93,93,93
1,91,991,91,91,91
1,91,991,91,91,91
1,91,991,91,91,91
1,30,16,1,1,2
1,91,991,91,91,91
1,91,991,91,91,91
2,91,991,91,91,91
2,93,15,93,93,93
1,91,991,91,91,91
1,91,991,91,91,91
2,93,13,93,93,93
1,93,16,93,93,93
1,25,19,1,2,2
2,30,16,1,2,2
1,93,15,93,93,93
1,93,32,93,93,93
1,93,16,93,93,93
1,91,991,91,91,91
1,93,15,93,93,93
1,91,991,91,91,91
2,91,991,91,91,91
1,91,991,91,91,91
2,91,991,91,91,91
1,91,991,91,91,91
1,93,16,93,93,93
2,91,991,91,91,91
2,1,25,2,2,1
2,91,991,91,91,91
2,93,20,93,93,93
2,91,991,91,91,91
2,91,991,91,91,91
2,91,991,91,91,91
2,16,14,2,1,1
2,91,991,91,91,91
2,91,991,91,91,91
2,93,15,93,93,93
1,91,991,91,91,91
1,93,18,93,93,93
2,91,991,91,91,91
2,93,32,93,93,93
1,91,991,91,91,91
2,91,991,91,91,91
1,91,991,91,91,91
1,93,20,93,93,93
2,91,991,91,91,91
1,91,991,91,91,91
2,93,20,93,93,93
1,93,12,93,93,93
1,93,15,93,93,93
1,91,991,91,91,91
2,91,991,91,91,91
1,29,12,1,1,1
2,91,991,91,91,91
2,93,19,93,93,93
1,30,16,1,2,2
1,91,991,91,91,91
1,91,991,91,91,91
2,91,991,91,91,91
2,91,991,91,91,91
2,93,58,93,93,93
1,93,23,93,93,93
2,91,991,91,91,91
2,91,991,91,91,91
2,91,991,91,91,91
1,91,991,91,91,91
1,91,991,91,91,91
2,91,991,91,91,91
2,91,991,91,91,91
2,12,25,2,2,1
2,93,15,93,93,93
1,9,14,1,2,1
1,30,14,1,2,2
2,93,22,93,93,93
2,93,14,93,93,93
2,93,20,93,93,93
1,91,991,91,91,91
2,93,14,93,93,93
2,93,12,93,93,93
1,91,991,91,91,91
1,30,13,1,1,1
2,91,991,91,91,91
1,93,13,93,93,93
1,91,991,91,91,91
2,93,16,93,93,93
1,91,991,91,91,91
1,93,20,93,93,93
1,91,991,91,91,91
2,93,15,93,93,93
2,91,991,91,91,91
1,91,991,91,91,91
2,93,40,93,93,93
2,91,991,91,91,91
2,91,991,91,91,91
2,93,16,93,93,93
2,93,25,93,93,93
2,91,991,91,91,91
1,25,13,2,2,2
1,91,991,91,91,91
2,93,16,93,93,93
2,91,991,91,91,91
2,91,991,91,91,91
2,9,14,2,2,1
2,91,991,91,91,91
2,91,991,91,91,91
1,93,14,93,93,93
1,93,21,93,93,93
1,93,16,93,93,93
1,91,991,91,91,91
1,91,991,91,91,91
1,93,15,93,93,93
2,93,16,93,93,93
2,91,991,91,91,91
1,91,991,91,91,91
2,1,21,2,2,1
2,93,19,93,93,93
1,93,23,93,93,93
2,91,991,91,91,91
1,91,991,91,91,91
2,91,991,91,91,91
1,91,991,91,91,91
1,91,991,91,91,91
1,28,21,1,1,2
2,93,14,93,93,93
2,8,15,1,2,2
1,91,991,91,91,91
2,91,991,91,91,91
1,93,21,93,93,93
1,91,991,91,91,91
1,93,18,93,93,93
2,29,19,1,2,2
1,10,20,1,2,2
1,93,18,93,93,93
1,30,16,1,1,2
2,30,13,1,1,2
1,91,991,91,91,91
2,91,991,91,91,91
2,93,21,93,93,93
2,91,991,91,91,91
1,93,18,93,93,93
1,91,991,91,91,91
1,20,14,1,1,2
2,93,18,93,93,93
2,93,18,93,93,93
1,29,16,1,1,1
2,93,17,93,93,93
2,93,13,93,93,93
1,25,17,1,1,1
1,2,16,2,2,1
1,10,17,1,2,1
1,93,16,93,93,93
2,93,20,93,93,93
2,3,19,2,1,2
1,91,991,91,91,91
1,93,16,93,93,93
2,91,991,91,91,91
2,91,991,91,91,91
1,93,16,93,93,93
2,91,991,91,91,91
2,93,15,93,93,93
2,4,13,1,2,1
1,91,991,91,91,91
1,93,16,93,93,93
1,91,991,91,91,91
2,5,16,1,1,2
1,93,19,93,93,93
2,91,991,91,91,91
2,91,991,91,91,91
2,91,991,91,91,91
2,93,19,93,93,93
1,91,991,91,91,91
1,91,991,91,91,91
2,91,991,91,91,91
2,93,18,93,93,93
2,12,17,2,2,1
1,3,20,2,2,1
1,91,991,91,91,91
1,91,991,91,91,91
2,91,991,91,91,91
1,91,991,91,91,91
2,91,991,91,91,91
2,91,991,91,91,91
1,93,19,93,93,93
2,91,991,91,91,91
1,93,15,93,93,93
2,93,12,93,93,93
2,91,991,91,91,91
2,93,22,93,93,93
2,93,18,93,93,93
1,91,991,91,91,91
1,91,991,91,91,91
1,91,991,91,91,91
2,91,991,91,91,91
1,93,23,93,93,93
1,91,991,91,91,91
1,91,991,91,91,91
2,93,15,93,93,93
2,91,991,91,91,91
2,12,18,2,1,1
1,93,16,93,93,93
2,93,18,93,93,93
2,91,991,91,91,91
1,91,991,91,91,91
1,91,991,91,91,91
2,93,18,93,93,93
2,91,991,91,91,91
1,91,991,91,91,91
2,91,991,91,91,91
1,30,16,1,1,2
2,91,991,91,91,91
2,93,16,93,93,93
1,91,991,91,91,91
2,1,16,2,2,2
1,93,25,93,93,93
1,91,991,91,91,91
2,4,17,2,1,2
2,91,991,91,91,91
2,91,991,91,91,91
1,91,991,91,91,91
1,91,991,91,91,91
2,91,991,91,91,91
2,93,18,93,93,93
1,91,991,91,91,91
1,91,991,91,91,91
1,91,991,91,91,91
1,3,14,1,1,2
2,93,16,93,93,93
2,91,991,91,91,91
2,93,16,93,93,93
1,91,991,91,91,91
1,91,991,91,91,91
2,30,18,1,2,2
1,93,13,93,93,93
1,91,991,91,91,91
2,93,20,93,93,93
2,91,991,91,91,91
2,91,991,91,91,91
1,91,991,91,91,91
1,91,991,91,91,91
2,91,991,91,91,91
1,91,991,91,91,91
2,93,18,93,93,93
1,91,991,91,91,91
1,91,991,91,91,91
2,30,16,1,2,1
2,91,991,91,91,91
1,91,991,91,91,91
2,91,991,91,91,91
1,3,12,2,1,1
2,93,23,93,93,93
1,1,19,1,2,2
2,93,16,93,93,93
1,91,991,91,91,91
2,91,991,91,91,91
1,91,991,91,91,91
1,91,991,91,91,91
2,91,991,91,91,91
1,93,17,93,93,93
2,93,16,93,93,93
2,93,14,93,93,93
1,91,991,91,91,91
1,30,20,1,1,2
1,93,10,93,93,93
1,91,991,91,91,91
2,91,991,91,91,91
1,91,991,91,91,91
2,6,13,1,1,1
1,30,12,1,2,2
1,91,991,91,91,91
1,91,991,91,91,91
2,93,17,93,93,93
1,91,991,91,91,91
1,93,12,93,93,93
2,91,991,91,91,91
1,91,991,91,91,91
1,12,21,1,1,2
2,91,991,91,91,91
1,91,991,91,91,91
2,93,16,93,93,93
1,93,14,93,93,93
2,91,991,91,91,91
2,93,20,93,93,93
2,91,991,91,91,91
1,93,21,93,93,93
2,91,991,91,91,91
1,30,16,1,2,1
1,93,16,93,93,93
2,91,991,91,91,91
2,2,12,2,1,5
2,93,14,93,93,93
2,93,24,93,93,93
1,91,991,91,91,91
1,93,13,93,93,93
2,93,14,93,93,93
1,91,991,91,91,91
1,3,13,1,1,1
2,93,14,93,93,93
2,91,991,91,91,91
1,91,991,91,91,91
2,91,991,91,91,91
2,93,14,93,93,93
2,91,991,91,91,91
2,91,991,91,91,91
2,93,18,93,93,93
2,93,20,93,93,93
2,91,991,91,91,91
2,91,991,91,91,91
2,93,20,93,93,93
1,93,16,93,93,93
1,91,991,91,91,91
2,93,22,93,93,93
1,20,16,1,1,2
2,91,991,91,91,91
2,1,15,2,2,1
2,93,17,93,93,93
1,93,27,93,93,93
1,30,9,1,1,1
1,91,991,91,91,91
2,7,17,1,1,1
2,91,991,91,91,91
2,93,20,93,93,93
1,91,991,91,91,91
2,93,11,93,93,93
1,91,991,91,91,91
1,91,991,91,91,91
1,91,991,91,91,91
2,93,18,93,93,93
2,93,17,93,93,93
2,93,14,93,93,93
1,91,991,91,91,91
2,93,18,93,93,93
2,91,991,91,91,91
2,5,44,1,1,1
2,93,22,93,93,93
2,91,991,91,91,91
1,25,12,1,2,2
1,91,991,91,91,91
2,93,15,93,93,93
1,93,14,93,93,93
1,91,991,91,91,91
2,91,991,91,91,91
2,91,991,91,91,91
2,93,18,93,93,93
1,2,11,1,2,1
1,93,18,93,93,93
2,91,991,91,91,91
1,91,991,91,91,91
2,93,18,93,93,93
2,91,991,91,91,91
2,5,9,1,2,2
1,93,15,93,93,93
1,91,991,91,91,91
2,93,21,93,93,93
2,91,991,91,91,91
1,91,991,91,91,91
2,91,991,91,91,91
2,1,12,1,2,2
1,91,991,91,91,91
1,91,991,91,91,91
2,91,991,91,91,91
1,91,991,91,91,91
2,91,991,91,91,91
1,91,991,91,91,91
1,91,991,91,91,91
1,91,991,91,91,91
2,93,16,93,93,93
2,91,991,91,91,91
2,91,991,91,91,91
2,91,991,91,91,91
2,91,991,91,91,91
2,30,14,1,1,1
1,93,15,93,93,93
1,1,19,2,2,1
2,24,21,1,1,1
2,91,991,91,91,91
1,91,991,91,91,91
1,15,16,1,1,2
2,91,991,91,91,91
2,93,18,93,93,93
2,91,991,91,91,91
1,91,991,91,91,91
1,93,19,93,93,93
2,93,16,93,93,93
2,93,23,93,93,93
2,4,21,1,2,1
2,91,991,91,91,91
1,93,25,93,93,93
1,12,10,1,2,2
2,97,994,1,2,2
2,91,991,91,91,91
2,91,991,91,91,91
1,91,991,91,91,91
1,93,21,93,93,93
1,15,13,1,2,2
1,91,991,91,91,91
1,91,991,91,91,91
1,91,991,91,91,91
2,93,20,93,93,93
1,93,22,93,93,93
1,91,991,91,91,91
1,91,991,91,91,91
1,93,22,93,93,93
2,91,991,91,91,91
2,93,18,93,93,93
2,93,18,93,93,93
2,93,36,93,93,93
1,12,18,2,1,2
2,15,22,1,1,2
1,91,991,91,91,91
1,93,17,93,93,93
2,93,16,93,93,93
2,91,991,91,91,91
1,91,991,91,91,91
2,91,991,91,91,91
1,91,991,91,91,91
2,91,991,91,91,91
2,1,19,1,2,2
1,91,991,91,91,91
1,30,14,1,1,2
1,7,16,1,2,2
2,3,17,2,1,2
2,91,991,91,91,91
1,93,27,93,93,93
1,91,991,91,91,91
1,91,991,91,91,91
1,91,991,91,91,91
2,91,991,91,91,91
2,91,991,91,91,91
2,93,26,93,93,93
2,91,991,91,91,91
2,7,17,1,2,2
2,93,12,93,93,93
2,91,991,91,91,91
2,91,991,91,91,91
2,4,14,1,1,2
1,91,991,91,91,91
2,91,991,91,91,91
2,30,19,1,2,2
1,93,16,93,93,93
1,93,24,93,93,93
2,93,15,93,93,93
1,30,13,1,2,2
1,25,15,2,1,1
2,3,54,1,1,2
2,30,17,1,1,1
2,91,991,91,91,91
2,3,19,2,2,1
1,93,16,93,93,93
2,91,991,91,91,91
2,91,991,91,91,91
2,93,13,93,93,93
2,91,991,91,91,91
2,93,23,93,93,93
2,91,991,91,91,91
2,91,991,91,91,91
1,2,15,1,2,2
2,91,991,91,91,91
1,93,16,93,93,93
2,91,991,91,91,91
2,91,991,91,91,91
2,91,991,91,91,91
1,7,17,1,2,2
1,91,991,91,91,91
1,93,18,93,93,93
2,91,991,91,91,91
2,28,16,1,2,1
2,91,991,91,91,91
2,93,18,93,93,93
2,93,14,93,93,93
1,93,18,93,93,93
2,15,12,1,1,1
2,91,991,91,91,91
2,91,991,91,91,91
1,91,991,91,91,91
2,91,991,91,91,91
2,93,17,93,93,93
2,91,991,91,91,91
2,93,20,93,93,93
2,93,18,93,93,93
2,2,14,1,2,2
2,91,991,91,91,91
1,2,16,1,1,1
2,91,991,91,91,91
2,91,991,91,91,91
1,91,991,91,91,91
2,25,18,1,1,2
2,91,991,91,91,91
1,91,991,91,91,91
1,91,991,91,91,91
1,91,991,91,91,91
2,93,14,93,93,93
2,3,20,1,2,1
2,2,18,1,1,2
2,91,991,91,91,91
1,93,18,93,93,93
1,91,991,91,91,91
1,91,991,91,91,91
1,20,22,2,1,2
2,91,991,91,91,91
2,1,19,2,2,1
1,91,991,91,91,91
2,91,991,91,91,91
1,91,991,91,91,91
2,91,991,91,91,91
2,91,991,91,91,91
1,29,15,1,2,2
2,19,17,2,2,1
2,91,991,91,91,91
2,91,991,91,91,91
1,91,991,91,91,91
2,2,14,1,2,2
1,20,30,1,2,2
2,91,991,91,91,91
1,93,20,93,93,93
2,91,991,91,91,91
2,30,12,1,1,1
2,4,25,2,2,1
2,91,991,91,91,91
1,20,33,1,2,1
2,93,22,93,93,93
1,91,991,91,91,91
2,91,991,91,91,91
2,2,12,1,1,1
1,91,991,91,91,91
2,91,991,91,91,91
2,93,11,93,93,93
1,91,991,91,91,91
1,30,16,1,1,2
1,3,15,1,2,2
2,91,991,91,91,91
1,91,991,91,91,91
2,30,16,1,2,2
1,91,991,91,91,91
2,91,991,91,91,91
2,91,991,91,91,91
1,30,13,1,2,2
1,30,12,1,1,2
1,91,991,91,91,91
1,93,18,93,93,93
1,93,17,93,93,93
1,93,21,93,93,93
2,91,991,91,91,91
1,91,991,91,91,91
2,93,21,93,93,93
2,6,18,1,2,2
1,93,16,93,93,93
2,91,991,91,91,91
2,91,991,91,91,91
1,91,991,91,91,91
1,93,12,93,93,93
1,91,991,91,91,91
2,91,991,91,91,91
2,93,12,93,93,93
2,91,991,91,91,91
2,30,14,2,1,1
1,30,14,1,2,2
2,93,29,93,93,93
1,91,991,91,91,91
1,30,17,1,1,1
1,93,16,93,93,93
2,91,991,91,91,91
2,91,991,91,91,91
1,91,991,91,91,91
2,91,991,91,91,91
2,6,24,1,2,2
2,93,14,93,93,93
1,93,19,93,93,93
2,91,991,91,91,91
2,91,991,91,91,91
2,93,17,93,93,93
2,30,14,1,1,2
1,91,991,91,91,91
1,91,991,91,91,91
2,93,18,93,93,93
1,91,991,91,91,91
1,91,991,91,91,91
2,93,16,93,93,93
2,91,991,91,91,91
2,93,16,93,93,93
2,91,991,91,91,91
2,98,12,98,98,98
1,98,13,98,98,98
1,98,16,98,98,98
2,93,21,93,93,93
2,91,991,91,91,91
2,93,994,93,93,93
1,91,991,91,91,91
2,91,991,91,91,91
2,91,991,91,91,91
2,93,12,93,93,93
2,91,991,91,91,91
2,93,21,93,93,93
1,91,991,91,91,91
1,91,991,91,91,91
2,91,991,91,91,91
2,93,27,93,93,93
1,91,991,91,91,91
2,93,17,93,93,93
1,91,991,91,91,91
2,30,16,1,1,1
1,91,991,91,91,91
2,91,991,91,91,91
2,91,991,91,91,91
1,91,991,91,91,91
2,93,16,93,93,93
1,91,991,91,91,91
1,30,8,1,2,2
2,93,17,93,93,93
2,93,16,93,93,93
2,5,17,2,1,2
1,93,16,93,93,93
2,1,71,2,2,5
2,91,991,91,91,91
2,91,991,91,91,91
1,30,16,1,2,2
2,91,991,91,91,91
1,91,991,91,91,91
1,1,21,1,2,2
2,91,991,91,91,91
2,93,18,93,93,93
2,91,991,91,91,91
1,91,991,91,91,91
2,2,8,1,1,1
2,93,18,93,93,93
1,91,991,91,91,91
1,91,991,91,91,91
2,9,15,1,2,1
2,91,991,91,91,91
2,93,33,93,93,93
1,91,991,91,91,91
2,93,16,93,93,93
2,93,16,93,93,93
1,30,17,1,2,1
2,93,16,93,93,93
2,15,20,1,2,2
1,91,991,91,91,91
1,93,14,93,93,93
2,93,23,93,93,93
1,91,991,91,91,91
1,91,991,91,91,91
1,91,991,91,91,91
1,91,991,91,91,91
2,91,991,91,91,91
2,1,74,2,2,1
2,25,13,1,2,2
2,91,991,91,91,91
1,93,18,93,93,93
2,91,991,91,91,91
2,91,991,91,91,91
2,30,12,1,2,2
1,93,16,93,93,93
2,91,991,91,91,91
1,15,15,1,1,1
2,91,991,91,91,91
2,91,991,91,91,91
2,91,991,91,91,91
2,91,991,91,91,91
2,93,19,93,93,93
1,91,991,91,91,91
2,91,991,91,91,91
1,91,991,91,91,91
2,2,21,1,2,2
1,20,17,1,2,2
1,1,25,2,2,1
2,91,991,91,91,91
2,30,12,1,1,1
1,91,991,91,91,91
1,20,16,1,1,1
2,28,16,1,1,1
1,91,991,91,91,91
2,91,991,91,91,91
2,91,991,91,91,91
2,91,991,91,91,91
2,91,991,91,91,91
2,91,991,91,91,91
2,91,991,91,91,91
2,91,991,91,91,91
1,93,20,93,93,93
2,20,17,3,2,2
1,93,23,93,93,93
2,91,991,91,91,91
2,91,991,91,91,91
2,91,991,91,91,91
2,93,14,93,93,93
2,93,17,93,93,93
2,91,991,91,91,91
2,91,991,91,91,91
1,30,16,1,2,1
2,93,28,93,93,93
1,91,991,91,91,91
1,93,15,93,93,93
1,91,991,91,91,91
1,91,991,91,91,91
2,91,991,91,91,91
2,91,991,91,91,91
2,91,991,91,91,91
1,91,991,91,91,91
1,91,991,91,91,91
2,91,991,91,91,91
2,5,14,1,1,1
1,91,991,91,91,91
1,24,17,1,1,1
1,91,991,91,91,91
1,91,991,91,91,91
1,91,991,91,91,91
2,91,991,91,91,91
2,91,991,91,91,91
1,93,20,93,93,93
2,91,991,91,91,91
2,91,991,91,91,91
2,91,991,91,91,91
1,93,16,93,93,93
1,91,991,91,91,91
2,93,13,93,93,93
2,91,991,91,91,91
1,91,991,91,91,91
2,91,991,91,91,91
1,91,991,91,91,91
2,93,11,93,93,93
2,93,19,93,93,93
1,91,991,91,91,91
1,13,19,1,2,2
1,91,991,91,91,91
2,93,16,93,93,93
1,30,15,1,1,2
2,20,14,1,1,2
2,91,991,91,91,91
2,91,991,91,91,91
2,91,991,91,91,91
2,91,991,91,91,91
2,93,20,93,93,93
1,93,13,93,93,93
1,93,13,93,93,93
1,91,991,91,91,91
2,30,24,1,1,1
1,93,18,93,93,93
1,91,991,91,91,91
1,91,991,91,91,91
2,30,11,1,1,1
2,5,41,2,2,1
2,30,15,1,2,2
2,93,15,93,93,93
1,5,12,1,2,2
2,91,991,91,91,91
1,91,991,91,91,91
1,91,991,91,91,91
1,91,991,91,91,91
2,91,991,91,91,91
2,91,991,91,91,91
2,5,13,1,1,2
1,91,991,91,91,91
2,91,991,91,91,91
2,3,18,1,2,2
2,91,991,91,91,91
2,91,991,91,91,91
1,91,991,91,91,91
2,91,991,91,91,91
2,91,991,91,91,91
1,91,991,91,91,91
2,5,16,2,1,2
2,91,991,91,91,91
1,91,991,91,91,91
1,93,18,93,93,93
1,93,18,93,93,93
1,91,991,91,91,91
2,91,991,91,91,91
2,93,13,93,93,93
1,91,991,91,91,91
1,30,12,1,1,1
2,3,16,1,2,1
1,91,991,91,91,91
1,91,991,91,91,91
1,91,991,91,91,91
1,93,22,93,93,93
1,91,991,91,91,91
2,91,991,91,91,91
2,91,991,91,91,91
1,93,17,93,93,93
2,91,991,91,91,91
1,91,991,91,91,91
2,28,19,2,1,1
2,91,991,91,91,91
2,93,12,93,93,93
1,93,14,93,93,93
2,93,12,93,93,93
2,91,991,91,91,91
1,20,18,1,2,2
2,91,991,91,91,91
2,7,13,1,1,1
1,91,991,91,91,91
1,91,991,91,91,91
1,93,22,93,93,93
1,10,30,2,1,2
2,91,991,91,91,91
2,91,991,91,91,91
2,2,14,1,2,2
2,91,991,91,91,91
1,91,991,91,91,91
2,91,991,91,91,91
1,93,19,93,93,93
1,91,991,91,91,91
1,91,991,91,91,91
1,91,991,91,91,91
1,93,19,93,93,93
1,91,991,91,91,91
1,91,991,91,91,91
1,91,991,91,91,91
2,91,991,91,91,91
1,91,991,91,91,91
1,30,18,1,1,1
2,91,991,91,91,91
1,93,20,93,93,93
1,91,991,91,91,91
1,91,991,91,91,91
2,91,991,91,91,91
1,91,991,91,91,91
2,91,991,91,91,91
2,15,11,1,1,2
1,91,991,91,91,91
1,25,15,1,1,2
2,93,20,93,93,93
2,93,23,93,93,93
1,2,30,1,1,2
1,15,14,1,1,2
1,4,21,1,2,2
1,91,991,91,91,91
2,91,991,91,91,91
2,91,991,91,91,91
2,91,991,91,91,91
2,91,991,91,91,91
2,93,29,93,93,93
1,30,15,1,1,2
2,20,19,1,2,2
1,91,991,91,91,91
2,91,991,91,91,91
1,91,991,91,91,91
2,91,991,91,91,91
2,91,991,91,91,91
2,93,18,93,93,93
1,91,991,91,91,91
2,91,991,91,91,91
2,91,991,91,91,91
2,91,991,91,91,91
2,91,991,91,91,91
2,91,991,91,91,91
1,6,15,1,1,2
2,30,16,1,2,2
1,9,21,1,2,2
1,93,33,93,93,93
1,91,991,91,91,91
2,91,991,91,91,91
2,91,991,91,91,91
1,91,991,91,91,91
2,93,21,93,93,93
1,25,6,1,2,2
1,91,991,91,91,91
1,91,991,91,91,91
2,93,40,93,93,93
1,91,991,91,91,91
2,91,991,91,91,91
2,7,14,1,2,2
1,93,16,93,93,93
2,91,991,91,91,91
2,91,991,91,91,91
2,91,991,91,91,91
2,30,17,1,2,2
1,91,991,91,91,91
2,93,21,93,93,93
1,91,991,91,91,91
1,91,991,91,91,91
2,93,18,93,93,93
1,93,16,93,93,93
1,93,12,93,93,93
1,91,991,91,91,91
1,93,15,93,93,93
2,91,991,91,91,91
1,93,15,93,93,93
1,91,991,91,91,91
2,93,997,93,93,93
1,93,19,93,93,93
2,91,991,91,91,91
1,4,21,1,2,2
2,15,18,2,2,1
2,91,991,91,91,91
2,91,991,91,91,91
1,12,22,2,1,2
2,91,991,91,91,91
1,91,991,91,91,91
2,91,991,91,91,91
1,91,991,91,91,91
1,2,16,2,2,1
1,91,991,91,91,91
1,93,19,93,93,93
1,91,991,91,91,91
1,91,991,91,91,91
2,91,991,91,91,91
1,91,991,91,91,91
1,91,991,91,91,91
1,93,16,93,93,93
2,91,991,91,91,91
1,91,991,91,91,91
2,93,17,93,93,93
2,91,991,91,91,91
1,93,17,93,93,93
2,91,991,91,91,91
2,91,991,91,91,91
2,91,991,91,91,91
2,1,18,2,2,3
1,91,991,91,91,91
1,91,991,91,91,91
2,91,991,91,91,91
2,91,991,91,91,91
1,93,16,93,93,93
1,20,14,1,2,2
1,91,991,91,91,91
1,93,13,93,93,93
1,14,14,1,2,2
2,93,16,93,93,93
2,91,991,91,91,91
2,93,18,93,93,93
1,93,14,93,93,93
2,91,991,91,91,91
1,93,22,93,93,93
2,93,14,93,93,93
2,93,16,93,93,93
2,17,13,1,1,1
1,91,991,91,91,91
2,93,21,93,93,93
1,9,14,1,1,2
2,91,991,91,91,91
2,91,991,91,91,91
1,91,991,91,91,91
1,91,991,91,91,91
1,30,12,1,1,2
2,91,991,91,91,91
2,93,18,93,93,93
1,2,24,1,1,2
2,93,15,93,93,93
2,91,991,91,91,91
2,93,15,93,93,93
1,91,991,91,91,91
2,93,15,93,93,93
1,20,12,1,2,2
1,91,991,91,91,91
2,91,991,91,91,91
2,91,991,91,91,91
2,20,13,1,2,1
2,93,13,93,93,93
2,91,991,91,91,91
2,91,991,91,91,91
1,91,991,91,91,91
1,15,8,1,2,2
1,93,22,93,93,93
1,1,18,2,2,1
2,93,18,93,93,93
1,91,991,91,91,91
2,91,991,91,91,91
1,93,19,93,93,93
2,93,21,93,93,93
1,91,991,91,91,91
1,91,991,91,91,91
1,91,991,91,91,91
1,30,12,1,2,1
2,93,26,93,93,93
2,30,12,1,2,2
2,91,991,91,91,91
1,91,991,91,91,91
2,91,991,91,91,91
2,1,19,1,2,2
2,91,991,91,91,91
2,91,991,91,91,91
1,6,13,1,2,2
2,30,15,1,1,2
1,93,18,93,93,93
1,91,991,91,91,91
2,91,991,91,91,91
1,91,991,91,91,91
2,3,18,1,2,1
1,20,19,1,2,1
2,91,991,91,91,91
1,91,991,91,91,91
1,20,21,1,1,2
2,30,15,1,1,1
1,91,991,91,91,91
2,3,13,2,2,1
2,91,991,91,91,91
2,93,16,93,93,93
1,91,991,91,91,91
1,93,21,93,93,93
2,91,991,91,91,91
1,93,16,93,93,93
1,91,991,91,91,91
2,93,15,93,93,93
1,91,991,91,91,91
2,93,16,93,93,93
2,91,991,91,91,91
2,91,991,91,91,91
1,93,15,93,93,93
1,91,991,91,91,91
1,98,14,98,98,98
2,93,16,93,93,93
1,91,991,91,91,91
1,93,15,93,93,93
1,91,991,91,91,91
2,91,991,91,91,91
2,93,14,93,93,93
1,30,12,1,2,2
2,91,991,91,91,91
1,1,12,1,2,2
1,93,17,93,93,93
2,93,21,93,93,93
2,30,13,1,2,2
2,93,17,93,93,93
1,91,991,91,91,91
2,93,18,93,93,93
2,93,19,93,93,93
2,91,991,91,91,91
2,91,991,91,91,91
2,91,991,91,91,91
2,93,17,93,93,93
2,28,15,1,1,1
2,91,991,91,91,91
2,91,991,91,91,91
1,91,991,91,91,91
2,91,991,91,91,91
2,91,991,91,91,91
1,91,991,91,91,91
2,91,991,91,91,91
2,91,991,91,91,91
2,93,19,93,93,93
1,93,19,93,93,93
1,7,9,1,1,1
2,91,991,91,91,91
1,91,991,91,91,91
1,91,991,91,91,91
1,91,991,91,91,91
1,91,991,91,91,91
2,91,991,91,91,91
2,91,991,91,91,91
1,91,991,91,91,91
2,91,991,91,91,91
2,93,17,93,93,93
2,93,19,93,93,93
2,91,991,91,91,91
1,30,15,1,1,2
1,91,991,91,91,91
1,91,991,91,91,91
2,91,991,91,91,91
2,20,12,1,1,2
2,91,991,91,91,91
1,91,991,91,91,91
2,91,991,91,91,91
1,91,991,91,91,91
1,93,12,93,93,93
2,93,16,93,93,93
2,93,17,93,93,93
1,91,991,91,91,91
1,93,15,93,93,93
2,25,16,1,1,2
1,93,22,93,93,93
2,91,991,91,91,91
2,91,991,91,91,91
1,93,18,93,93,93
1,91,991,91,91,91
2,93,17,93,93,93
2,93,18,93,93,93
2,91,991,91,91,91
1,91,991,91,91,91
1,91,991,91,91,91
2,91,991,91,91,91
1,93,13,93,93,93
2,91,991,91,91,91
1,30,10,1,2,1
2,91,991,91,91,91
2,91,991,91,91,91
1,91,991,91,91,91
1,93,33,93,93,93
1,91,991,91,91,91
2,91,991,91,91,91
2,28,16,1,2,2
2,91,991,91,91,91
1,93,21,93,93,93
2,2,18,1,2,2
1,30,16,1,1,2
2,91,991,91,91,91
1,91,991,91,91,91
1,91,991,91,91,91
1,91,991,91,91,91
1,91,991,91,91,91
1,9,14,1,1,2
2,1,18,2,2,1
2,1,22,2,1,1
2,93,24,93,93,93
2,93,19,93,93,93
1,91,991,91,91,91
1,91,991,91,91,91
2,91,991,91,91,91
2,91,991,91,91,91
2,93,17,93,93,93
2,91,991,91,91,91
1,91,991,91,91,91
1,93,19,93,93,93
1,91,991,91,91,91
2,91,991,91,91,91
2,91,991,91,91,91
1,30,14,1,2,2
2,91,991,91,91,91
2,93,19,93,93,93
1,91,991,91,91,91
2,91,991,91,91,91
1,91,991,91,91,91
1,30,15,1,1,1
1,91,991,91,91,91
2,91,991,91,91,91
2,91,991,91,91,91
1,93,19,93,93,93
1,93,19,93,93,93
1,91,991,91,91,91
1,91,991,91,91,91
2,91,991,91,91,91
1,91,991,91,91,91
2,91,991,91,91,91
2,8,16,1,2,2
1,93,18,93,93,93
2,30,18,1,2,2
1,93,17,93,93,93
1,91,991,91,91,91
2,93,13,93,93,93
2,91,991,91,91,91
2,93,20,93,93,93
1,93,15,93,93,93
1,91,991,91,91,91
1,91,991,91,91,91
2,91,991,91,91,91
2,91,991,91,91,91
2,91,991,91,91,91
2,91,991,91,91,91
2,91,991,91,91,91
1,28,28,1,2,1
2,91,991,91,91,91
2,91,991,91,91,91
1,93,16,93,93,93
1,93,17,93,93,93
1,91,991,91,91,91
2,91,991,91,91,91
1,91,991,91,91,91
2,93,26,93,93,93
2,93,13,93,93,93
2,91,991,91,91,91
1,28,17,1,2,1
2,93,15,93,93,93
2,91,991,91,91,91
1,30,9,1,2,2
1,93,17,93,93,93
1,8,13,1,1,2
2,14,14,1,2,2
1,91,991,91,91,91
2,91,991,91,91,91
2,91,991,91,91,91
1,91,991,91,91,91
1,93,19,93,93,93
2,91,991,91,91,91
2,5,18,1,1,5
1,30,10,1,1,1
2,1,13,2,2,1
2,91,991,91,91,91
2,91,991,91,91,91
1,93,19,93,93,93
2,91,991,91,91,91
2,91,991,91,91,91
2,93,24,93,93,93
1,1,17,2,2,1
2,93,16,93,93,93
2,8,16,1,2,1
2,91,991,91,91,91
2,91,991,91,91,91
2,91,991,91,91,91
1,91,991,91,91,91
1,3,16,1,2,2
1,91,991,91,91,91
2,93,13,93,93,93
1,91,991,91,91,91
1,91,991,91,91,91
1,20,14,1,1,2
2,91,991,91,91,91
2,5,15,1,2,2
2,91,991,91,91,91
1,29,19,2,2,1
2,91,991,91,91,91
2,94,18,1,2,2
1,20,12,1,1,2
2,93,16,93,93,93
1,8,16,2,2,1
2,91,991,91,91,91
2,93,19,93,93,93
1,93,31,93,93,93
2,30,16,1,2,1
2,14,15,1,2,1
1,20,17,1,2,2
2,91,991,91,91,91
1,30,18,1,2,1
2,93,25,93,93,93
1,1,20,1,2,2
1,91,991,91,91,91
2,91,991,91,91,91
2,91,991,91,91,91
2,91,991,91,91,91
2,91,991,91,91,91
2,91,991,91,91,91
1,91,991,91,91,91
2,93,17,93,93,93
2,91,991,91,91,91
1,91,991,91,91,91
1,30,12,1,1,1
1,91,991,91,91,91
2,91,991,91,91,91
2,30,10,1,1,1
2,93,13,93,93,93
1,91,991,91,91,91
1,93,21,93,93,93
1,91,991,91,91,91
2,93,18,93,93,93
2,91,991,91,91,91
2,2,22,2,1,1
2,4,21,2,1,2
1,91,991,91,91,91
2,3,19,1,2,2
2,93,40,93,93,93
2,91,991,91,91,91
1,91,991,91,91,91
2,30,20,2,2,1
2,91,991,91,91,91
1,93,27,93,93,93
1,91,991,91,91,91
2,91,991,91,91,91
1,30,22,1,1,2
1,91,991,91,91,91
1,91,991,91,91,91
1,12,20,1,2,1
1,12,15,1,1,2
1,93,16,93,93,93
2,93,19,93,93,93
1,20,18,1,1,1
1,1,14,1,2,2
2,91,991,91,91,91
2,93,16,93,93,93
1,91,991,91,91,91
1,91,991,91,91,91
2,20,15,2,1,1
2,93,13,93,93,93
1,6,15,1,2,1
2,93,26,93,93,93
2,91,991,91,91,91
2,93,17,93,93,93
2,15,20,1,2,2
1,91,991,91,91,91
2,91,991,91,91,91
1,91,991,91,91,91
2,91,991,91,91,91
1,91,991,91,91,91
1,93,18,93,93,93
2,91,991,91,91,91
2,91,991,91,91,91
2,1,15,2,1,2
1,1,17,2,1,2
1,91,991,91,91,91
2,91,991,91,91,91
1,91,991,91,91,91
1,91,991,91,91,91
2,91,991,91,91,91
2,93,60,93,93,93
1,91,991,91,91,91
2,1,10,1,1,1
2,91,991,91,91,91
1,30,17,1,2,2
1,30,17,1,2,2
2,91,991,91,91,91
1,93,14,93,93,93
1,91,991,91,91,91
1,91,991,91,91,91
2,93,16,93,93,93
2,91,991,91,91,91
2,91,991,91,91,91
2,91,991,91,91,91
1,91,991,91,91,91
1,91,991,91,91,91
2,93,16,93,93,93
2,93,16,93,93,93
2,1,16,1,2,2
1,93,18,93,93,93
2,2,16,1,2,2
1,93,19,93,93,93
1,3,15,1,2,2
2,93,25,93,93,93
2,91,991,91,91,91
1,91,991,91,91,91
1,91,991,91,91,91
2,91,991,91,91,91
2,1,14,2,2,2
1,91,991,91,91,91
1,91,991,91,91,91
2,91,991,91,91,91
1,91,991,91,91,91
2,93,24,93,93,93
2,93,17,93,93,93
2,91,991,91,91,91
1,91,991,91,91,91
1,91,991,91,91,91
2,91,991,91,91,91
2,93,17,93,93,93
2,91,991,91,91,91
2,91,991,91,91,91
2,91,991,91,91,91
2,91,991,91,91,91
1,91,991,91,91,91
2,91,991,91,91,91
2,93,20,93,93,93
2,91,991,91,91,91
1,91,991,91,91,91
2,93,16,93,93,93
2,91,991,91,91,91
1,30,14,2,2,1
1,20,15,2,1,1
2,91,991,91,91,91
2,91,991,91,91,91
2,93,17,93,93,93
1,10,16,1,1,2
1,91,991,91,91,91
2,93,22,93,93,93
2,93,18,93,93,93
2,91,991,91,91,91
2,93,11,93,93,93
2,93,22,93,93,93
2,91,991,91,91,91
1,93,21,93,93,93
2,2,14,1,1,1
2,91,991,91,91,91
2,91,991,91,91,91
2,91,991,91,91,91
1,91,991,91,91,91
1,93,18,93,93,93
1,91,991,91,91,91
1,93,18,93,93,93
1,4,16,1,2,2
2,93,14,93,93,93
1,91,991,91,91,91
1,4,14,1,1,1
2,91,991,91,91,91
1,91,991,91,91,91
1,93,18,93,93,93
1,91,991,91,91,91
1,91,991,91,91,91
1,93,19,93,93,93
1,91,991,91,91,91
1,91,991,91,91,91
2,91,991,91,91,91
1,91,991,91,91,91
1,93,21,93,93,93
1,91,991,91,91,91
2,2,20,1,2,1
1,91,991,91,91,91
2,91,991,91,91,91
1,91,991,91,91,91
2,91,991,91,91,91
1,93,15,93,93,93
2,91,991,91,91,91
2,93,18,93,93,93
2,93,17,93,93,93
1,91,991,91,91,91
2,20,16,1,2,1
1,91,991,91,91,91
1,93,16,93,93,93
2,91,991,91,91,91
2,91,991,91,91,91
2,93,16,93,93,93
1,93,17,93,93,93
1,91,991,91,91,91
1,91,991,91,91,91
2,91,991,91,91,91
2,30,16,1,2,2
1,91,991,91,91,91
1,91,991,91,91,91
1,91,991,91,91,91
1,93,18,93,93,93
2,91,991,91,91,91
2,91,991,91,91,91
1,10,994,2,2,1
2,91,991,91,91,91
1,91,991,91,91,91
2,93,30,93,93,93
2,93,36,93,93,93
1,91,991,91,91,91
2,91,991,91,91,91
2,91,991,91,91,91
1,91,991,91,91,91
1,91,991,91,91,91
1,91,991,91,91,91
1,15,14,1,1,1
2,91,991,91,91,91
2,91,991,91,91,91
1,7,13,1,2,1
1,91,991,91,91,91
2,91,991,91,91,91
1,91,991,91,91,91
1,91,991,91,91,91
2,93,35,93,93,93
2,91,991,91,91,91
1,91,991,91,91,91
2,91,991,91,91,91
2,91,991,91,91,91
1,93,17,93,93,93
1,91,991,91,91,91
2,91,991,91,91,91
2,91,991,91,91,91
1,93,18,93,93,93
2,91,991,91,91,91
1,91,991,91,91,91
1,91,991,91,91,91
1,93,8,93,93,93
1,91,991,91,91,91
2,93,16,93,93,93
2,91,991,91,91,91
2,91,991,91,91,91
1,93,19,93,93,93
2,91,991,91,91,91
2,91,991,91,91,91
1,91,991,91,91,91
2,91,991,91,91,91
1,7,16,1,1,1
2,91,991,91,91,91
2,93,20,93,93,93
1,93,15,93,93,93
2,93,19,93,93,93
2,91,991,91,91,91
1,91,991,91,91,91
2,93,20,93,93,93
2,20,11,1,1,1
2,93,14,93,93,93
2,93,20,93,93,93
1,91,991,91,91,91
2,91,991,91,91,91
1,91,991,91,91,91
2,91,991,91,91,91
1,91,991,91,91,91
1,91,991,91,91,91
1,15,17,1,2,2
1,93,21,93,93,93
2,93,18,93,93,93
1,91,991,91,91,91
1,91,991,91,91,91
1,91,991,91,91,91
1,91,991,91,91,91
2,91,991,91,91,91
1,93,20,93,93,93
1,91,991,91,91,91
1,30,13,1,2,2
2,93,12,93,93,93
1,93,21,93,93,93
2,93,14,93,93,93
1,91,991,91,91,91
1,91,991,91,91,91
2,91,991,91,91,91
2,93,20,93,93,93
1,91,991,91,91,91
2,93,21,93,93,93
1,91,991,91,91,91
1,91,991,91,91,91
1,93,13,93,93,93
2,91,991,91,91,91
2,91,991,91,91,91
1,93,21,93,93,93
1,30,11,1,2,2
1,93,18,93,93,93
2,91,991,91,91,91
1,93,18,93,93,93
1,91,991,91,91,91
1,91,991,91,91,91
1,91,991,91,91,91
1,8,33,2,2,1
2,93,17,93,93,93
2,5,14,1,2,2
1,93,12,93,93,93
2,91,991,91,91,91
1,93,20,93,93,93
1,18,20,2,2,2
1,91,991,91,91,91
2,91,991,91,91,91
2,93,16,93,93,93
1,93,16,93,93,93
2,91,991,91,91,91
2,91,991,91,91,91
2,91,991,91,91,91
1,91,991,91,91,91
2,91,991,91,91,91
2,91,991,91,91,91
2,91,991,91,91,91
2,91,991,91,91,91
1,93,15,93,93,93
1,12,18,1,1,2
1,93,18,93,93,93
2,93,16,93,93,93
2,91,991,91,91,91
1,93,13,93,93,93
1,91,991,91,91,91
2,93,15,93,93,93
1,91,991,91,91,91
2,91,991,91,91,91
1,91,991,91,91,91
2,91,991,91,91,91
2,91,991,91,91,91
1,91,991,91,91,91
2,91,991,91,91,91
1,93,26,93,93,93
1,91,991,91,91,91
2,91,991,91,91,91
2,91,991,91,91,91
2,91,991,91,91,91
2,93,17,93,93,93
2,30,17,1,2,1
2,91,991,91,91,91
2,91,991,91,91,91
1,91,991,91,91,91
1,93,18,93,93,93
1,91,991,91,91,91
2,15,14,1,1,2
2,91,991,91,91,91
1,93,18,93,93,93
2,91,991,91,91,91
2,98,20,98,98,98
1,91,991,91,91,91
2,25,15,1,2,2
2,91,991,91,91,91
2,93,20,93,93,93
2,93,20,93,93,93
2,91,991,91,91,91
2,93,13,93,93,93
2,91,991,91,91,91
2,93,13,93,93,93
2,93,13,93,93,93
1,93,19,93,93,93
1,1,14,1,1,2
2,91,991,91,91,91
1,91,991,91,91,91
1,1,18,1,2,2
1,93,16,93,93,93
2,91,991,91,91,91
1,1,22,2,1,2
1,91,991,91,91,91
1,91,991,91,91,91
2,91,991,91,91,91
1,91,991,91,91,91
2,1,21,2,2,1
1,93,19,93,93,93
1,91,991,91,91,91
2,91,991,91,91,91
2,91,991,91,91,91
1,3,45,2,2,1
1,91,991,91,91,91
1,28,18,1,1,1
2,93,11,93,93,93
2,91,991,91,91,91
2,91,991,91,91,91
1,91,991,91,91,91
1,91,991,91,91,91
1,91,991,91,91,91
2,91,991,91,91,91
1,91,991,91,91,91
1,91,991,91,91,91
2,93,22,93,93,93
2,93,22,93,93,93
2,93,17,93,93,93
2,94,15,1,1,2
2,91,991,91,91,91
2,30,12,1,1,1
2,93,15,93,93,93
1,91,991,91,91,91
2,91,991,91,91,91
2,93,15,93,93,93
2,18,15,2,1,2
1,91,991,91,91,91
1,91,991,91,91,91
1,91,991,91,91,91
2,93,18,93,93,93
1,91,991,91,91,91
2,21,14,1,2,1
1,91,991,91,91,91
2,91,991,91,91,91
1,91,991,91,91,91
1,91,991,91,91,91
1,91,991,91,91,91
1,91,991,91,91,91
2,93,17,93,93,93
2,93,21,93,93,93
2,91,991,91,91,91
1,91,991,91,91,91
1,91,991,91,91,91
2,93,17,93,93,93
1,91,991,91,91,91
1,12,16,1,2,1
1,91,991,91,91,91
1,25,14,1,2,1
2,91,991,91,91,91
2,93,16,93,93,93
2,30,12,1,1,2
2,91,991,91,91,91
2,91,991,91,91,91
1,93,18,93,93,93
1,93,20,93,93,93
1,93,35,93,93,93
2,91,991,91,91,91
2,91,991,91,91,91
2,91,991,91,91,91
2,30,25,1,2,2
1,91,991,91,91,91
1,91,991,91,91,91
2,93,18,93,93,93
1,91,991,91,91,91
2,93,18,93,93,93
2,28,14,1,1,2
2,91,991,91,91,91
2,91,991,91,91,91
1,93,18,93,93,93
1,91,991,91,91,91
2,91,991,91,91,91
2,30,15,1,2,2
1,91,991,91,91,91
2,91,991,91,91,91
1,93,21,93,93,93
1,91,991,91,91,91
1,91,991,91,91,91
2,91,991,91,91,91
1,91,991,91,91,91
1,93,19,93,93,93
2,93,16,93,93,93
1,91,991,91,91,91
2,91,991,91,91,91
2,93,15,93,93,93
1,91,991,91,91,91
1,91,991,91,91,91
1,91,991,91,91,91
1,91,991,91,91,91
2,91,991,91,91,91
1,93,18,93,93,93
1,91,991,91,91,91
1,15,15,1,2,2
2,91,991,91,91,91
2,91,991,91,91,91
2,91,991,91,91,91
2,91,991,91,91,91
2,2,20,2,1,1
1,1,15,1,2,2
1,30,997,1,2,2
2,91,991,91,91,91
2,91,991,91,91,91
1,93,21,93,93,93
1,91,991,91,91,91
2,91,991,91,91,91
1,91,991,91,91,91
2,91,991,91,91,91
2,91,991,91,91,91
1,91,991,91,91,91
1,91,991,91,91,91
1,91,991,91,91,91
2,91,991,91,91,91
2,91,991,91,91,91
1,93,17,93,93,93
2,91,991,91,91,91
2,91,991,91,91,91
1,93,20,93,93,93
2,91,991,91,91,91
2,93,26,93,93,93
1,3,13,1,2,2
1,91,991,91,91,91
2,91,991,91,91,91
1,91,991,91,91,91
1,93,21,93,93,93
2,91,991,91,91,91
2,91,991,91,91,91
1,91,991,91,91,91
1,91,991,91,91,91
2,93,15,93,93,93
2,91,991,91,91,91
1,93,13,93,93,93
1,93,21,93,93,93
1,91,991,91,91,91
2,91,991,91,91,91
2,93,21,93,93,93
2,20,15,1,1,2
1,93,13,93,93,93
2,93,14,93,93,93
2,91,991,91,91,91
2,93,18,93,93,93
2,91,991,91,91,91
2,91,991,91,91,91
1,93,15,93,93,93
1,93,17,93,93,93
1,91,991,91,91,91
2,91,991,91,91,91
2,91,991,91,91,91
2,91,991,91,91,91
1,91,991,91,91,91
2,93,19,93,93,93
2,91,991,91,91,91
2,91,991,91,91,91
1,91,991,91,91,91
1,91,991,91,91,91
1,91,991,91,91,91
2,91,991,91,91,91
1,91,991,91,91,91
1,91,991,91,91,91
1,91,991,91,91,91
1,91,991,91,91,91
1,93,18,93,93,93
1,91,991,91,91,91
1,93,18,93,93,93
1,91,991,91,91,91
2,91,991,91,91,91
2,93,18,93,93,93
2,91,991,91,91,91
2,91,991,91,91,91
2,93,21,93,93,93
1,91,991,91,91,91
1,91,991,91,91,91
2,91,991,91,91,91
2,91,991,91,91,91
1,28,14,1,2,2
1,3,25,2,1,1
1,91,991,91,91,91
1,91,991,91,91,91
2,93,19,93,93,93
1,2,19,1,2,2
2,93,18,93,93,93
1,91,991,91,91,91
2,93,14,93,93,93
2,93,17,93,93,93
1,91,991,91,91,91
2,93,14,93,93,93
1,91,991,91,91,91
2,93,18,93,93,93
1,91,991,91,91,91
1,91,991,91,91,91
1,93,12,93,93,93
2,91,991,91,91,91
2,93,18,93,93,93
2,91,991,91,91,91
1,91,991,91,91,91
1,30,40,1,2,2
1,91,991,91,91,91
1,20,24,1,2,2
2,30,12,1,1,2
1,93,14,93,93,93
1,93,21,93,93,93
1,91,991,91,91,91
1,91,991,91,91,91
2,91,991,91,91,91
2,30,16,1,2,1
2,91,991,91,91,91
1,93,18,93,93,93
2,91,991,91,91,91
1,91,991,91,91,91
1,91,991,91,91,91
1,93,16,93,93,93
1,93,23,93,93,93
1,91,991,91,91,91
2,91,991,91,91,91
1,1,22,2,2,1
2,30,14,1,2,2
2,91,991,91,91,91
1,91,991,91,91,91
2,91,991,91,91,91
2,91,991,91,91,91
1,91,991,91,91,91
1,91,991,91,91,91
1,91,991,91,91,91
1,4,15,1,2,2
2,91,991,91,91,91
1,93,17,93,93,93
2,91,991,91,91,91
2,91,991,91,91,91
2,93,18,93,93,93
2,93,15,93,93,93
1,91,991,91,91,91
2,93,17,93,93,93
2,91,991,91,91,91
1,91,991,91,91,91
2,93,19,93,93,93
1,91,991,91,91,91
1,91,991,91,91,91
1,93,13,93,93,93
2,93,20,93,93,93
2,93,18,93,93,93
1,4,19,2,2,1
2,91,991,91,91,91
1,91,991,91,91,91
2,91,991,91,91,91
1,93,15,93,93,93
2,93,16,93,93,93
1,91,991,91,91,91
1,91,991,91,91,91
2,28,18,2,1,2
2,93,25,93,93,93
1,3,23,2,2,1
2,91,991,91,91,91
1,93,22,93,93,93
1,25,12,1,2,1
2,93,13,93,93,93
1,91,991,91,91,91
1,93,19,93,93,93
2,91,991,91,91,91
2,6,12,1,2,1
2,93,17,93,93,93
1,91,991,91,91,91
1,30,16,1,2,2
2,91,991,91,91,91
2,93,20,93,93,93
1,91,991,91,91,91
1,93,994,93,93,93
1,91,991,91,91,91
1,91,991,91,91,91
1,91,991,91,91,91
2,20,17,1,2,2
1,91,991,91,91,91
2,91,991,91,91,91
2,91,991,91,91,91
2,91,991,91,91,91
2,91,991,91,91,91
2,93,18,93,93,93
1,91,991,91,91,91
2,93,17,93,93,93
2,91,991,91,91,91
1,91,991,91,91,91
1,30,15,1,1,2
1,91,991,91,91,91
1,4,21,1,2,2
2,91,991,91,91,91
2,1,21,2,2,2
2,91,991,91,91,91
1,30,12,2,2,2
2,91,991,91,91,91
1,93,30,93,93,93
2,93,14,93,93,93
1,91,991,91,91,91
1,91,991,91,91,91
2,91,991,91,91,91
2,91,991,91,91,91
2,91,991,91,91,91
1,30,20,1,1,2
1,91,991,91,91,91
1,91,991,91,91,91
2,91,991,91,91,91
1,30,19,1,1,1
2,93,13,93,93,93
2,93,16,93,93,93
1,30,19,1,1,1
1,93,17,93,93,93
2,17,14,1,2,2
1,91,991,91,91,91
2,91,991,91,91,91
1,93,15,93,93,93
1,29,16,1,1,2
2,91,991,91,91,91
1,20,21,2,2,1
2,93,22,93,93,93
1,93,18,93,93,93
1,91,991,91,91,91
1,91,991,91,91,91
2,91,991,91,91,91
1,91,991,91,91,91
1,93,18,93,93,93
1,91,991,91,91,91
2,91,991,91,91,91
2,93,22,93,93,93
2,1,16,2,1,2
1,91,991,91,91,91
2,91,991,91,91,91
2,30,15,1,2,2
2,91,991,91,91,91
1,91,991,91,91,91
2,93,20,93,93,93
2,93,16,93,93,93
2,91,991,91,91,91
2,91,991,91,91,91
2,93,21,93,93,93
2,91,991,91,91,91
1,93,17,93,93,93
2,91,991,91,91,91
1,91,991,91,91,91
2,91,991,91,91,91
2,30,15,1,2,1
2,93,20,93,93,93
2,93,26,93,93,93
2,91,991,91,91,91
1,93,20,93,93,93
2,91,991,91,91,91
1,24,16,1,2,1
1,91,991,91,91,91
2,91,991,91,91,91
2,91,991,91,91,91
2,91,991,91,91,91
2,91,991,91,91,91
1,91,991,91,91,91
2,20,20,2,1,1
2,30,12,1,2,2
2,91,991,91,91,91
2,93,15,93,93,93
1,93,22,93,93,93
2,91,991,91,91,91
2,91,991,91,91,91
2,91,991,91,91,91
1,91,991,91,91,91
1,91,991,91,91,91
2,91,991,91,91,91
2,6,16,1,2,2
2,91,991,91,91,91
2,91,991,91,91,91
2,91,991,91,91,91
1,2,18,2,2,1
1,93,12,93,93,93
1,91,991,91,91,91
2,93,14,93,93,93
1,93,20,93,93,93
1,93,17,93,93,93
2,91,991,91,91,91
1,91,991,91,91,91
2,91,991,91,91,91
2,91,991,91,91,91
1,30,17,1,2,2
1,26,10,1,1,2
1,91,991,91,91,91
1,93,27,93,93,93
1,91,991,91,91,91
1,91,991,91,91,91
2,91,991,91,91,91
1,91,991,91,91,91
2,91,991,91,91,91
1,91,991,91,91,91
2,91,991,91,91,91
1,91,991,91,91,91
2,2,42,1,2,2
1,91,991,91,91,91
2,91,991,91,91,91
1,93,21,93,93,93
1,2,16,1,2,2
1,91,991,91,91,91
1,93,18,93,93,93
2,93,16,93,93,93
2,91,991,91,91,91
1,91,991,91,91,91
2,91,991,91,91,91
1,91,991,91,91,91
1,91,991,91,91,91
1,91,991,91,91,91
2,98,985,98,98,98
1,91,991,91,91,91
2,91,991,91,91,91
2,91,991,91,91,91
2,93,19,93,93,93
2,91,991,91,91,91
2,91,991,91,91,91
1,91,991,91,91,91
1,91,991,91,91,91
2,91,991,91,91,91
2,93,20,93,93,93
2,91,991,91,91,91
1,91,991,91,91,91
2,91,991,91,91,91
2,93,27,93,93,93
1,91,991,91,91,91
1,93,19,93,93,93
2,91,991,91,91,91
2,91,991,91,91,91
2,93,21,93,93,93
2,93,18,93,93,93
1,93,16,93,93,93
2,2,16,1,2,2
1,91,991,91,91,91
1,91,991,91,91,91
2,93,17,93,93,93
1,29,17,1,2,2
2,93,43,93,93,93
2,91,991,91,91,91
1,5,13,1,2,2
1,9,25,1,2,2
1,91,991,91,91,91
1,91,991,91,91,91
2,93,16,93,93,93
1,91,991,91,91,91
2,91,991,91,91,91
2,93,20,93,93,93
1,91,991,91,91,91
1,91,991,91,91,91
1,91,991,91,91,91
2,91,991,91,91,91
2,91,991,91,91,91
2,93,25,93,93,93
2,93,21,93,93,93
2,91,991,91,91,91
1,6,16,1,1,1
2,93,17,93,93,93
1,93,15,93,93,93
2,93,16,93,93,93
1,4,13,1,1,2
1,93,16,93,93,93
1,7,13,2,1,2
1,91,991,91,91,91
2,93,22,93,93,93
1,91,991,91,91,91
1,91,991,91,91,91
2,91,991,91,91,91
2,91,991,91,91,91
2,91,991,91,91,91
2,91,991,91,91,91
2,5,17,1,2,2
1,93,18,93,93,93
2,93,19,93,93,93
1,2,12,1,2,2
2,93,24,93,93,93
1,93,18,93,93,93
1,91,991,91,91,91
2,91,991,91,91,91
1,91,991,91,91,91
2,30,14,1,2,2
2,91,991,91,91,91
1,93,31,93,93,93
1,91,991,91,91,91
2,93,22,93,93,93
2,91,991,91,91,91
1,93,14,93,93,93
1,91,991,91,91,91
2,91,991,91,91,91
1,91,991,91,91,91
1,91,991,91,91,91
1,20,19,2,1,1
1,91,991,91,91,91
1,91,991,91,91,91
2,91,991,91,91,91
2,91,991,91,91,91
2,91,991,91,91,91
2,91,991,91,91,91
1,91,991,91,91,91
1,91,991,91,91,91
2,91,991,91,91,91
2,91,991,91,91,91
2,25,17,1,2,2
1,93,21,93,93,93
2,91,991,91,91,91
2,91,991,91,91,91
2,91,991,91,91,91
2,3,14,1,2,2
2,91,991,91,91,91
2,91,991,91,91,91
2,91,991,91,91,91
2,91,991,91,91,91
2,91,991,91,91,91
1,91,991,91,91,91
2,91,991,91,91,91
2,91,991,91,91,91
2,91,991,91,91,91
2,91,991,91,91,91
2,1,9,1,2,2
2,20,994,1,2,2
1,93,18,93,93,93
2,91,991,91,91,91
1,93,25,93,93,93
1,91,991,91,91,91
1,91,991,91,91,91
1,93,18,93,93,93
2,91,991,91,91,91
1,91,991,91,91,91
1,4,17,1,2,1
1,91,991,91,91,91
1,91,991,91,91,91
2,93,16,93,93,93
2,93,18,93,93,93
1,91,991,91,91,91
2,91,991,91,91,91
1,93,18,93,93,93
1,91,991,91,91,91
2,93,13,93,93,93
1,93,26,93,93,93
1,91,991,91,91,91
1,93,15,93,93,93
2,1,15,1,2,2
1,28,17,1,2,1
1,93,20,93,93,93
1,91,991,91,91,91
2,91,991,91,91,91
2,91,991,91,91,91
2,93,21,93,93,93
1,91,991,91,91,91
1,30,18,1,2,2
1,93,12,93,93,93
1,20,25,1,1,1
2,91,991,91,91,91
1,4,21,1,2,2
1,93,18,93,93,93
1,91,991,91,91,91
1,98,21,98,98,98
2,93,11,93,93,93
1,91,991,91,91,91
1,15,15,1,2,2
2,93,14,93,93,93
2,91,991,91,91,91
1,91,991,91,91,91
2,91,991,91,91,91
2,93,19,93,93,93
2,93,19,93,93,93
2,7,12,1,1,2
2,93,40,93,93,93
1,8,14,1,2,1
2,91,991,91,91,91
1,91,991,91,91,91
1,93,18,93,93,93
2,10,18,1,2,2
2,91,991,91,91,91
1,91,991,91,91,91
2,93,14,93,93,93
2,30,16,1,2,2
2,93,18,93,93,93
2,93,16,93,93,93
2,10,24,1,1,2
1,91,991,91,91,91
2,30,18,1,2,2
2,93,21,93,93,93
2,91,991,91,91,91
2,91,991,91,91,91
1,91,991,91,91,91
2,93,14,93,93,93
1,93,16,93,93,93
1,30,8,2,2,2
1,91,991,91,91,91
2,6,13,1,1,2
1,91,991,91,91,91
2,91,991,91,91,91
2,30,16,1,1,1
2,93,17,93,93,93
1,1,15,1,2,2
1,91,991,91,91,91
2,91,991,91,91,91
1,91,991,91,91,91
2,93,20,93,93,93
1,91,991,91,91,91
1,91,991,91,91,91
2,91,991,91,91,91
1,91,991,91,91,91
1,93,21,93,93,93
1,3,13,2,2,1
2,91,991,91,91,91
2,91,991,91,91,91
1,91,991,91,91,91
1,30,32,1,2,2
1,91,991,91,91,91
2,91,991,91,91,91
1,91,991,91,91,91
1,91,991,91,91,91
1,93,17,93,93,93
2,93,27,93,93,93
2,91,991,91,91,91
2,91,991,91,91,91
2,93,15,93,93,93
1,93,16,93,93,93
1,30,18,1,1,2
2,91,991,91,91,91
2,91,991,91,91,91
2,91,991,91,91,91
2,6,13,1,1,2
2,30,27,1,2,2
2,1,15,1,2,2
1,91,991,91,91,91
1,91,991,91,91,91
2,91,991,91,91,91
1,91,991,91,91,91
2,91,991,91,91,91
2,93,17,93,93,93
2,91,991,91,91,91
1,91,991,91,91,91
2,93,18,93,93,93
2,4,17,2,1,2
1,93,20,93,93,93
2,93,20,93,93,93
2,91,991,91,91,91
2,93,14,93,93,93
2,91,991,91,91,91
2,93,15,93,93,93
2,91,991,91,91,91
2,30,15,1,2,2
1,91,991,91,91,91
2,91,991,91,91,91
1,91,991,91,91,91
2,93,18,93,93,93
2,93,50,93,93,93
2,93,16,93,93,93
1,91,991,91,91,91
2,93,17,93,93,93
2,93,18,93,93,93
2,91,991,91,91,91
1,30,34,2,2,2
2,93,18,93,93,93
1,91,991,91,91,91
1,91,991,91,91,91
2,91,991,91,91,91
1,91,991,91,91,91
1,9,17,1,1,2
2,91,991,91,91,91
2,27,14,1,2,2
2,91,991,91,91,91
1,91,991,91,91,91
2,91,991,91,91,91
2,91,991,91,91,91
2,3,18,1,2,1
1,91,991,91,91,91
2,91,991,91,91,91
1,30,12,1,2,2
2,91,991,91,91,91
1,91,991,91,91,91
2,91,991,91,91,91
2,91,991,91,91,91
1,91,991,91,91,91
2,91,991,91,91,91
2,93,16,93,93,93
2,91,991,91,91,91
2,93,16,93,93,93
2,93,15,93,93,93
2,93,18,93,93,93
2,93,25,93,93,93
2,93,18,93,93,93
1,91,991,91,91,91
1,91,991,91,91,91
2,91,991,91,91,91
1,91,991,91,91,91
1,93,26,93,93,93
1,93,22,93,93,93
2,93,19,93,93,93
2,93,18,93,93,93
2,30,18,1,1,1
1,91,991,91,91,91
2,91,991,91,91,91
1,93,21,93,93,93
1,91,991,91,91,91
1,93,16,93,93,93
1,1,22,2,1,2
2,93,19,93,93,93
1,93,17,93,93,93
2,93,21,93,93,93
2,91,991,91,91,91
1,91,991,91,91,91
1,20,16,1,2,2
2,93,16,93,93,93
2,30,18,1,2,2
2,93,19,93,93,93
1,91,991,91,91,91
2,91,991,91,91,91
2,93,16,93,93,93
2,91,991,91,91,91
2,93,32,93,93,93
1,30,12,1,1,1
2,30,14,1,1,2
1,93,19,93,93,93
2,93,37,93,93,93
2,93,18,93,93,93
2,91,991,91,91,91
1,91,991,91,91,91
2,1,16,1,1,1
1,91,991,91,91,91
1,30,13,1,2,2
2,93,18,93,93,93
1,91,991,91,91,91
2,91,991,91,91,91
2,93,22,93,93,93
1,91,991,91,91,91
1,93,12,93,93,93
2,91,991,91,91,91
2,91,991,91,91,91
1,91,991,91,91,91
1,94,18,1,2,2
2,91,991,91,91,91
1,93,15,93,93,93
1,1,13,2,1,2
1,91,991,91,91,91
1,91,991,91,91,91
2,93,13,93,93,93
2,20,19,1,1,2
2,91,991,91,91,91
1,91,991,91,91,91
2,91,991,91,91,91
1,91,991,91,91,91
2,91,991,91,91,91
2,93,15,93,93,93
2,30,16,1,2,2
2,91,991,91,91,91
1,91,991,91,91,91
1,91,991,91,91,91
2,91,991,91,91,91
1,93,18,93,93,93
1,5,16,1,2,1
2,91,991,91,91,91
2,91,991,91,91,91
1,93,25,93,93,93
1,30,16,1,1,2
2,91,991,91,91,91
1,93,12,93,93,93
2,91,991,91,91,91
1,30,16,1,2,2
2,5,14,1,2,2
1,91,991,91,91,91
2,91,991,91,91,91
2,91,991,91,91,91
1,91,991,91,91,91
1,30,12,1,2,2
1,93,17,93,93,93
1,1,16,2,2,1
2,5,16,1,2,1
1,7,22,1,2,2
1,93,18,93,93,93
2,93,25,93,93,93
1,93,15,93,93,93
2,91,991,91,91,91
1,91,991,91,91,91
1,93,15,93,93,93
2,93,15,93,93,93
1,1,994,1,2,2
2,93,17,93,93,93
1,91,991,91,91,91
1,19,3,1,2,2
1,91,991,91,91,91
1,93,18,93,93,93
1,93,15,93,93,93
2,13,16,2,1,2
2,91,991,91,91,91
2,93,16,93,93,93
1,91,991,91,91,91
1,91,991,91,91,91
2,91,991,91,91,91
2,91,991,91,91,91
1,93,26,93,93,93
2,30,15,1,2,1
2,91,991,91,91,91
1,93,18,93,93,93
2,93,28,93,93,93
2,91,991,91,91,91
1,91,991,91,91,91
2,93,14,93,93,93
1,91,991,91,91,91
2,93,19,93,93,93
1,91,991,91,91,91
1,91,991,91,91,91
2,30,18,2,1,1
1,91,991,91,91,91
1,91,991,91,91,91
2,91,991,91,91,91
2,91,991,91,91,91
2,91,991,91,91,91
2,93,17,93,93,93
2,3,14,2,2,1
2,91,991,91,91,91
1,91,991,91,91,91
2,93,17,93,93,93
1,13,16,2,1,1
1,91,991,91,91,91
2,7,12,1,2,2
2,93,18,93,93,93
1,91,991,91,91,91
2,91,991,91,91,91
1,91,991,91,91,91
1,93,20,93,93,93
1,91,991,91,91,91
2,20,16,1,1,2
1,91,991,91,91,91
2,91,991,91,91,91
2,93,13,93,93,93
2,17,12,1,1,2
1,1,20,5,4,4
2,91,991,91,91,91
1,91,991,91,91,91
1,91,991,91,91,91
1,91,991,91,91,91
2,91,991,91,91,91
2,91,991,91,91,91
2,91,991,91,91,91
2,2,13,1,2,2
2,91,991,91,91,91
1,91,991,91,91,91
2,2,16,2,1,2
1,91,991,91,91,91
2,91,991,91,91,91
2,91,991,91,91,91
1,91,991,91,91,91
2,91,991,91,91,91
2,93,15,93,93,93
2,93,13,93,93,93
2,93,16,93,93,93
1,91,991,91,91,91
1,91,991,91,91,91
2,91,991,91,91,91
1,91,991,91,91,91
1,91,991,91,91,91
2,91,991,91,91,91
2,91,991,91,91,91
2,91,991,91,91,91
1,91,991,91,91,91
1,91,991,91,91,91
2,91,991,91,91,91
1,93,13,93,93,93
2,16,14,1,1,2
2,93,16,93,93,93
1,91,991,91,91,91
2,30,14,1,2,2
1,91,991,91,91,91
2,91,991,91,91,91
2,93,20,93,93,93
2,93,9,93,93,93
1,91,991,91,91,91
2,91,991,91,91,91
2,93,18,93,93,93
1,7,15,1,2,2
2,2,18,2,2,1
2,93,32,93,93,93
2,93,12,93,93,93
2,91,991,91,91,91
1,91,991,91,91,91
1,91,991,91,91,91
2,93,14,93,93,93
2,91,991,91,91,91
1,93,25,93,93,93
1,93,30,93,93,93
1,91,991,91,91,91
1,93,19,93,93,93
1,93,15,93,93,93
2,91,991,91,91,91
1,93,18,93,93,93
2,91,991,91,91,91
2,30,13,1,1,2
2,30,16,1,1,2
1,5,15,1,2,2
1,25,15,1,2,1
2,91,991,91,91,91
2,91,991,91,91,91
2,93,19,93,93,93
1,91,991,91,91,91
2,93,19,93,93,93
1,91,991,91,91,91
1,91,991,91,91,91
2,91,991,91,91,91
2,91,991,91,91,91
1,93,15,93,93,93
2,91,991,91,91,91
2,91,991,91,91,91
2,91,991,91,91,91
1,91,991,91,91,91
2,91,991,91,91,91
2,93,15,93,93,93
2,91,991,91,91,91
1,91,991,91,91,91
1,91,991,91,91,91
2,91,991,91,91,91
2,91,991,91,91,91
1,91,991,91,91,91
1,91,991,91,91,91
1,30,16,1,2,2
2,91,991,91,91,91
2,91,991,91,91,91
2,29,16,1,1,1
2,91,991,91,91,91
2,91,991,91,91,91
1,91,991,91,91,91
2,91,991,91,91,91
2,93,18,93,93,93
2,91,991,91,91,91
2,93,27,93,93,93
1,91,991,91,91,91
2,91,991,91,91,91
2,93,11,93,93,93
2,91,991,91,91,91
2,91,991,91,91,91
2,91,991,91,91,91
2,91,991,91,91,91
1,28,13,1,1,1
2,91,991,91,91,91
1,24,17,1,1,2
2,93,21,93,93,93
2,93,17,93,93,93
2,30,9,1,2,2
2,91,991,91,91,91
1,12,20,1,1,1
1,14,10,1,1,2
1,30,9,1,1,2
1,98,13,98,98,98
1,91,991,91,91,91
2,91,991,91,91,91
2,91,991,91,91,91
1,30,16,1,1,2
1,91,991,91,91,91
1,10,17,1,1,1
2,91,991,91,91,91
1,91,991,91,91,91
1,91,991,91,91,91
2,93,13,93,93,93
2,91,991,91,91,91
2,5,16,1,1,2
2,91,991,91,91,91
1,91,991,91,91,91
2,15,28,1,1,2
1,91,991,91,91,91
2,93,22,93,93,93
2,91,991,91,91,91
2,93,16,93,93,93
2,93,18,93,93,93
2,91,991,91,91,91
2,91,991,91,91,91
1,93,30,93,93,93
1,91,991,91,91,91
2,91,991,91,91,91
1,91,991,91,91,91
1,3,16,1,2,1
1,93,13,93,93,93
2,91,991,91,91,91
1,30,15,1,1,2
1,91,991,91,91,91
2,91,991,91,91,91
2,91,991,91,91,91
2,91,991,91,91,91
1,91,991,91,91,91
1,7,15,1,2,2
2,91,991,91,91,91
2,93,17,93,93,93
1,93,16,93,93,93
1,93,13,93,93,93
1,91,991,91,91,91
1,19,14,1,2,2
1,91,991,91,91,91
2,93,19,93,93,93
1,93,20,93,93,93
1,91,991,91,91,91
1,93,17,93,93,93
2,93,13,93,93,93
1,91,991,91,91,91
1,91,991,91,91,91
1,91,991,91,91,91
2,91,991,91,91,91
2,91,991,91,91,91
2,93,17,93,93,93
2,93,16,93,93,93
1,91,991,91,91,91
2,30,16,1,2,2
2,91,991,91,91,91
1,93,12,93,93,93
2,93,19,93,93,93
1,91,991,91,91,91
1,91,991,91,91,91
1,93,19,93,93,93
2,94,12,1,2,2
2,93,20,93,93,93
2,93,13,93,93,93
2,20,21,1,1,2
1,91,991,91,91,91
1,93,15,93,93,93
1,93,14,93,93,93
1,4,15,1,1,2
1,91,991,91,91,91
2,91,991,91,91,91
1,91,991,91,91,91
2,91,991,91,91,91
2,91,991,91,91,91
2,91,991,91,91,91
1,91,991,91,91,91
1,93,16,93,93,93
2,93,19,93,93,93
2,91,991,91,91,91
1,91,991,91,91,91
2,91,991,91,91,91
1,91,991,91,91,91
2,91,991,91,91,91
1,91,991,91,91,91
1,93,18,93,93,93
2,91,991,91,91,91
2,25,23,2,2,1
2,93,18,93,93,93
2,91,991,91,91,91
1,91,991,91,91,91
1,91,991,91,91,91
2,91,991,91,91,91
2,91,991,91,91,91
2,30,14,1,1,1
2,91,991,91,91,91
2,91,991,91,91,91
2,91,991,91,91,91
1,16,17,1,2,2
1,91,991,91,91,91
1,91,991,91,91,91
1,2,18,97,97,97
2,91,991,91,91,91
1,2,25,1,2,2
1,93,16,93,93,93
2,14,13,2,1,2
1,93,27,93,93,93
1,93,16,93,93,93
2,93,18,93,93,93
2,91,991,91,91,91
1,91,991,91,91,91
1,93,19,93,93,93
1,91,991,91,91,91
2,5,25,2,2,2
1,91,991,91,91,91
2,93,18,93,93,93
2,91,991,91,91,91
2,93,18,93,93,93
1,93,16,93,93,93
2,91,991,91,91,91
2,93,18,93,93,93
1,91,991,91,91,91
1,93,40,93,93,93
2,91,991,91,91,91
1,93,30,93,93,93
2,91,991,91,91,91
1,93,19,93,93,93
2,98,998,98,98,98
1,93,13,93,93,93
1,25,18,1,2,1
1,91,991,91,91,91
2,27,13,1,2,2
1,91,991,91,91,91
2,91,991,91,91,91
1,91,991,91,91,91
2,91,991,91,91,91
2,2,22,2,2,1
1,91,991,91,91,91
2,93,20,93,93,93
2,91,991,91,91,91
1,91,991,91,91,91
2,5,13,1,2,1
2,93,57,93,93,93
2,5,12,1,1,1
1,20,22,1,2,1
1,3,20,2,2,1
1,91,991,91,91,91
1,91,991,91,91,91
2,91,991,91,91,91
2,91,991,91,91,91
1,91,991,91,91,91
1,93,18,93,93,93
2,91,991,91,91,91
1,91,991,91,91,91
1,91,991,91,91,91
2,91,991,91,91,91
1,93,22,93,93,93
1,91,991,91,91,91
1,91,991,91,91,91
1,93,16,93,93,93
2,91,991,91,91,91
2,91,991,91,91,91
2,91,991,91,91,91
1,30,16,1,1,2
1,91,991,91,91,91
1,91,991,91,91,91
1,91,991,91,91,91
2,93,18,93,93,93
2,91,991,91,91,91
1,91,991,91,91,91
1,93,15,93,93,93
2,2,17,2,2,1
2,1,47,1,2,2
2,93,16,93,93,93
2,93,18,93,93,93
1,93,15,93,93,93
2,7,13,1,1,2
2,91,991,91,91,91
1,91,991,91,91,91
2,91,991,91,91,91
2,30,15,1,1,2
1,30,15,1,2,1
2,91,991,91,91,91
1,91,991,91,91,91
2,93,28,93,93,93
1,91,991,91,91,91
1,93,16,93,93,93
1,91,991,91,91,91
2,91,991,91,91,91
1,30,13,1,1,1
1,30,16,1,1,2
1,91,991,91,91,91
1,93,68,93,93,93
1,91,991,91,91,91
2,91,991,91,91,91
1,91,991,91,91,91
1,91,991,91,91,91
2,91,991,91,91,91
2,3,16,1,2,2
2,91,991,91,91,91
2,91,991,91,91,91
1,15,16,1,1,1
2,91,991,91,91,91
2,13,22,2,2,1
1,91,991,91,91,91
1,91,991,91,91,91
2,91,991,91,91,91
2,93,15,93,93,93
2,93,15,93,93,93
2,93,14,93,93,93
2,91,991,91,91,91
1,91,991,91,91,91
1,2,37,2,2,1
1,91,991,91,91,91
2,91,991,91,91,91
2,93,25,93,93,93
2,91,991,91,91,91
1,91,991,91,91,91
1,91,991,91,91,91
2,91,991,91,91,91
1,29,19,1,1,2
2,93,15,93,93,93
2,30,20,1,1,1
1,91,991,91,91,91
1,30,14,1,1,2
1,91,991,91,91,91
1,93,17,93,93,93
2,91,991,91,91,91
2,93,11,93,93,93
1,91,991,91,91,91
2,91,991,91,91,91
2,91,991,91,91,91
1,91,991,91,91,91
1,91,991,91,91,91
1,93,16,93,93,93
2,91,991,91,91,91
1,9,18,2,2,2
1,91,991,91,91,91
1,93,19,93,93,93
1,7,16,1,2,2
1,26,18,1,2,2
2,93,17,93,93,93
2,30,18,1,2,2
2,93,14,93,93,93
2,93,14,93,93,93
2,93,20,93,93,93
1,91,991,91,91,91
1,30,14,1,2,1
2,93,16,93,93,93
1,91,991,91,91,91
1,91,991,91,91,91
2,91,991,91,91,91
2,30,24,1,1,2
1,91,991,91,91,91
1,91,991,91,91,91
2,3,18,1,2,1
2,93,17,93,93,93
1,91,991,91,91,91
1,91,991,91,91,91
2,93,14,93,93,93
2,91,991,91,91,91
2,93,30,93,93,93
2,20,15,1,1,1
2,93,16,93,93,93
2,93,20,93,93,93
1,93,15,93,93,93
2,91,991,91,91,91
1,93,15,93,93,93
1,91,991,91,91,91
2,91,991,91,91,91
2,93,35,93,93,93
2,93,22,93,93,93
2,93,15,93,93,93
1,91,991,91,91,91
1,91,991,91,91,91
1,91,991,91,91,91
2,93,21,93,93,93
1,93,16,93,93,93
2,93,34,93,93,93
1,3,9,1,1,2
1,4,18,1,1,1
1,93,13,93,93,93
2,93,16,93,93,93
2,2,15,1,2,2
1,11,15,1,2,2
1,1,15,2,1,2
1,3,21,1,2,2
2,10,16,2,2,1
1,91,991,91,91,91
2,91,991,91,91,91
2,91,991,91,91,91
1,91,991,91,91,91
1,93,25,93,93,93
1,91,991,91,91,91
2,91,991,91,91,91
2,91,991,91,91,91
1,91,991,91,91,91
1,91,991,91,91,91
2,93,15,93,93,93
2,93,24,93,93,93
1,93,17,93,93,93
2,91,991,91,91,91
1,91,991,91,91,91
2,91,991,91,91,91
1,91,991,91,91,91
2,3,16,1,2,2
1,93,19,93,93,93
1,93,16,93,93,93
2,93,18,93,93,93
2,91,991,91,91,91
1,93,994,93,93,93
1,91,991,91,91,91
2,93,18,93,93,93
1,93,20,93,93,93
2,93,21,93,93,93
2,2,16,1,2,1
1,91,991,91,91,91
1,91,991,91,91,91
2,91,991,91,91,91
1,91,991,91,91,91
2,30,16,1,1,2
2,91,991,91,91,91
2,93,29,93,93,93
1,91,991,91,91,91
2,5,16,2,2,1
1,29,18,1,1,2
2,93,16,93,93,93
1,93,16,93,93,93
2,10,19,2,2,1
2,91,991,91,91,91
2,93,26,93,93,93
2,93,22,93,93,93
2,91,991,91,91,91
2,93,17,93,93,93
2,93,18,93,93,93
2,91,991,91,91,91
1,91,991,91,91,91
1,1,14,1,2,2
1,91,991,91,91,91
1,91,991,91,91,91
1,91,991,91,91,91
2,91,991,91,91,91
2,93,14,93,93,93
1,93,34,93,93,93
1,93,67,93,93,93
1,93,18,93,93,93
2,91,991,91,91,91
2,93,18,93,93,93
2,93,16,93,93,93
2,91,991,91,91,91
2,30,15,1,1,2
2,93,22,93,93,93
2,1,16,1,2,2
2,91,991,91,91,91
2,93,20,93,93,93
1,2,16,1,2,2
1,91,991,91,91,91
1,91,991,91,91,91
2,91,991,91,91,91
1,91,991,91,91,91
2,91,991,91,91,91
1,91,991,91,91,91
1,91,991,91,91,91
1,91,991,91,91,91
2,91,991,91,91,91
2,93,15,93,93,93
2,30,26,1,2,2
2,91,991,91,91,91
2,91,991,91,91,91
2,91,991,91,91,91
1,91,991,91,91,91
2,16,18,1,2,1
1,2,18,2,2,1
1,8,16,1,2,2
2,93,12,93,93,93
1,91,991,91,91,91
2,91,991,91,91,91
1,91,991,91,91,91
1,91,991,91,91,91
2,15,19,1,2,1
1,91,991,91,91,91
2,91,991,91,91,91
1,1,40,97,97,97
1,91,991,91,91,91
1,93,13,93,93,93
1,3,17,2,1,1
2,91,991,91,91,91
1,91,991,91,91,91
2,93,14,93,93,93
1,30,13,1,1,2
1,91,991,91,91,91
1,93,14,93,93,93
1,91,991,91,91,91
1,93,19,93,93,93
2,91,991,91,91,91
2,91,991,91,91,91
2,91,991,91,91,91
1,93,15,93,93,93
1,91,991,91,91,91
2,4,20,1,2,2
1,91,991,91,91,91
1,93,16,93,93,93
1,1,16,1,2,2
1,93,18,93,93,93
1,91,991,91,91,91
1,91,991,91,91,91
2,91,991,91,91,91
1,93,25,93,93,93
2,91,991,91,91,91
1,12,18,1,1,1
2,12,16,2,1,2
1,91,991,91,91,91
1,93,18,93,93,93
2,91,991,91,91,91
2,91,991,91,91,91
1,91,991,91,91,91
1,91,991,91,91,91
2,93,25,93,93,93
2,91,991,91,91,91
1,91,991,91,91,91
2,91,991,91,91,91
1,91,991,91,91,91
1,93,20,93,93,93
1,91,991,91,91,91
2,93,16,93,93,93
2,91,991,91,91,91
2,93,22,93,93,93
2,91,991,91,91,91
1,91,991,91,91,91
2,91,991,91,91,91
1,91,991,91,91,91
1,93,14,93,93,93
2,91,991,91,91,91
1,3,15,2,2,1
1,91,991,91,91,91
2,3,9,1,1,2
1,91,991,91,91,91
1,15,16,1,1,1
2,93,12,93,93,93
2,91,991,91,91,91
2,91,991,91,91,91
2,91,991,91,91,91
1,91,991,91,91,91
2,91,991,91,91,91
1,93,16,93,93,93
2,91,991,91,91,91
1,91,991,91,91,91
2,93,20,93,93,93
1,91,991,91,91,91
2,91,991,91,91,91
1,91,991,91,91,91
1,91,991,91,91,91
1,91,991,91,91,91
1,93,16,93,93,93
2,93,14,93,93,93
1,91,991,91,91,91
1,91,991,91,91,91
2,25,16,1,2,1
2,91,991,91,91,91
1,91,991,91,91,91
2,93,16,93,93,93
2,8,35,2,2,1
2,93,22,93,93,93
1,91,991,91,91,91
2,27,15,1,2,1
1,91,991,91,91,91
1,91,991,91,91,91
2,2,15,2,2,2
2,93,19,93,93,93
2,93,15,93,93,93
1,20,16,1,2,2
1,91,991,91,91,91
1,91,991,91,91,91
2,91,991,91,91,91
1,30,7,1,2,2
2,5,16,1,2,2
1,91,991,91,91,91
2,91,991,91,91,91
2,93,14,93,93,93
2,91,991,91,91,91
1,30,17,1,1,2
2,91,991,91,91,91
2,93,18,93,93,93
2,91,991,91,91,91
2,93,18,93,93,93
2,91,991,91,91,91
2,93,16,93,93,93
2,93,15,93,93,93
2,93,25,93,93,93
2,91,991,91,91,91
2,5,15,1,2,1
2,91,991,91,91,91
1,91,991,91,91,91
2,91,991,91,91,91
2,93,15,93,93,93
1,91,991,91,91,91
2,93,21,93,93,93
2,91,991,91,91,91
2,91,991,91,91,91
1,30,14,1,1,1
1,93,29,93,93,93
2,1,12,1,1,1
2,91,991,91,91,91
2,91,991,91,91,91
2,26,9,1,1,2
1,91,991,91,91,91
1,91,991,91,91,91
2,93,55,93,93,93
2,20,16,1,2,1
1,91,991,91,91,91
1,91,991,91,91,91
1,93,16,93,93,93
2,91,991,91,91,91
1,93,28,93,93,93
2,3,21,1,1,1
2,93,16,93,93,93
1,93,17,93,93,93
1,91,991,91,91,91
1,93,18,93,93,93
1,91,991,91,91,91
1,93,18,93,93,93
2,18,14,2,2,1
2,91,991,91,91,91
2,30,17,1,2,2
1,98,998,98,98,98
1,91,991,91,91,91
1,91,991,91,91,91
1,93,12,93,93,93
2,91,991,91,91,91
2,91,991,91,91,91
1,5,16,2,1,2
1,93,16,93,93,93
2,93,20,93,93,93
1,93,16,93,93,93
2,93,20,93,93,93
1,91,991,91,91,91
2,91,991,91,91,91
1,91,991,91,91,91
1,91,991,91,91,91
1,14,14,1,1,2
2,93,18,93,93,93
2,91,991,91,91,91
1,93,21,93,93,93
2,91,991,91,91,91
2,91,991,91,91,91
2,91,991,91,91,91
2,91,991,91,91,91
2,93,14,93,93,93
2,91,991,91,91,91
1,30,16,1,1,2
2,93,15,93,93,93
2,91,991,91,91,91
1,91,991,91,91,91
1,91,991,91,91,91
1,91,991,91,91,91
1,93,20,93,93,93
1,91,991,91,91,91
2,93,16,93,93,93
2,93,15,93,93,93
1,3,15,2,2,2
2,93,18,93,93,93
2,91,991,91,91,91
1,93,13,93,93,93
2,91,991,91,91,91
1,93,20,93,93,93
1,91,991,91,91,91
1,91,991,91,91,91
2,91,991,91,91,91
2,91,991,91,91,91
2,91,991,91,91,91
2,91,991,91,91,91
1,93,14,93,93,93
2,91,991,91,91,91
1,91,991,91,91,91
1,91,991,91,91,91
1,91,991,91,91,91
2,91,991,91,91,91
2,91,991,91,91,91
1,1,38,2,2,1
2,91,991,91,91,91
1,91,991,91,91,91
1,91,991,91,91,91
1,98,14,98,98,98
1,91,991,91,91,91
2,91,991,91,91,91
2,93,19,93,93,93
1,91,991,91,91,91
1,27,15,2,1,2
2,15,15,1,1,1
2,1,20,2,2,1
1,1,23,2,1,2
1,91,991,91,91,91
2,91,991,91,91,91
2,93,17,93,93,93
1,91,991,91,91,91
1,91,991,91,91,91
1,91,991,91,91,91
2,91,991,91,91,91
1,91,991,91,91,91
1,91,991,91,91,91
1,91,991,91,91,91
2,91,991,91,91,91
1,91,991,91,91,91
1,28,16,1,2,2
1,93,18,93,93,93
2,6,21,2,1,1
1,91,991,91,91,91
1,93,15,93,93,93
2,91,991,91,91,91
1,93,37,93,93,93
1,91,991,91,91,91
2,91,991,91,91,91
2,30,14,1,1,1
2,30,13,1,1,2
2,30,12,1,2,2
1,91,991,91,91,91
2,91,991,91,91,91
1,91,991,91,91,91
2,91,991,91,91,91
1,93,13,93,93,93
2,30,17,1,2,2
1,1,20,2,1,2
2,91,991,91,91,91
1,91,991,91,91,91
1,91,991,91,91,91
1,93,15,93,93,93
1,93,21,93,93,93
1,91,991,91,91,91
2,91,991,91,91,91
1,93,20,93,93,93
2,98,998,98,98,98
1,91,991,91,91,91
2,30,15,1,2,2
1,91,991,91,91,91
1,93,18,93,93,93
1,93,17,93,93,93
1,93,18,93,93,93
2,91,991,91,91,91
1,91,991,91,91,91
1,93,20,93,93,93
2,30,15,1,1,1
2,91,991,91,91,91
2,93,25,93,93,93
1,91,991,91,91,91
2,91,991,91,91,91
1,1,20,1,2,2
2,91,991,91,91,91
2,91,991,91,91,91
1,91,991,91,91,91
2,91,991,91,91,91
1,91,991,91,91,91
1,91,991,91,91,91
1,91,991,91,91,91
1,91,991,91,91,91
1,30,18,1,1,2
2,93,18,93,93,93
2,93,19,93,93,93
1,91,991,91,91,91
1,91,991,91,91,91
2,93,16,93,93,93
2,93,16,93,93,93
1,93,21,93,93,93
1,91,991,91,91,91
2,91,991,91,91,91
2,91,991,91,91,91
2,93,20,93,93,93
1,91,991,91,91,91
1,91,991,91,91,91
1,91,991,91,91,91
1,93,14,93,93,93
2,91,991,91,91,91
1,91,991,91,91,91
2,1,17,2,2,1
1,2,17,1,1,2
2,91,991,91,91,91
1,91,991,91,91,91
2,91,991,91,91,91
2,91,991,91,91,91
1,91,991,91,91,91
2,93,13,93,93,93
2,93,20,93,93,93
2,93,15,93,93,93
2,91,991,91,91,91
2,93,17,93,93,93
1,91,991,91,91,91
2,93,22,93,93,93
2,91,991,91,91,91
2,91,991,91,91,91
1,91,991,91,91,91
1,98,15,4,5,4
1,93,17,93,93,93
2,93,16,93,93,93
2,1,13,2,2,1
2,91,991,91,91,91
1,93,13,93,93,93
1,91,991,91,91,91
2,93,16,93,93,93
2,93,65,93,93,93
1,91,991,91,91,91
2,91,991,91,91,91
2,91,991,91,91,91
2,5,15,1,2,2
2,93,16,93,93,93
2,91,991,91,91,91
1,94,14,1,2,2
2,91,991,91,91,91
2,4,16,2,1,2
1,91,991,91,91,91
1,91,991,91,91,91
1,91,991,91,91,91
2,93,19,93,93,93
2,91,991,91,91,91
2,91,991,91,91,91
1,30,16,1,1,2
1,8,24,2,2,1
2,91,991,91,91,91
2,3,12,1,2,2
2,91,991,91,91,91
2,91,991,91,91,91
2,91,991,91,91,91
1,91,991,91,91,91
1,91,991,91,91,91
1,30,20,1,1,2
2,93,20,93,93,93
2,91,991,91,91,91
2,1,40,1,2,2
1,2,19,2,2,1
2,91,991,91,91,91
2,93,18,93,93,93
2,93,22,93,93,93
2,91,991,91,91,91
2,91,991,91,91,91
2,30,14,1,1,1
2,91,991,91,91,91
2,93,15,93,93,93
1,93,25,93,93,93
1,1,12,1,1,2
1,91,991,91,91,91
1,91,991,91,91,91
1,93,13,93,93,93
1,93,14,93,93,93
1,91,991,91,91,91
2,98,17,98,98,98
2,93,21,93,93,93
1,93,20,93,93,93
1,93,15,93,93,93
1,91,991,91,91,91
1,93,20,93,93,93
1,30,38,1,1,1
1,91,991,91,91,91
1,91,991,91,91,91
1,93,16,93,93,93
1,91,991,91,91,91
1,93,21,93,93,93
2,91,991,91,91,91
1,91,991,91,91,91
2,91,991,91,91,91
2,93,18,93,93,93
2,30,20,1,2,2
2,25,14,2,1,1
2,30,15,1,1,2
1,91,991,91,91,91
2,91,991,91,91,91
2,91,991,91,91,91
1,91,991,91,91,91
2,91,991,91,91,91
1,93,25,93,93,93
1,4,45,1,2,2
1,30,13,1,2,2
1,91,991,91,91,91
1,91,991,91,91,91
2,91,991,91,91,91
2,10,17,1,1,2
1,91,991,91,91,91
2,93,20,93,93,93
2,91,991,91,91,91
2,93,16,93,93,93
1,91,991,91,91,91
2,30,18,2,2,1
2,91,991,91,91,91
1,91,991,91,91,91
1,91,991,91,91,91
2,91,991,91,91,91
2,91,991,91,91,91
2,91,991,91,91,91
1,26,17,2,1,1
1,91,991,91,91,91
1,91,991,91,91,91
2,93,20,93,93,93
1,91,991,91,91,91
1,93,14,93,93,93
1,91,991,91,91,91
2,30,15,1,2,1
1,93,21,93,93,93
1,93,18,93,93,93
2,2,18,2,2,1
2,91,991,91,91,91
1,3,16,2,1,1
1,2,19,1,2,1
2,7,16,1,2,2
2,93,16,93,93,93
1,91,991,91,91,91
2,93,18,93,93,93
2,93,16,93,93,93
1,91,991,91,91,91
2,91,991,91,91,91
1,91,991,91,91,91
2,93,13,93,93,93
2,91,991,91,91,91
1,16,18,1,2,1
1,93,16,93,93,93
2,93,17,93,93,93
2,93,17,93,93,93
2,91,991,91,91,91
1,93,20,93,93,93
1,2,14,1,2,2
2,93,20,93,93,93
1,91,991,91,91,91
1,93,24,93,93,93
2,93,35,93,93,93
1,93,17,93,93,93
1,30,15,1,2,2
2,93,20,93,93,93
2,91,991,91,91,91
1,30,15,1,2,1
1,91,991,91,91,91
1,93,15,93,93,93
2,91,991,91,91,91
1,91,991,91,91,91
2,30,18,1,2,2
2,91,991,91,91,91
1,91,991,91,91,91
1,91,991,91,91,91
2,93,12,93,93,93
1,93,15,93,93,93
2,30,16,1,2,1
2,91,991,91,91,91
1,93,17,93,93,93
2,93,19,93,93,93
2,15,14,1,1,1
2,93,18,93,93,93
2,93,31,93,93,93
2,91,991,91,91,91
2,91,991,91,91,91
2,91,991,91,91,91
2,91,991,91,91,91
1,93,12,93,93,93
2,91,991,91,91,91
2,98,19,98,98,98
1,91,991,91,91,91
2,93,14,93,93,93
2,91,991,91,91,91
2,91,991,91,91,91
2,93,20,93,93,93
2,91,991,91,91,91
2,91,991,91,91,91
2,7,13,1,2,2
1,91,991,91,91,91
1,93,13,93,93,93
1,6,10,1,2,2
2,91,991,91,91,91
1,91,991,91,91,91
1,93,14,93,93,93
2,30,17,1,2,2
2,23,2,1,2,1
1,3,15,1,2,1
1,2,10,1,1,2
2,91,991,91,91,91
2,91,991,91,91,91
2,91,991,91,91,91
1,91,991,91,91,91
2,91,991,91,91,91
1,91,991,91,91,91
2,93,28,93,93,93
1,91,991,91,91,91
1,4,14,1,2,2
2,14,16,1,2,2
1,93,18,93,93,93
2,91,991,91,91,91
2,91,991,91,91,91
2,91,991,91,91,91
1,93,14,93,93,93
1,93,24,93,93,93
1,93,18,93,93,93
1,30,14,1,1,2
2,91,991,91,91,91
1,91,991,91,91,91
2,93,18,93,93,93
1,91,991,91,91,91
2,91,991,91,91,91
2,91,991,91,91,91
1,91,991,91,91,91
1,1,24,2,1,2
2,91,991,91,91,91
2,93,12,93,93,93
1,3,14,2,2,1
1,93,16,93,93,93
1,14,12,1,1,2
2,91,991,91,91,91
1,91,991,91,91,91
2,98,985,98,98,98
2,2,15,1,2,1
1,91,991,91,91,91
1,91,991,91,91,91
1,91,991,91,91,91
1,93,17,93,93,93
1,93,17,93,93,93
2,30,30,2,2,1
2,10,13,1,1,2
2,93,62,93,93,93
1,1,36,2,2,2
2,91,991,91,91,91
2,93,16,93,93,93
1,93,18,93,93,93
1,27,21,1,2,2
2,91,991,91,91,91
1,91,991,91,91,91
2,93,21,93,93,93
2,91,991,91,91,91
1,91,991,91,91,91
2,91,991,91,91,91
2,91,991,91,91,91
2,10,16,1,2,2
2,30,17,1,2,2
1,93,25,93,93,93
1,93,13,93,93,93
2,93,19,93,93,93
1,93,16,93,93,93
2,91,991,91,91,91
2,91,991,91,91,91
2,93,25,93,93,93
1,3,19,1,1,2
1,91,991,91,91,91
1,30,9,1,1,1
1,91,991,91,91,91
2,30,12,1,1,2
1,91,991,91,91,91
2,91,991,91,91,91
2,91,991,91,91,91
2,2,14,1,2,2
2,93,16,93,93,93
2,91,991,91,91,91
2,93,17,93,93,93
1,93,14,93,93,93
1,93,16,93,93,93
1,91,991,91,91,91
2,91,991,91,91,91
1,93,25,93,93,93
1,91,991,91,91,91
2,91,991,91,91,91
2,91,991,91,91,91
1,1,16,1,2,2
2,93,15,93,93,93
1,93,20,93,93,93
1,93,15,93,93,93
2,93,23,93,93,93
2,91,991,91,91,91
1,30,14,1,1,1
2,91,991,91,91,91
1,91,991,91,91,91
2,93,12,93,93,93
2,91,991,91,91,91
2,93,19,93,93,93
2,93,19,93,93,93
1,20,17,1,2,2
2,91,991,91,91,91
2,91,991,91,91,91
1,91,991,91,91,91
2,1,31,1,2,2
2,91,991,91,91,91
2,1,19,1,1,2
1,91,991,91,91,91
1,93,20,93,93,93
2,91,991,91,91,91
2,91,991,91,91,91
2,93,15,93,93,93
2,93,18,93,93,93
1,91,991,91,91,91
2,91,991,91,91,91
1,12,16,1,2,2
2,93,17,93,93,93
2,93,14,93,93,93
1,93,15,93,93,93
2,93,27,93,93,93
2,15,18,1,1,1
1,93,20,93,93,93
2,30,19,1,1,2
2,1,14,2,1,2
2,91,991,91,91,91
1,91,991,91,91,91
1,93,15,93,93,93
1,93,14,93,93,93
2,91,991,91,91,91
2,93,18,93,93,93
2,91,991,91,91,91
1,93,24,93,93,93
2,91,991,91,91,91
1,93,16,93,93,93
1,93,22,93,93,93
2,93,16,93,93,93
1,93,18,93,93,93
1,93,23,93,93,93
2,91,991,91,91,91
1,91,991,91,91,91
2,91,991,91,91,91
1,91,991,91,91,91
2,93,17,93,93,93
2,91,991,91,91,91
2,93,17,93,93,93
2,91,991,91,91,91
1,91,991,91,91,91
2,91,991,91,91,91
1,91,991,91,91,91
2,93,23,93,93,93
2,25,12,1,2,1
2,7,14,1,2,1
1,20,15,1,1,1
2,93,19,93,93,93
2,93,20,93,93,93
2,93,18,93,93,93
1,91,991,91,91,91
2,91,991,91,91,91
2,91,991,91,91,91
2,91,991,91,91,91
2,91,991,91,91,91
1,91,991,91,91,91
1,93,18,93,93,93
1,91,991,91,91,91
1,93,16,93,93,93
2,91,991,91,91,91
1,93,16,93,93,93
2,93,15,93,93,93
1,91,991,91,91,91
2,93,22,93,93,93
1,91,991,91,91,91
1,91,991,91,91,91
1,93,16,93,93,93
1,1,8,1,2,2
2,91,991,91,91,91
2,91,991,91,91,91
1,91,991,91,91,91
2,25,16,2,1,2
1,91,991,91,91,91
2,93,16,93,93,93
2,93,40,93,93,93
1,91,991,91,91,91
1,12,20,2,2,2
2,91,991,91,91,91
1,3,13,1,1,2
2,93,20,93,93,93
2,91,991,91,91,91
2,93,12,93,93,93
2,91,991,91,91,91
1,91,991,91,91,91
2,91,991,91,91,91
2,91,991,91,91,91
2,93,19,93,93,93
2,93,15,93,93,93
1,20,18,1,2,2
1,91,991,91,91,91
2,93,20,93,93,93
2,30,15,1,2,2
1,4,16,1,1,2
1,20,13,1,2,2
1,91,991,91,91,91
2,91,991,91,91,91
2,93,18,93,93,93
1,91,991,91,91,91
2,93,10,93,93,93
1,25,20,2,1,1
1,91,991,91,91,91
1,91,991,91,91,91
1,30,7,1,1,2
2,93,14,93,93,93
2,91,991,91,91,91
2,91,991,91,91,91
2,91,991,91,91,91
1,5,16,1,2,2
2,93,22,93,93,93
2,91,991,91,91,91
1,93,21,93,93,93
2,93,21,93,93,93
1,93,13,93,93,93
1,93,18,93,93,93
1,93,20,93,93,93
2,93,20,93,93,93
2,93,18,93,93,93
2,93,17,93,93,93
1,91,991,91,91,91
1,91,991,91,91,91
1,30,18,1,1,1
2,93,16,93,93,93
2,3,33,1,2,1
2,93,16,93,93,93
2,91,991,91,91,91
2,93,16,93,93,93
1,4,19,1,2,2
1,91,991,91,91,91
1,91,991,91,91,91
2,91,991,91,91,91
1,91,991,91,91,91
2,91,991,91,91,91
2,91,991,91,91,91
2,91,991,91,91,91
2,91,991,91,91,91
1,91,991,91,91,91
2,91,991,91,91,91
2,91,991,91,91,91
1,91,991,91,91,91
2,91,991,91,91,91
1,91,991,91,91,91
2,93,12,93,93,93
2,91,991,91,91,91
1,30,19,1,2,2
1,93,24,93,93,93
2,2,18,1,1,1
2,93,15,93,93,93
1,93,13,93,93,93
2,93,22,93,93,93
1,93,17,93,93,93
1,91,991,91,91,91
2,93,20,93,93,93
1,93,18,93,93,93
1,10,14,2,1,2
2,93,18,93,93,93
1,91,991,91,91,91
2,91,991,91,91,91
1,91,991,91,91,91
2,91,991,91,91,91
2,93,17,93,93,93
2,93,15,93,93,93
2,91,991,91,91,91
1,91,991,91,91,91
1,91,991,91,91,91
2,91,991,91,91,91
1,93,22,93,93,93
2,91,991,91,91,91
2,93,16,93,93,93
1,91,991,91,91,91
2,5,16,1,1,2
1,93,19,93,93,93
2,11,13,1,2,2
2,93,15,93,93,93
2,91,991,91,91,91
1,91,991,91,91,91
1,91,991,91,91,91
2,93,26,93,93,93
1,91,991,91,91,91
2,91,991,91,91,91
2,4,12,1,2,2
2,93,15,93,93,93
2,30,16,1,1,1
1,91,991,91,91,91
2,15,35,2,2,1
1,91,991,91,91,91
2,91,991,91,91,91
2,91,991,91,91,91
1,93,17,93,93,93
2,91,991,91,91,91
2,91,991,91,91,91
1,91,991,91,91,91
1,93,21,93,93,93
1,91,991,91,91,91
2,91,991,91,91,91
1,91,991,91,91,91
2,5,32,2,2,1
1,91,991,91,91,91
1,91,991,91,91,91
2,93,20,93,93,93
2,91,991,91,91,91
2,93,22,93,93,93
2,1,32,2,2,1
2,93,14,93,93,93
2,93,37,93,93,93
2,3,21,1,1,2
2,91,991,91,91,91
2,91,991,91,91,91
2,91,991,91,91,91
2,91,991,91,91,91
1,91,991,91,91,91
2,93,19,93,93,93
1,91,991,91,91,91
1,30,5,1,2,2
1,1,38,2,1,2
2,91,991,91,91,91
2,91,991,91,91,91
2,7,14,1,1,1
2,93,10,93,93,93
1,93,18,93,93,93
2,91,991,91,91,91
2,30,18,1,2,2
1,91,991,91,91,91
2,3,19,1,2,2
2,91,991,91,91,91
1,91,991,91,91,91
2,91,991,91,91,91
2,2,17,2,1,2
2,91,991,91,91,91
1,91,991,91,91,91
2,91,991,91,91,91
2,93,16,93,93,93
1,91,991,91,91,91
1,91,991,91,91,91
2,1,21,2,1,2
2,91,991,91,91,91
1,91,991,91,91,91
1,91,991,91,91,91
1,91,991,91,91,91
2,93,12,93,93,93
2,91,991,91,91,91
2,91,991,91,91,91
1,91,991,91,91,91
2,91,991,91,91,91
2,91,991,91,91,91
2,91,991,91,91,91
2,91,991,91,91,91
1,29,15,1,1,1
1,93,13,93,93,93
2,91,991,91,91,91
1,91,991,91,91,91
1,91,991,91,91,91
2,91,991,91,91,91
2,91,991,91,91,91
2,93,6,93,93,93
1,91,991,91,91,91
1,91,991,91,91,91
2,30,13,1,2,2
2,91,991,91,91,91
1,25,12,1,2,2
2,91,991,91,91,91
2,91,991,91,91,91
2,91,991,91,91,91
1,93,21,93,93,93
2,91,991,91,91,91
1,93,34,93,93,93
1,91,991,91,91,91
1,93,14,93,93,93
1,91,991,91,91,91
2,91,991,91,91,91
2,4,17,1,2,2
1,91,991,91,91,91
2,91,991,91,91,91
1,91,991,91,91,91
1,93,24,93,93,93
2,91,991,91,91,91
2,7,13,1,2,2
1,91,991,91,91,91
1,30,15,1,1,1
2,8,14,1,2,1
2,91,991,91,91,91
1,93,16,93,93,93
2,98,994,98,98,98
2,91,991,91,91,91
1,91,991,91,91,91
2,91,991,91,91,91
1,91,991,91,91,91
1,7,20,1,2,2
2,93,18,93,93,93
1,30,14,1,1,2
1,91,991,91,91,91
2,93,14,93,93,93
1,93,19,93,93,93
1,30,14,1,1,1
1,91,991,91,91,91
2,91,991,91,91,91
2,91,991,91,91,91
1,93,16,93,93,93
1,93,16,93,93,93
2,91,991,91,91,91
2,93,25,93,93,93
1,93,18,93,93,93
2,91,991,91,91,91
1,91,991,91,91,91
2,30,15,1,2,2
1,91,991,91,91,91
2,93,15,93,93,93
1,91,991,91,91,91
1,93,20,93,93,93
1,91,991,91,91,91
2,91,991,91,91,91
2,20,13,1,1,1
2,91,991,91,91,91
2,91,991,91,91,91
1,91,991,91,91,91
1,93,8,93,93,93
2,91,991,91,91,91
1,30,12,1,2,2
2,93,17,93,93,93
2,91,991,91,91,91
1,91,991,91,91,91
1,93,10,93,93,93
2,91,991,91,91,91
1,93,17,93,93,93
2,6,16,1,2,2
2,91,991,91,91,91
2,93,18,93,93,93
2,93,40,93,93,93
2,93,17,93,93,93
1,91,991,91,91,91
2,93,14,93,93,93
1,91,991,91,91,91
1,91,991,91,91,91
2,91,991,91,91,91
1,93,16,93,93,93
2,91,991,91,91,91
1,2,20,1,2,2
1,93,15,93,93,93
2,91,991,91,91,91
1,93,28,93,93,93
2,8,14,2,2,1
1,91,991,91,91,91
1,91,991,91,91,91
1,93,16,93,93,93
1,91,991,91,91,91
1,91,991,91,91,91
1,91,991,91,91,91
1,93,19,93,93,93
2,91,991,91,91,91
2,91,991,91,91,91
2,93,13,93,93,93
2,91,991,91,91,91
1,93,21,93,93,93
2,93,15,93,93,93
1,91,991,91,91,91
1,91,991,91,91,91
2,93,18,93,93,93
1,30,13,1,2,2
2,28,21,1,1,2
2,91,991,91,91,91
1,91,991,91,91,91
1,93,18,93,93,93
2,16,17,1,1,1
1,91,991,91,91,91
1,91,991,91,91,91
2,91,991,91,91,91
2,93,16,93,93,93
2,93,19,93,93,93
2,93,21,93,93,93
2,91,991,91,91,91
2,91,991,91,91,91
1,91,991,91,91,91
1,91,991,91,91,91
2,93,23,93,93,93
2,91,991,91,91,91
1,93,21,93,93,93
1,91,991,91,91,91
2,93,36,93,93,93
1,1,15,1,2,2
2,91,991,91,91,91
1,93,22,93,93,93
1,93,16,93,93,93
1,29,18,1,1,1
1,30,14,1,1,2
1,91,991,91,91,91
2,93,13,93,93,93
2,91,991,91,91,91
2,93,15,93,93,93
2,93,17,93,93,93
1,93,15,93,93,93
1,91,991,91,91,91
2,91,991,91,91,91
2,91,991,91,91,91
1,91,991,91,91,91
2,91,991,91,91,91
2,91,991,91,91,91
2,91,991,91,91,91
1,93,13,93,93,93
1,91,991,91,91,91
2,4,67,2,1,2
2,30,13,1,2,2
2,91,991,91,91,91
1,93,30,93,93,93
1,91,991,91,91,91
1,93,20,93,93,93
1,30,15,1,1,1
2,30,12,1,1,2
1,91,991,91,91,91
2,91,991,91,91,91
1,93,15,93,93,93
2,91,991,91,91,91
1,91,991,91,91,91
2,91,991,91,91,91
1,91,991,91,91,91
1,91,991,91,91,91
2,98,985,98,98,98
2,91,991,91,91,91
2,91,991,91,91,91
2,91,991,91,91,91
2,93,17,93,93,93
2,93,45,93,93,93
1,91,991,91,91,91
2,91,991,91,91,91
1,91,991,91,91,91
2,91,991,91,91,91
2,91,991,91,91,91
2,93,25,93,93,93
1,91,991,91,91,91
1,93,17,93,93,93
2,93,15,93,93,93
1,91,991,91,91,91
1,91,991,91,91,91
1,91,991,91,91,91
2,30,15,1,2,2
1,93,994,93,93,93
2,93,13,93,93,93
1,91,991,91,91,91
2,93,19,93,93,93
2,93,27,93,93,93
1,98,16,98,98,98
2,91,991,91,91,91
1,91,991,91,91,91
2,91,991,91,91,91
1,30,14,1,1,2
2,91,991,91,91,91
2,93,19,93,93,93
1,91,991,91,91,91
2,91,991,91,91,91
1,91,991,91,91,91
2,15,18,1,2,2
2,91,991,91,91,91
1,91,991,91,91,91
1,93,18,93,93,93
1,20,17,1,2,1
1,91,991,91,91,91
2,91,991,91,91,91
1,91,991,91,91,91
1,91,991,91,91,91
2,91,991,91,91,91
1,91,991,91,91,91
2,93,19,93,93,93
1,91,991,91,91,91
2,91,991,91,91,91
1,93,17,93,93,93
2,91,991,91,91,91
1,91,991,91,91,91
2,91,991,91,91,91
1,91,991,91,91,91
1,91,991,91,91,91
2,91,991,91,91,91
2,91,991,91,91,91
2,93,55,93,93,93
2,91,991,91,91,91
2,20,13,2,1,1
1,93,22,93,93,93
1,2,18,2,1,2
2,2,20,1,2,1
1,93,21,93,93,93
1,91,991,91,91,91
1,91,991,91,91,91
1,91,991,91,91,91
1,1,23,2,1,2
2,2,21,2,2,1
1,91,991,91,91,91
2,93,20,93,93,93
2,91,991,91,91,91
2,93,22,93,93,93
2,93,21,93,93,93
2,91,991,91,91,91
2,93,10,93,93,93
2,93,994,93,93,93
2,93,30,93,93,93
2,91,991,91,91,91
1,93,15,93,93,93
1,93,23,93,93,93
1,93,17,93,93,93
2,93,22,93,93,93
1,91,991,91,91,91
1,91,991,91,91,91
2,93,28,93,93,93
1,91,991,91,91,91
1,91,991,91,91,91
2,91,991,91,91,91
2,91,991,91,91,91
1,91,991,91,91,91
1,91,991,91,91,91
1,93,15,93,93,93
1,93,18,93,93,93
2,91,991,91,91,91
1,91,991,91,91,91
2,30,13,1,2,2
1,91,991,91,91,91
2,91,991,91,91,91
2,91,991,91,91,91
2,93,16,93,93,93
2,93,18,93,93,93
2,93,17,93,93,93
2,93,20,93,93,93
2,2,16,2,1,2
2,30,20,1,1,1
2,91,991,91,91,91
1,93,18,93,93,93
1,91,991,91,91,91
2,30,18,1,2,2
1,91,991,91,91,91
2,93,21,93,93,93
2,91,991,91,91,91
2,30,14,1,2,2
1,24,17,1,1,1
1,91,991,91,91,91
1,93,15,93,93,93
2,91,991,91,91,91
1,98,14,98,98,98
1,93,15,93,93,93
1,91,991,91,91,91
1,93,23,93,93,93
2,91,991,91,91,91
2,91,991,91,91,91
1,91,991,91,91,91
2,91,991,91,91,91
1,91,991,91,91,91
2,91,991,91,91,91
2,5,18,1,2,2
2,91,991,91,91,91
1,1,29,2,2,1
2,91,991,91,91,91
2,91,991,91,91,91
2,93,17,93,93,93
1,93,25,93,93,93
1,91,991,91,91,91
2,93,22,93,93,93
1,91,991,91,91,91
2,93,18,93,93,93
1,91,991,91,91,91
1,91,991,91,91,91
1,93,15,93,93,93
2,93,15,93,93,93
2,91,991,91,91,91
2,93,15,93,93,93
1,91,991,91,91,91
1,91,991,91,91,91
2,30,21,2,2,2
2,91,991,91,91,91
2,91,991,91,91,91
1,93,18,93,93,93
2,91,991,91,91,91
1,91,991,91,91,91
1,93,16,93,93,93
2,5,14,1,1,1
2,91,991,91,91,91
1,93,14,93,93,93
2,91,991,91,91,91
1,25,18,1,2,2
1,91,991,91,91,91
2,13,18,2,1,2
1,91,991,91,91,91
2,93,18,93,93,93
1,91,991,91,91,91
1,91,991,91,91,91
2,93,42,93,93,93
2,91,991,91,91,91
2,93,16,93,93,93
2,93,15,93,93,93
2,93,15,93,93,93
2,91,991,91,91,91
1,93,22,93,93,93
1,91,991,91,91,91
2,91,991,91,91,91
2,91,991,91,91,91
2,91,991,91,91,91
1,91,991,91,91,91
2,91,991,91,91,91
1,91,991,91,91,91
2,91,991,91,91,91
1,91,991,91,91,91
2,93,15,93,93,93
1,91,991,91,91,91
2,93,30,93,93,93
1,93,14,93,93,93
1,91,991,91,91,91
2,93,25,93,93,93
1,91,991,91,91,91
1,93,16,93,93,93
2,93,16,93,93,93
1,91,991,91,91,91
1,20,13,1,2,2
2,91,991,91,91,91
1,93,15,93,93,93
2,91,991,91,91,91
1,4,58,2,1,1
1,91,991,91,91,91
1,91,991,91,91,91
2,93,18,93,93,93
1,3,18,1,2,2
2,93,13,93,93,93
2,93,16,93,93,93
2,93,18,93,93,93
2,2,18,2,2,2
2,93,22,93,93,93
2,91,991,91,91,91
2,91,991,91,91,91
2,91,991,91,91,91
1,3,17,1,1,1
1,91,991,91,91,91
1,91,991,91,91,91
1,93,25,93,93,93
2,91,991,91,91,91
2,91,991,91,91,91
2,91,991,91,91,91
2,91,991,91,91,91
1,91,991,91,91,91
2,91,991,91,91,91
2,91,991,91,91,91
2,91,991,91,91,91
1,91,991,91,91,91
1,93,18,93,93,93
2,93,15,93,93,93
1,91,991,91,91,91
2,91,991,91,91,91
2,93,15,93,93,93
1,93,21,93,93,93
1,91,991,91,91,91
1,93,16,93,93,93
1,91,991,91,91,91
1,25,15,1,2,1
2,91,991,91,91,91
2,91,991,91,91,91
1,28,19,1,2,1
2,30,16,1,2,2
1,30,7,1,2,1
2,91,991,91,91,91
2,93,17,93,93,93
2,91,991,91,91,91
1,30,15,1,2,2
1,93,16,93,93,93
1,93,25,93,93,93
1,91,991,91,91,91
2,91,991,91,91,91
1,91,991,91,91,91
1,93,19,93,93,93
2,91,991,91,91,91
2,91,991,91,91,91
1,93,21,93,93,93
1,93,18,93,93,93
1,91,991,91,91,91
2,91,991,91,91,91
1,30,18,1,1,1
2,93,18,93,93,93
2,93,15,93,93,93
1,91,991,91,91,91
2,91,991,91,91,91
2,20,16,1,1,2
2,91,991,91,91,91
1,20,14,1,2,2
2,91,991,91,91,91
1,93,25,93,93,93
1,15,16,1,2,2
1,93,19,93,93,93
2,3,21,2,1,2
2,1,19,2,1,2
2,91,991,91,91,91
1,91,991,91,91,91
1,91,991,91,91,91
1,30,13,1,2,2
2,91,991,91,91,91
2,30,12,1,1,1
1,91,991,91,91,91
1,91,991,91,91,91
1,91,991,91,91,91
2,91,991,91,91,91
2,93,14,93,93,93
2,91,991,91,91,91
1,91,991,91,91,91
2,91,991,91,91,91
1,93,19,93,93,93
2,91,991,91,91,91
2,91,991,91,91,91
2,91,991,91,91,91
1,91,991,91,91,91
2,30,17,1,1,1
1,93,15,93,93,93
1,93,16,93,93,93
1,93,14,93,93,93
2,93,12,93,93,93
2,20,18,1,1,1
2,15,12,1,2,2
1,91,991,91,91,91
2,91,991,91,91,91
2,30,18,1,2,2
2,91,991,91,91,91
2,91,991,91,91,91
1,91,991,91,91,91
2,91,991,91,91,91
1,91,991,91,91,91
2,93,18,93,93,93
2,5,14,1,2,1
1,20,15,1,2,2
2,91,991,91,91,91
1,93,17,93,93,93
1,91,991,91,91,91
1,93,18,93,93,93
2,93,12,93,93,93
1,23,16,1,1,2
2,4,16,1,2,2
1,91,991,91,91,91
1,93,13,93,93,93
2,1,21,1,2,2
2,93,15,93,93,93
1,91,991,91,91,91
2,93,14,93,93,93
1,91,991,91,91,91
2,91,991,91,91,91
2,93,18,93,93,93
1,93,17,93,93,93
2,91,991,91,91,91
2,93,16,93,93,93
1,91,991,91,91,91
2,91,991,91,91,91
2,93,12,93,93,93
1,91,991,91,91,91
1,93,22,93,93,93
1,91,991,91,91,91
2,91,991,91,91,91
2,91,991,91,91,91
1,91,991,91,91,91
2,91,991,91,91,91
1,93,14,93,93,93
2,91,991,91,91,91
1,91,991,91,91,91
2,91,991,91,91,91
2,91,991,91,91,91
2,91,991,91,91,91
1,91,991,91,91,91
2,93,16,93,93,93
1,91,991,91,91,91
2,93,16,93,93,93
1,93,16,93,93,93
2,91,991,91,91,91
1,93,17,93,93,93
1,93,30,93,93,93
2,91,991,91,91,91
1,91,991,91,91,91
1,93,17,93,93,93
2,93,16,93,93,93
2,93,30,93,93,93
1,91,991,91,91,91
1,93,18,93,93,93
1,91,991,91,91,91
2,93,16,93,93,93
2,30,14,1,2,1
1,91,991,91,91,91
1,30,16,1,1,1
1,1,14,2,2,1
2,91,991,91,91,91
2,93,21,93,93,93
1,91,991,91,91,91
1,91,991,91,91,91
1,93,21,93,93,93
1,30,16,1,2,2
2,93,14,93,93,93
1,93,20,93,93,93
1,91,991,91,91,91
2,93,16,93,93,93
2,5,21,1,2,1
1,93,18,93,93,93
1,98,14,98,98,98
1,91,991,91,91,91
2,93,29,93,93,93
1,91,991,91,91,91
2,91,991,91,91,91
2,2,18,2,1,2
1,91,991,91,91,91
1,8,19,2,1,2
1,91,991,91,91,91
2,93,16,93,93,93
1,91,991,91,91,91
1,91,991,91,91,91
2,93,22,93,93,93
1,91,991,91,91,91
1,93,15,93,93,93
2,93,16,93,93,93
1,91,991,91,91,91
1,91,991,91,91,91
2,25,14,1,1,2
2,91,991,91,91,91
2,91,991,91,91,91
2,30,12,1,2,2
2,91,991,91,91,91
1,91,991,91,91,91
2,91,991,91,91,91
2,91,991,91,91,91
2,91,991,91,91,91
2,93,14,93,93,93
2,91,991,91,91,91
2,91,991,91,91,91
2,91,991,91,91,91
2,91,991,91,91,91
2,91,991,91,91,91
2,3,18,2,1,2
2,91,991,91,91,91
2,93,10,93,93,93
1,30,18,2,1,1
2,93,25,93,93,93
1,91,991,91,91,91
2,91,991,91,91,91
2,91,991,91,91,91
2,93,16,93,93,93
1,91,991,91,91,91
1,91,991,91,91,91
1,91,991,91,91,91
1,97,13,1,1,2
1,3,14,2,2,2
1,93,11,93,93,93
2,91,991,91,91,91
1,93,20,93,93,93
2,93,20,93,93,93
2,91,991,91,91,91
2,91,991,91,91,91
2,91,991,91,91,91
2,93,18,93,93,93
2,91,991,91,91,91
2,93,15,93,93,93
1,4,19,2,1,2
2,93,17,93,93,93
2,91,991,91,91,91
2,91,991,91,91,91
1,91,991,91,91,91
1,91,991,91,91,91
2,12,14,1,2,1
2,91,991,91,91,91
2,91,991,91,91,91
1,91,991,91,91,91
2,93,15,93,93,93
1,93,16,93,93,93
2,91,991,91,91,91
1,91,991,91,91,91
1,3,18,1,1,2
1,91,991,91,91,91
2,93,18,93,93,93
2,91,991,91,91,91
2,91,991,91,91,91
1,30,25,1,2,2
1,91,991,91,91,91
2,91,991,91,91,91
1,91,991,91,91,91
1,93,18,93,93,93
1,91,991,91,91,91
2,93,12,93,93,93
1,93,21,93,93,93
2,91,991,91,91,91
2,91,991,91,91,91
2,91,991,91,91,91
2,93,19,93,93,93
2,91,991,91,91,91
1,28,19,1,1,2
1,91,991,91,91,91
2,91,991,91,91,91
1,93,18,93,93,93
1,91,991,91,91,91
1,93,18,93,93,93
1,93,16,93,93,93
1,91,991,91,91,91
1,12,12,1,2,2
1,91,991,91,91,91
2,18,15,1,1,1
2,91,991,91,91,91
1,93,19,93,93,93
1,93,16,93,93,93
2,91,991,91,91,91
1,10,11,1,1,2
2,91,991,91,91,91
1,93,16,93,93,93
2,91,991,91,91,91
2,91,991,91,91,91
2,12,994,2,2,1
2,91,991,91,91,91
1,91,991,91,91,91
1,93,35,93,93,93
2,91,991,91,91,91
1,91,991,91,91,91
2,91,991,91,91,91
2,91,991,91,91,91
1,93,18,93,93,93
1,91,991,91,91,91
2,91,991,91,91,91
1,2,18,2,2,1
2,91,991,91,91,91
2,1,20,2,2,1
2,91,991,91,91,91
1,91,991,91,91,91
2,7,18,1,2,1
1,15,18,1,2,2
1,93,15,93,93,93
2,93,18,93,93,93
1,93,18,93,93,93
1,91,991,91,91,91
2,91,991,91,91,91
2,91,991,91,91,91
2,91,991,91,91,91
1,91,991,91,91,91
1,2,15,1,2,1
2,20,16,1,2,1
2,93,17,93,93,93
1,91,991,91,91,91
2,93,19,93,93,93
2,91,991,91,91,91
2,91,991,91,91,91
2,93,15,93,93,93
2,91,991,91,91,91
1,91,991,91,91,91
2,91,991,91,91,91
2,91,991,91,91,91
2,91,991,91,91,91
1,91,991,91,91,91
2,91,991,91,91,91
2,93,28,93,93,93
2,93,30,93,93,93
2,93,28,93,93,93
2,91,991,91,91,91
2,91,991,91,91,91
2,91,991,91,91,91
1,14,12,1,2,1
2,91,991,91,91,91
1,25,15,1,1,2
2,91,991,91,91,91
2,91,991,91,91,91
2,91,991,91,91,91
1,91,991,91,91,91
1,93,16,93,93,93
1,93,15,93,93,93
2,91,991,91,91,91
2,91,991,91,91,91
1,93,17,93,93,93
2,30,12,1,2,2
1,93,21,93,93,93
2,91,991,91,91,91
1,93,12,93,93,93
1,93,18,93,93,93
2,91,991,91,91,91
2,91,991,91,91,91
1,91,991,91,91,91
2,30,12,1,1,1
1,91,991,91,91,91
2,91,991,91,91,91
2,91,991,91,91,91
2,93,15,93,93,93
2,28,21,1,2,2
1,30,21,1,1,1
1,91,991,91,91,91
2,93,15,93,93,93
2,93,22,93,93,93
1,91,991,91,91,91
2,91,991,91,91,91
2,93,16,93,93,93
2,91,991,91,91,91
1,91,991,91,91,91
2,91,991,91,91,91
1,93,19,93,93,93
1,91,991,91,91,91
1,91,991,91,91,91
2,10,18,2,1,2
2,91,991,91,91,91
1,93,15,93,93,93
2,91,991,91,91,91
1,30,5,1,1,1
1,93,20,93,93,93
2,91,991,91,91,91
2,28,14,2,1,1
2,93,19,93,93,93
1,91,991,91,91,91
1,91,991,91,91,91
1,25,20,1,2,2
1,26,13,1,2,2
2,93,45,93,93,93
2,93,18,93,93,93
1,2,14,2,1,2
2,2,15,1,1,2
2,93,18,93,93,93
1,91,991,91,91,91
1,1,17,1,2,1
1,1,15,1,2,2
1,91,991,91,91,91
1,1,15,1,1,2
2,93,20,93,93,93
1,91,991,91,91,91
1,93,22,93,93,93
1,91,991,91,91,91
2,93,25,93,93,93
1,91,991,91,91,91
2,26,17,1,1,2
1,93,22,93,93,93
1,3,16,2,1,1
2,91,991,91,91,91
1,20,17,1,1,1
1,91,991,91,91,91
2,1,14,1,1,2
1,4,18,1,1,2
2,93,16,93,93,93
2,91,991,91,91,91
1,91,991,91,91,91
1,93,23,93,93,93
1,91,991,91,91,91
1,93,19,93,93,93
1,91,991,91,91,91
1,93,22,93,93,93
2,91,991,91,91,91
1,93,18,93,93,93
1,91,991,91,91,91
2,93,22,93,93,93
2,91,991,91,91,91
1,91,991,91,91,91
2,91,991,91,91,91
2,91,991,91,91,91
1,91,991,91,91,91
1,93,16,93,93,93
1,4,15,1,2,2
2,91,991,91,91,91
1,93,21,93,93,93
1,93,16,93,93,93
1,91,991,91,91,91
1,91,991,91,91,91
1,91,991,91,91,91
2,25,13,1,2,1
2,93,12,93,93,93
2,93,13,93,93,93
1,93,14,93,93,93
1,25,20,1,1,1
2,30,19,1,2,2
2,3,12,1,1,2
2,91,991,91,91,91
2,93,15,93,93,93
1,93,25,93,93,93
1,91,991,91,91,91
1,93,15,93,93,93
2,91,991,91,91,91
1,93,35,93,93,93
1,1,17,1,2,2
1,93,20,93,93,93
1,91,991,91,91,91
1,25,17,1,1,1
2,93,25,93,93,93
2,91,991,91,91,91
1,91,991,91,91,91
1,7,18,1,2,2
1,91,991,91,91,91
2,91,991,91,91,91
2,91,991,91,91,91
1,4,18,1,2,2
2,10,19,1,2,2
1,91,991,91,91,91
1,1,23,2,2,1
2,91,991,91,91,91
1,91,991,91,91,91
2,93,28,93,93,93
1,93,27,93,93,93
2,93,14,93,93,93
1,91,991,91,91,91
1,93,15,93,93,93
2,91,991,91,91,91
1,93,17,93,93,93
2,1,25,2,2,1
2,91,991,91,91,91
1,93,26,93,93,93
2,91,991,91,91,91
1,91,991,91,91,91
2,91,991,91,91,91
1,91,991,91,91,91
1,91,991,91,91,91
2,91,991,91,91,91
1,91,991,91,91,91
1,91,991,91,91,91
2,91,991,91,91,91
2,91,991,91,91,91
2,91,991,91,91,91
1,93,20,93,93,93
1,1,16,1,2,2
1,91,991,91,91,91
1,1,17,2,1,2
1,91,991,91,91,91
1,91,991,91,91,91
1,91,991,91,91,91
1,93,13,93,93,93
1,91,991,91,91,91
1,93,14,93,93,93
2,93,13,93,93,93
2,7,15,1,1,1
1,91,991,91,91,91
1,91,991,91,91,91
1,15,17,1,2,2
2,93,18,93,93,93
1,93,16,93,93,93
2,91,991,91,91,91
2,93,16,93,93,93
1,91,991,91,91,91
1,91,991,91,91,91
2,93,38,93,93,93
1,91,991,91,91,91
2,91,991,91,91,91
2,8,18,1,2,2
2,91,991,91,91,91
1,93,20,93,93,93
1,93,15,93,93,93
1,93,16,93,93,93
2,93,13,93,93,93
2,91,991,91,91,91
1,91,991,91,91,91
2,30,16,1,1,2
2,93,14,93,93,93
1,91,991,91,91,91
1,91,991,91,91,91
1,15,15,1,2,2
2,93,20,93,93,93
2,93,21,93,93,93
2,91,991,91,91,91
2,91,991,91,91,91
1,91,991,91,91,91
1,91,991,91,91,91
1,91,991,91,91,91
1,91,991,91,91,91
1,91,991,91,91,91
2,91,991,91,91,91
2,91,991,91,91,91
1,30,997,1,2,2
2,93,16,93,93,93
2,93,18,93,93,93
2,91,991,91,91,91
2,29,19,1,2,2
1,91,991,91,91,91
1,91,991,91,91,91
2,91,991,91,91,91
2,91,991,91,91,91
1,91,991,91,91,91
1,93,18,93,93,93
2,91,991,91,91,91
2,93,17,93,93,93
1,91,991,91,91,91
1,1,18,1,2,2
2,91,991,91,91,91
1,91,991,91,91,91
1,91,991,91,91,91
2,91,991,91,91,91
2,91,991,91,91,91
2,91,991,91,91,91
2,93,14,93,93,93
1,93,25,93,93,93
2,93,16,93,93,93
1,91,991,91,91,91
2,91,991,91,91,91
2,91,991,91,91,91
2,91,991,91,91,91
1,91,991,91,91,91
1,4,18,2,1,1
1,93,13,93,93,93
1,91,991,91,91,91
1,25,16,1,2,2
2,93,15,93,93,93
2,91,991,91,91,91
1,93,14,93,93,93
1,91,991,91,91,91
2,30,10,1,1,2
2,93,11,93,93,93
2,93,18,93,93,93
2,91,991,91,91,91
2,91,991,91,91,91
2,91,991,91,91,91
2,91,991,91,91,91
1,91,991,91,91,91
2,93,30,93,93,93
2,91,991,91,91,91
1,93,16,93,93,93
1,93,18,93,93,93
1,30,15,1,2,1
2,91,991,91,91,91
1,93,18,93,93,93
2,14,15,1,2,2
2,91,991,91,91,91
2,91,991,91,91,91
1,93,19,93,93,93
2,25,15,1,2,2
2,91,991,91,91,91
1,91,991,91,91,91
2,93,16,93,93,93
1,93,15,93,93,93
2,93,18,93,93,93
1,93,18,93,93,93
2,30,16,2,1,2
2,91,991,91,91,91
1,91,991,91,91,91
2,91,991,91,91,91
2,91,991,91,91,91
1,93,27,93,93,93
1,91,991,91,91,91
2,91,991,91,91,91
1,91,991,91,91,91
2,91,991,91,91,91
2,12,20,1,1,2
2,91,991,91,91,91
2,93,18,93,93,93
1,91,991,91,91,91
2,93,35,93,93,93
2,93,23,93,93,93
1,5,21,2,2,1
2,91,991,91,91,91
1,98,14,98,98,98
1,93,17,93,93,93
1,91,991,91,91,91
1,91,991,91,91,91
1,15,12,1,1,2
2,93,18,93,93,93
2,91,991,91,91,91
1,91,991,91,91,91
1,93,18,93,93,93
1,93,13,93,93,93
2,30,15,1,1,1
2,91,991,91,91,91
1,93,14,93,93,93
2,93,16,93,93,93
2,91,991,91,91,91
2,93,20,93,93,93
1,91,991,91,91,91
1,93,18,93,93,93
1,93,15,93,93,93
2,93,14,93,93,93
1,91,991,91,91,91
2,91,991,91,91,91
2,91,991,91,91,91
1,91,991,91,91,91
1,93,19,93,93,93
1,93,17,93,93,93
2,91,991,91,91,91
2,91,991,91,91,91
2,91,991,91,91,91
2,93,17,93,93,93
1,93,18,93,93,93
1,2,19,2,2,1
1,91,991,91,91,91
1,30,8,1,1,1
1,91,991,91,91,91
1,30,18,1,2,2
2,91,991,91,91,91
2,91,991,91,91,91
2,30,13,1,1,1
2,30,9,1,1,1
1,93,15,93,93,93
1,93,19,93,93,93
2,91,991,91,91,91
1,7,13,1,2,2
1,91,991,91,91,91
2,4,14,1,2,2
1,93,16,93,93,93
2,93,18,93,93,93
1,91,991,91,91,91
2,3,14,1,1,2
1,91,991,91,91,91
2,30,16,1,1,1
1,93,16,93,93,93
2,91,991,91,91,91
1,1,16,2,2,1
2,91,991,91,91,91
1,93,15,93,93,93
2,91,991,91,91,91
1,91,991,91,91,91
1,25,19,1,2,1
1,4,15,1,2,2
2,91,991,91,91,91
2,93,13,93,93,93
2,91,991,91,91,91
2,93,16,93,93,93
1,4,13,1,1,1
1,91,991,91,91,91
1,2,19,2,2,1
2,4,13,1,2,1
2,5,19,2,2,2
2,91,991,91,91,91
1,30,11,1,1,2
2,23,14,1,2,2
1,91,991,91,91,91
1,2,25,2,2,1
1,91,991,91,91,91
1,93,14,93,93,93
1,91,991,91,91,91
1,91,991,91,91,91
1,91,991,91,91,91
2,7,18,1,1,2
1,91,991,91,91,91
2,91,991,91,91,91
2,91,991,91,91,91
1,91,991,91,91,91
2,93,14,93,93,93
1,91,991,91,91,91
2,5,17,2,1,2
2,4,19,1,2,2
1,91,991,91,91,91
1,93,28,93,93,93
1,91,991,91,91,91
2,91,991,91,91,91
1,93,16,93,93,93
1,91,991,91,91,91
2,91,991,91,91,91
1,93,38,93,93,93
2,93,14,93,93,93
2,93,22,93,93,93
2,30,32,2,2,2
1,91,991,91,91,91
1,91,991,91,91,91
2,93,20,93,93,93
2,93,25,93,93,93
1,91,991,91,91,91
2,91,991,91,91,91
2,91,991,91,91,91
2,91,991,91,91,91
2,27,17,1,2,2
1,91,991,91,91,91
1,91,991,91,91,91
2,91,991,91,91,91
2,93,18,93,93,93
2,91,991,91,91,91
2,91,991,91,91,91
2,93,14,93,93,93
2,93,20,93,93,93
1,93,18,93,93,93
2,93,17,93,93,93
1,91,991,91,91,91
2,8,19,1,2,1
2,91,991,91,91,91
1,91,991,91,91,91
1,91,991,91,91,91
2,91,991,91,91,91
1,91,991,91,91,91
2,91,991,91,91,91
2,2,14,1,1,1
2,1,15,1,2,2
1,93,16,93,93,93
2,30,18,1,1,2
2,2,19,1,2,2
1,93,12,93,93,93
2,91,991,91,91,91
1,1,18,1,2,2
2,93,8,93,93,93
1,91,991,91,91,91
1,91,991,91,91,91
2,91,991,91,91,91
1,91,991,91,91,91
2,93,24,93,93,93
1,93,15,93,93,93
2,91,991,91,91,91
1,93,22,93,93,93
2,20,18,1,2,2
2,91,991,91,91,91
2,93,16,93,93,93
2,91,991,91,91,91
1,93,28,93,93,93
1,93,18,93,93,93
2,91,991,91,91,91
2,91,991,91,91,91
1,91,991,91,91,91
1,91,991,91,91,91
1,1,20,2,1,2
1,91,991,91,91,91
2,30,18,1,1,2
2,91,991,91,91,91
1,91,991,91,91,91
2,30,21,1,2,2
2,91,991,91,91,91
1,91,991,91,91,91
1,6,13,1,1,2
1,91,991,91,91,91
2,91,991,91,91,91
2,91,991,91,91,91
1,93,13,93,93,93
1,91,991,91,91,91
2,91,991,91,91,91
1,91,991,91,91,91
1,91,991,91,91,91
1,91,991,91,91,91
1,93,14,93,93,93
2,91,991,91,91,91
1,20,14,1,1,2
1,93,15,93,93,93
1,91,991,91,91,91
2,91,991,91,91,91
2,91,991,91,91,91
1,93,13,93,93,93
2,91,991,91,91,91
1,91,991,91,91,91
1,91,991,91,91,91
2,93,15,93,93,93
1,91,991,91,91,91
1,93,25,93,93,93
1,93,17,93,93,93
1,93,34,93,93,93
2,91,991,91,91,91
1,91,991,91,91,91
2,93,16,93,93,93
2,93,20,93,93,93
2,91,991,91,91,91
2,91,991,91,91,91
1,91,991,91,91,91
1,91,991,91,91,91
2,91,991,91,91,91
1,91,991,91,91,91
1,91,991,91,91,91
1,93,12,93,93,93
2,91,991,91,91,91
1,9,15,1,2,2
1,91,991,91,91,91
1,91,991,91,91,91
2,91,991,91,91,91
2,91,991,91,91,91
1,30,16,2,1,2
2,93,30,93,93,93
2,91,991,91,91,91
1,91,991,91,91,91
2,91,991,91,91,91
1,91,991,91,91,91
2,93,16,93,93,93
2,20,15,1,1,2
1,93,17,93,93,93
1,1,17,1,2,2
1,93,18,93,93,93
1,93,18,93,93,93
2,91,991,91,91,91
2,91,991,91,91,91
1,91,991,91,91,91
1,91,991,91,91,91
2,91,991,91,91,91
2,93,20,93,93,93
1,93,19,93,93,93
1,91,991,91,91,91
2,93,21,93,93,93
1,91,991,91,91,91
2,2,13,1,2,2
2,12,13,1,1,2
1,10,15,1,2,2
2,93,18,93,93,93
1,91,991,91,91,91
1,93,17,93,93,93
1,93,16,93,93,93
1,93,35,93,93,93
1,91,991,91,91,91
1,1,14,2,1,2
1,91,991,91,91,91
2,91,991,91,91,91
2,91,991,91,91,91
2,12,20,1,2,1
2,91,991,91,91,91
2,93,15,93,93,93
1,93,20,93,93,93
1,12,17,2,2,1
1,93,18,93,93,93
2,91,991,91,91,91
1,30,17,1,2,1
1,20,15,1,2,2
1,93,15,93,93,93
2,91,991,91,91,91
2,91,991,91,91,91
1,93,15,93,93,93
2,27,17,1,1,2
1,93,15,93,93,93
1,91,991,91,91,91
2,91,991,91,91,91
1,1,17,1,2,2
1,91,991,91,91,91
2,91,991,91,91,91
2,91,991,91,91,91
2,20,16,1,1,1
2,93,19,93,93,93
1,91,991,91,91,91
1,93,19,93,93,93
1,91,991,91,91,91
2,93,16,93,93,93
2,91,991,91,91,91
1,93,48,93,93,93
1,91,991,91,91,91
2,91,991,91,91,91
1,91,991,91,91,91
2,91,991,91,91,91
2,91,991,91,91,91
1,93,14,93,93,93
2,93,17,93,93,93
2,93,21,93,93,93
2,93,24,93,93,93
1,93,18,93,93,93
1,30,14,1,2,1
2,91,991,91,91,91
1,91,991,91,91,91
2,93,22,93,93,93
2,93,30,93,93,93
2,93,21,93,93,93
2,93,15,93,93,93
1,93,18,93,93,93
1,91,991,91,91,91
2,91,991,91,91,91
1,93,18,93,93,93
1,91,991,91,91,91
2,91,991,91,91,91
2,91,991,91,91,91
2,91,991,91,91,91
2,93,24,93,93,93
2,93,25,93,93,93
2,20,14,2,2,1
2,91,991,91,91,91
2,91,991,91,91,91
2,91,991,91,91,91
1,93,17,93,93,93
1,91,991,91,91,91
2,93,17,93,93,93
2,91,991,91,91,91
1,91,991,91,91,91
2,93,15,93,93,93
1,93,40,93,93,93
1,93,14,93,93,93
2,93,15,93,93,93
1,30,18,2,1,2
2,91,991,91,91,91
1,93,23,93,93,93
1,93,17,93,93,93
2,93,28,93,93,93
2,3,67,2,2,1
2,93,17,93,93,93
1,93,26,93,93,93
1,91,991,91,91,91
1,91,991,91,91,91
2,91,991,91,91,91
1,3,18,1,2,2
2,93,13,93,93,93
1,91,991,91,91,91
2,28,14,1,2,2
2,93,12,93,93,93
2,91,991,91,91,91
2,91,991,91,91,91
2,91,991,91,91,91
2,3,17,1,2,2
2,91,991,91,91,91
1,91,991,91,91,91
2,91,991,91,91,91
1,93,14,93,93,93
1,91,991,91,91,91
1,91,991,91,91,91
2,6,22,1,1,2
2,15,16,1,1,3
1,91,991,91,91,91
2,93,17,93,93,93
1,91,991,91,91,91
1,93,24,93,93,93
2,2,29,2,2,1
2,91,991,91,91,91
1,91,991,91,91,91
1,91,991,91,91,91
1,91,991,91,91,91
1,91,991,91,91,91
1,91,991,91,91,91
2,91,991,91,91,91
2,91,991,91,91,91
1,91,991,91,91,91
1,91,991,91,91,91
2,30,15,1,2,1
1,91,991,91,91,91
1,91,991,91,91,91
2,93,62,93,93,93
1,91,991,91,91,91
1,91,991,91,91,91
1,91,991,91,91,91
1,93,16,93,93,93
1,1,16,2,1,2
1,91,991,91,91,91
2,91,991,91,91,91
1,93,15,93,93,93
2,91,991,91,91,91
2,91,991,91,91,91
1,30,14,1,2,2
2,91,991,91,91,91
2,91,991,91,91,91
2,91,991,91,91,91
1,6,21,2,2,1
2,91,991,91,91,91
2,20,15,1,2,2
2,91,991,91,91,91
2,1,18,2,1,2
2,91,991,91,91,91
1,23,15,1,2,2
1,93,18,93,93,93
1,91,991,91,91,91
2,91,991,91,91,91
2,91,991,91,91,91
2,2,14,1,2,2
1,91,991,91,91,91
2,93,14,93,93,93
1,25,12,1,1,2
2,20,14,2,1,2
1,30,12,1,2,2
1,91,991,91,91,91
2,91,991,91,91,91
1,91,991,91,91,91
1,25,17,1,1,1
1,93,19,93,93,93
2,91,991,91,91,91
2,30,17,1,1,1
2,91,991,91,91,91
1,91,991,91,91,91
2,91,991,91,91,91
1,91,991,91,91,91
1,93,25,93,93,93
2,91,991,91,91,91
2,91,991,91,91,91
1,91,991,91,91,91
2,93,15,93,93,93
2,93,20,93,93,93
1,93,14,93,93,93
2,91,991,91,91,91
1,91,991,91,91,91
1,93,19,93,93,93
1,91,991,91,91,91
2,93,20,93,93,93
1,91,991,91,91,91
2,91,991,91,91,91
2,91,991,91,91,91
1,91,991,91,91,91
1,1,13,2,2,1
2,93,18,93,93,93
2,91,991,91,91,91
2,93,15,93,93,93
2,93,16,93,93,93
2,91,991,91,91,91
2,91,991,91,91,91
1,91,991,91,91,91
1,91,991,91,91,91
1,93,33,93,93,93
2,91,991,91,91,91
1,93,18,93,93,93
1,93,21,93,93,93
1,4,19,2,2,2
1,91,991,91,91,91
2,91,991,91,91,91
1,30,22,1,2,1
1,91,991,91,91,91
1,91,991,91,91,91
2,91,991,91,91,91
2,91,991,91,91,91
2,91,991,91,91,91
2,91,991,91,91,91
2,2,16,1,2,2
1,91,991,91,91,91
2,91,991,91,91,91
2,3,17,1,2,1
2,8,16,1,1,2
2,91,991,91,91,91
1,93,16,93,93,93
1,93,16,93,93,93
1,30,13,1,1,2
2,91,991,91,91,91
1,93,16,93,93,93
2,91,991,91,91,91
2,91,991,91,91,91
2,91,991,91,91,91
1,30,17,1,2,1
1,93,13,93,93,93
1,91,991,91,91,91
2,91,991,91,91,91
1,91,991,91,91,91
1,3,16,1,1,2
2,93,28,93,93,93
1,93,18,93,93,93
2,93,25,93,93,93
1,93,17,93,93,93
2,91,991,91,91,91
2,91,991,91,91,91
2,91,991,91,91,91
2,4,13,1,2,2
1,93,18,93,93,93
2,91,991,91,91,91
1,93,30,93,93,93
1,91,991,91,91,91
2,93,22,93,93,93
1,93,18,93,93,93
1,91,991,91,91,91
2,10,13,1,2,1
2,91,991,91,91,91
2,91,991,91,91,91
2,91,991,91,91,91
2,93,17,93,93,93
1,91,991,91,91,91
2,91,991,91,91,91
2,93,21,93,93,93
2,3,14,1,2,1
1,4,7,1,1,1
2,91,991,91,91,91
1,30,16,1,2,2
2,93,14,93,93,93
1,93,15,93,93,93
2,91,991,91,91,91
1,30,16,1,1,2
2,91,991,91,91,91
1,91,991,91,91,91
2,91,991,91,91,91
2,93,19,93,93,93
2,91,991,91,91,91
1,91,991,91,91,91
1,93,14,93,93,93
1,91,991,91,91,91
1,20,13,1,1,2
1,91,991,91,91,91
2,91,991,91,91,91
2,91,991,91,91,91
1,91,991,91,91,91
2,93,21,93,93,93
2,91,991,91,91,91
1,23,17,1,2,2
2,91,991,91,91,91
1,91,991,91,91,91
1,93,22,93,93,93
1,25,17,1,2,1
2,93,15,93,93,93
1,30,14,1,2,2
1,93,16,93,93,93
2,91,991,91,91,91
1,93,13,93,93,93
2,91,991,91,91,91
1,98,13,98,98,98
1,91,991,91,91,91
2,91,991,91,91,91
2,20,22,2,1,2
2,93,28,93,93,93
1,93,22,93,93,93
1,93,15,93,93,93
1,93,18,93,93,93
2,91,991,91,91,91
2,91,991,91,91,91
2,93,21,93,93,93
2,91,991,91,91,91
1,91,991,91,91,91
2,4,16,1,2,1
1,91,991,91,91,91
1,93,19,93,93,93
2,91,991,91,91,91
1,91,991,91,91,91
1,91,991,91,91,91
2,91,991,91,91,91
1,93,15,93,93,93
1,91,991,91,91,91
2,91,991,91,91,91
2,91,991,91,91,91
2,91,991,91,91,91
2,91,991,91,91,91
1,91,991,91,91,91
1,91,991,91,91,91
1,29,18,1,1,2
1,91,991,91,91,91
2,2,16,2,2,1
1,93,14,93,93,93
2,91,991,91,91,91
2,91,991,91,91,91
1,91,991,91,91,91
1,93,15,93,93,93
2,93,25,93,93,93
2,91,991,91,91,91
1,3,13,1,2,2
1,26,25,1,2,2
2,93,22,93,93,93
2,91,991,91,91,91
2,91,991,91,91,91
2,91,991,91,91,91
2,2,21,1,2,1
1,91,991,91,91,91
1,93,20,93,93,93
1,91,991,91,91,91
2,91,991,91,91,91
2,91,991,91,91,91
2,93,20,93,93,93
2,93,18,93,93,93
2,91,991,91,91,91
2,91,991,91,91,91
2,1,16,1,2,2
2,15,16,1,2,2
2,93,22,93,93,93
2,5,16,1,2,1
2,93,17,93,93,93
1,12,12,1,2,2
2,91,991,91,91,91
2,91,991,91,91,91
1,93,21,93,93,93
2,1,20,2,2,1
1,91,991,91,91,91
2,91,991,91,91,91
1,91,991,91,91,91
1,91,991,91,91,91
2,93,22,93,93,93
1,30,16,1,2,2
2,93,35,93,93,93
2,91,991,91,91,91
1,91,991,91,91,91
2,17,12,2,2,1
2,93,37,93,93,93
1,91,991,91,91,91
2,91,991,91,91,91
1,93,13,93,93,93
2,91,991,91,91,91
1,2,13,1,1,2
2,93,19,93,93,93
2,7,17,1,2,2
2,93,20,93,93,93
2,91,991,91,91,91
2,93,25,93,93,93
2,91,991,91,91,91
2,93,14,93,93,93
1,91,991,91,91,91
2,6,14,2,1,1
1,91,991,91,91,91
2,93,16,93,93,93
1,30,18,1,2,2
2,91,991,91,91,91
1,91,991,91,91,91
2,93,9,93,93,93
2,93,18,93,93,93
2,91,991,91,91,91
2,93,22,93,93,93
2,2,18,1,2,2
1,91,991,91,91,91
1,93,15,93,93,93
1,91,991,91,91,91
2,93,17,93,93,93
2,91,991,91,91,91
2,91,991,91,91,91
1,91,991,91,91,91
1,91,991,91,91,91
2,91,991,91,91,91
2,91,991,91,91,91
1,91,991,91,91,91
2,91,991,91,91,91
1,91,991,91,91,91
1,91,991,91,91,91
2,91,991,91,91,91
1,91,991,91,91,91
2,91,991,91,91,91
2,91,991,91,91,91
1,91,991,91,91,91
1,91,991,91,91,91
2,93,24,93,93,93
2,91,991,91,91,91
2,93,14,93,93,93
2,93,15,93,93,93
1,25,17,1,2,2
1,91,991,91,91,91
2,93,12,93,93,93
1,91,991,91,91,91
1,91,991,91,91,91
1,15,15,1,1,2
2,91,991,91,91,91
2,91,991,91,91,91
1,14,16,1,2,2
2,91,991,91,91,91
2,93,15,93,93,93
2,91,991,91,91,91
2,91,991,91,91,91
2,1,18,1,2,2
2,93,15,93,93,93
2,91,991,91,91,91
1,93,21,93,93,93
2,1,21,1,2,2
2,9,16,1,2,1
2,93,10,93,93,93
2,5,20,2,2,1
1,1,17,1,2,2
2,91,991,91,91,91
2,93,15,93,93,93
1,30,15,1,2,2
2,93,18,93,93,93
1,91,991,91,91,91
2,91,991,91,91,91
1,91,991,91,91,91
1,91,991,91,91,91
2,93,14,93,93,93
2,91,991,91,91,91
2,93,27,93,93,93
1,4,18,1,2,2
1,91,991,91,91,91
2,93,15,93,93,93
1,93,17,93,93,93
2,91,991,91,91,91
2,93,23,93,93,93
1,91,991,91,91,91
1,91,991,91,91,91
2,91,991,91,91,91
2,91,991,91,91,91
1,93,21,93,93,93
1,91,991,91,91,91
2,91,991,91,91,91
2,91,991,91,91,91
2,91,991,91,91,91
2,91,991,91,91,91
2,30,14,1,2,2
1,93,21,93,93,93
2,93,21,93,93,93
2,93,23,93,93,93
1,91,991,91,91,91
2,91,991,91,91,91
2,91,991,91,91,91
2,93,17,93,93,93
2,91,991,91,91,91
2,93,19,93,93,93
1,93,20,93,93,93
2,91,991,91,91,91
2,91,991,91,91,91
1,93,30,93,93,93
2,91,991,91,91,91
2,7,16,1,1,2
1,93,19,93,93,93
1,91,991,91,91,91
2,91,991,91,91,91
2,91,991,91,91,91
1,93,16,93,93,93
2,91,991,91,91,91
2,91,991,91,91,91
1,93,21,93,93,93
1,93,16,93,93,93
1,91,991,91,91,91
1,1,15,1,2,2
2,91,991,91,91,91
2,91,991,91,91,91
1,91,991,91,91,91
2,93,994,93,93,93
2,93,15,93,93,93
2,91,991,91,91,91
2,91,991,91,91,91
1,91,991,91,91,91
1,93,28,93,93,93
1,93,21,93,93,93
2,93,22,93,93,93
1,91,991,91,91,91
2,91,991,91,91,91
2,91,991,91,91,91
1,91,991,91,91,91
2,91,991,91,91,91
1,93,13,93,93,93
2,91,991,91,91,91
2,91,991,91,91,91
2,93,20,93,93,93
1,93,21,93,93,93
2,93,14,93,93,93
2,91,991,91,91,91
2,5,14,1,2,1
1,91,991,91,91,91
2,93,14,93,93,93
2,93,13,93,93,93
2,91,991,91,91,91
1,91,991,91,91,91
1,91,991,91,91,91
1,93,16,93,93,93
1,93,13,93,93,93
1,93,16,93,93,93
2,91,991,91,91,91
1,91,991,91,91,91
2,30,11,1,2,2
1,93,15,93,93,93
2,93,19,93,93,93
1,91,991,91,91,91
2,91,991,91,91,91
2,91,991,91,91,91
2,91,991,91,91,91
1,91,991,91,91,91
1,91,991,91,91,91
2,91,991,91,91,91
1,91,991,91,91,91
2,10,17,1,2,2
1,91,991,91,91,91
1,91,991,91,91,91
2,91,991,91,91,91
1,91,991,91,91,91
2,93,20,93,93,93
2,93,17,93,93,93
1,3,16,1,2,2
1,91,991,91,91,91
1,1,21,2,2,1
2,30,16,1,1,2
1,93,16,93,93,93
2,93,23,93,93,93
1,91,991,91,91,91
2,2,13,2,2,1
1,93,17,93,93,93
2,91,991,91,91,91
1,93,17,93,93,93
2,91,991,91,91,91
2,91,991,91,91,91
1,91,991,91,91,91
1,91,991,91,91,91
2,91,991,91,91,91
1,93,17,93,93,93
1,91,991,91,91,91
2,91,991,91,91,91
1,30,13,1,1,1
2,91,991,91,91,91
1,93,14,93,93,93
2,91,991,91,91,91
2,1,17,1,2,2
2,93,21,93,93,93
1,91,991,91,91,91
2,91,991,91,91,91
1,1,16,2,2,1
1,91,991,91,91,91
2,93,15,93,93,93
1,93,18,93,93,93
1,2,15,1,2,1
2,93,31,93,93,93
2,91,991,91,91,91
1,93,16,93,93,93
2,91,991,91,91,91
1,91,991,91,91,91
2,30,12,1,1,1
2,30,14,1,1,1
1,30,15,1,1,1
1,93,12,93,93,93
2,91,991,91,91,91
1,91,991,91,91,91
1,91,991,91,91,91
2,91,991,91,91,91
2,93,28,93,93,93
2,91,991,91,91,91
1,91,991,91,91,91
2,91,991,91,91,91
1,30,16,2,1,2
2,91,991,91,91,91
2,93,15,93,93,93
1,91,991,91,91,91
2,91,991,91,91,91
2,91,991,91,91,91
1,5,18,1,2,2
1,93,18,93,93,93
1,93,23,93,93,93
2,91,991,91,91,91
2,91,991,91,91,91
2,91,991,91,91,91
1,91,991,91,91,91
2,91,991,91,91,91
1,91,991,91,91,91
2,93,18,93,93,93
2,91,991,91,91,91
2,91,991,91,91,91
1,93,18,93,93,93
2,12,14,2,1,2
2,91,991,91,91,91
2,30,16,1,2,2
2,30,18,1,2,2
1,93,16,93,93,93
1,91,991,91,91,91
2,91,991,91,91,91
2,93,20,93,93,93
1,91,991,91,91,91
1,91,991,91,91,91
2,91,991,91,91,91
2,5,13,1,2,2
2,91,991,91,91,91
1,2,17,2,2,1
2,91,991,91,91,91
2,8,27,2,2,1
1,91,991,91,91,91
1,91,991,91,91,91
2,93,16,93,93,93
2,91,991,91,91,91
1,93,12,93,93,93
1,1,22,2,1,2
2,91,991,91,91,91
1,91,991,91,91,91
1,30,17,2,1,1
2,93,28,93,93,93
2,91,991,91,91,91
1,91,991,91,91,91
2,93,17,93,93,93
1,93,20,93,93,93
1,91,991,91,91,91
1,93,12,93,93,93
1,91,991,91,91,91
1,91,991,91,91,91
1,91,991,91,91,91
1,91,991,91,91,91
1,93,15,93,93,93
2,18,16,1,2,2
2,91,991,91,91,91
2,25,17,2,1,2
2,91,991,91,91,91
2,91,991,91,91,91
1,30,13,1,2,2
2,1,15,1,2,2
1,25,18,1,1,2
2,91,991,91,91,91
1,91,991,91,91,91
1,93,13,93,93,93
1,30,15,1,1,1
1,91,991,91,91,91
1,91,991,91,91,91
1,26,17,1,1,1
2,91,991,91,91,91
2,93,18,93,93,93
1,93,19,93,93,93
2,91,991,91,91,91
2,91,991,91,91,91
2,93,22,93,93,93
2,91,991,91,91,91
2,12,21,1,2,2
2,93,16,93,93,93
1,93,17,93,93,93
2,93,13,93,93,93
2,91,991,91,91,91
1,91,991,91,91,91
1,1,25,1,2,2
2,93,16,93,93,93
2,91,991,91,91,91
2,91,991,91,91,91
1,91,991,91,91,91
1,91,991,91,91,91
2,7,19,1,1,2
2,93,13,93,93,93
2,91,991,91,91,91
2,93,21,93,93,93
2,91,991,91,91,91
2,91,991,91,91,91
2,1,15,1,1,1
2,28,18,1,1,2
2,91,991,91,91,91
2,91,991,91,91,91
2,91,991,91,91,91
2,91,991,91,91,91
2,91,991,91,91,91
1,91,991,91,91,91
2,93,17,93,93,93
1,93,18,93,93,93
2,91,991,91,91,91
1,91,991,91,91,91
1,93,16,93,93,93
2,91,991,91,91,91
1,91,991,91,91,91
1,93,20,93,93,93
2,30,16,1,2,1
1,30,14,1,1,2
2,91,991,91,91,91
2,91,991,91,91,91
1,93,12,93,93,93
1,8,20,1,1,2
1,4,16,1,2,1
1,91,991,91,91,91
1,91,991,91,91,91
2,93,18,93,93,93
2,91,991,91,91,91
1,93,16,93,93,93
2,91,991,91,91,91
2,93,21,93,93,93
2,91,991,91,91,91
1,91,991,91,91,91
1,91,991,91,91,91
1,91,991,91,91,91
1,93,16,93,93,93
2,91,991,91,91,91
1,91,991,91,91,91
1,93,15,93,93,93
2,91,991,91,91,91
1,93,22,93,93,93
1,30,16,1,2,1
1,91,991,91,91,91
2,91,991,91,91,91
2,91,991,91,91,91
2,93,13,93,93,93
2,1,15,1,2,2
2,93,18,93,93,93
2,91,991,91,91,91
1,93,18,93,93,93
2,91,991,91,91,91
1,93,17,93,93,93
2,93,19,93,93,93
2,30,18,1,1,1
1,91,991,91,91,91
1,93,14,93,93,93
2,91,991,91,91,91
2,91,991,91,91,91
2,10,16,2,2,1
2,91,991,91,91,91
2,91,991,91,91,91
1,91,991,91,91,91
1,91,991,91,91,91
2,7,21,1,1,2
1,93,18,93,93,93
2,91,991,91,91,91
1,91,991,91,91,91
2,91,991,91,91,91
1,7,21,1,1,1
2,30,15,1,1,1
1,91,991,91,91,91
1,93,9,93,93,93
2,93,16,93,93,93
1,91,991,91,91,91
1,91,991,91,91,91
2,93,22,93,93,93
2,91,991,91,91,91
2,93,18,93,93,93
1,91,991,91,91,91
1,93,26,93,93,93
1,93,25,93,93,93
2,91,991,91,91,91
2,3,21,2,2,1
2,91,991,91,91,91
1,91,991,91,91,91
2,30,10,1,1,2
1,91,991,91,91,91
2,20,13,2,2,1
2,93,18,93,93,93
2,91,991,91,91,91
2,24,20,1,1,2
1,93,10,93,93,93
2,93,23,93,93,93
1,91,991,91,91,91
1,91,991,91,91,91
2,91,991,91,91,91
1,30,14,1,1,1
1,91,991,91,91,91
1,91,991,91,91,91
2,91,991,91,91,91
1,91,991,91,91,91
2,91,991,91,91,91
1,91,991,91,91,91
1,15,21,1,2,2
2,93,25,93,93,93
2,30,14,1,1,1
2,93,14,93,93,93
2,1,16,1,2,1
2,5,14,1,1,2
2,91,991,91,91,91
1,93,16,93,93,93
1,91,991,91,91,91
1,91,991,91,91,91
1,91,991,91,91,91
2,91,991,91,91,91
2,93,16,93,93,93
2,91,991,91,91,91
1,91,991,91,91,91
2,91,991,91,91,91
2,91,991,91,91,91
2,93,11,93,93,93
2,91,991,91,91,91
2,91,991,91,91,91
2,93,18,93,93,93
1,91,991,91,91,91
2,93,18,93,93,93
2,91,991,91,91,91
2,91,991,91,91,91
1,27,17,1,1,2
1,93,20,93,93,93
1,91,991,91,91,91
2,91,991,91,91,91
2,91,991,91,91,91
1,91,991,91,91,91
1,91,991,91,91,91
1,93,16,93,93,93
2,91,991,91,91,91
2,91,991,91,91,91
2,93,15,93,93,93
1,30,17,1,2,1
1,91,991,91,91,91
1,91,991,91,91,91
2,93,14,93,93,93
2,91,991,91,91,91
2,91,991,91,91,91
2,20,16,1,2,2
2,91,991,91,91,91
2,91,991,91,91,91
1,91,991,91,91,91
1,91,991,91,91,91
1,93,22,93,93,93
2,91,991,91,91,91
1,1,19,2,2,2
1,28,23,1,2,2
1,93,21,93,93,93
2,91,991,91,91,91
2,91,991,91,91,91
2,1,23,2,1,2
2,15,18,2,2,1
2,91,991,91,91,91
1,93,18,93,93,93
1,93,18,93,93,93
1,93,12,93,93,93
1,91,991,91,91,91
2,91,991,91,91,91
2,91,991,91,91,91
1,91,991,91,91,91
2,91,991,91,91,91
1,91,991,91,91,91
2,93,19,93,93,93
2,91,991,91,91,91
1,91,991,91,91,91
1,1,22,1,1,2
2,91,991,91,91,91
1,91,991,91,91,91
1,91,991,91,91,91
1,91,991,91,91,91
2,25,24,1,2,2
2,91,991,91,91,91
2,91,991,91,91,91
2,12,14,1,2,2
2,91,991,91,91,91
1,91,991,91,91,91
2,93,30,93,93,93
1,91,991,91,91,91
1,91,991,91,91,91
2,91,991,91,91,91
1,93,18,93,93,93
1,91,991,91,91,91
2,91,991,91,91,91
1,91,991,91,91,91
1,91,991,91,91,91
2,91,991,91,91,91
2,91,991,91,91,91
1,91,991,91,91,91
2,93,14,93,93,93
2,93,18,93,93,93
1,91,991,91,91,91
2,91,991,91,91,91
2,91,991,91,91,91
2,93,16,93,93,93
2,93,18,93,93,93
1,91,991,91,91,91
2,91,991,91,91,91
1,91,991,91,91,91
1,91,991,91,91,91
1,91,991,91,91,91
1,91,991,91,91,91
1,91,991,91,91,91
2,93,19,93,93,93
1,91,991,91,91,91
2,93,19,93,93,93
1,91,991,91,91,91
2,91,991,91,91,91
1,91,991,91,91,91
2,91,991,91,91,91
2,91,991,91,91,91
1,91,991,91,91,91
2,91,991,91,91,91
2,91,991,91,91,91
2,91,991,91,91,91
2,93,15,93,93,93
2,91,991,91,91,91
1,91,991,91,91,91
2,93,22,93,93,93
1,30,16,1,2,2
1,91,991,91,91,91
2,93,16,93,93,93
2,91,991,91,91,91
1,1,25,2,2,1
2,93,21,93,93,93
1,91,991,91,91,91
2,91,991,91,91,91
2,91,991,91,91,91
2,91,991,91,91,91
2,91,991,91,91,91
2,91,991,91,91,91
2,93,18,93,93,93
2,93,16,93,93,93
1,93,16,93,93,93
2,91,991,91,91,91
1,4,18,2,2,1
2,91,991,91,91,91
2,3,16,2,2,1
1,91,991,91,91,91
1,93,15,93,93,93
1,91,991,91,91,91
2,20,16,2,1,1
1,91,991,91,91,91
2,93,17,93,93,93
1,93,16,93,93,93
1,93,13,93,93,93
1,91,991,91,91,91
2,91,991,91,91,91
1,91,991,91,91,91
2,93,15,93,93,93
2,8,26,1,1,1
2,93,30,93,93,93
1,91,991,91,91,91
1,91,991,91,91,91
2,93,16,93,93,93
2,24,12,1,1,1
2,91,991,91,91,91
1,93,18,93,93,93
1,91,991,91,91,91
2,30,14,1,2,2
1,5,33,2,2,1
1,93,16,93,93,93
1,91,991,91,91,91
1,91,991,91,91,91
2,2,36,2,2,1
2,91,991,91,91,91
1,91,991,91,91,91
1,91,991,91,91,91
2,10,18,1,1,2
1,93,17,93,93,93
1,12,66,2,2,1
2,15,18,1,2,1
2,91,991,91,91,91
2,93,17,93,93,93
2,91,991,91,91,91
2,91,991,91,91,91
2,91,991,91,91,91
2,1,30,1,2,2
1,91,991,91,91,91
1,91,991,91,91,91
1,1,14,2,1,2
1,25,16,1,1,1
2,91,991,91,91,91
1,91,991,91,91,91
1,91,991,91,91,91
1,93,23,93,93,93
1,30,15,1,1,2
2,91,991,91,91,91
2,93,39,93,93,93
1,91,991,91,91,91
2,93,16,93,93,93
2,93,14,93,93,93
1,30,14,1,1,1
1,91,991,91,91,91
2,93,18,93,93,93
2,7,12,1,2,2
2,91,991,91,91,91
2,93,17,93,93,93
1,91,991,91,91,91
1,91,991,91,91,91
1,93,16,93,93,93
1,4,16,1,2,2
2,91,991,91,91,91
1,15,15,1,1,1
2,91,991,91,91,91
2,91,991,91,91,91
1,30,21,1,2,2
2,91,991,91,91,91
2,30,18,1,2,2
2,93,14,93,93,93
2,93,24,93,93,93
2,91,991,91,91,91
2,91,991,91,91,91
2,91,991,91,91,91
1,91,991,91,91,91
2,30,15,1,2,1
2,91,991,91,91,91
1,93,22,93,93,93
2,93,12,93,93,93
2,91,991,91,91,91
1,93,17,93,93,93
2,25,17,2,2,2
1,91,991,91,91,91
1,91,991,91,91,91
2,91,991,91,91,91
2,30,79,2,2,2
1,93,18,93,93,93
1,91,991,91,91,91
2,91,991,91,91,91
1,91,991,91,91,91
1,93,21,93,93,93
2,93,17,93,93,93
1,91,991,91,91,91
2,91,991,91,91,91
2,3,15,2,2,1
1,91,991,91,91,91
1,93,13,93,93,93
2,91,991,91,91,91
2,91,991,91,91,91
1,93,35,93,93,93
1,91,991,91,91,91
1,93,15,93,93,93
2,98,985,98,98,98
2,25,16,1,2,2
2,91,991,91,91,91
1,7,16,2,1,1
2,93,15,93,93,93
2,7,19,1,2,2
1,4,12,1,2,2
2,93,15,93,93,93
1,93,21,93,93,93
1,91,991,91,91,91
1,15,12,1,2,2
2,91,991,91,91,91
1,93,30,93,93,93
1,93,18,93,93,93
2,93,25,93,93,93
1,91,991,91,91,91
1,93,15,93,93,93
2,8,17,1,2,2
1,93,15,93,93,93
2,4,16,2,2,2
2,5,10,1,2,1
1,91,991,91,91,91
1,30,15,1,1,2
1,93,16,93,93,93
1,93,17,93,93,93
2,91,991,91,91,91
1,93,22,93,93,93
1,93,22,93,93,93
1,93,17,93,93,93
1,93,19,93,93,93
2,91,991,91,91,91
1,91,991,91,91,91
2,93,66,93,93,93
2,93,18,93,93,93
2,98,14,98,98,98
2,91,991,91,91,91
1,5,17,1,1,2
2,93,18,93,93,93
1,91,991,91,91,91
1,91,991,91,91,91
2,91,991,91,91,91
2,91,991,91,91,91
2,91,991,91,91,91
1,93,23,93,93,93
2,93,28,93,93,93
1,2,13,1,2,2
1,3,18,1,2,2
1,91,991,91,91,91
1,93,28,93,93,93
2,91,991,91,91,91
2,93,21,93,93,93
2,91,991,91,91,91
1,28,15,1,1,2
1,93,19,93,93,93
1,30,15,1,2,2
2,30,18,1,1,2
2,91,991,91,91,91
2,93,17,93,93,93
2,98,35,98,98,98
1,97,997,98,98,98
2,91,991,91,91,91
2,91,991,91,91,91
1,7,16,2,2,2
2,93,31,93,93,93
1,91,991,91,91,91
2,93,16,93,93,93
1,91,991,91,91,91
1,93,16,93,93,93
2,91,991,91,91,91
2,93,21,93,93,93
1,91,991,91,91,91
1,93,18,93,93,93
2,93,994,93,93,93
2,91,991,91,91,91
2,91,991,91,91,91
2,93,16,93,93,93
2,91,991,91,91,91
1,91,991,91,91,91
1,91,991,91,91,91
1,93,20,93,93,93
1,30,18,1,1,1
2,93,21,93,93,93
1,20,16,1,2,2
1,91,991,91,91,91
1,29,17,2,2,1
2,91,991,91,91,91
2,91,991,91,91,91
1,5,17,1,2,2
1,93,13,93,93,93
1,93,21,93,93,93
1,91,991,91,91,91
2,91,991,91,91,91
2,30,12,1,2,1
1,91,991,91,91,91
1,91,991,91,91,91
1,25,17,1,1,2
1,91,991,91,91,91
1,91,991,91,91,91
1,5,24,1,2,2
2,93,19,93,93,93
1,91,991,91,91,91
2,91,991,91,91,91
1,93,14,93,93,93
1,93,16,93,93,93
1,91,991,91,91,91
1,93,17,93,93,93
1,91,991,91,91,91
1,91,991,91,91,91
1,91,991,91,91,91
2,91,991,91,91,91
2,93,17,93,93,93
1,91,991,91,91,91
2,91,991,91,91,91
2,91,991,91,91,91
2,91,991,91,91,91
1,12,24,2,2,1
2,91,991,91,91,91
1,91,991,91,91,91
1,2,30,1,2,1
2,1,13,2,2,1
2,30,15,1,2,2
2,91,991,91,91,91
2,91,991,91,91,91
1,91,991,91,91,91
2,30,15,1,1,1
1,91,991,91,91,91
2,91,991,91,91,91
2,93,25,93,93,93
1,91,991,91,91,91
1,93,21,93,93,93
2,91,991,91,91,91
2,93,16,93,93,93
1,12,14,2,1,1
1,93,18,93,93,93
2,91,991,91,91,91
2,93,22,93,93,93
1,91,991,91,91,91
2,91,991,91,91,91
1,93,20,93,93,93
2,91,991,91,91,91
2,93,16,93,93,93
1,93,25,93,93,93
2,2,18,2,1,2
2,91,991,91,91,91
2,91,991,91,91,91
1,93,16,93,93,93
1,91,991,91,91,91
1,93,22,93,93,93
2,20,18,1,2,2
1,91,991,91,91,91
1,93,18,93,93,93
2,30,23,1,2,2
2,28,25,1,2,2
1,10,17,1,1,1
2,93,13,93,93,93
1,93,16,93,93,93
1,91,991,91,91,91
2,91,991,91,91,91
2,91,991,91,91,91
1,25,10,1,1,2
2,91,991,91,91,91
2,91,991,91,91,91
2,91,991,91,91,91
1,91,991,91,91,91
1,91,991,91,91,91
1,91,991,91,91,91
2,7,14,1,2,2
1,93,15,93,93,93
1,93,31,93,93,93
2,2,16,2,2,1
1,93,16,93,93,93
2,91,991,91,91,91
2,93,17,93,93,93
1,91,991,91,91,91
2,91,991,91,91,91
1,91,991,91,91,91
2,91,991,91,91,91
2,3,17,1,2,2
2,91,991,91,91,91
1,93,18,93,93,93
1,91,991,91,91,91
2,91,991,91,91,91
2,93,25,93,93,93
2,93,20,93,93,93
2,91,991,91,91,91
2,93,13,93,93,93
1,91,991,91,91,91
1,93,24,93,93,93
1,93,18,93,93,93
2,91,991,91,91,91
2,93,15,93,93,93
1,91,991,91,91,91
2,93,25,93,93,93
1,91,991,91,91,91
2,93,17,93,93,93
2,91,991,91,91,91
2,91,991,91,91,91
2,91,991,91,91,91
2,91,991,91,91,91
2,93,30,93,93,93
2,91,991,91,91,91
1,91,991,91,91,91
1,91,991,91,91,91
1,91,991,91,91,91
2,91,991,91,91,91
2,93,18,93,93,93
2,3,18,2,2,1
1,91,991,91,91,91
1,93,13,93,93,93
1,91,991,91,91,91
2,91,991,91,91,91
2,2,23,1,2,2
2,91,991,91,91,91
1,93,17,93,93,93
2,2,12,1,2,2
2,3,13,1,2,2
2,3,51,2,2,1
2,93,19,93,93,93
2,91,991,91,91,91
1,91,991,91,91,91
2,93,18,93,93,93
2,91,991,91,91,91
1,93,17,93,93,93
1,91,991,91,91,91
1,93,20,93,93,93
2,91,991,91,91,91
2,93,15,93,93,93
1,91,991,91,91,91
2,91,991,91,91,91
2,91,991,91,91,91
1,91,991,91,91,91
1,93,13,93,93,93
1,3,16,1,2,1
2,1,20,1,1,2
1,93,18,93,93,93
2,93,20,93,93,93
1,3,18,1,2,2
2,93,15,93,93,93
2,91,991,91,91,91
1,91,991,91,91,91
1,91,991,91,91,91
2,91,991,91,91,91
1,5,18,1,2,2
1,91,991,91,91,91
1,2,16,2,1,2
2,16,16,2,1,2
1,93,22,93,93,93
2,91,991,91,91,91
1,91,991,91,91,91
1,91,991,91,91,91
2,91,991,91,91,91
1,93,16,93,93,93
2,91,991,91,91,91
1,30,13,1,1,1
1,93,14,93,93,93
1,91,991,91,91,91
2,91,991,91,91,91
2,93,35,93,93,93
1,91,991,91,91,91
2,91,991,91,91,91
1,2,28,1,2,2
1,91,991,91,91,91
1,93,16,93,93,93
1,91,991,91,91,91
1,91,991,91,91,91
2,93,16,93,93,93
1,15,16,1,1,2
1,91,991,91,91,91
1,91,991,91,91,91
1,30,17,1,2,2
1,91,991,91,91,91
2,93,20,93,93,93
2,12,14,1,1,2
1,91,991,91,91,91
1,30,17,1,1,1
1,98,13,98,98,98
2,2,19,2,2,1
2,93,16,93,93,93
1,91,991,91,91,91
2,91,991,91,91,91
2,91,991,91,91,91
1,91,991,91,91,91
2,91,991,91,91,91
1,12,24,1,2,1
1,91,991,91,91,91
1,93,17,93,93,93
2,91,991,91,91,91
2,93,20,93,93,93
2,91,991,91,91,91
1,93,25,93,93,93
2,98,985,98,98,98
2,93,14,93,93,93
2,93,12,93,93,93
1,91,991,91,91,91
2,1,18,2,2,1
1,21,22,2,2,1
1,93,21,93,93,93
2,91,991,91,91,91
1,91,991,91,91,91
2,93,23,93,93,93
2,4,15,1,2,2
2,11,17,1,1,2
1,18,19,1,2,1
2,91,991,91,91,91
2,91,991,91,91,91
2,93,15,93,93,93
2,91,991,91,91,91
1,12,18,1,1,2
1,91,991,91,91,91
1,93,16,93,93,93
2,91,991,91,91,91
1,7,18,2,1,1
2,93,14,93,93,93
1,91,991,91,91,91
1,91,991,91,91,91
1,30,15,2,1,1
2,4,12,1,1,1
1,93,21,93,93,93
1,91,991,91,91,91
1,93,21,93,93,93
1,91,991,91,91,91
2,91,991,91,91,91
1,91,991,91,91,91
2,91,991,91,91,91
2,93,20,93,93,93
1,91,991,91,91,91
1,91,991,91,91,91
2,93,15,93,93,93
1,91,991,91,91,91
2,91,991,91,91,91
2,91,991,91,91,91
2,91,991,91,91,91
1,91,991,91,91,91
1,5,18,2,2,1
2,91,991,91,91,91
2,93,15,93,93,93
1,93,16,93,93,93
2,93,21,93,93,93
2,30,18,1,1,2
1,91,991,91,91,91
1,91,991,91,91,91
1,93,14,93,93,93
2,93,14,93,93,93
2,91,991,91,91,91
2,30,16,1,2,2
1,91,991,91,91,91
2,91,991,91,91,91
1,91,991,91,91,91
2,91,991,91,91,91
1,93,15,93,93,93
1,91,991,91,91,91
2,93,34,93,93,93
2,91,991,91,91,91
2,93,19,93,93,93
2,91,991,91,91,91
2,93,30,93,93,93
2,91,991,91,91,91
2,91,991,91,91,91
1,91,991,91,91,91
2,91,991,91,91,91
2,93,15,93,93,93
1,93,20,93,93,93
2,30,7,1,2,2
2,2,12,1,2,2
1,30,10,1,2,2
1,1,15,2,2,1
1,93,17,93,93,93
2,91,991,91,91,91
2,93,22,93,93,93
1,91,991,91,91,91
2,91,991,91,91,91
2,93,52,93,93,93
1,91,991,91,91,91
2,1,20,2,1,2
2,91,991,91,91,91
2,93,15,93,93,93
1,91,991,91,91,91
2,93,14,93,93,93
1,91,991,91,91,91
2,91,991,91,91,91
2,91,991,91,91,91
2,91,991,91,91,91
2,91,991,91,91,91
1,25,16,1,2,2
1,93,16,93,93,93
1,91,991,91,91,91
2,91,991,91,91,91
1,91,991,91,91,91
2,91,991,91,91,91
2,91,991,91,91,91
1,91,991,91,91,91
2,12,17,2,1,1
2,93,48,93,93,93
2,30,15,1,2,2
2,91,991,91,91,91
1,91,991,91,91,91
2,91,991,91,91,91
2,93,18,93,93,93
2,93,15,93,93,93
2,91,991,91,91,91
1,25,16,1,2,2
1,93,14,93,93,93
1,91,991,91,91,91
1,93,26,93,93,93
1,98,14,98,98,98
1,91,991,91,91,91
1,91,991,91,91,91
1,2,16,1,1,1
2,93,19,93,93,93
1,93,13,93,93,93
1,91,991,91,91,91
2,5,21,1,2,2
1,91,991,91,91,91
2,91,991,91,91,91
2,91,991,91,91,91
2,93,18,93,93,93
2,91,991,91,91,91
2,93,16,93,93,93
1,91,991,91,91,91
2,91,991,91,91,91
2,91,991,91,91,91
2,93,19,93,93,93
2,93,15,93,93,93
1,91,991,91,91,91
2,10,17,1,2,2
2,91,991,91,91,91
1,91,991,91,91,91
1,91,991,91,91,91
2,93,12,93,93,93
2,91,991,91,91,91
1,98,14,98,98,98
2,93,14,93,93,93
1,91,991,91,91,91
1,93,17,93,93,93
1,91,991,91,91,91
1,91,991,91,91,91
2,93,24,93,93,93
1,91,991,91,91,91
2,91,991,91,91,91
1,91,991,91,91,91
1,5,14,1,2,2
2,30,17,1,1,2
2,91,991,91,91,91
1,91,991,91,91,91
1,91,991,91,91,91
2,1,17,1,2,2
1,93,12,93,93,93
1,91,991,91,91,91
1,3,18,1,2,1
2,93,43,93,93,93
2,1,994,1,2,2
1,91,991,91,91,91
1,91,991,91,91,91
2,93,21,93,93,93
1,91,991,91,91,91
1,91,991,91,91,91
1,4,52,1,1,1
2,91,991,91,91,91
1,91,991,91,91,91
2,93,25,93,93,93
2,91,991,91,91,91
1,93,21,93,93,93
1,91,991,91,91,91
2,5,16,1,1,2
2,91,991,91,91,91
1,93,17,93,93,93
1,93,21,93,93,93
1,91,991,91,91,91
1,91,991,91,91,91
1,93,13,93,93,93
2,91,991,91,91,91
2,91,991,91,91,91
2,91,991,91,91,91
2,91,991,91,91,91
2,93,26,93,93,93
1,91,991,91,91,91
1,91,991,91,91,91
2,3,14,2,1,2
1,30,12,1,2,2
1,93,35,93,93,93
2,93,18,93,93,93
1,30,6,1,1,1
1,91,991,91,91,91
1,93,20,93,93,93
1,20,18,1,2,1
1,30,13,1,2,2
2,91,991,91,91,91
2,2,32,1,1,2
1,91,991,91,91,91
1,91,991,91,91,91
1,91,991,91,91,91
2,91,991,91,91,91
1,1,22,1,2,2
2,93,22,93,93,93
2,91,991,91,91,91
1,91,991,91,91,91
1,91,991,91,91,91
1,10,24,2,1,2
1,3,10,1,1,1
1,93,15,93,93,93
1,91,991,91,91,91
1,93,18,93,93,93
2,91,991,91,91,91
2,28,16,1,2,2
1,91,991,91,91,91
2,91,991,91,91,91
2,93,17,93,93,93
2,91,991,91,91,91
1,91,991,91,91,91
2,91,991,91,91,91
2,91,991,91,91,91
1,91,991,91,91,91
2,93,18,93,93,93
2,30,16,1,1,1
2,91,991,91,91,91
2,20,18,2,1,1
2,93,16,93,93,93
2,93,14,93,93,93
1,93,16,93,93,93
1,93,16,93,93,93
1,2,13,1,2,2
1,91,991,91,91,91
1,93,21,93,93,93
2,15,27,2,2,1
2,91,991,91,91,91
2,91,991,91,91,91
1,93,21,93,93,93
2,91,991,91,91,91
2,91,991,91,91,91
2,91,991,91,91,91
1,91,991,91,91,91
1,91,991,91,91,91
1,93,15,93,93,93
1,91,991,91,91,91
2,30,16,1,1,1
1,93,17,93,93,93
1,91,991,91,91,91
1,91,991,91,91,91
1,91,991,91,91,91
2,93,18,93,93,93
1,93,16,93,93,93
2,91,991,91,91,91
1,91,991,91,91,91
2,91,991,91,91,91
1,93,14,93,93,93
2,91,991,91,91,91
1,3,19,1,2,2
2,26,13,1,2,2
1,91,991,91,91,91
2,91,991,91,91,91
2,91,991,91,91,91
2,93,21,93,93,93
1,91,991,91,91,91
1,91,991,91,91,91
1,91,991,91,91,91
2,91,991,91,91,91
2,91,991,91,91,91
1,91,991,91,91,91
2,91,991,91,91,91
2,91,991,91,91,91
1,91,991,91,91,91
1,30,15,1,1,2
2,91,991,91,91,91
1,91,991,91,91,91
1,91,991,91,91,91
1,93,17,93,93,93
2,91,991,91,91,91
1,91,991,91,91,91
2,91,991,91,91,91
2,91,991,91,91,91
1,91,991,91,91,91
2,15,17,1,2,1
1,91,991,91,91,91
2,93,18,93,93,93
2,91,991,91,91,91
2,91,991,91,91,91
2,91,991,91,91,91
2,93,19,93,93,93
2,91,991,91,91,91
2,91,991,91,91,91
2,93,17,93,93,93
2,91,991,91,91,91
2,93,18,93,93,93
1,91,991,91,91,91
1,28,15,1,1,2
1,93,12,93,93,93
2,91,991,91,91,91
1,2,21,2,1,2
2,91,991,91,91,91
2,91,991,91,91,91
2,93,19,93,93,93
2,91,991,91,91,91
1,91,991,91,91,91
1,91,991,91,91,91
1,91,991,91,91,91
1,30,12,1,2,2
2,91,991,91,91,91
2,91,991,91,91,91
2,91,991,91,91,91
2,91,991,91,91,91
1,93,16,93,93,93
1,93,16,93,93,93
1,91,991,91,91,91
1,91,991,91,91,91
1,15,60,2,2,1
1,93,64,93,93,93
2,91,991,91,91,91
1,30,12,1,2,2
2,91,991,91,91,91
2,93,18,93,93,93
1,7,7,2,1,2
2,30,15,1,1,1
2,93,16,93,93,93
2,93,17,93,93,93
1,93,17,93,93,93
2,91,991,91,91,91
2,91,991,91,91,91
2,91,991,91,91,91
1,30,18,1,1,2
1,91,991,91,91,91
1,91,991,91,91,91
1,5,18,2,1,2
2,20,13,1,1,2
2,93,17,93,93,93
2,93,12,93,93,93
2,91,991,91,91,91
1,91,991,91,91,91
2,91,991,91,91,91
2,91,991,91,91,91
1,91,991,91,91,91
2,91,991,91,91,91
1,93,22,93,93,93
1,91,991,91,91,91
2,93,21,93,93,93
2,93,17,93,93,93
1,91,991,91,91,91
2,93,16,93,93,93
1,91,991,91,91,91
1,91,991,91,91,91
1,22,15,1,2,2
2,30,16,1,2,1
1,30,14,2,2,2
1,91,991,91,91,91
2,3,17,1,1,1
2,93,15,93,93,93
1,91,991,91,91,91
1,91,991,91,91,91
1,91,991,91,91,91
2,91,991,91,91,91
1,93,16,93,93,93
2,1,19,2,2,1
2,91,991,91,91,91
1,93,18,93,93,93
2,91,991,91,91,91
1,91,991,91,91,91
2,91,991,91,91,91
1,30,8,1,1,1
2,91,991,91,91,91
2,91,991,91,91,91
1,91,991,91,91,91
2,93,16,93,93,93
2,93,12,93,93,93
2,91,991,91,91,91
2,91,991,91,91,91
1,91,991,91,91,91
2,1,15,2,1,2
2,93,17,93,93,93
1,91,991,91,91,91
1,93,20,93,93,93
1,30,17,1,2,2
2,91,991,91,91,91
1,91,991,91,91,91
2,91,991,91,91,91
1,91,991,91,91,91
1,91,991,91,91,91
2,91,991,91,91,91
1,91,991,91,91,91
2,91,991,91,91,91
2,91,991,91,91,91
2,91,991,91,91,91
1,30,12,1,1,2
2,91,991,91,91,91
2,93,14,93,93,93
1,93,16,93,93,93
1,30,18,1,1,2
2,91,991,91,91,91
1,91,991,91,91,91
2,91,991,91,91,91
2,91,991,91,91,91
2,91,991,91,91,91
2,91,991,91,91,91
2,91,991,91,91,91
1,10,24,1,1,2
1,91,991,91,91,91
1,91,991,91,91,91
1,93,22,93,93,93
1,91,991,91,91,91
2,93,19,93,93,93
1,91,991,91,91,91
1,93,15,93,93,93
1,25,15,1,1,1
2,91,991,91,91,91
1,2,27,1,2,2
2,91,991,91,91,91
1,93,21,93,93,93
2,91,991,91,91,91
2,91,991,91,91,91
2,3,15,1,2,2
1,91,991,91,91,91
2,91,991,91,91,91
2,91,991,91,91,91
1,93,14,93,93,93
2,91,991,91,91,91
2,93,25,93,93,93
1,93,19,93,93,93
2,91,991,91,91,91
2,91,991,91,91,91
1,1,13,2,2,1
2,1,18,2,2,1
2,91,991,91,91,91
1,4,40,1,2,1
1,91,991,91,91,91
2,2,15,2,2,1
2,93,19,93,93,93
1,91,991,91,91,91
2,93,16,93,93,93
2,2,18,1,2,2
2,5,14,1,2,1
2,91,991,91,91,91
1,91,991,91,91,91
1,91,991,91,91,91
2,91,991,91,91,91
1,91,991,91,91,91
1,93,20,93,93,93
1,30,11,1,2,2
1,93,15,93,93,93
1,20,20,2,2,2
2,30,14,1,1,2
2,91,991,91,91,91
2,91,991,91,91,91
1,91,991,91,91,91
1,93,16,93,93,93
2,93,16,93,93,93
2,91,991,91,91,91
2,91,991,91,91,91
2,91,991,91,91,91
2,91,991,91,91,91
2,30,12,1,1,2
2,93,15,93,93,93
2,12,17,1,1,2
2,1,29,2,2,1
2,93,19,93,93,93
2,91,991,91,91,91
1,91,991,91,91,91
2,91,991,91,91,91
1,30,17,1,1,1
2,93,18,93,93,93
1,91,991,91,91,91
1,91,991,91,91,91
2,91,991,91,91,91
2,91,991,91,91,91
1,91,991,91,91,91
1,14,15,1,2,1
1,1,16,1,1,1
2,91,991,91,91,91
2,91,991,91,91,91
1,93,17,93,93,93
2,93,18,93,93,93
1,91,991,91,91,91
1,93,14,93,93,93
1,93,18,93,93,93
1,93,15,93,93,93
1,91,991,91,91,91
2,91,991,91,91,91
1,93,17,93,93,93
1,91,991,91,91,91
1,91,991,91,91,91
2,91,991,91,91,91
2,93,16,93,93,93
1,91,991,91,91,91
1,91,991,91,91,91
1,91,991,91,91,91
1,91,991,91,91,91
1,93,17,93,93,93
2,93,19,93,93,93
1,91,991,91,91,91
2,91,991,91,91,91
2,93,14,93,93,93
1,93,18,93,93,93
2,91,991,91,91,91
2,12,20,1,2,2
1,30,13,1,2,1
2,91,991,91,91,91
2,93,21,93,93,93
1,91,991,91,91,91
2,91,991,91,91,91
1,5,16,1,1,1
2,91,991,91,91,91
1,91,991,91,91,91
2,91,991,91,91,91
1,91,991,91,91,91
1,91,991,91,91,91
1,93,17,93,93,93
1,91,991,91,91,91
2,93,19,93,93,93
1,91,991,91,91,91
2,91,991,91,91,91
1,91,991,91,91,91
1,91,991,91,91,91
1,30,12,1,2,2
1,91,991,91,91,91
1,30,19,1,2,2
1,91,991,91,91,91
2,91,991,91,91,91
2,91,991,91,91,91
1,91,991,91,91,91
2,91,991,91,91,91
2,1,18,2,1,2
1,30,17,1,2,2
1,91,991,91,91,91
1,93,16,93,93,93
1,91,991,91,91,91
2,93,19,93,93,93
1,20,10,1,2,1
2,93,16,93,93,93
2,91,991,91,91,91
1,93,16,93,93,93
1,3,19,1,2,1
1,91,991,91,91,91
2,91,991,91,91,91
1,91,991,91,91,91
1,93,28,93,93,93
2,91,991,91,91,91
2,91,991,91,91,91
1,91,991,91,91,91
2,91,991,91,91,91
2,91,991,91,91,91
2,91,991,91,91,91
2,91,991,91,91,91
1,91,991,91,91,91
1,91,991,91,91,91
2,91,991,91,91,91
1,91,991,91,91,91
2,93,18,93,93,93
2,91,991,91,91,91
1,91,991,91,91,91
1,93,17,93,93,93
2,93,16,93,93,93
2,91,991,91,91,91
2,1,13,2,2,1
1,93,14,93,93,93
2,91,991,91,91,91
2,30,14,1,1,2
1,91,991,91,91,91
2,91,991,91,91,91
2,91,991,91,91,91
2,91,991,91,91,91
1,91,991,91,91,91
1,91,991,91,91,91
1,91,991,91,91,91
1,91,991,91,91,91
1,93,28,93,93,93
2,91,991,91,91,91
1,91,991,91,91,91
2,1,15,2,2,1
1,91,991,91,91,91
2,1,17,1,2,2
1,93,20,93,93,93
2,93,14,93,93,93
1,4,13,1,2,2
1,91,991,91,91,91
2,1,20,2,1,2
1,93,17,93,93,93
2,93,15,93,93,93
2,93,22,93,93,93
1,93,16,93,93,93
2,91,991,91,91,91
1,93,24,93,93,93
2,91,991,91,91,91
2,91,991,91,91,91
2,30,20,1,1,2
1,91,991,91,91,91
1,91,991,91,91,91
1,98,998,98,98,98
2,93,23,93,93,93
2,91,991,91,91,91
2,91,991,91,91,91
2,91,991,91,91,91
1,30,12,1,2,2
1,91,991,91,91,91
2,93,19,93,93,93
2,91,991,91,91,91
2,93,19,93,93,93
2,93,15,93,93,93
2,20,994,1,2,2
2,93,15,93,93,93
2,93,44,93,93,93
1,91,991,91,91,91
2,93,17,93,93,93
2,91,991,91,91,91
1,91,991,91,91,91
2,91,991,91,91,91
2,91,991,91,91,91
2,91,991,91,91,91
2,93,30,93,93,93
2,1,19,1,2,2
1,13,14,1,2,1
1,91,991,91,91,91
1,91,991,91,91,91
2,91,991,91,91,91
1,20,13,1,1,2
1,91,991,91,91,91
1,91,991,91,91,91
1,91,991,91,91,91
2,20,14,2,2,1
2,93,16,93,93,93
2,91,991,91,91,91
1,91,991,91,91,91
1,5,18,2,2,1
2,30,21,1,2,2
2,93,58,93,93,93
1,91,991,91,91,91
2,93,15,93,93,93
1,91,991,91,91,91
2,91,991,91,91,91
2,91,991,91,91,91
2,91,991,91,91,91
1,91,991,91,91,91
2,91,991,91,91,91
1,93,21,93,93,93
2,91,991,91,91,91
1,93,16,93,93,93
2,93,13,93,93,93
2,93,20,93,93,93
2,93,23,93,93,93
2,91,991,91,91,91
1,91,991,91,91,91
1,91,991,91,91,91
2,93,12,93,93,93
1,91,991,91,91,91
1,93,16,93,93,93
2,11,49,2,2,2
2,93,17,93,93,93
2,93,15,93,93,93
1,91,991,91,91,91
2,91,991,91,91,91
2,4,24,2,2,1
1,91,991,91,91,91
2,93,21,93,93,93
2,93,22,93,93,93
1,93,32,93,93,93
1,91,991,91,91,91
1,91,991,91,91,91
1,1,13,1,1,1
2,91,991,91,91,91
1,91,991,91,91,91
2,91,991,91,91,91
2,30,14,2,1,2
1,93,25,93,93,93
2,91,991,91,91,91
2,91,991,91,91,91
2,91,991,91,91,91
2,93,15,93,93,93
2,91,991,91,91,91
2,93,30,93,93,93
1,91,991,91,91,91
1,91,991,91,91,91
2,91,991,91,91,91
1,91,991,91,91,91
1,21,21,1,2,2
1,93,19,93,93,93
1,91,991,91,91,91
2,91,991,91,91,91
1,93,15,93,93,93
2,91,991,91,91,91
2,91,991,91,91,91
1,93,18,93,93,93
2,93,12,93,93,93
2,91,991,91,91,91
1,91,991,91,91,91
1,30,18,1,2,2
1,91,991,91,91,91
2,2,21,2,2,1
2,91,991,91,91,91
2,20,12,1,2,2
1,91,991,91,91,91
1,30,17,1,1,1
2,93,20,93,93,93
2,93,24,93,93,93
2,93,14,93,93,93
2,93,16,93,93,93
2,1,16,1,2,2
2,93,19,93,93,93
1,93,18,93,93,93
1,91,991,91,91,91
2,91,991,91,91,91
2,91,991,91,91,91
2,91,991,91,91,91
1,91,991,91,91,91
1,91,991,91,91,91
2,30,16,1,2,1
2,91,991,91,91,91
1,91,991,91,91,91
2,93,17,93,93,93
2,93,15,93,93,93
2,91,991,91,91,91
1,97,997,98,98,98
2,93,15,93,93,93
2,91,991,91,91,91
2,91,991,91,91,91
1,98,14,98,98,98
1,30,14,1,1,2
2,91,991,91,91,91
1,93,16,93,93,93
1,93,14,93,93,93
2,93,16,93,93,93
1,91,991,91,91,91
1,91,991,91,91,91
2,91,991,91,91,91
1,91,991,91,91,91
2,93,19,93,93,93
2,91,991,91,91,91
1,93,16,93,93,93
2,30,21,1,2,2
2,91,991,91,91,91
1,91,991,91,91,91
1,20,20,1,2,1
2,91,991,91,91,91
2,91,991,91,91,91
1,91,991,91,91,91
1,93,16,93,93,93
1,91,991,91,91,91
2,30,23,2,1,2
2,91,991,91,91,91
1,91,991,91,91,91
2,91,991,91,91,91
1,93,20,93,93,93
1,91,991,91,91,91
2,93,14,93,93,93
1,7,10,1,1,1
2,93,17,93,93,93
2,91,991,91,91,91
1,91,991,91,91,91
1,91,991,91,91,91
1,91,991,91,91,91
1,91,991,91,91,91
1,91,991,91,91,91
2,91,991,91,91,91
1,91,991,91,91,91
2,91,991,91,91,91
1,30,22,1,1,2
2,93,14,93,93,93
1,91,991,91,91,91
1,93,14,93,93,93
2,91,991,91,91,91
2,91,991,91,91,91
2,93,18,93,93,93
1,30,23,1,2,2
2,91,991,91,91,91
2,91,991,91,91,91
1,91,991,91,91,91
1,30,16,1,1,2
2,93,17,93,93,93
1,30,13,1,1,1
1,93,18,93,93,93
2,1,14,1,2,2
2,93,19,93,93,93
1,93,14,93,93,93
2,91,991,91,91,91
2,91,991,91,91,91
1,93,18,93,93,93
2,91,991,91,91,91
1,93,16,93,93,93
2,91,991,91,91,91
2,30,16,1,2,2
1,91,991,91,91,91
1,15,15,1,1,1
2,91,991,91,91,91
1,93,24,93,93,93
1,91,991,91,91,91
2,91,991,91,91,91
1,93,20,93,93,93
1,93,22,93,93,93
2,91,991,91,91,91
1,91,991,91,91,91
1,30,14,1,2,1
2,25,13,1,1,2
1,10,13,1,2,2
2,91,991,91,91,91
2,91,991,91,91,91
2,93,13,93,93,93
2,91,991,91,91,91
2,30,18,1,1,2
1,30,13,1,2,2
1,93,18,93,93,93
2,91,991,91,91,91
2,91,991,91,91,91
1,91,991,91,91,91
1,91,991,91,91,91
1,93,16,93,93,93
1,5,14,2,1,1
1,91,991,91,91,91
2,91,991,91,91,91
2,1,10,1,2,2
1,30,7,1,2,2
2,91,991,91,91,91
1,91,991,91,91,91
1,91,991,91,91,91
2,30,14,1,2,2
2,91,991,91,91,91
2,91,991,91,91,91
1,91,991,91,91,91
2,93,16,93,93,93
2,91,991,91,91,91
1,91,991,91,91,91
1,91,991,91,91,91
2,30,16,1,1,2
1,93,16,93,93,93
2,93,18,93,93,93
1,91,991,91,91,91
2,91,991,91,91,91
2,91,991,91,91,91
2,91,991,91,91,91
1,91,991,91,91,91
2,91,991,91,91,91
1,91,991,91,91,91
2,29,17,1,1,1
2,93,11,93,93,93
2,93,23,93,93,93
2,2,18,1,2,2
2,93,18,93,93,93
2,93,16,93,93,93
1,93,19,93,93,93
2,91,991,91,91,91
2,93,18,93,93,93
1,25,13,1,2,2
1,91,991,91,91,91
2,91,991,91,91,91
1,22,17,2,2,1
2,5,25,2,2,1
1,91,991,91,91,91
2,5,10,1,2,2
2,3,17,2,1,1
1,91,991,91,91,91
2,91,991,91,91,91
2,93,18,93,93,93
1,93,20,93,93,93
2,91,991,91,91,91
2,91,991,91,91,91
2,3,18,1,1,1
1,91,991,91,91,91
2,93,16,93,93,93
2,91,991,91,91,91
1,30,17,1,2,1
2,91,991,91,91,91
1,4,994,2,1,2
2,93,15,93,93,93
1,91,991,91,91,91
1,2,21,1,2,1
2,91,991,91,91,91
1,93,15,93,93,93
2,20,17,1,2,2
2,1,17,1,2,2
1,93,15,93,93,93
2,91,991,91,91,91
2,91,991,91,91,91
2,93,22,93,93,93
2,30,24,2,1,2
1,93,24,93,93,93
2,91,991,91,91,91
2,91,991,91,91,91
1,91,991,91,91,91
2,91,991,91,91,91
1,91,991,91,91,91
1,30,12,1,1,2
2,91,991,91,91,91
1,91,991,91,91,91
2,93,16,93,93,93
2,91,991,91,91,91
1,91,991,91,91,91
2,91,991,91,91,91
2,1,12,1,1,1
2,93,15,93,93,93
1,93,16,93,93,93
1,91,991,91,91,91
1,91,991,91,91,91
1,22,18,1,2,2
1,91,991,91,91,91
2,91,991,91,91,91
1,8,17,2,1,2
2,91,991,91,91,91
2,91,991,91,91,91
1,91,991,91,91,91
2,93,20,93,93,93
2,28,26,2,2,1
1,93,12,93,93,93
1,93,13,93,93,93
1,93,10,93,93,93
1,93,14,93,93,93
1,93,18,93,93,93
2,91,991,91,91,91
2,91,991,91,91,91
1,91,991,91,91,91
2,91,991,91,91,91
2,91,991,91,91,91
2,93,17,93,93,93
2,93,16,93,93,93
1,29,19,1,1,1
1,91,991,91,91,91
1,15,16,1,2,2
2,91,991,91,91,91
2,30,13,1,2,2
1,91,991,91,91,91
1,91,991,91,91,91
1,93,21,93,93,93
2,91,991,91,91,91
2,91,991,91,91,91
2,91,991,91,91,91
1,91,991,91,91,91
1,91,991,91,91,91
2,91,991,91,91,91
2,4,18,1,2,1
1,93,18,93,93,93
2,91,991,91,91,91
1,93,18,93,93,93
2,93,15,93,93,93
2,91,991,91,91,91
2,91,991,91,91,91
2,91,991,91,91,91
1,25,14,1,1,1
2,93,27,93,93,93
2,93,15,93,93,93
2,91,991,91,91,91
1,91,991,91,91,91
2,91,991,91,91,91
2,93,19,93,93,93
1,91,991,91,91,91
1,91,991,91,91,91
1,93,16,93,93,93
2,91,991,91,91,91
1,93,20,93,93,93
1,91,991,91,91,91
1,30,38,2,1,1
2,91,991,91,91,91
2,93,17,93,93,93
2,91,991,91,91,91
2,93,12,93,93,93
2,91,991,91,91,91
2,91,991,91,91,91
1,30,13,1,1,2
2,91,991,91,91,91
2,91,991,91,91,91
2,91,991,91,91,91
1,91,991,91,91,91
2,93,21,93,93,93
1,91,991,91,91,91
2,91,991,91,91,91
1,93,17,93,93,93
2,91,991,91,91,91
2,93,15,93,93,93
1,91,991,91,91,91
1,91,991,91,91,91
2,91,991,91,91,91
1,91,991,91,91,91
2,93,11,93,93,93
2,91,991,91,91,91
2,91,991,91,91,91
2,1,16,2,2,1
1,93,17,93,93,93
1,93,17,93,93,93
2,91,991,91,91,91
2,91,991,91,91,91
1,93,17,93,93,93
2,30,15,1,1,1
1,98,18,98,98,98
1,30,14,1,2,2
2,30,35,2,2,1
1,91,991,91,91,91
1,91,991,91,91,91
1,91,991,91,91,91
2,2,16,2,2,1
1,93,21,93,93,93
1,91,991,91,91,91
2,93,14,93,93,93
2,93,15,93,93,93
1,91,991,91,91,91
1,91,991,91,91,91
2,93,997,93,93,93
2,93,16,93,93,93
2,5,16,1,2,2
1,8,68,2,2,3
2,1,17,1,2,2
2,91,991,91,91,91
2,93,17,93,93,93
2,91,991,91,91,91
1,98,17,98,98,98
2,91,991,91,91,91
1,91,991,91,91,91
2,91,991,91,91,91
1,91,991,91,91,91
2,91,991,91,91,91
1,93,18,93,93,93
1,91,991,91,91,91
2,91,991,91,91,91
2,93,21,93,93,93
2,30,18,1,2,2
2,91,991,91,91,91
2,91,991,91,91,91
1,91,991,91,91,91
2,93,19,93,93,93
1,91,991,91,91,91
1,93,16,93,93,93
2,91,991,91,91,91
1,93,18,93,93,93
2,91,991,91,91,91
2,6,18,1,2,2
2,91,991,91,91,91
1,93,22,93,93,93
2,91,991,91,91,91
2,93,18,93,93,93
2,93,16,93,93,93
2,91,991,91,91,91
2,91,991,91,91,91
2,30,13,1,1,1
2,91,991,91,91,91
2,91,991,91,91,91
2,91,991,91,91,91
2,91,991,91,91,91
2,30,18,1,1,1
2,93,15,93,93,93
1,91,991,91,91,91
2,91,991,91,91,91
2,91,991,91,91,91
1,91,991,91,91,91
1,91,991,91,91,91
2,91,991,91,91,91
2,91,991,91,91,91
1,5,13,1,2,2
2,9,16,1,2,2
1,2,20,2,1,2
1,91,991,91,91,91
2,91,991,91,91,91
2,20,15,1,2,2
2,28,19,1,1,2
1,91,991,91,91,91
1,2,18,2,2,1
1,2,22,1,1,2
1,93,14,93,93,93
2,91,991,91,91,91
2,91,991,91,91,91
2,91,991,91,91,91
1,91,991,91,91,91
1,91,991,91,91,91
2,91,991,91,91,91
1,30,17,1,1,2
1,93,14,93,93,93
1,91,991,91,91,91
1,91,991,91,91,91
2,91,991,91,91,91
2,91,991,91,91,91
2,93,14,93,93,93
2,91,991,91,91,91
2,93,19,93,93,93
2,93,16,93,93,93
1,91,991,91,91,91
1,91,991,91,91,91
1,91,991,91,91,91
2,93,16,93,93,93
2,91,991,91,91,91
2,91,991,91,91,91
1,91,991,91,91,91
2,91,991,91,91,91
1,30,17,2,1,2
1,91,991,91,91,91
2,30,10,1,1,1
1,91,991,91,91,91
2,91,991,91,91,91
2,93,18,93,93,93
2,91,991,91,91,91
2,91,991,91,91,91
2,93,59,93,93,93
2,91,991,91,91,91
2,91,991,91,91,91
2,91,991,91,91,91
1,93,18,93,93,93
1,93,16,93,93,93
2,91,991,91,91,91
1,91,991,91,91,91
1,91,991,91,91,91
1,91,991,91,91,91
2,91,991,91,91,91
1,93,16,93,93,93
2,93,20,93,93,93
1,91,991,91,91,91
2,93,19,93,93,93
1,93,18,93,93,93
1,93,18,93,93,93
2,1,18,2,2,1
1,91,991,91,91,91
2,30,14,1,2,2
1,91,991,91,91,91
1,93,24,93,93,93
1,30,17,1,2,2
1,93,16,93,93,93
2,30,28,1,2,2
2,2,14,2,1,2
1,91,991,91,91,91
2,30,21,1,1,2
2,1,22,2,2,1
1,91,991,91,91,91
2,8,12,1,2,2
2,91,991,91,91,91
2,91,991,91,91,91
1,93,18,93,93,93
1,2,15,1,2,2
2,91,991,91,91,91
1,91,991,91,91,91
1,91,991,91,91,91
2,93,13,93,93,93
2,91,991,91,91,91
2,93,20,93,93,93
1,93,12,93,93,93
1,91,991,91,91,91
2,93,22,93,93,93
1,30,16,1,1,1
2,93,24,93,93,93
2,91,991,91,91,91
1,93,14,93,93,93
2,91,991,91,91,91
2,91,991,91,91,91
2,20,10,1,2,2
1,91,991,91,91,91
2,93,14,93,93,93
1,91,991,91,91,91
2,91,991,91,91,91
1,91,991,91,91,91
1,93,20,93,93,93
2,93,10,93,93,93
2,91,991,91,91,91
2,91,991,91,91,91
2,91,991,91,91,91
1,91,991,91,91,91
2,93,18,93,93,93
2,91,991,91,91,91
2,15,17,1,1,2
2,91,991,91,91,91
2,93,14,93,93,93
1,30,15,1,2,2
2,93,18,93,93,93
2,93,24,93,93,93
1,91,991,91,91,91
1,93,16,93,93,93
1,91,991,91,91,91
2,93,24,93,93,93
2,19,16,2,2,1
2,91,991,91,91,91
1,91,991,91,91,91
2,91,991,91,91,91
2,91,991,91,91,91
2,91,991,91,91,91
1,91,991,91,91,91
1,93,17,93,93,93
2,93,22,93,93,93
1,91,991,91,91,91
2,91,991,91,91,91
2,91,991,91,91,91
1,91,991,91,91,91
2,30,19,1,2,2
2,91,991,91,91,91
1,91,991,91,91,91
1,91,991,91,91,91
1,93,14,93,93,93
2,93,16,93,93,93
2,93,20,93,93,93
1,91,991,91,91,91
1,93,18,93,93,93
2,93,17,93,93,93
1,93,19,93,93,93
1,91,991,91,91,91
1,91,991,91,91,91
2,91,991,91,91,91
2,91,991,91,91,91
1,91,991,91,91,91
1,93,16,93,93,93
1,91,991,91,91,91
1,91,991,91,91,91
2,93,11,93,93,93
2,93,12,93,93,93
1,91,991,91,91,91
1,91,991,91,91,91
1,93,16,93,93,93
1,93,14,93,93,93
2,93,24,93,93,93
2,28,14,1,2,2
2,93,18,93,93,93
2,25,16,1,2,2
2,93,15,93,93,93
1,30,15,1,2,2
1,91,991,91,91,91
2,91,991,91,91,91
1,91,991,91,91,91
1,91,991,91,91,91
2,30,19,1,1,2
2,4,15,1,1,2
2,93,25,93,93,93
1,91,991,91,91,91
2,91,991,91,91,91
1,91,991,91,91,91
1,91,991,91,91,91
2,91,991,91,91,91
2,15,18,1,2,1
2,91,991,91,91,91
1,91,991,91,91,91
2,91,991,91,91,91
1,93,17,93,93,93
1,91,991,91,91,91
2,93,15,93,93,93
1,91,991,91,91,91
1,91,991,91,91,91
1,93,18,93,93,93
2,91,991,91,91,91
2,91,991,91,91,91
1,30,15,1,1,1
1,30,23,1,2,2
2,91,991,91,91,91
1,91,991,91,91,91
2,91,991,91,91,91
2,91,991,91,91,91
2,91,991,91,91,91
1,91,991,91,91,91
2,91,991,91,91,91
2,91,991,91,91,91
1,30,14,1,2,2
1,91,991,91,91,91
1,20,12,1,1,2
1,91,991,91,91,91
1,7,16,2,2,1
1,30,18,1,1,2
1,91,991,91,91,91
2,5,17,1,2,2
1,91,991,91,91,91
1,1,18,1,2,2
1,91,991,91,91,91
2,91,991,91,91,91
2,91,991,91,91,91
2,91,991,91,91,91
2,91,991,91,91,91
2,93,19,93,93,93
1,91,991,91,91,91
2,93,16,93,93,93
2,93,17,93,93,93
1,91,991,91,91,91
1,93,20,93,93,93
2,12,18,1,1,1
2,93,21,93,93,93
2,91,991,91,91,91
2,91,991,91,91,91
2,7,13,1,2,2
1,8,16,1,1,2
1,98,13,98,98,98
2,4,13,1,1,2
2,93,12,93,93,93
1,7,14,1,2,2
2,91,991,91,91,91
1,91,991,91,91,91
1,91,991,91,91,91
1,91,991,91,91,91
1,93,18,93,93,93
2,30,16,1,1,1
2,91,991,91,91,91
1,93,18,93,93,93
2,91,991,91,91,91
1,91,991,91,91,91
1,91,991,91,91,91
1,91,991,91,91,91
1,20,12,1,1,2
2,30,15,1,1,2
2,93,16,93,93,93
1,93,18,93,93,93
1,30,11,1,2,1
1,93,15,93,93,93
2,91,991,91,91,91
1,25,16,1,1,1
1,91,991,91,91,91
1,91,991,91,91,91
1,93,16,93,93,93
1,91,991,91,91,91
1,91,991,91,91,91
2,91,991,91,91,91
2,91,991,91,91,91
1,91,991,91,91,91
2,91,991,91,91,91
1,98,985,98,98,98
1,91,991,91,91,91
1,91,991,91,91,91
1,25,15,2,1,2
2,10,18,1,1,2
2,93,17,93,93,93
2,91,991,91,91,91
1,93,22,93,93,93
1,91,991,91,91,91
2,93,18,93,93,93
2,91,991,91,91,91
1,20,17,1,2,1
2,30,14,1,1,2
2,93,15,93,93,93
2,2,13,1,1,2
2,91,991,91,91,91
2,91,991,91,91,91
1,2,24,1,2,2
2,93,27,93,93,93
1,93,16,93,93,93
1,91,991,91,91,91
1,91,991,91,91,91
2,6,16,1,1,2
2,91,991,91,91,91
1,91,991,91,91,91
2,93,12,93,93,93
1,7,12,1,2,2
2,91,991,91,91,91
2,91,991,91,91,91
2,91,991,91,91,91
2,91,991,91,91,91
1,10,18,1,2,2
2,91,991,91,91,91
1,91,991,91,91,91
2,93,15,93,93,93
1,91,991,91,91,91
1,93,997,93,93,93
1,93,14,93,93,93
2,91,991,91,91,91
2,93,14,93,93,93
2,91,991,91,91,91
2,91,991,91,91,91
1,91,991,91,91,91
1,93,19,93,93,93
2,10,20,1,2,1
1,7,15,1,2,2
2,91,991,91,91,91
2,93,23,93,93,93
1,91,991,91,91,91
2,30,11,2,1,2
1,93,13,93,93,93
2,28,15,1,2,1
1,4,17,1,2,2
2,91,991,91,91,91
2,91,991,91,91,91
2,98,12,98,98,98
2,91,991,91,91,91
2,20,15,1,2,2
2,93,16,93,93,93
2,91,991,91,91,91
2,30,12,1,1,2
1,91,991,91,91,91
2,91,991,91,91,91
1,91,991,91,91,91
1,91,991,91,91,91
2,91,991,91,91,91
1,91,991,91,91,91
2,91,991,91,91,91
2,91,991,91,91,91
2,93,16,93,93,93
1,91,991,91,91,91
2,91,991,91,91,91
2,91,991,91,91,91
2,30,16,1,2,2
1,91,991,91,91,91
1,5,18,1,2,2
1,91,991,91,91,91
2,91,991,91,91,91
1,93,10,93,93,93
2,91,991,91,91,91
2,93,18,93,93,93
1,91,991,91,91,91
2,91,991,91,91,91
1,91,991,91,91,91
1,91,991,91,91,91
2,93,25,93,93,93
2,91,991,91,91,91
1,91,991,91,91,91
2,91,991,91,91,91
2,93,26,93,93,93
2,1,23,1,2,2
2,91,991,91,91,91
2,93,19,93,93,93
1,91,991,91,91,91
2,93,18,93,93,93
2,93,23,93,93,93
2,91,991,91,91,91
2,1,18,1,1,2
1,2,18,2,2,1
2,91,991,91,91,91
1,91,991,91,91,91
2,20,17,2,2,1
2,91,991,91,91,91
2,91,991,91,91,91
1,93,17,93,93,93
2,91,991,91,91,91
1,91,991,91,91,91
1,93,15,93,93,93
1,93,15,93,93,93
2,93,14,93,93,93
2,93,20,93,93,93
1,93,15,93,93,93
1,93,21,93,93,93
2,91,991,91,91,91
1,91,991,91,91,91
1,91,991,91,91,91
1,30,14,1,2,2
1,91,991,91,91,91
2,93,19,93,93,93
1,91,991,91,91,91
1,91,991,91,91,91
1,91,991,91,91,91
1,93,18,93,93,93
2,91,991,91,91,91
2,91,991,91,91,91
1,91,991,91,91,91
1,93,13,93,93,93
2,91,991,91,91,91
2,91,991,91,91,91
2,91,991,91,91,91
1,91,991,91,91,91
2,91,991,91,91,91
1,91,991,91,91,91
2,91,991,91,91,91
1,91,991,91,91,91
1,91,991,91,91,91
1,91,991,91,91,91
1,91,991,91,91,91
2,93,19,93,93,93
2,93,23,93,93,93
2,30,15,1,2,2
1,91,991,91,91,91
1,93,16,93,93,93
1,27,16,1,1,1
2,91,991,91,91,91
1,91,991,91,91,91
1,91,991,91,91,91
1,91,991,91,91,91
2,93,14,93,93,93
2,91,991,91,91,91
1,30,15,1,1,1
2,4,15,1,2,1
2,91,991,91,91,91
1,93,14,93,93,93
2,93,19,93,93,93
1,91,991,91,91,91
2,91,991,91,91,91
1,91,991,91,91,91
2,93,17,93,93,93
2,91,991,91,91,91
2,91,991,91,91,91
1,91,991,91,91,91
2,91,991,91,91,91
1,93,12,93,93,93
1,91,991,91,91,91
1,93,12,93,93,93
2,93,20,93,93,93
1,91,991,91,91,91
1,91,991,91,91,91
2,91,991,91,91,91
2,20,15,1,2,2
1,30,15,2,2,3
1,93,12,93,93,93
1,30,19,1,1,1
1,93,14,93,93,93
2,1,18,1,2,2
2,93,21,93,93,93
1,91,991,91,91,91
2,91,991,91,91,91
1,93,25,93,93,93
1,91,991,91,91,91
2,98,18,98,98,98
1,91,991,91,91,91
2,93,17,93,93,93
2,91,991,91,91,91
1,91,991,91,91,91
2,93,17,93,93,93
2,91,991,91,91,91
2,94,14,2,1,2
2,93,12,93,93,93
1,91,991,91,91,91
2,30,20,1,2,2
2,93,14,93,93,93
1,93,19,93,93,93
1,93,13,93,93,93
2,2,15,2,2,1
1,91,991,91,91,91
2,93,15,93,93,93
1,91,991,91,91,91
2,30,15,2,1,1
2,91,991,91,91,91
1,91,991,91,91,91
1,91,991,91,91,91
2,91,991,91,91,91
2,91,991,91,91,91
1,91,991,91,91,91
2,2,14,2,2,1
2,91,991,91,91,91
2,20,18,1,2,1
2,93,13,93,93,93
1,97,14,1,1,2
2,91,991,91,91,91
1,91,991,91,91,91
2,12,18,1,1,1
2,4,12,1,2,2
1,91,991,91,91,91
2,93,21,93,93,93
2,30,16,1,2,2
2,1,16,1,1,2
1,91,991,91,91,91
1,93,17,93,93,93
1,91,991,91,91,91
1,30,8,1,2,2
1,91,991,91,91,91
2,91,991,91,91,91
2,30,14,1,1,2
2,93,14,93,93,93
2,93,13,93,93,93
1,91,991,91,91,91
1,20,13,2,1,2
2,91,991,91,91,91
2,1,16,2,1,2
1,91,991,91,91,91
2,7,20,1,2,2
2,93,16,93,93,93
2,91,991,91,91,91
1,93,15,93,93,93
1,93,12,93,93,93
2,93,17,93,93,93
2,93,16,93,93,93
1,91,991,91,91,91
1,1,16,2,1,2
2,91,991,91,91,91
2,91,991,91,91,91
1,93,16,93,93,93
2,30,18,2,1,1
1,91,991,91,91,91
1,91,991,91,91,91
1,91,991,91,91,91
1,20,10,1,2,2
1,91,991,91,91,91
1,91,991,91,91,91
1,91,991,91,91,91
1,30,15,1,2,2
1,1,20,1,2,2
2,91,991,91,91,91
2,91,991,91,91,91
2,91,991,91,91,91
1,91,991,91,91,91
2,91,991,91,91,91
2,30,17,1,2,2
2,91,991,91,91,91
2,5,13,1,1,2
2,93,15,93,93,93
2,91,991,91,91,91
1,93,14,93,93,93
1,93,17,93,93,93
1,91,991,91,91,91
2,93,18,93,93,93
2,91,991,91,91,91
2,91,991,91,91,91
2,91,991,91,91,91
2,91,991,91,91,91
1,91,991,91,91,91
2,91,991,91,91,91
1,91,991,91,91,91
2,91,991,91,91,91
2,93,16,93,93,93
2,93,15,93,93,93
1,93,20,93,93,93
2,93,15,93,93,93
2,91,991,91,91,91
1,91,991,91,91,91
1,20,16,1,2,2
2,91,991,91,91,91
2,91,991,91,91,91
2,8,42,1,2,1
2,91,991,91,91,91
2,91,991,91,91,91
1,91,991,91,91,91
2,93,14,93,93,93
2,91,991,91,91,91
1,93,21,93,93,93
2,91,991,91,91,91
1,91,991,91,91,91
1,91,991,91,91,91
1,15,21,1,2,2
2,91,991,91,91,91
2,2,17,1,1,2
2,7,21,2,2,1
1,91,991,91,91,91
1,91,991,91,91,91
1,2,23,1,2,2
2,91,991,91,91,91
1,93,21,93,93,93
2,93,15,93,93,93
2,93,16,93,93,93
1,91,991,91,91,91
1,93,22,93,93,93
1,91,991,91,91,91
1,93,18,93,93,93
1,91,991,91,91,91
2,93,20,93,93,93
2,3,15,1,2,2
1,93,18,93,93,93
2,91,991,91,91,91
1,93,17,93,93,93
1,91,991,91,91,91
2,91,991,91,91,91
2,93,16,93,93,93
1,91,991,91,91,91
2,93,27,93,93,93
1,91,991,91,91,91
2,7,11,1,1,2
1,93,30,93,93,93
2,5,13,1,2,2
2,91,991,91,91,91
2,91,991,91,91,91
1,28,19,1,1,1
1,93,16,93,93,93
2,93,19,93,93,93
2,91,991,91,91,91
2,91,991,91,91,91
1,30,15,1,1,2
2,91,991,91,91,91
2,91,991,91,91,91
1,91,991,91,91,91
2,91,991,91,91,91
2,3,14,1,1,2
2,91,991,91,91,91
2,20,17,1,2,1
1,93,25,93,93,93
2,91,991,91,91,91
1,25,16,1,2,2
2,93,18,93,93,93
2,91,991,91,91,91
2,91,991,91,91,91
1,91,991,91,91,91
1,91,991,91,91,91
2,91,991,91,91,91
1,91,991,91,91,91
1,91,991,91,91,91
2,91,991,91,91,91
1,91,991,91,91,91
2,18,13,2,1,2
1,93,18,93,93,93
1,91,991,91,91,91
1,93,16,93,93,93
2,91,991,91,91,91
2,91,991,91,91,91
2,30,14,1,1,1
2,91,991,91,91,91
2,91,991,91,91,91
2,93,14,93,93,93
1,93,18,93,93,93
1,30,13,1,2,2
2,93,16,93,93,93
1,91,991,91,91,91
2,93,13,93,93,93
1,91,991,91,91,91
1,91,991,91,91,91
2,91,991,91,91,91
1,30,12,1,2,2
1,91,991,91,91,91
2,91,991,91,91,91
1,91,991,91,91,91
1,91,991,91,91,91
2,93,18,93,93,93
1,91,991,91,91,91
2,91,991,91,91,91
1,91,991,91,91,91
2,93,16,93,93,93
2,91,991,91,91,91
1,93,21,93,93,93
1,91,991,91,91,91
2,93,16,93,93,93
1,2,18,1,2,2
2,91,991,91,91,91
2,30,15,1,1,2
1,93,16,93,93,93
2,91,991,91,91,91
2,93,20,93,93,93
1,91,991,91,91,91
2,91,991,91,91,91
2,25,14,1,2,2
1,5,16,1,1,2
1,91,991,91,91,91
2,93,21,93,93,93
2,91,991,91,91,91
1,91,991,91,91,91
1,91,991,91,91,91
1,91,991,91,91,91
1,91,991,91,91,91
2,91,991,91,91,91
1,91,991,91,91,91
1,91,991,91,91,91
2,93,20,93,93,93
2,93,15,93,93,93
1,93,16,93,93,93
1,91,991,91,91,91
1,98,20,98,98,98
2,91,991,91,91,91
1,4,16,2,2,1
2,91,991,91,91,91
2,91,991,91,91,91
1,93,15,93,93,93
1,91,991,91,91,91
1,93,16,93,93,93
1,25,17,1,1,2
1,91,991,91,91,91
2,91,991,91,91,91
1,91,991,91,91,91
2,91,991,91,91,91
2,93,16,93,93,93
2,93,18,93,93,93
2,10,21,1,1,2
1,7,18,1,2,2
2,91,991,91,91,91
2,93,18,93,93,93
1,27,19,1,1,2
1,91,991,91,91,91
1,93,12,93,93,93
1,91,991,91,91,91
1,30,16,1,2,2
1,91,991,91,91,91
1,91,991,91,91,91
2,91,991,91,91,91
1,93,20,93,93,93
2,91,991,91,91,91
2,15,16,2,1,2
1,91,991,91,91,91
2,91,991,91,91,91
1,93,19,93,93,93
2,91,991,91,91,91
1,30,18,1,2,2
2,20,13,1,1,2
2,93,19,93,93,93
2,91,991,91,91,91
2,93,8,93,93,93
1,91,991,91,91,91
2,91,991,91,91,91
2,12,16,1,2,2
2,93,17,93,93,93
1,91,991,91,91,91
2,13,19,1,2,1
1,93,25,93,93,93
1,30,18,1,1,1
1,97,997,98,98,98
1,91,991,91,91,91
1,91,991,91,91,91
1,91,991,91,91,91
2,91,991,91,91,91
2,91,991,91,91,91
2,93,17,93,93,93
1,91,991,91,91,91
2,91,991,91,91,91
1,93,14,93,93,93
1,2,15,1,2,1
2,30,17,1,2,1
1,91,991,91,91,91
2,91,991,91,91,91
1,93,20,93,93,93
2,91,991,91,91,91
1,93,27,93,93,93
2,20,18,1,1,2
1,3,18,2,2,2
1,30,14,1,1,2
1,93,16,93,93,93
1,93,18,93,93,93
1,91,991,91,91,91
2,93,23,93,93,93
1,91,991,91,91,91
1,91,991,91,91,91
2,91,991,91,91,91
2,93,15,93,93,93
1,91,991,91,91,91
1,91,991,91,91,91
1,28,21,2,2,2
2,93,21,93,93,93
1,18,21,1,1,2
1,91,991,91,91,91
2,91,991,91,91,91
2,91,991,91,91,91
1,91,991,91,91,91
2,93,16,93,93,93
2,91,991,91,91,91
1,91,991,91,91,91
1,91,991,91,91,91
1,91,991,91,91,91
2,18,17,1,2,1
2,93,13,93,93,93
1,91,991,91,91,91
1,91,991,91,91,91
2,10,17,1,2,2
2,93,18,93,93,93
1,93,15,93,93,93
1,91,991,91,91,91
2,91,991,91,91,91
1,91,991,91,91,91
2,91,991,91,91,91
1,91,991,91,91,91
2,93,15,93,93,93
2,91,991,91,91,91
2,93,18,93,93,93
2,91,991,91,91,91
2,91,991,91,91,91
1,98,16,98,98,98
2,93,30,93,93,93
2,91,991,91,91,91
1,29,14,1,1,2
1,1,16,2,2,1
1,91,991,91,91,91
2,91,991,91,91,91
2,30,13,1,1,2
1,91,991,91,91,91
2,93,18,93,93,93
2,93,18,93,93,93
1,93,18,93,93,93
1,91,991,91,91,91
2,91,991,91,91,91
2,93,20,93,93,93
1,91,991,91,91,91
1,91,991,91,91,91
2,93,18,93,93,93
1,91,991,91,91,91
2,91,991,91,91,91
1,30,9,1,1,1
2,91,991,91,91,91
2,1,17,1,2,2
2,93,27,93,93,93
1,91,991,91,91,91
2,91,991,91,91,91
1,3,12,1,1,2
1,91,991,91,91,91
1,91,991,91,91,91
2,91,991,91,91,91
2,93,15,93,93,93
2,93,18,93,93,93
2,91,991,91,91,91
1,30,15,1,2,2
1,91,991,91,91,91
2,91,991,91,91,91
1,10,15,1,2,2
1,91,991,91,91,91
1,91,991,91,91,91
2,93,16,93,93,93
1,8,13,1,1,1
2,91,991,91,91,91
1,91,991,91,91,91
1,98,998,98,98,98
1,91,991,91,91,91
1,30,15,1,1,1
2,15,14,1,2,2
2,15,11,1,2,2
2,91,991,91,91,91
1,30,21,1,1,1
1,91,991,91,91,91
1,91,991,91,91,91
2,93,10,93,93,93
2,91,991,91,91,91
1,91,991,91,91,91
2,91,991,91,91,91
1,91,991,91,91,91
1,93,13,93,93,93
2,91,991,91,91,91
1,91,991,91,91,91
2,91,991,91,91,91
1,93,30,93,93,93
1,91,991,91,91,91
1,91,991,91,91,91
2,91,991,91,91,91
2,91,991,91,91,91
2,93,73,93,93,93
2,93,24,93,93,93
1,91,991,91,91,91
1,7,15,1,2,2
1,91,991,91,91,91
1,91,991,91,91,91
2,91,991,91,91,91
2,91,991,91,91,91
2,91,991,91,91,91
1,91,991,91,91,91
2,91,991,91,91,91
2,93,52,93,93,93
1,91,991,91,91,91
1,30,17,2,1,2
2,30,15,1,2,2
2,91,991,91,91,91
2,91,991,91,91,91
2,91,991,91,91,91
2,91,991,91,91,91
2,91,991,91,91,91
1,91,991,91,91,91
2,25,22,1,1,2
2,91,991,91,91,91
1,18,13,1,1,1
2,91,991,91,91,91
2,93,18,93,93,93
1,25,16,1,1,2
2,93,17,93,93,93
2,91,991,91,91,91
1,93,14,93,93,93
2,30,14,2,2,1
1,93,42,93,93,93
1,91,991,91,91,91
2,91,991,91,91,91
2,28,15,1,2,2
1,1,16,2,2,1
1,91,991,91,91,91
1,91,991,91,91,91
1,91,991,91,91,91
1,93,12,93,93,93
2,91,991,91,91,91
1,6,16,2,2,1
1,91,991,91,91,91
2,91,991,91,91,91
2,91,991,91,91,91
1,30,14,1,1,1
2,91,991,91,91,91
1,93,16,93,93,93
1,91,991,91,91,91
1,91,991,91,91,91
2,30,15,1,1,2
1,91,991,91,91,91
2,91,991,91,91,91
1,91,991,91,91,91
2,91,991,91,91,91
1,7,16,1,1,1
2,15,20,1,1,2
2,91,991,91,91,91
2,2,25,2,2,1
1,93,14,93,93,93
1,93,17,93,93,93
1,91,991,91,91,91
1,20,18,1,2,3
1,9,22,1,2,1
2,20,13,1,1,1
1,91,991,91,91,91
2,91,991,91,91,91
1,91,991,91,91,91
1,93,21,93,93,93
1,93,21,93,93,93
1,91,991,91,91,91
2,91,991,91,91,91
2,93,17,93,93,93
2,91,991,91,91,91
2,91,991,91,91,91
2,93,16,93,93,93
2,91,991,91,91,91
2,91,991,91,91,91
2,93,17,93,93,93
1,91,991,91,91,91
2,91,991,91,91,91
1,91,991,91,91,91
2,91,991,91,91,91
2,93,17,93,93,93
2,91,991,91,91,91
1,91,991,91,91,91
2,12,10,1,2,2
2,91,991,91,91,91
1,91,991,91,91,91
1,91,991,91,91,91
1,93,17,93,93,93
1,28,17,1,1,1
1,30,15,1,2,1
2,91,991,91,91,91
1,91,991,91,91,91
2,7,14,1,2,2
2,91,991,91,91,91
1,91,991,91,91,91
2,91,991,91,91,91
2,91,991,91,91,91
2,91,991,91,91,91
2,91,991,91,91,91
2,93,17,93,93,93
2,91,991,91,91,91
2,91,991,91,91,91
2,91,991,91,91,91
2,91,991,91,91,91
2,91,991,91,91,91
2,91,991,91,91,91
2,91,991,91,91,91
1,93,14,93,93,93
2,20,15,1,2,1
1,91,991,91,91,91
2,1,13,1,2,2
2,93,12,93,93,93
2,30,13,1,1,2
2,91,991,91,91,91
1,91,991,91,91,91
1,91,991,91,91,91
1,93,17,93,93,93
2,91,991,91,91,91
2,91,991,91,91,91
1,91,991,91,91,91
2,91,991,91,91,91
1,91,991,91,91,91
1,91,991,91,91,91
1,91,991,91,91,91
1,93,18,93,93,93
2,91,991,91,91,91
2,91,991,91,91,91
1,91,991,91,91,91
1,28,17,2,1,2
1,91,991,91,91,91
2,93,15,93,93,93
2,93,16,93,93,93
1,93,13,93,93,93
2,91,991,91,91,91
2,91,991,91,91,91
1,30,13,1,1,2
2,93,14,93,93,93
2,91,991,91,91,91
1,91,991,91,91,91
2,91,991,91,91,91
1,93,18,93,93,93
2,91,991,91,91,91
1,91,991,91,91,91
2,91,991,91,91,91
2,93,23,93,93,93
1,91,991,91,91,91
2,30,18,1,2,2
1,91,991,91,91,91
1,91,991,91,91,91
2,91,991,91,91,91
2,93,18,93,93,93
1,91,991,91,91,91
1,30,15,1,2,1
1,91,991,91,91,91
2,91,991,91,91,91
1,91,991,91,91,91
2,91,991,91,91,91
1,93,19,93,93,93
2,91,991,91,91,91
2,93,14,93,93,93
1,30,14,1,1,2
1,93,21,93,93,93
2,93,19,93,93,93
2,91,991,91,91,91
1,25,17,1,1,1
2,93,18,93,93,93
1,91,991,91,91,91
2,8,17,1,2,1
1,93,22,93,93,93
2,91,991,91,91,91
1,93,19,93,93,93
2,91,991,91,91,91
2,91,991,91,91,91
1,3,16,1,2,2
1,93,14,93,93,93
2,93,18,93,93,93
1,2,17,1,2,1
2,93,15,93,93,93
2,93,24,93,93,93
2,91,991,91,91,91
1,91,991,91,91,91
2,91,991,91,91,91
2,91,991,91,91,91
1,91,991,91,91,91
1,91,991,91,91,91
2,91,991,91,91,91
2,93,19,93,93,93
2,91,991,91,91,91
1,91,991,91,91,91
1,93,14,93,93,93
1,93,18,93,93,93
1,91,991,91,91,91
2,8,41,1,2,1
1,25,18,1,1,1
2,91,991,91,91,91
1,91,991,91,91,91
2,91,991,91,91,91
1,91,991,91,91,91
1,3,16,1,2,1
2,30,23,1,1,2
1,20,18,1,2,1
2,93,17,93,93,93
2,91,991,91,91,91
1,93,19,93,93,93
1,2,15,2,2,1
1,22,13,1,2,2
2,91,991,91,91,91
2,93,19,93,93,93
2,91,991,91,91,91
1,10,14,2,1,2
1,91,991,91,91,91
2,93,13,93,93,93
2,91,991,91,91,91
2,93,16,93,93,93
2,91,991,91,91,91
1,1,19,2,2,1
2,91,991,91,91,91
2,91,991,91,91,91
2,93,31,93,93,93
1,91,991,91,91,91
2,93,30,93,93,93
2,91,991,91,91,91
2,91,991,91,91,91
1,91,991,91,91,91
2,91,991,91,91,91
1,91,991,91,91,91
2,30,22,1,1,1
2,93,15,93,93,93
2,91,991,91,91,91
2,91,991,91,91,91
1,93,18,93,93,93
1,93,16,93,93,93
2,91,991,91,91,91
2,93,42,93,93,93
2,91,991,91,91,91
2,91,991,91,91,91
1,91,991,91,91,91
1,93,18,93,93,93
1,91,991,91,91,91
1,1,16,2,2,1
1,91,991,91,91,91
2,30,28,1,1,1
2,93,12,93,93,93
2,91,991,91,91,91
2,20,15,2,1,1
2,91,991,91,91,91
1,91,991,91,91,91
2,20,15,2,1,1
2,91,991,91,91,91
1,91,991,91,91,91
2,93,17,93,93,93
1,93,16,93,93,93
2,91,991,91,91,91
1,91,991,91,91,91
2,91,991,91,91,91
1,91,991,91,91,91
1,91,991,91,91,91
1,4,40,1,2,2
2,20,18,1,2,1
1,1,23,2,2,1
2,30,13,1,1,2
1,15,17,1,2,2
1,91,991,91,91,91
1,20,15,2,1,2
1,25,17,1,1,1
1,93,19,93,93,93
2,91,991,91,91,91
1,30,10,1,2,2
1,93,35,93,93,93
1,93,17,93,93,93
2,91,991,91,91,91
2,1,14,2,2,1
1,91,991,91,91,91
1,30,14,1,1,1
2,25,14,1,1,2
2,91,991,91,91,91
2,10,16,1,1,1
1,91,991,91,91,91
1,30,14,1,2,2
1,13,17,1,1,1
2,30,14,1,1,2
1,93,25,93,93,93
2,91,991,91,91,91
2,30,16,1,2,2
2,91,991,91,91,91
2,93,17,93,93,93
1,91,991,91,91,91
2,91,991,91,91,91
1,93,17,93,93,93
1,91,991,91,91,91
2,91,991,91,91,91
2,30,16,1,2,1
1,93,15,93,93,93
1,91,991,91,91,91
1,91,991,91,91,91
2,91,991,91,91,91
2,93,15,93,93,93
2,91,991,91,91,91
1,91,991,91,91,91
1,93,16,93,93,93
2,2,15,1,2,1
1,93,20,93,93,93
1,93,16,93,93,93
2,93,17,93,93,93
2,93,14,93,93,93
1,91,991,91,91,91
2,91,991,91,91,91
1,93,13,93,93,93
1,91,991,91,91,91
2,4,12,2,1,2
2,91,991,91,91,91
2,93,16,93,93,93
2,91,991,91,91,91
2,91,991,91,91,91
2,91,991,91,91,91
2,93,17,93,93,93
2,91,991,91,91,91
2,91,991,91,91,91
1,25,20,1,2,2
1,91,991,91,91,91
2,91,991,91,91,91
2,91,991,91,91,91
2,91,991,91,91,91
1,91,991,91,91,91
1,91,991,91,91,91
2,93,16,93,93,93
1,91,991,91,91,91
2,93,50,93,93,93
2,91,991,91,91,91
2,91,991,91,91,91
1,93,19,93,93,93
2,91,991,91,91,91
1,30,12,1,2,2
2,93,15,93,93,93
2,93,14,93,93,93
2,93,26,93,93,93
2,30,15,1,1,1
2,91,991,91,91,91
2,91,991,91,91,91
1,91,991,91,91,91
1,91,991,91,91,91
1,93,18,93,93,93
2,91,991,91,91,91
1,5,16,1,2,2
1,93,20,93,93,93
1,91,991,91,91,91
2,93,13,93,93,93
2,91,991,91,91,91
2,91,991,91,91,91
1,91,991,91,91,91
2,91,991,91,91,91
1,93,14,93,93,93
1,91,991,91,91,91
2,91,991,91,91,91
2,93,21,93,93,93
2,91,991,91,91,91
2,91,991,91,91,91
1,91,991,91,91,91
2,93,20,93,93,93
2,91,991,91,91,91
2,91,991,91,91,91
1,91,991,91,91,91
1,91,991,91,91,91
1,14,9,1,1,2
2,93,19,93,93,93
2,91,991,91,91,91
2,91,991,91,91,91
2,91,991,91,91,91
2,91,991,91,91,91
1,10,20,1,1,2
1,91,991,91,91,91
2,93,19,93,93,93
2,91,991,91,91,91
1,91,991,91,91,91
2,91,991,91,91,91
1,20,18,1,2,1
2,93,15,93,93,93
1,91,991,91,91,91
2,93,20,93,93,93
2,30,17,1,1,1
1,5,15,1,2,2
1,93,11,93,93,93
2,30,13,1,2,2
1,91,991,91,91,91
2,6,17,2,1,1
2,91,991,91,91,91
1,8,12,2,1,2
2,91,991,91,91,91
2,91,991,91,91,91
1,91,991,91,91,91
2,30,18,1,2,2
2,91,991,91,91,91
2,91,991,91,91,91
1,93,22,93,93,93
2,91,991,91,91,91
1,93,16,93,93,93
1,30,15,1,2,2
1,93,22,93,93,93
2,91,991,91,91,91
1,30,14,1,2,2
2,91,991,91,91,91
1,30,20,1,1,1
2,93,11,93,93,93
2,1,34,2,1,2
1,91,991,91,91,91
1,91,991,91,91,91
1,91,991,91,91,91
2,91,991,91,91,91
1,91,991,91,91,91
2,93,17,93,93,93
2,93,21,93,93,93
1,93,12,93,93,93
2,91,991,91,91,91
2,91,991,91,91,91
2,2,18,2,2,2
1,91,991,91,91,91
2,93,20,93,93,93
1,20,16,2,2,1
2,91,991,91,91,91
1,91,991,91,91,91
1,93,45,93,93,93
2,91,991,91,91,91
1,91,991,91,91,91
2,93,15,93,93,93
2,93,18,93,93,93
2,1,20,2,2,1
2,93,38,93,93,93
2,93,19,93,93,93
2,30,24,1,1,1
2,91,991,91,91,91
1,91,991,91,91,91
1,91,991,91,91,91
1,15,15,1,2,2
1,91,991,91,91,91
1,91,991,91,91,91
1,91,991,91,91,91
2,4,16,1,2,2
1,93,19,93,93,93
2,25,19,1,1,2
1,91,991,91,91,91
1,91,991,91,91,91
1,93,21,93,93,93
2,93,15,93,93,93
1,91,991,91,91,91
2,91,991,91,91,91
2,93,17,93,93,93
1,4,7,1,1,2
2,91,991,91,91,91
2,97,997,98,98,98
1,91,991,91,91,91
2,7,19,1,2,2
2,93,13,93,93,93
2,91,991,91,91,91
2,91,991,91,91,91
1,91,991,91,91,91
1,91,991,91,91,91
1,91,991,91,91,91
2,91,991,91,91,91
2,93,23,93,93,93
2,91,991,91,91,91
2,91,991,91,91,91
2,15,14,1,2,2
1,91,991,91,91,91
1,93,13,93,93,93
2,93,20,93,93,93
1,91,991,91,91,91
1,91,991,91,91,91
1,91,991,91,91,91
1,93,17,93,93,93
1,91,991,91,91,91
1,91,991,91,91,91
1,20,16,1,2,2
1,91,991,91,91,91
2,91,991,91,91,91
2,91,991,91,91,91
1,91,991,91,91,91
1,91,991,91,91,91
2,91,991,91,91,91
1,91,991,91,91,91
1,91,991,91,91,91
1,91,991,91,91,91
1,91,991,91,91,91
2,91,991,91,91,91
2,91,991,91,91,91
2,5,17,2,2,1
1,91,991,91,91,91
1,93,38,93,93,93
2,93,22,93,93,93
1,93,14,93,93,93
2,93,16,93,93,93
1,93,15,93,93,93
2,91,991,91,91,91
2,91,991,91,91,91
2,93,18,93,93,93
1,91,991,91,91,91
2,91,991,91,91,91
1,91,991,91,91,91
2,1,12,2,2,1
2,93,16,93,93,93
2,93,13,93,93,93
1,91,991,91,91,91
2,93,17,93,93,93
2,91,991,91,91,91
1,91,991,91,91,91
1,93,19,93,93,93
2,91,991,91,91,91
2,30,23,1,1,1
1,91,991,91,91,91
2,91,991,91,91,91
2,91,991,91,91,91
2,91,991,91,91,91
2,91,991,91,91,91
2,91,991,91,91,91
1,93,16,93,93,93
1,93,18,93,93,93
1,4,21,2,2,2
1,2,15,2,2,1
1,93,14,93,93,93
2,93,19,93,93,93
2,91,991,91,91,91
2,20,17,1,1,2
2,93,19,93,93,93
1,91,991,91,91,91
2,91,991,91,91,91
2,93,19,93,93,93
2,93,15,93,93,93
2,91,991,91,91,91
2,93,20,93,93,93
1,93,16,93,93,93
2,91,991,91,91,91
1,93,16,93,93,93
1,91,991,91,91,91
1,91,991,91,91,91
1,91,991,91,91,91
2,91,991,91,91,91
2,91,991,91,91,91
2,20,16,1,1,2
2,30,16,1,2,2
2,91,991,91,91,91
1,91,991,91,91,91
2,1,15,1,2,2
2,91,991,91,91,91
2,93,20,93,93,93
2,93,18,93,93,93
1,30,9,1,1,2
1,91,991,91,91,91
2,91,991,91,91,91
2,91,991,91,91,91
2,91,991,91,91,91
2,20,18,1,1,2
1,91,991,91,91,91
2,91,991,91,91,91
2,91,991,91,91,91
1,93,18,93,93,93
1,30,13,1,2,2
1,20,14,2,1,2
1,5,15,1,2,2
2,93,14,93,93,93
1,93,30,93,93,93
1,93,12,93,93,93
2,91,991,91,91,91
1,93,22,93,93,93
1,91,991,91,91,91
2,91,991,91,91,91
2,91,991,91,91,91
1,91,991,91,91,91
1,91,991,91,91,91
2,91,991,91,91,91
2,91,991,91,91,91
2,2,18,2,1,2
1,91,991,91,91,91
1,93,30,93,93,93
1,91,991,91,91,91
1,91,991,91,91,91
1,91,991,91,91,91
2,2,38,2,2,1
1,91,991,91,91,91
1,93,17,93,93,93
2,4,15,2,2,1
2,91,991,91,91,91
1,91,991,91,91,91
2,20,14,1,1,2
1,91,991,91,91,91
2,93,18,93,93,93
2,91,991,91,91,91
1,91,991,91,91,91
1,93,33,93,93,93
2,93,20,93,93,93
2,7,12,1,2,2
2,93,20,93,93,93
1,91,991,91,91,91
2,93,18,93,93,93
2,91,991,91,91,91
2,91,991,91,91,91
1,91,991,91,91,91
1,1,12,2,1,2
1,91,991,91,91,91
2,91,991,91,91,91
1,91,991,91,91,91
2,1,16,2,2,2
2,91,991,91,91,91
1,93,18,93,93,93
1,93,12,93,93,93
1,91,991,91,91,91
1,91,991,91,91,91
1,93,19,93,93,93
2,93,20,93,93,93
1,91,991,91,91,91
1,2,20,2,2,2
1,93,18,93,93,93
2,93,13,93,93,93
2,91,991,91,91,91
1,93,22,93,93,93
2,93,21,93,93,93
1,91,991,91,91,91
2,91,991,91,91,91
1,91,991,91,91,91
2,25,13,1,2,2
1,93,22,93,93,93
2,91,991,91,91,91
2,93,25,93,93,93
2,91,991,91,91,91
1,93,15,93,93,93
2,93,18,93,93,93
1,91,991,91,91,91
1,91,991,91,91,91
2,24,15,1,1,2
2,93,14,93,93,93
2,93,18,93,93,93
1,91,991,91,91,91
2,91,991,91,91,91
2,30,11,1,2,1
1,91,991,91,91,91
2,91,991,91,91,91
1,30,15,1,1,1
2,93,18,93,93,93
2,20,14,1,1,2
2,91,991,91,91,91
2,93,16,93,93,93
2,91,991,91,91,91
2,91,991,91,91,91
1,91,991,91,91,91
2,91,991,91,91,91
2,93,18,93,93,93
2,93,21,93,93,93
2,91,991,91,91,91
1,91,991,91,91,91
1,30,14,1,2,2
2,91,991,91,91,91
2,93,19,93,93,93
2,93,20,93,93,93
2,91,991,91,91,91
2,91,991,91,91,91
2,91,991,91,91,91
2,91,991,91,91,91
2,93,22,93,93,93
1,4,14,2,1,1
1,7,13,1,2,2
1,91,991,91,91,91
1,93,21,93,93,93
2,91,991,91,91,91
2,2,10,1,1,1
1,93,22,93,93,93
2,93,16,93,93,93
1,91,991,91,91,91
2,91,991,91,91,91
1,91,991,91,91,91
2,93,45,93,93,93
1,91,991,91,91,91
2,93,17,93,93,93
2,91,991,91,91,91
2,91,991,91,91,91
2,91,991,91,91,91
1,93,19,93,93,93
2,91,991,91,91,91
1,91,991,91,91,91
1,91,991,91,91,91
1,91,991,91,91,91
1,93,16,93,93,93
2,91,991,91,91,91
2,93,20,93,93,93
1,91,991,91,91,91
2,1,20,1,2,2
1,93,10,93,93,93
2,91,991,91,91,91
2,93,18,93,93,93
2,91,991,91,91,91
2,93,20,93,93,93
1,91,991,91,91,91
2,91,991,91,91,91
2,30,18,1,2,2
2,91,991,91,91,91
1,93,17,93,93,93
2,6,14,1,1,2
2,93,19,93,93,93
1,93,16,93,93,93
2,93,17,93,93,93
1,91,991,91,91,91
2,91,991,91,91,91
2,93,16,93,93,93
1,91,991,91,91,91
2,93,21,93,93,93
1,91,991,91,91,91
1,93,20,93,93,93
2,91,991,91,91,91
2,91,991,91,91,91
2,91,991,91,91,91
2,91,991,91,91,91
1,91,991,91,91,91
1,93,23,93,93,93
2,91,991,91,91,91
2,91,991,91,91,91
1,30,13,1,2,2
1,91,991,91,91,91
1,91,991,91,91,91
1,91,991,91,91,91
2,91,991,91,91,91
2,93,32,93,93,93
2,30,16,1,1,1
1,93,21,93,93,93
2,91,991,91,91,91
1,91,991,91,91,91
1,1,16,1,1,2
1,29,14,1,1,2
1,91,991,91,91,91
2,15,12,1,1,1
2,5,14,2,2,1
1,91,991,91,91,91
1,93,15,93,93,93
2,91,991,91,91,91
2,91,991,91,91,91
2,91,991,91,91,91
1,30,25,2,2,2
1,93,16,93,93,93
1,91,991,91,91,91
2,30,22,1,2,1
1,91,991,91,91,91
2,91,991,91,91,91
2,91,991,91,91,91
2,91,991,91,91,91
2,93,20,93,93,93
1,1,17,1,2,2
1,8,17,1,2,2
1,91,991,91,91,91
2,91,991,91,91,91
1,28,15,1,2,2
2,2,15,1,1,2
2,4,19,1,2,1
1,91,991,91,91,91
2,91,991,91,91,91
1,91,991,91,91,91
2,93,17,93,93,93
2,91,991,91,91,91
2,93,13,93,93,93
1,91,991,91,91,91
2,91,991,91,91,91
1,91,991,91,91,91
1,91,991,91,91,91
2,93,22,93,93,93
2,91,991,91,91,91
2,93,14,93,93,93
1,91,991,91,91,91
2,93,39,93,93,93
2,2,19,1,2,1
2,4,14,2,2,1
2,91,991,91,91,91
1,93,14,93,93,93
2,91,991,91,91,91
2,93,17,93,93,93
2,91,991,91,91,91
1,91,991,91,91,91
2,91,991,91,91,91
1,91,991,91,91,91
1,91,991,91,91,91
1,91,991,91,91,91
2,6,21,1,2,1
2,91,991,91,91,91
1,91,991,91,91,91
2,20,16,1,2,2
1,93,35,93,93,93
2,91,991,91,91,91
2,93,21,93,93,93
1,91,991,91,91,91
2,30,15,1,1,1
1,91,991,91,91,91
2,91,991,91,91,91
1,20,12,1,2,2
2,30,14,1,2,1
1,5,16,1,2,2
2,20,15,1,2,2
2,91,991,91,91,91
1,15,16,1,2,2
2,93,15,93,93,93
1,91,991,91,91,91
2,5,18,1,2,2
2,91,991,91,91,91
1,91,991,91,91,91
2,91,991,91,91,91
2,91,991,91,91,91
1,91,991,91,91,91
1,93,18,93,93,93
2,93,12,93,93,93
2,91,991,91,91,91
1,14,19,1,2,2
2,1,20,1,2,2
2,93,14,93,93,93
2,91,991,91,91,91
2,91,991,91,91,91
2,5,15,1,2,2
1,93,18,93,93,93
2,91,991,91,91,91
2,91,991,91,91,91
1,91,991,91,91,91
2,2,16,1,2,2
2,91,991,91,91,91
2,93,17,93,93,93
2,93,16,93,93,93
1,91,991,91,91,91
1,8,14,1,2,2
2,93,14,93,93,93
2,4,20,2,2,1
2,93,18,93,93,93
2,93,18,93,93,93
2,93,16,93,93,93
1,93,18,93,93,93
1,30,17,1,1,2
1,91,991,91,91,91
2,93,18,93,93,93
2,93,21,93,93,93
2,93,21,93,93,93
1,6,19,2,1,2
1,93,14,93,93,93
1,91,991,91,91,91
1,91,991,91,91,91
1,93,22,93,93,93
2,30,17,1,2,2
1,91,991,91,91,91
2,93,18,93,93,93
2,93,19,93,93,93
1,93,11,93,93,93
2,91,991,91,91,91
2,25,14,1,1,1
2,93,18,93,93,93
1,91,991,91,91,91
1,93,17,93,93,93
1,91,991,91,91,91
2,91,991,91,91,91
2,91,991,91,91,91
2,7,20,1,1,2
2,91,991,91,91,91
2,91,991,91,91,91
2,91,991,91,91,91
1,1,16,2,2,1
1,91,991,91,91,91
1,93,19,93,93,93
1,6,16,1,1,1
2,91,991,91,91,91
1,91,991,91,91,91
2,91,991,91,91,91
2,91,991,91,91,91
2,93,17,93,93,93
2,2,19,1,2,2
1,91,991,91,91,91
2,91,991,91,91,91
2,91,991,91,91,91
2,93,30,93,93,93
2,30,15,1,1,1
2,93,19,93,93,93
1,93,19,93,93,93
1,91,991,91,91,91
2,91,991,91,91,91
1,3,9,1,2,2
2,91,991,91,91,91
1,5,17,1,2,2
1,93,16,93,93,93
1,91,991,91,91,91
1,91,991,91,91,91
2,91,991,91,91,91
1,91,991,91,91,91
2,93,19,93,93,93
1,93,16,93,93,93
2,91,991,91,91,91
2,93,15,93,93,93
2,1,18,1,2,2
2,1,15,1,2,2
1,1,16,2,1,2
1,91,991,91,91,91
2,91,991,91,91,91
2,93,16,93,93,93
2,91,991,91,91,91
1,91,991,91,91,91
2,93,16,93,93,93
1,91,991,91,91,91
2,93,14,93,93,93
1,91,991,91,91,91
2,91,991,91,91,91
1,91,991,91,91,91
2,91,991,91,91,91
2,91,991,91,91,91
1,16,14,1,2,2
2,30,17,1,2,2
1,91,991,91,91,91
2,91,991,91,91,91
1,91,991,91,91,91
1,91,991,91,91,91
2,91,991,91,91,91
2,91,991,91,91,91
1,91,991,91,91,91
1,91,991,91,91,91
1,10,16,1,2,2
1,97,15,2,1,2
1,91,991,91,91,91
2,91,991,91,91,91
1,93,17,93,93,93
2,93,18,93,93,93
2,93,80,93,93,93
1,91,991,91,91,91
2,91,991,91,91,91
2,93,18,93,93,93
1,93,11,93,93,93
1,93,24,93,93,93
1,93,25,93,93,93
2,91,991,91,91,91
1,91,991,91,91,91
1,93,16,93,93,93
1,91,991,91,91,91
2,93,16,93,93,93
2,91,991,91,91,91
1,93,21,93,93,93
2,91,991,91,91,91
1,91,991,91,91,91
2,91,991,91,91,91
1,91,991,91,91,91
1,91,991,91,91,91
2,93,23,93,93,93
1,91,991,91,91,91
2,93,30,93,93,93
1,93,18,93,93,93
1,93,18,93,93,93
1,93,15,93,93,93
1,1,16,1,2,1
1,91,991,91,91,91
1,91,991,91,91,91
2,1,9,1,2,2
2,91,991,91,91,91
2,93,14,93,93,93
1,93,16,93,93,93
1,30,19,1,1,2
2,91,991,91,91,91
2,93,16,93,93,93
2,93,20,93,93,93
1,91,991,91,91,91
1,91,991,91,91,91
2,93,17,93,93,93
2,93,60,93,93,93
1,93,17,93,93,93
1,91,991,91,91,91
1,7,15,1,1,2
2,91,991,91,91,91
1,93,13,93,93,93
1,91,991,91,91,91
2,91,991,91,91,91
2,93,17,93,93,93
1,93,20,93,93,93
2,91,991,91,91,91
2,91,991,91,91,91
1,91,991,91,91,91
1,93,18,93,93,93
2,91,991,91,91,91
2,91,991,91,91,91
2,30,15,1,2,2
2,93,20,93,93,93
1,91,991,91,91,91
1,93,20,93,93,93
2,91,991,91,91,91
2,91,991,91,91,91
1,91,991,91,91,91
2,91,991,91,91,91
1,93,15,93,93,93
1,93,11,93,93,93
1,91,991,91,91,91
2,91,991,91,91,91
1,93,30,93,93,93
2,3,18,1,2,2
1,30,14,1,1,2
2,93,16,93,93,93
1,91,991,91,91,91
1,25,17,1,1,2
1,91,991,91,91,91
2,93,23,93,93,93
1,2,16,1,2,2
1,91,991,91,91,91
2,1,19,1,2,2
2,91,991,91,91,91
2,25,12,1,1,1
2,91,991,91,91,91
2,91,991,91,91,91
2,91,991,91,91,91
1,91,991,91,91,91
2,93,17,93,93,93
2,91,991,91,91,91
1,91,991,91,91,91
1,91,991,91,91,91
2,91,991,91,91,91
1,93,22,93,93,93
2,30,15,1,2,2
2,93,15,93,93,93
1,91,991,91,91,91
2,91,991,91,91,91
1,93,21,93,93,93
2,91,991,91,91,91
1,93,12,93,93,93
1,91,991,91,91,91
2,93,16,93,93,93
1,24,18,1,2,2
1,91,991,91,91,91
1,93,16,93,93,93
1,91,991,91,91,91
1,93,20,93,93,93
2,93,13,93,93,93
1,93,20,93,93,93
2,91,991,91,91,91
1,5,22,1,1,1
2,91,991,91,91,91
2,91,991,91,91,91
1,91,991,91,91,91
1,93,43,93,93,93
2,91,991,91,91,91
2,30,15,1,1,2
2,93,14,93,93,93
2,93,13,93,93,93
1,91,991,91,91,91
1,91,991,91,91,91
2,10,16,1,2,2
2,93,23,93,93,93
2,91,991,91,91,91
1,93,19,93,93,93
2,15,21,2,2,1
1,91,991,91,91,91
1,91,991,91,91,91
2,93,12,93,93,93
1,93,16,93,93,93
1,30,12,1,2,2
2,93,20,93,93,93
2,91,991,91,91,91
2,93,35,93,93,93
1,93,13,93,93,93
2,91,991,91,91,91
2,91,991,91,91,91
2,91,991,91,91,91
2,93,13,93,93,93
1,91,991,91,91,91
2,1,42,2,2,1
1,91,991,91,91,91
1,93,18,93,93,93
2,91,991,91,91,91
2,91,991,91,91,91
1,91,991,91,91,91
1,93,19,93,93,93
2,91,991,91,91,91
1,2,36,2,2,1
2,10,18,1,2,2
1,2,14,1,2,2
2,91,991,91,91,91
1,91,991,91,91,91
1,93,18,93,93,93
1,10,42,2,1,1
1,30,16,2,1,1
2,93,15,93,93,93
1,91,991,91,91,91
1,91,991,91,91,91
1,15,18,1,2,2
1,91,991,91,91,91
2,91,991,91,91,91
1,91,991,91,91,91
2,91,991,91,91,91
2,91,991,91,91,91
2,7,5,1,1,1
2,93,16,93,93,93
1,1,16,1,2,2
1,91,991,91,91,91
1,93,16,93,93,93
2,5,13,1,1,2
2,91,991,91,91,91
2,10,10,1,1,2
1,93,17,93,93,93
1,91,991,91,91,91
1,20,14,1,1,2
2,91,991,91,91,91
1,91,991,91,91,91
2,91,991,91,91,91
1,91,991,91,91,91
1,91,991,91,91,91
2,91,991,91,91,91
1,91,991,91,91,91
2,91,991,91,91,91
1,91,991,91,91,91
2,93,15,93,93,93
2,93,25,93,93,93
2,91,991,91,91,91
1,93,21,93,93,93
2,91,991,91,91,91
1,20,15,1,1,2
2,93,13,93,93,93
1,30,19,1,2,2
1,91,991,91,91,91
1,1,18,2,1,2
1,5,17,1,1,2
2,30,11,1,1,1
2,91,991,91,91,91
2,1,15,2,2,2
1,93,20,93,93,93
1,16,16,1,2,2
1,91,991,91,91,91
1,2,17,1,2,2
1,5,14,2,1,2
1,91,991,91,91,91
1,93,15,93,93,93
1,91,991,91,91,91
2,91,991,91,91,91
1,91,991,91,91,91
1,93,18,93,93,93
1,91,991,91,91,91
2,91,991,91,91,91
2,91,991,91,91,91
1,91,991,91,91,91
2,93,74,93,93,93
2,91,991,91,91,91
2,93,32,93,93,93
2,91,991,91,91,91
2,91,991,91,91,91
1,98,18,98,98,98
1,91,991,91,91,91
1,91,991,91,91,91
2,91,991,91,91,91
2,93,22,93,93,93
2,93,21,93,93,93
2,91,991,91,91,91
2,91,991,91,91,91
2,91,991,91,91,91
2,91,991,91,91,91
1,91,991,91,91,91
2,93,18,93,93,93
2,93,15,93,93,93
2,91,991,91,91,91
2,93,18,93,93,93
1,91,991,91,91,91
2,93,16,93,93,93
1,93,25,93,93,93
1,30,994,1,1,1
1,91,991,91,91,91
1,91,991,91,91,91
2,93,30,93,93,93
2,93,17,93,93,93
1,91,991,91,91,91
2,20,18,1,1,1
1,91,991,91,91,91
1,6,15,1,2,1
2,12,20,1,2,1
1,91,991,91,91,91
1,16,18,1,1,2
2,93,25,93,93,93
2,91,991,91,91,91
1,30,15,1,1,2
1,98,13,98,98,98
2,91,991,91,91,91
2,2,21,2,1,1
2,93,17,93,93,93
1,93,20,93,93,93
2,91,991,91,91,91
1,91,991,91,91,91
2,91,991,91,91,91
2,93,28,93,93,93
1,93,14,93,93,93
2,91,991,91,91,91
1,1,38,2,2,1
2,93,18,93,93,93
2,30,14,1,2,2
2,91,991,91,91,91
1,91,991,91,91,91
1,91,991,91,91,91
2,91,991,91,91,91
1,91,991,91,91,91
2,93,18,93,93,93
1,93,18,93,93,93
1,91,991,91,91,91
2,93,21,93,93,93
2,93,57,93,93,93
2,93,16,93,93,93
1,91,991,91,91,91
1,91,991,91,91,91
2,93,14,93,93,93
1,93,15,93,93,93
2,93,26,93,93,93
1,91,991,91,91,91
1,30,16,1,1,2
1,93,20,93,93,93
1,91,991,91,91,91
1,91,991,91,91,91
2,91,991,91,91,91
1,93,15,93,93,93
1,91,991,91,91,91
1,25,13,1,1,2
1,91,991,91,91,91
1,1,30,1,2,2
2,93,18,93,93,93
1,93,16,93,93,93
1,91,991,91,91,91
2,93,15,93,93,93
1,91,991,91,91,91
2,15,23,2,2,1
2,91,991,91,91,91
2,93,13,93,93,93
2,91,991,91,91,91
2,91,991,91,91,91
1,93,22,93,93,93
2,1,21,1,1,2
1,91,991,91,91,91
2,93,20,93,93,93
1,93,18,93,93,93
1,91,991,91,91,91
1,91,991,91,91,91
1,93,20,93,93,93
2,93,15,93,93,93
1,91,991,91,91,91
2,91,991,91,91,91
1,30,18,1,2,2
2,93,17,93,93,93
1,93,13,93,93,93
2,91,991,91,91,91
1,93,19,93,93,93
2,91,991,91,91,91
2,91,991,91,91,91
2,91,991,91,91,91
2,91,991,91,91,91
2,91,991,91,91,91
2,91,991,91,91,91
1,91,991,91,91,91
1,93,18,93,93,93
2,91,991,91,91,91
2,91,991,91,91,91
2,91,991,91,91,91
2,93,20,93,93,93
1,93,14,93,93,93
2,91,991,91,91,91
2,91,991,91,91,91
2,6,17,2,1,2
1,91,991,91,91,91
1,93,21,93,93,93
2,10,40,1,2,2
1,91,991,91,91,91
2,30,15,1,1,2
1,91,991,91,91,91
2,91,991,91,91,91
1,91,991,91,91,91
2,93,35,93,93,93
2,93,16,93,93,93
2,91,991,91,91,91
2,30,17,1,2,2
1,91,991,91,91,91
1,91,991,91,91,91
1,4,17,1,2,2
2,20,17,1,2,1
1,91,991,91,91,91
1,93,15,93,93,93
2,91,991,91,91,91
1,93,19,93,93,93
2,91,991,91,91,91
1,5,23,1,2,1
2,91,991,91,91,91
1,98,14,98,98,98
1,91,991,91,91,91
2,91,991,91,91,91
2,93,23,93,93,93
2,93,17,93,93,93
1,91,991,91,91,91
2,93,18,93,93,93
1,91,991,91,91,91
2,91,991,91,91,91
1,5,18,2,1,1
1,91,991,91,91,91
1,91,991,91,91,91
2,12,17,1,2,2
1,91,991,91,91,91
1,91,991,91,91,91
1,91,991,91,91,91
2,93,16,93,93,93
1,91,991,91,91,91
1,91,991,91,91,91
2,91,991,91,91,91
1,30,12,1,1,1
2,93,20,93,93,93
2,93,25,93,93,93
2,91,991,91,91,91
2,91,991,91,91,91
1,20,17,1,1,2
1,91,991,91,91,91
1,93,15,93,93,93
2,91,991,91,91,91
1,30,15,2,2,2
1,91,991,91,91,91
2,91,991,91,91,91
2,91,991,91,91,91
1,91,991,91,91,91
2,5,25,1,1,2
2,93,11,93,93,93
1,91,991,91,91,91
2,91,991,91,91,91
1,91,991,91,91,91
1,91,991,91,91,91
1,91,991,91,91,91
1,91,991,91,91,91
1,93,21,93,93,93
2,91,991,91,91,91
1,91,991,91,91,91
1,91,991,91,91,91
2,91,991,91,91,91
2,91,991,91,91,91
1,91,991,91,91,91
2,93,19,93,93,93
2,10,16,1,1,2
2,91,991,91,91,91
1,93,20,93,93,93
1,91,991,91,91,91
2,91,991,91,91,91
1,26,17,1,1,1
1,91,991,91,91,91
2,91,991,91,91,91
2,91,991,91,91,91
1,91,991,91,91,91
1,93,17,93,93,93
2,93,21,93,93,93
2,29,20,1,2,2
2,91,991,91,91,91
1,91,991,91,91,91
1,91,991,91,91,91
1,91,991,91,91,91
2,91,991,91,91,91
1,91,991,91,91,91
2,91,991,91,91,91
2,91,991,91,91,91
2,5,17,1,2,2
2,93,29,93,93,93
2,93,20,93,93,93
1,91,991,91,91,91
1,93,16,93,93,93
2,91,991,91,91,91
2,93,15,93,93,93
2,30,13,1,2,2
2,93,994,93,93,93
1,91,991,91,91,91
1,93,20,93,93,93
1,93,13,93,93,93
2,93,15,93,93,93
1,91,991,91,91,91
1,91,991,91,91,91
2,91,991,91,91,91
2,91,991,91,91,91
2,2,14,2,2,1
1,91,991,91,91,91
1,10,18,1,2,2
1,91,991,91,91,91
1,91,991,91,91,91
2,93,16,93,93,93
2,93,18,93,93,93
2,2,15,1,2,1
2,1,16,2,1,2
1,91,991,91,91,91
2,91,991,91,91,91
2,91,991,91,91,91
2,93,12,93,93,93
1,91,991,91,91,91
1,30,20,1,2,2
2,1,16,2,2,1
2,93,18,93,93,93
1,93,16,93,93,93
2,91,991,91,91,91
1,20,20,2,1,2
2,91,991,91,91,91
1,1,14,1,2,2
2,93,16,93,93,93
1,10,12,1,1,2
2,91,991,91,91,91
1,93,20,93,93,93
1,91,991,91,91,91
2,93,13,93,93,93
2,91,991,91,91,91
1,93,9,93,93,93
1,91,991,91,91,91
2,91,991,91,91,91
2,91,991,91,91,91
2,1,18,1,2,2
1,2,18,2,2,1
2,91,991,91,91,91
1,91,991,91,91,91
2,93,27,93,93,93
2,93,19,93,93,93
2,91,991,91,91,91
2,91,991,91,91,91
2,91,991,91,91,91
2,91,991,91,91,91
2,91,991,91,91,91
2,93,10,93,93,93
2,3,21,1,2,1
2,3,19,1,1,2
2,93,20,93,93,93
1,93,17,93,93,93
2,93,35,93,93,93
2,93,17,93,93,93
2,93,16,93,93,93
1,1,16,2,1,2
2,1,21,2,1,2
2,30,11,1,1,2
2,91,991,91,91,91
2,91,991,91,91,91
2,30,13,1,1,2
2,91,991,91,91,91
1,93,16,93,93,93
1,93,17,93,93,93
2,93,23,93,93,93
1,93,19,93,93,93
2,91,991,91,91,91
2,93,17,93,93,93
2,93,17,93,93,93
2,91,991,91,91,91
1,91,991,91,91,91
2,30,45,1,1,1
1,91,991,91,91,91
2,93,14,93,93,93
2,91,991,91,91,91
2,2,12,1,2,2
2,91,991,91,91,91
2,91,991,91,91,91
2,91,991,91,91,91
2,91,991,91,91,91
1,91,991,91,91,91
1,91,991,91,91,91
2,91,991,91,91,91
2,91,991,91,91,91
2,91,991,91,91,91
1,93,21,93,93,93
1,91,991,91,91,91
2,2,16,1,1,1
2,91,991,91,91,91
1,8,15,1,1,2
2,91,991,91,91,91
1,4,17,2,2,1
2,91,991,91,91,91
1,93,14,93,93,93
2,91,991,91,91,91
2,93,14,93,93,93
2,3,16,1,2,1
2,91,991,91,91,91
1,91,991,91,91,91
1,91,991,91,91,91
2,93,24,93,93,93
1,91,991,91,91,91
1,91,991,91,91,91
2,93,21,93,93,93
2,91,991,91,91,91
2,91,991,91,91,91
2,91,991,91,91,91
1,93,28,93,93,93
2,93,14,93,93,93
2,30,17,1,1,2
2,91,991,91,91,91
2,93,25,93,93,93
1,93,13,93,93,93
2,91,991,91,91,91
1,91,991,91,91,91
2,91,991,91,91,91
1,91,991,91,91,91
2,30,20,1,1,1
1,93,23,93,93,93
2,91,991,91,91,91
1,91,991,91,91,91
1,91,991,91,91,91
2,93,14,93,93,93
2,91,991,91,91,91
1,91,991,91,91,91
1,91,991,91,91,91
1,91,991,91,91,91
1,91,991,91,91,91
2,91,991,91,91,91
1,93,16,93,93,93
2,93,16,93,93,93
2,91,991,91,91,91
2,91,991,91,91,91
2,91,991,91,91,91
2,91,991,91,91,91
1,28,14,1,2,1
2,24,14,1,2,2
2,93,16,93,93,93
2,91,991,91,91,91
2,91,991,91,91,91
2,91,991,91,91,91
2,15,15,1,1,1
2,1,20,1,1,1
1,91,991,91,91,91
2,91,991,91,91,91
2,91,991,91,91,91
2,20,13,1,2,2
1,91,991,91,91,91
2,93,18,93,93,93
1,91,991,91,91,91
2,93,18,93,93,93
1,91,991,91,91,91
2,91,991,91,91,91
2,93,18,93,93,93
1,91,991,91,91,91
1,91,991,91,91,91
1,93,23,93,93,93
2,91,991,91,91,91
2,91,991,91,91,91
2,25,16,1,1,2
2,91,991,91,91,91
1,93,16,93,93,93
1,91,991,91,91,91
2,93,997,93,93,93
1,93,17,93,93,93
1,91,991,91,91,91
1,91,991,91,91,91
2,91,991,91,91,91
1,91,991,91,91,91
1,93,17,93,93,93
1,93,30,93,93,93
1,91,991,91,91,91
2,91,991,91,91,91
2,91,991,91,91,91
2,91,991,91,91,91
1,93,47,93,93,93
2,93,19,93,93,93
2,93,16,93,93,93
2,91,991,91,91,91
1,91,991,91,91,91
2,13,18,1,1,1
1,93,16,93,93,93
1,91,991,91,91,91
1,91,991,91,91,91
2,91,991,91,91,91
2,91,991,91,91,91
2,93,15,93,93,93
1,93,16,93,93,93
1,93,16,93,93,93
2,93,18,93,93,93
2,30,17,1,1,1
2,91,991,91,91,91
1,91,991,91,91,91
2,93,25,93,93,93
1,91,991,91,91,91
2,93,18,93,93,93
2,91,991,91,91,91
1,91,991,91,91,91
2,91,991,91,91,91
2,91,991,91,91,91
1,91,991,91,91,91
1,91,991,91,91,91
1,20,16,1,2,2
2,91,991,91,91,91
2,91,991,91,91,91
1,93,20,93,93,93
2,93,19,93,93,93
1,91,991,91,91,91
1,93,45,93,93,93
1,91,991,91,91,91
1,91,991,91,91,91
2,91,991,91,91,91
1,93,16,93,93,93
2,91,991,91,91,91
1,93,16,93,93,93
2,91,991,91,91,91
1,93,17,93,93,93
2,1,19,2,2,1
2,93,14,93,93,93
2,30,17,1,2,2
2,93,12,93,93,93
2,91,991,91,91,91
1,93,20,93,93,93
2,93,24,93,93,93
2,91,991,91,91,91
2,4,18,1,2,2
2,93,19,93,93,93
2,91,991,91,91,91
2,1,12,1,2,2
1,91,991,91,91,91
2,91,991,91,91,91
2,1,38,2,2,1
2,91,991,91,91,91
2,93,17,93,93,93
1,30,14,1,1,1
1,91,991,91,91,91
1,91,991,91,91,91
2,91,991,91,91,91
1,93,16,93,93,93
1,91,991,91,91,91
2,93,18,93,93,93
2,91,991,91,91,91
1,91,991,91,91,91
1,91,991,91,91,91
1,30,18,94,94,4
1,93,24,93,93,93
2,91,991,91,91,91
2,91,991,91,91,91
2,5,16,1,1,1
2,91,991,91,91,91
2,91,991,91,91,91
1,93,25,93,93,93
2,91,991,91,91,91
1,91,991,91,91,91
2,91,991,91,91,91
2,91,991,91,91,91
1,91,991,91,91,91
1,91,991,91,91,91
1,91,991,91,91,91
2,93,27,93,93,93
2,91,991,91,91,91
1,2,27,1,2,1
2,91,991,91,91,91
2,91,991,91,91,91
1,93,12,93,93,93
1,91,991,91,91,91
2,93,16,93,93,93
2,91,991,91,91,91
1,91,991,91,91,91
1,91,991,91,91,91
1,93,16,93,93,93
2,91,991,91,91,91
1,91,991,91,91,91
2,93,25,93,93,93
2,91,991,91,91,91
2,93,35,93,93,93
2,93,16,93,93,93
1,91,991,91,91,91
2,91,991,91,91,91
1,27,16,1,2,2
2,93,15,93,93,93
2,25,12,1,1,1
2,93,19,93,93,93
1,91,991,91,91,91
1,91,991,91,91,91
2,93,28,93,93,93
2,91,991,91,91,91
2,93,20,93,93,93
1,10,14,2,2,1
1,93,32,93,93,93
2,91,991,91,91,91
2,91,991,91,91,91
2,1,20,1,2,2
1,91,991,91,91,91
1,91,991,91,91,91
1,91,991,91,91,91
2,91,991,91,91,91
1,93,17,93,93,93
2,5,19,2,2,1
2,93,15,93,93,93
2,93,24,93,93,93
2,91,991,91,91,91
1,9,15,1,1,2
2,91,991,91,91,91
2,91,991,91,91,91
2,93,14,93,93,93
1,30,16,1,2,2
1,93,26,93,93,93
2,91,991,91,91,91
1,91,991,91,91,91
1,91,991,91,91,91
1,91,991,91,91,91
1,91,991,91,91,91
2,91,991,91,91,91
1,15,14,1,1,2
1,93,15,93,93,93
1,20,17,2,1,1
2,93,16,93,93,93
1,91,991,91,91,91
2,91,991,91,91,91
1,91,991,91,91,91
1,91,991,91,91,91
2,93,16,93,93,93
2,91,991,91,91,91
2,93,13,93,93,93
2,2,16,2,1,2
2,93,16,93,93,93
1,7,18,1,1,1
2,1,17,2,2,1
2,91,991,91,91,91
2,91,991,91,91,91
1,93,18,93,93,93
2,1,26,2,2,1
1,91,991,91,91,91
1,91,991,91,91,91
2,93,25,93,93,93
2,91,991,91,91,91
2,20,21,1,2,1
1,93,18,93,93,93
2,91,991,91,91,91
1,91,991,91,91,91
2,91,991,91,91,91
2,93,35,93,93,93
2,91,991,91,91,91
1,93,25,93,93,93
1,93,18,93,93,93
2,93,12,93,93,93
1,30,10,1,2,1
2,93,19,93,93,93
1,5,14,2,1,2
1,93,20,93,93,93
1,91,991,91,91,91
2,93,18,93,93,93
2,91,991,91,91,91
2,2,25,1,2,2
2,91,991,91,91,91
2,93,16,93,93,93
1,93,16,93,93,93
1,91,991,91,91,91
2,25,15,1,2,2
1,91,991,91,91,91
1,12,20,1,2,2
2,91,991,91,91,91
2,93,26,93,93,93
2,91,991,91,91,91
2,91,991,91,91,91
1,91,991,91,91,91
2,91,991,91,91,91
1,91,991,91,91,91
1,91,991,91,91,91
2,91,991,91,91,91
2,91,991,91,91,91
1,91,991,91,91,91
2,93,15,93,93,93
1,2,16,1,1,2
1,93,10,93,93,93
1,93,18,93,93,93
1,91,991,91,91,91
2,91,991,91,91,91
2,93,16,93,93,93
1,91,991,91,91,91
2,93,15,93,93,93
2,91,991,91,91,91
1,91,991,91,91,91
2,93,16,93,93,93
2,93,14,93,93,93
2,91,991,91,91,91
1,91,991,91,91,91
2,93,21,93,93,93
1,91,991,91,91,91
2,91,991,91,91,91
2,91,991,91,91,91
2,30,15,1,2,2
2,93,13,93,93,93
2,91,991,91,91,91
1,91,991,91,91,91
2,91,991,91,91,91
2,91,991,91,91,91
1,91,991,91,91,91
1,98,994,98,98,98
2,91,991,91,91,91
1,91,991,91,91,91
1,93,15,93,93,93
1,91,991,91,91,91
2,91,991,91,91,91
2,91,991,91,91,91
1,93,21,93,93,93
2,91,991,91,91,91
2,91,991,91,91,91
2,93,46,93,93,93
2,91,991,91,91,91
1,93,25,93,93,93
2,93,19,93,93,93
2,91,991,91,91,91
2,30,12,1,1,1
1,7,16,2,1,2
1,91,991,91,91,91
1,25,15,1,1,1
1,5,19,1,1,2
2,93,24,93,93,93
2,93,15,93,93,93
2,91,991,91,91,91
2,93,15,93,93,93
2,93,15,93,93,93
1,91,991,91,91,91
2,15,19,1,2,2
1,91,991,91,91,91
2,91,991,91,91,91
2,93,26,93,93,93
2,93,18,93,93,93
2,91,991,91,91,91
2,93,18,93,93,93
2,91,991,91,91,91
2,91,991,91,91,91
1,91,991,91,91,91
1,93,15,93,93,93
2,91,991,91,91,91
1,91,991,91,91,91
2,91,991,91,91,91
1,91,991,91,91,91
2,91,991,91,91,91
2,93,14,93,93,93
2,91,991,91,91,91
2,93,81,93,93,93
1,91,991,91,91,91
2,20,16,1,1,2
2,93,17,93,93,93
1,91,991,91,91,91
1,91,991,91,91,91
2,91,991,91,91,91
1,93,18,93,93,93
1,91,991,91,91,91
1,91,991,91,91,91
1,91,991,91,91,91
1,93,8,93,93,93
1,91,991,91,91,91
1,2,18,1,1,2
2,93,17,93,93,93
2,8,19,1,1,1
2,91,991,91,91,91
1,91,991,91,91,91
2,91,991,91,91,91
1,91,991,91,91,91
2,91,991,91,91,91
2,91,991,91,91,91
2,91,991,91,91,91
2,91,991,91,91,91
1,91,991,91,91,91
1,30,10,1,1,1
2,93,28,93,93,93
2,91,991,91,91,91
1,91,991,91,91,91
2,91,991,91,91,91
2,91,991,91,91,91
2,15,18,1,2,2
2,91,991,91,91,91
1,91,991,91,91,91
1,91,991,91,91,91
2,25,18,1,1,1
2,91,991,91,91,91
1,91,991,91,91,91
2,91,991,91,91,91
1,93,20,93,93,93
2,93,18,93,93,93
1,93,15,93,93,93
2,20,17,1,2,3
2,91,991,91,91,91
1,6,13,1,2,1
2,91,991,91,91,91
2,91,991,91,91,91
1,93,13,93,93,93
2,91,991,91,91,91
1,91,991,91,91,91
1,91,991,91,91,91
1,27,16,1,1,2
1,91,991,91,91,91
1,93,13,93,93,93
1,91,991,91,91,91
1,91,991,91,91,91
2,91,991,91,91,91
2,2,19,1,2,2
1,30,18,1,1,1
1,93,18,93,93,93
1,91,991,91,91,91
2,26,14,1,2,1
1,91,991,91,91,91
2,91,991,91,91,91
1,93,11,93,93,93
2,91,991,91,91,91
2,93,15,93,93,93
2,91,991,91,91,91
2,93,16,93,93,93
1,93,20,93,93,93
1,93,14,93,93,93
1,93,24,93,93,93
1,30,17,1,2,2
1,93,15,93,93,93
2,91,991,91,91,91
2,91,991,91,91,91
1,91,991,91,91,91
1,91,991,91,91,91
1,30,21,1,2,2
2,30,57,2,2,2
1,93,18,93,93,93
1,91,991,91,91,91
2,91,991,91,91,91
1,91,991,91,91,91
2,91,991,91,91,91
1,93,14,93,93,93
2,93,20,93,93,93
2,91,991,91,91,91
1,91,991,91,91,91
2,91,991,91,91,91
1,91,991,91,91,91
2,91,991,91,91,91
2,13,18,1,1,2
1,1,13,2,2,1
2,91,991,91,91,91
1,93,16,93,93,93
1,91,991,91,91,91
2,93,17,93,93,93
1,93,18,93,93,93
1,91,991,91,91,91
1,91,991,91,91,91
1,93,25,93,93,93
1,93,18,93,93,93
1,30,14,1,1,2
1,93,14,93,93,93
1,91,991,91,91,91
1,91,991,91,91,91
1,91,991,91,91,91
1,91,991,91,91,91
2,3,21,2,2,1
1,1,35,2,2,1
2,93,14,93,93,93
1,93,20,93,93,93
2,91,991,91,91,91
1,91,991,91,91,91
1,91,991,91,91,91
1,91,991,91,91,91
2,91,991,91,91,91
2,91,991,91,91,91
2,91,991,91,91,91
2,10,15,2,2,1
1,93,26,93,93,93
2,91,991,91,91,91
1,91,991,91,91,91
2,93,23,93,93,93
2,91,991,91,91,91
2,91,991,91,91,91
2,91,991,91,91,91
1,10,15,1,2,2
2,30,15,1,1,2
2,91,991,91,91,91
2,91,991,91,91,91
1,93,997,93,93,93
1,91,991,91,91,91
2,93,12,93,93,93
1,30,16,1,2,1
2,93,12,93,93,93
1,93,15,93,93,93
2,15,17,1,1,2
1,93,18,93,93,93
1,91,991,91,91,91
1,15,15,1,2,1
2,91,991,91,91,91
2,91,991,91,91,91
2,91,991,91,91,91
2,93,15,93,93,93
1,91,991,91,91,91
1,93,30,93,93,93
1,93,18,93,93,93
1,91,991,91,91,91
1,91,991,91,91,91
1,93,11,93,93,93
1,91,991,91,91,91
2,91,991,91,91,91
1,2,16,1,2,1
2,91,991,91,91,91
2,91,991,91,91,91
1,5,17,1,2,2
2,91,991,91,91,91
2,30,23,1,2,1
2,91,991,91,91,91
1,91,991,91,91,91
1,91,991,91,91,91
2,91,991,91,91,91
2,91,991,91,91,91
1,91,991,91,91,91
2,91,991,91,91,91
2,5,20,1,2,1
2,91,991,91,91,91
2,91,991,91,91,91
1,93,15,93,93,93
1,91,991,91,91,91
2,25,12,1,2,2
2,93,18,93,93,93
1,93,12,93,93,93
2,93,16,93,93,93
2,91,991,91,91,91
2,91,991,91,91,91
2,91,991,91,91,91
2,91,991,91,91,91
1,91,991,91,91,91
1,91,991,91,91,91
2,91,991,91,91,91
2,91,991,91,91,91
2,93,20,93,93,93
1,30,10,1,2,1
1,1,14,2,2,1
1,93,14,93,93,93
1,2,13,1,2,2
2,98,998,98,98,98
1,14,12,1,2,2
2,25,16,1,2,1
1,93,23,93,93,93
2,20,15,1,1,2
2,91,991,91,91,91
1,93,52,93,93,93
2,93,16,93,93,93
2,93,21,93,93,93
2,91,991,91,91,91
2,91,991,91,91,91
2,93,21,93,93,93
2,93,14,93,93,93
1,91,991,91,91,91
1,93,16,93,93,93
2,91,991,91,91,91
1,91,991,91,91,91
1,93,18,93,93,93
2,93,18,93,93,93
1,91,991,91,91,91
2,91,991,91,91,91
1,91,991,91,91,91
2,30,14,1,2,1
2,91,991,91,91,91
2,91,991,91,91,91
2,91,991,91,91,91
1,91,991,91,91,91
1,93,17,93,93,93
2,91,991,91,91,91
2,91,991,91,91,91
2,93,16,93,93,93
2,91,991,91,91,91
2,91,991,91,91,91
1,14,12,1,2,1
2,91,991,91,91,91
1,93,16,93,93,93
1,91,991,91,91,91
1,93,17,93,93,93
1,93,10,93,93,93
2,91,991,91,91,91
2,93,16,93,93,93
1,91,991,91,91,91
1,91,991,91,91,91
2,1,16,2,1,2
2,2,18,2,1,2
2,91,991,91,91,91
1,93,14,93,93,93
2,91,991,91,91,91
1,91,991,91,91,91
2,93,12,93,93,93
2,93,14,93,93,93
2,91,991,91,91,91
1,91,991,91,91,91
1,91,991,91,91,91
2,91,991,91,91,91
2,91,991,91,91,91
2,93,27,93,93,93
2,2,46,2,2,1
2,91,991,91,91,91
1,91,991,91,91,91
1,91,991,91,91,91
1,91,991,91,91,91
1,91,991,91,91,91
2,91,991,91,91,91
1,93,18,93,93,93
1,91,991,91,91,91
1,91,991,91,91,91
1,91,991,91,91,91
2,91,991,91,91,91
2,91,991,91,91,91
2,91,991,91,91,91
1,93,20,93,93,93
2,93,14,93,93,93
1,93,20,93,93,93
1,91,991,91,91,91
1,93,15,93,93,93
2,91,991,91,91,91
2,91,991,91,91,91
2,91,991,91,91,91
2,93,28,93,93,93
1,27,14,1,2,1
2,91,991,91,91,91
2,91,991,91,91,91
2,91,991,91,91,91
1,25,10,1,1,1
1,91,991,91,91,91
2,91,991,91,91,91
2,91,991,91,91,91
2,93,30,93,93,93
1,91,991,91,91,91
2,93,17,93,93,93
1,93,19,93,93,93
1,91,991,91,91,91
2,91,991,91,91,91
2,91,991,91,91,91
1,91,991,91,91,91
2,93,15,93,93,93
2,91,991,91,91,91
2,93,13,93,93,93
1,91,991,91,91,91
2,91,991,91,91,91
2,91,991,91,91,91
2,91,991,91,91,91
1,93,21,93,93,93
1,91,991,91,91,91
1,30,21,1,1,2
2,93,16,93,93,93
2,93,35,93,93,93
1,30,18,1,2,1
2,91,991,91,91,91
2,91,991,91,91,91
2,93,16,93,93,93
1,91,991,91,91,91
1,91,991,91,91,91
1,91,991,91,91,91
2,91,991,91,91,91
1,93,15,93,93,93
2,30,13,1,1,2
2,91,991,91,91,91
1,91,991,91,91,91
1,91,991,91,91,91
2,10,17,2,1,2
1,91,991,91,91,91
2,93,33,93,93,93
2,10,15,1,2,1
1,93,19,93,93,93
1,91,991,91,91,91
2,91,991,91,91,91
1,93,17,93,93,93
1,93,18,93,93,93
2,93,15,93,93,93
1,93,18,93,93,93
2,93,13,93,93,93
1,91,991,91,91,91
2,93,19,93,93,93
2,1,20,2,2,2
1,91,991,91,91,91
1,15,15,1,2,1
2,91,991,91,91,91
1,91,991,91,91,91
2,91,991,91,91,91
2,91,991,91,91,91
1,93,19,93,93,93
1,91,991,91,91,91
1,91,991,91,91,91
2,91,991,91,91,91
2,93,16,93,93,93
2,91,991,91,91,91
1,93,17,93,93,93
2,20,20,2,1,2
2,93,21,93,93,93
2,10,12,2,1,1
1,91,991,91,91,91
2,91,991,91,91,91
1,91,991,91,91,91
1,93,24,93,93,93
1,91,991,91,91,91
2,93,16,93,93,93
1,91,991,91,91,91
2,91,991,91,91,91
2,91,991,91,91,91
1,91,991,91,91,91
2,93,55,93,93,93
1,91,991,91,91,91
2,93,16,93,93,93
2,91,991,91,91,91
2,91,991,91,91,91
1,93,27,93,93,93
2,30,17,1,1,1
1,91,991,91,91,91
2,91,991,91,91,91
2,93,32,93,93,93
2,91,991,91,91,91
2,91,991,91,91,91
2,93,18,93,93,93
1,93,18,93,93,93
2,93,13,93,93,93
2,91,991,91,91,91
2,91,991,91,91,91
2,30,16,1,1,1
2,91,991,91,91,91
1,91,991,91,91,91
2,91,991,91,91,91
2,91,991,91,91,91
2,91,991,91,91,91
2,93,18,93,93,93
2,91,991,91,91,91
2,93,22,93,93,93
2,91,991,91,91,91
1,91,991,91,91,91
2,91,991,91,91,91
1,91,991,91,91,91
2,30,16,1,1,2
1,91,991,91,91,91
1,93,15,93,93,93
1,91,991,91,91,91
1,91,991,91,91,91
2,91,991,91,91,91
2,91,991,91,91,91
1,91,991,91,91,91
2,93,19,93,93,93
1,91,991,91,91,91
1,20,18,1,2,2
1,15,24,2,2,1
1,93,20,93,93,93
2,93,17,93,93,93
2,91,991,91,91,91
1,5,18,2,1,2
1,91,991,91,91,91
2,91,991,91,91,91
1,91,991,91,91,91
2,30,16,1,1,2
1,91,991,91,91,91
1,91,991,91,91,91
1,91,991,91,91,91
1,2,21,1,2,2
2,91,991,91,91,91
1,93,18,93,93,93
1,91,991,91,91,91
2,93,24,93,93,93
2,91,991,91,91,91
1,20,16,1,2,2
2,91,991,91,91,91
1,91,991,91,91,91
2,91,991,91,91,91
2,10,18,1,2,2
1,15,14,1,2,2
2,93,17,93,93,93
2,93,16,93,93,93
1,91,991,91,91,91
1,93,17,93,93,93
2,91,991,91,91,91
1,91,991,91,91,91
1,28,14,1,1,1
1,93,16,93,93,93
1,93,12,93,93,93
2,93,18,93,93,93
2,91,991,91,91,91
2,91,991,91,91,91
1,91,991,91,91,91
2,91,991,91,91,91
2,10,11,1,1,2
1,93,19,93,93,93
1,98,14,98,98,98
1,91,991,91,91,91
2,91,991,91,91,91
1,91,991,91,91,91
2,91,991,91,91,91
1,91,991,91,91,91
2,91,991,91,91,91
1,91,991,91,91,91
2,91,991,91,91,91
1,93,17,93,93,93
1,91,991,91,91,91
1,91,991,91,91,91
1,91,991,91,91,91
1,30,16,1,1,2
2,15,15,1,2,2
1,91,991,91,91,91
1,91,991,91,91,91
1,1,12,1,2,2
1,93,15,93,93,93
2,91,991,91,91,91
2,91,991,91,91,91
1,93,13,93,93,93
2,91,991,91,91,91
2,93,18,93,93,93
2,91,991,91,91,91
1,91,991,91,91,91
2,10,13,1,2,2
2,91,991,91,91,91
2,11,25,1,2,2
2,93,15,93,93,93
2,91,991,91,91,91
1,91,991,91,91,91
2,91,991,91,91,91
2,93,17,93,93,93
1,91,991,91,91,91
1,93,13,93,93,93
1,91,991,91,91,91
2,6,18,2,2,1
2,28,15,1,1,1
2,27,19,1,2,1
1,91,991,91,91,91
1,91,991,91,91,91
2,91,991,91,91,91
1,93,15,93,93,93
1,91,991,91,91,91
1,91,991,91,91,91
1,5,18,1,1,2
2,91,991,91,91,91
1,91,991,91,91,91
2,91,991,91,91,91
1,91,991,91,91,91
2,91,991,91,91,91
1,93,19,93,93,93
2,2,16,1,1,1
1,91,991,91,91,91
1,91,991,91,91,91
2,91,991,91,91,91
2,93,20,93,93,93
2,93,13,93,93,93
1,93,16,93,93,93
2,91,991,91,91,91
2,91,991,91,91,91
1,91,991,91,91,91
1,91,991,91,91,91
2,91,991,91,91,91
1,91,991,91,91,91
2,91,991,91,91,91
1,91,991,91,91,91
1,91,991,91,91,91
2,91,991,91,91,91
2,15,16,1,2,2
2,91,991,91,91,91
2,91,991,91,91,91
2,91,991,91,91,91
1,93,24,93,93,93
1,28,17,1,1,1
1,4,20,1,2,2
2,91,991,91,91,91
2,91,991,91,91,91
1,93,18,93,93,93
1,91,991,91,91,91
1,91,991,91,91,91
1,93,13,93,93,93
2,91,991,91,91,91
1,28,14,1,1,1
2,30,16,1,1,2
2,93,15,93,93,93
2,30,16,1,1,2
2,91,991,91,91,91
1,91,991,91,91,91
2,91,991,91,91,91
1,93,16,93,93,93
2,91,991,91,91,91
2,91,991,91,91,91
2,93,15,93,93,93
2,4,16,1,2,2
2,30,12,1,2,1
2,91,991,91,91,91
2,93,18,93,93,93
2,91,991,91,91,91
2,93,14,93,93,93
2,3,22,1,2,2
1,91,991,91,91,91
1,91,991,91,91,91
2,91,991,91,91,91
2,12,18,1,2,2
2,91,991,91,91,91
2,91,991,91,91,91
1,93,16,93,93,93
2,30,17,1,1,1
2,30,18,1,2,2
2,91,991,91,91,91
1,91,991,91,91,91
1,2,14,1,2,2
2,91,991,91,91,91
2,93,14,93,93,93
2,91,991,91,91,91
2,91,991,91,91,91
2,91,991,91,91,91
1,91,991,91,91,91
2,91,991,91,91,91
2,93,17,93,93,93
1,91,991,91,91,91
2,93,14,93,93,93
2,91,991,91,91,91
2,91,991,91,91,91
1,91,991,91,91,91
1,93,16,93,93,93
1,91,991,91,91,91
2,91,991,91,91,91
1,93,18,93,93,93
1,93,16,93,93,93
2,91,991,91,91,91
1,93,16,93,93,93
1,91,991,91,91,91
2,2,16,1,2,1
2,91,991,91,91,91
2,91,991,91,91,91
2,91,991,91,91,91
1,91,991,91,91,91
1,30,20,2,1,1
1,91,991,91,91,91
1,91,991,91,91,91
1,91,991,91,91,91
1,91,991,91,91,91
1,91,991,91,91,91
1,91,991,91,91,91
2,91,991,91,91,91
2,91,991,91,91,91
2,93,14,93,93,93
2,91,991,91,91,91
2,91,991,91,91,91
1,93,16,93,93,93
1,8,14,1,2,2
2,91,991,91,91,91
1,93,16,93,93,93
2,91,991,91,91,91
1,93,16,93,93,93
2,93,12,93,93,93
2,91,991,91,91,91
2,93,15,93,93,93
1,93,20,93,93,93
1,91,991,91,91,91
2,93,14,93,93,93
1,91,991,91,91,91
2,91,991,91,91,91
1,10,18,1,2,1
1,30,15,1,1,1
2,91,991,91,91,91
1,91,991,91,91,91
2,91,991,91,91,91
2,2,47,1,2,2
1,91,991,91,91,91
2,91,991,91,91,91
2,93,18,93,93,93
2,93,21,93,93,93
2,30,13,1,1,1
2,91,991,91,91,91
2,91,991,91,91,91
1,91,991,91,91,91
1,91,991,91,91,91
2,30,14,1,1,2
2,91,991,91,91,91
2,91,991,91,91,91
1,93,17,93,93,93
2,93,19,93,93,93
2,93,18,93,93,93
1,20,12,1,2,1
2,91,991,91,91,91
1,91,991,91,91,91
1,30,16,1,1,1
2,93,17,93,93,93
1,91,991,91,91,91
2,30,14,97,97,4
1,13,21,2,2,1
1,91,991,91,91,91
2,2,21,1,2,2
2,91,991,91,91,91
2,93,35,93,93,93
1,91,991,91,91,91
1,91,991,91,91,91
2,2,18,1,2,2
1,2,15,1,1,2
1,91,991,91,91,91
1,93,38,93,93,93
2,93,18,93,93,93
2,91,991,91,91,91
2,3,14,1,2,2
2,91,991,91,91,91
2,30,16,1,1,2
1,91,991,91,91,91
1,93,19,93,93,93
2,91,991,91,91,91
2,91,991,91,91,91
1,91,991,91,91,91
1,91,991,91,91,91
1,1,18,1,2,2
2,93,12,93,93,93
2,91,991,91,91,91
1,91,991,91,91,91
2,93,17,93,93,93
1,91,991,91,91,91
2,91,991,91,91,91
2,91,991,91,91,91
1,2,12,1,2,2
1,91,991,91,91,91
2,91,991,91,91,91
2,91,991,91,91,91
2,27,15,1,2,2
1,93,30,93,93,93
2,93,16,93,93,93
1,30,18,1,1,2
2,91,991,91,91,91
2,93,17,93,93,93
1,91,991,91,91,91
1,91,991,91,91,91
2,93,18,93,93,93
1,93,14,93,93,93
1,91,991,91,91,91
1,30,18,1,2,1
1,91,991,91,91,91
2,1,21,1,2,2
1,91,991,91,91,91
1,93,30,93,93,93
2,91,991,91,91,91
2,93,17,93,93,93
2,93,22,93,93,93
1,91,991,91,91,91
1,91,991,91,91,91
2,91,991,91,91,91
2,93,20,93,93,93
2,91,991,91,91,91
2,91,991,91,91,91
2,91,991,91,91,91
2,98,985,98,98,98
1,25,22,1,1,1
1,30,8,1,1,1
1,91,991,91,91,91
2,91,991,91,91,91
2,91,991,91,91,91
2,93,15,93,93,93
2,93,16,93,93,93
2,91,991,91,91,91
2,91,991,91,91,91
1,91,991,91,91,91
2,93,14,93,93,93
1,93,994,93,93,93
1,30,13,1,2,2
2,91,991,91,91,91
2,91,991,91,91,91
1,91,991,91,91,91
1,93,13,93,93,93
2,91,991,91,91,91
1,91,991,91,91,91
2,93,24,93,93,93
1,30,15,1,1,2
1,91,991,91,91,91
1,18,34,2,2,1
1,91,991,91,91,91
1,93,18,93,93,93
2,91,991,91,91,91
2,93,13,93,93,93
1,93,11,93,93,93
2,91,991,91,91,91
2,91,991,91,91,91
2,91,991,91,91,91
1,4,13,1,2,2
1,91,991,91,91,91
1,91,991,91,91,91
1,30,14,1,2,2
1,22,17,1,2,2
2,25,13,1,2,2
2,93,20,93,93,93
1,91,991,91,91,91
2,91,991,91,91,91
2,3,13,2,2,2
1,93,20,93,93,93
1,91,991,91,91,91
2,91,991,91,91,91
1,91,991,91,91,91
1,91,991,91,91,91
1,91,991,91,91,91
1,93,16,93,93,93
1,21,12,5,4,4
2,91,991,91,91,91
2,91,991,91,91,91
2,91,991,91,91,91
2,93,21,93,93,93
2,91,991,91,91,91
2,93,17,93,93,93
1,91,991,91,91,91
2,91,991,91,91,91
1,93,14,93,93,93
1,91,991,91,91,91
2,93,16,93,93,93
1,91,991,91,91,91
2,91,991,91,91,91
1,91,991,91,91,91
1,93,13,93,93,93
2,93,20,93,93,93
2,91,991,91,91,91
1,91,991,91,91,91
1,91,991,91,91,91
1,91,991,91,91,91
1,93,18,93,93,93
1,93,16,93,93,93
2,91,991,91,91,91
2,93,20,93,93,93
2,91,991,91,91,91
2,91,991,91,91,91
2,2,12,1,1,2
2,91,991,91,91,91
1,91,991,91,91,91
1,91,991,91,91,91
2,93,18,93,93,93
1,91,991,91,91,91
1,91,991,91,91,91
1,91,991,91,91,91
2,5,15,1,2,2
2,91,991,91,91,91
1,93,20,93,93,93
1,1,15,1,2,2
2,93,15,93,93,93
1,91,991,91,91,91
1,1,34,2,2,1
1,91,991,91,91,91
1,93,18,93,93,93
1,10,21,1,2,1
1,91,991,91,91,91
2,93,20,93,93,93
2,91,991,91,91,91
2,91,991,91,91,91
2,91,991,91,91,91
1,93,14,93,93,93
2,93,16,93,93,93
2,91,991,91,91,91
1,91,991,91,91,91
2,91,991,91,91,91
2,91,991,91,91,91
1,91,991,91,91,91
2,91,991,91,91,91
2,93,16,93,93,93
1,91,991,91,91,91
1,93,15,93,93,93
2,91,991,91,91,91
1,91,991,91,91,91
1,91,991,91,91,91
2,93,38,93,93,93
2,93,15,93,93,93
2,91,991,91,91,91
1,93,24,93,93,93
2,91,991,91,91,91
1,30,16,1,2,2
2,91,991,91,91,91
1,91,991,91,91,91
2,91,991,91,91,91
1,93,33,93,93,93
1,91,991,91,91,91
1,91,991,91,91,91
2,93,23,93,93,93
2,91,991,91,91,91
1,6,15,1,1,1
1,91,991,91,91,91
1,91,991,91,91,91
2,91,991,91,91,91
2,20,18,1,2,1
2,91,991,91,91,91
2,93,18,93,93,93
2,93,15,93,93,93
2,91,991,91,91,91
2,91,991,91,91,91
2,20,21,1,2,2
2,91,991,91,91,91
1,93,14,93,93,93
1,30,16,1,2,2
2,91,991,91,91,91
2,91,991,91,91,91
2,91,991,91,91,91
2,91,991,91,91,91
1,93,20,93,93,93
2,91,991,91,91,91
1,91,991,91,91,91
2,91,991,91,91,91
2,91,991,91,91,91
1,91,991,91,91,91
2,91,991,91,91,91
2,91,991,91,91,91
1,91,991,91,91,91
2,91,991,91,91,91
2,91,991,91,91,91
2,93,20,93,93,93
2,93,43,93,93,93
1,91,991,91,91,91
2,91,991,91,91,91
2,93,16,93,93,93
1,93,20,93,93,93
2,91,991,91,91,91
2,30,17,2,1,2
1,93,25,93,93,93
1,91,991,91,91,91
1,26,14,1,1,2
2,91,991,91,91,91
2,93,27,93,93,93
2,91,991,91,91,91
2,98,997,98,98,98
2,91,991,91,91,91
2,93,19,93,93,93
2,93,12,93,93,93
1,91,991,91,91,91
1,91,991,91,91,91
1,30,16,1,1,2
1,93,10,93,93,93
1,91,991,91,91,91
2,1,19,1,2,2
1,91,991,91,91,91
2,93,15,93,93,93
1,93,24,93,93,93
1,93,19,93,93,93
2,91,991,91,91,91
2,91,991,91,91,91
1,91,991,91,91,91
2,91,991,91,91,91
1,18,19,1,1,2
2,5,44,2,2,1
2,91,991,91,91,91
2,91,991,91,91,91
1,91,991,91,91,91
2,91,991,91,91,91
2,93,19,93,93,93
2,93,18,93,93,93
2,93,16,93,93,93
1,93,16,93,93,93
2,2,24,2,2,1
2,93,16,93,93,93
2,91,991,91,91,91
2,91,991,91,91,91
2,93,33,93,93,93
1,91,991,91,91,91
1,1,17,1,1,1
1,98,985,98,98,98
1,93,21,93,93,93
2,91,991,91,91,91
1,93,20,93,93,93
2,91,991,91,91,91
1,91,991,91,91,91
1,91,991,91,91,91
1,93,21,93,93,93
1,91,991,91,91,91
2,91,991,91,91,91
2,91,991,91,91,91
1,91,991,91,91,91
2,91,991,91,91,91
1,20,76,2,2,1
2,93,13,93,93,93
1,93,14,93,93,93
2,91,991,91,91,91
2,91,991,91,91,91
1,91,991,91,91,91
2,91,991,91,91,91
1,93,30,93,93,93
1,91,991,91,91,91
1,2,15,2,2,1
2,91,991,91,91,91
1,26,18,1,1,2
2,93,17,93,93,93
2,91,991,91,91,91
2,93,14,93,93,93
2,91,991,91,91,91
2,91,991,91,91,91
2,91,991,91,91,91
2,93,16,93,93,93
2,91,991,91,91,91
2,93,10,93,93,93
2,2,17,1,2,2
2,91,991,91,91,91
1,93,16,93,93,93
2,93,25,93,93,93
1,93,15,93,93,93
2,25,14,2,1,1
1,91,991,91,91,91
1,91,991,91,91,91
2,91,991,91,91,91
1,91,991,91,91,91
1,91,991,91,91,91
1,20,16,1,2,2
2,91,991,91,91,91
2,15,25,2,1,1
2,93,15,93,93,93
2,91,991,91,91,91
2,91,991,91,91,91
2,98,68,98,98,98
2,91,991,91,91,91
1,91,991,91,91,91
2,91,991,91,91,91
2,91,991,91,91,91
1,91,991,91,91,91
1,93,17,93,93,93
1,91,991,91,91,91
2,93,19,93,93,93
1,93,20,93,93,93
1,91,991,91,91,91
2,91,991,91,91,91
2,30,12,1,1,2
1,91,991,91,91,91
2,93,17,93,93,93
1,91,991,91,91,91
2,91,991,91,91,91
1,91,991,91,91,91
1,91,991,91,91,91
1,25,14,2,1,2
2,7,16,2,2,2
1,91,991,91,91,91
2,93,18,93,93,93
1,91,991,91,91,91
1,93,16,93,93,93
2,91,991,91,91,91
2,93,18,93,93,93
1,93,11,93,93,93
2,93,14,93,93,93
1,91,991,91,91,91
1,91,991,91,91,91
2,93,20,93,93,93
1,91,991,91,91,91
2,93,19,93,93,93
1,93,21,93,93,93
2,93,22,93,93,93
1,93,16,93,93,93
1,91,991,91,91,91
1,91,991,91,91,91
2,91,991,91,91,91
1,91,991,91,91,91
1,93,12,93,93,93
1,94,16,1,2,2
1,93,40,93,93,93
2,91,991,91,91,91
2,98,19,98,98,98
2,91,991,91,91,91
1,91,991,91,91,91
1,91,991,91,91,91
1,93,17,93,93,93
1,91,991,91,91,91
2,91,991,91,91,91
2,93,16,93,93,93
1,91,991,91,91,91
1,91,991,91,91,91
1,91,991,91,91,91
1,91,991,91,91,91
1,91,991,91,91,91
2,91,991,91,91,91
2,93,17,93,93,93
1,30,16,1,1,2
2,2,25,1,2,2
1,18,14,1,1,2
1,91,991,91,91,91
2,91,991,91,91,91
2,30,17,1,1,1
1,93,16,93,93,93
2,28,12,1,2,2
1,30,16,1,2,1
1,30,27,1,1,2
2,30,15,1,1,2
1,93,24,93,93,93
2,91,991,91,91,91
1,91,991,91,91,91
1,91,991,91,91,91
1,91,991,91,91,91
1,7,14,1,2,2
2,93,13,93,93,93
2,91,991,91,91,91
1,97,14,97,97,97
1,25,16,1,2,2
2,91,991,91,91,91
2,91,991,91,91,91
2,91,991,91,91,91
1,91,991,91,91,91
2,93,20,93,93,93
1,30,16,1,2,2
2,91,991,91,91,91
2,93,18,93,93,93
1,91,991,91,91,91
2,1,16,2,1,2
2,91,991,91,91,91
2,93,11,93,93,93
2,93,28,93,93,93
1,93,15,93,93,93
1,26,16,1,2,2
1,91,991,91,91,91
1,91,991,91,91,91
2,30,14,1,1,2
2,91,991,91,91,91
2,91,991,91,91,91
2,20,16,1,2,1
1,91,991,91,91,91
2,91,991,91,91,91
1,93,18,93,93,93
1,93,16,93,93,93
1,91,991,91,91,91
1,91,991,91,91,91
2,91,991,91,91,91
2,93,49,93,93,93
2,93,17,93,93,93
1,91,991,91,91,91
1,4,17,2,2,1
2,91,991,91,91,91
1,91,991,91,91,91
1,91,991,91,91,91
2,24,12,1,2,1
1,20,16,2,1,2
1,93,18,93,93,93
1,91,991,91,91,91
2,91,991,91,91,91
2,93,18,93,93,93
2,3,14,1,2,2
2,91,991,91,91,91
2,3,19,1,1,2
1,91,991,91,91,91
2,91,991,91,91,91
2,30,14,1,2,2
2,93,17,93,93,93
2,93,18,93,93,93
2,91,991,91,91,91
2,93,15,93,93,93
1,93,14,93,93,93
2,91,991,91,91,91
2,91,991,91,91,91
2,93,12,93,93,93
2,93,14,93,93,93
1,91,991,91,91,91
2,91,991,91,91,91
2,91,991,91,91,91
1,93,25,93,93,93
2,93,18,93,93,93
2,91,991,91,91,91
2,91,991,91,91,91
2,93,34,93,93,93
2,91,991,91,91,91
1,91,991,91,91,91
1,93,13,93,93,93
2,91,991,91,91,91
1,91,991,91,91,91
1,91,991,91,91,91
2,91,991,91,91,91
1,93,21,93,93,93
2,30,13,1,2,1
2,93,14,93,93,93
1,91,991,91,91,91
2,91,991,91,91,91
2,91,991,91,91,91
1,91,991,91,91,91
2,91,991,91,91,91
2,91,991,91,91,91
1,30,17,1,1,2
1,91,991,91,91,91
2,91,991,91,91,91
2,93,17,93,93,93
1,91,991,91,91,91
1,91,991,91,91,91
2,2,16,1,2,2
1,93,11,93,93,93
1,91,991,91,91,91
1,30,20,1,2,2
1,93,17,93,93,93
1,91,991,91,91,91
2,91,991,91,91,91
2,93,13,93,93,93
2,91,991,91,91,91
1,91,991,91,91,91
2,91,991,91,91,91
1,91,991,91,91,91
1,91,991,91,91,91
1,91,991,91,91,91
1,91,991,91,91,91
2,91,991,91,91,91
2,93,18,93,93,93
2,93,16,93,93,93
2,91,991,91,91,91
2,93,994,93,93,93
2,91,991,91,91,91
1,91,991,91,91,91
1,91,991,91,91,91
2,91,991,91,91,91
1,91,991,91,91,91
1,91,991,91,91,91
1,93,25,93,93,93
1,91,991,91,91,91
1,93,16,93,93,93
1,91,991,91,91,91
1,6,16,2,1,2
2,91,991,91,91,91
2,30,14,1,2,2
1,2,15,2,2,1
2,91,991,91,91,91
2,93,50,93,93,93
1,20,14,2,2,1
2,93,18,93,93,93
2,93,17,93,93,93
1,91,991,91,91,91
2,3,23,2,2,2
2,91,991,91,91,91
1,93,18,93,93,93
1,30,22,1,2,2
1,30,14,1,1,2
1,26,17,1,1,1
2,93,14,93,93,93
2,91,991,91,91,91
1,93,16,93,93,93
2,91,991,91,91,91
1,93,16,93,93,93
2,91,991,91,91,91
2,91,991,91,91,91
1,93,15,93,93,93
2,91,991,91,91,91
2,91,991,91,91,91
2,91,991,91,91,91
1,30,21,1,1,2
2,91,991,91,91,91
1,3,28,2,2,2
2,91,991,91,91,91
1,93,24,93,93,93
2,91,991,91,91,91
1,91,991,91,91,91
2,91,991,91,91,91
1,2,23,2,1,1
2,91,991,91,91,91
1,91,991,91,91,91
1,93,24,93,93,93
2,93,13,93,93,93
1,91,991,91,91,91
1,91,991,91,91,91
2,91,991,91,91,91
2,91,991,91,91,91
2,93,15,93,93,93
2,93,18,93,93,93
1,2,20,1,2,2
1,91,991,91,91,91
2,93,13,93,93,93
1,91,991,91,91,91
2,91,991,91,91,91
1,12,15,1,2,2
2,91,991,91,91,91
1,91,991,91,91,91
1,91,991,91,91,91
1,93,25,93,93,93
1,93,13,93,93,93
2,93,14,93,93,93
2,93,17,93,93,93
1,91,991,91,91,91
1,91,991,91,91,91
2,91,991,91,91,91
2,91,991,91,91,91
1,91,991,91,91,91
1,91,991,91,91,91
2,91,991,91,91,91
2,93,25,93,93,93
1,6,85,2,2,1
2,20,14,2,2,1
2,91,991,91,91,91
1,91,991,91,91,91
2,91,991,91,91,91
2,93,20,93,93,93
2,91,991,91,91,91
2,91,991,91,91,91
1,91,991,91,91,91
2,91,991,91,91,91
2,91,991,91,91,91
2,91,991,91,91,91
2,91,991,91,91,91
2,91,991,91,91,91
2,91,991,91,91,91
1,91,991,91,91,91
2,93,22,93,93,93
2,91,991,91,91,91
2,1,18,2,2,1
1,93,15,93,93,93
2,91,991,91,91,91
2,91,991,91,91,91
2,91,991,91,91,91
2,91,991,91,91,91
1,93,21,93,93,93
1,91,991,91,91,91
1,91,991,91,91,91
1,91,991,91,91,91
2,91,991,91,91,91
2,30,17,1,2,1
1,91,991,91,91,91
2,93,17,93,93,93
1,91,991,91,91,91
1,91,991,91,91,91
2,91,991,91,91,91
1,12,14,2,1,2
1,30,16,1,1,2
2,93,12,93,93,93
2,91,991,91,91,91
2,91,991,91,91,91
1,30,15,1,1,2
2,91,991,91,91,91
2,93,13,93,93,93
1,93,15,93,93,93
2,4,17,2,1,1
2,91,991,91,91,91
1,91,991,91,91,91
2,93,16,93,93,93
2,91,991,91,91,91
1,91,991,91,91,91
2,93,20,93,93,93
1,91,991,91,91,91
2,91,991,91,91,91
1,1,26,2,1,2
2,91,991,91,91,91
1,91,991,91,91,91
2,91,991,91,91,91
1,91,991,91,91,91
2,3,17,1,2,2
1,91,991,91,91,91
1,20,13,2,2,1
1,91,991,91,91,91
1,1,13,1,2,2
2,5,16,2,2,1
2,93,17,93,93,93
2,91,991,91,91,91
1,91,991,91,91,91
2,91,991,91,91,91
1,91,991,91,91,91
2,93,24,93,93,93
2,91,991,91,91,91
2,91,991,91,91,91
1,93,17,93,93,93
2,91,991,91,91,91
2,93,17,93,93,93
2,91,991,91,91,91
1,4,18,2,2,1
1,91,991,91,91,91
2,10,16,1,1,2
2,91,991,91,91,91
1,30,12,1,1,1
2,93,19,93,93,93
1,14,15,1,1,1
2,91,991,91,91,91
1,4,15,1,1,2
1,91,991,91,91,91
1,30,12,1,1,1
1,91,991,91,91,91
2,93,17,93,93,93
1,91,991,91,91,91
1,93,20,93,93,93
2,91,991,91,91,91
1,1,17,2,1,1
1,91,991,91,91,91
1,91,991,91,91,91
2,91,991,91,91,91
2,91,991,91,91,91
2,91,991,91,91,91
1,91,991,91,91,91
2,2,18,1,2,2
1,93,19,93,93,93
1,91,991,91,91,91
1,91,991,91,91,91
1,93,17,93,93,93
1,91,991,91,91,91
1,91,991,91,91,91
1,93,23,93,93,93
1,91,991,91,91,91
1,91,991,91,91,91
1,1,13,2,1,2
2,91,991,91,91,91
1,91,991,91,91,91
2,91,991,91,91,91
1,93,18,93,93,93
1,91,991,91,91,91
1,91,991,91,91,91
1,91,991,91,91,91
1,93,33,93,93,93
1,1,16,2,2,2
2,4,20,2,2,1
2,91,991,91,91,91
2,91,991,91,91,91
2,93,38,93,93,93
2,91,991,91,91,91
2,93,16,93,93,93
1,93,14,93,93,93
2,91,991,91,91,91
1,5,16,1,1,1
1,91,991,91,91,91
2,91,991,91,91,91
1,93,19,93,93,93
1,91,991,91,91,91
1,93,22,93,93,93
1,91,991,91,91,91
1,91,991,91,91,91
2,93,19,93,93,93
2,91,991,91,91,91
1,93,16,93,93,93
2,93,15,93,93,93
2,91,991,91,91,91
1,10,16,1,1,2
1,6,16,1,2,2
2,10,20,2,1,1
1,91,991,91,91,91
1,91,991,91,91,91
2,93,28,93,93,93
1,8,19,2,2,1
2,91,991,91,91,91
1,91,991,91,91,91
1,91,991,91,91,91
2,93,15,93,93,93
1,93,14,93,93,93
2,91,991,91,91,91
2,93,15,93,93,93
2,91,991,91,91,91
2,91,991,91,91,91
2,93,25,93,93,93
1,91,991,91,91,91
2,91,991,91,91,91
1,93,16,93,93,93
1,91,991,91,91,91
1,93,15,93,93,93
1,91,991,91,91,91
2,91,991,91,91,91
1,91,991,91,91,91
1,91,991,91,91,91
2,93,13,93,93,93
2,91,991,91,91,91
2,91,991,91,91,91
2,91,991,91,91,91
1,91,991,91,91,91
2,20,65,2,2,3
1,91,991,91,91,91
1,25,17,1,1,2
2,93,21,93,93,93
2,93,17,93,93,93
2,15,18,1,2,2
2,91,991,91,91,91
2,91,991,91,91,91
2,91,991,91,91,91
1,91,991,91,91,91
1,91,991,91,91,91
2,91,991,91,91,91
1,91,991,91,91,91
2,91,991,91,91,91
2,93,18,93,93,93
1,91,991,91,91,91
1,91,991,91,91,91
1,91,991,91,91,91
1,91,991,91,91,91
2,91,991,91,91,91
1,93,17,93,93,93
2,93,16,93,93,93
1,91,991,91,91,91
2,91,991,91,91,91
1,93,21,93,93,93
1,91,991,91,91,91
2,91,991,91,91,91
1,2,25,1,2,2
1,91,991,91,91,91
1,91,991,91,91,91
2,91,991,91,91,91
2,91,991,91,91,91
2,91,991,91,91,91
1,91,991,91,91,91
2,91,991,91,91,91
2,93,19,93,93,93
1,91,991,91,91,91
1,91,991,91,91,91
1,91,991,91,91,91
1,91,991,91,91,91
2,91,991,91,91,91
2,93,18,93,93,93
2,91,991,91,91,91
2,93,21,93,93,93
2,91,991,91,91,91
2,93,17,93,93,93
1,91,991,91,91,91
2,3,20,2,2,1
1,91,991,91,91,91
2,93,16,93,93,93
2,93,18,93,93,93
1,91,991,91,91,91
2,91,991,91,91,91
2,91,991,91,91,91
1,91,991,91,91,91
1,91,991,91,91,91
1,91,991,91,91,91
1,98,21,98,98,98
1,91,991,91,91,91
2,93,30,93,93,93
2,91,991,91,91,91
1,30,17,1,1,1
2,93,33,93,93,93
2,91,991,91,91,91
2,93,16,93,93,93
2,91,991,91,91,91
2,91,991,91,91,91
1,91,991,91,91,91
2,91,991,91,91,91
1,93,21,93,93,93
2,20,17,1,2,2
2,91,991,91,91,91
1,93,14,93,93,93
2,91,991,91,91,91
2,93,13,93,93,93
2,91,991,91,91,91
1,91,991,91,91,91
1,91,991,91,91,91
1,91,991,91,91,91
1,91,991,91,91,91
2,5,13,1,1,2
2,15,21,1,1,1
2,91,991,91,91,91
1,14,17,2,2,1
2,1,29,1,2,2
1,93,21,93,93,93
1,91,991,91,91,91
2,93,21,93,93,93
2,91,991,91,91,91
2,91,991,91,91,91
2,91,991,91,91,91
2,93,18,93,93,93
1,93,19,93,93,93
2,91,991,91,91,91
