YEAR,CRASH DATE,CRASH TIME,BOROUGH,ZIP CODE,LATITUDE,LONGITUDE,NUMBER OF PERSONS INJURED,NUMBER OF PERSONS KILLED,NUMBER OF PEDESTRIANS INJURED,NUMBER OF PEDESTRIANS KILLED,NUMBER OF CYCLIST INJURED,NUMBER OF CYCLIST KILLED,NUMBER OF MOTORIST INJURED,NUMBER OF MOTORIST KILLED,CONTRIBUTING FACTOR VEHICLE 1,CONTRIBUTING FACTOR VEHICLE 2,CONTRIBUTING FACTOR VEHICLE 3,CONTRIBUTING FACTOR VEHICLE 4,CONTRIBUTING FACTOR VEHICLE 5,VEHICLE TYPE CODE 1,VEHICLE TYPE CODE 2
2012,2012-07-01,12:52,BROOKLYN,11213,40.6687978,-73.9311201,0.0,0.0,0,0,0,0,0,0,Driver Inattention/Distraction,Unspecified,,,,PASSENGER VEHICLE,SPORT UTILITY / STATION WAGON
2012,2012-07-02,9:48,MANHATTAN,10075,40.773642,-73.9598555,0.0,0.0,0,0,0,0,0,0,Other Vehicular,Failure to Yield Right-of-Way,,,,AMBULANCE,PASSENGER VEHICLE
2012,2012-07-03,19:00,STATEN ISLAND,10304,40.5940485,-74.0994918,0.0,0.0,0,0,0,0,0,0,Unspecified,Unspecified,,,,PASSENGER VEHICLE,UNKNOWN
2012,2012-07-03,12:00,,,,,0.0,0.0,0,0,0,0,0,0,Backing Unsafely,Unspecified,,,,PASSENGER VEHICLE,PASSENGER VEHICLE
2012,2012-07-03,10:00,BRONX,10468,40.8687496,-73.8949631,0.0,0.0,0,0,0,0,0,0,Unspecified,Unspecified,,,,PASSENGER VEHICLE,PASSENGER VEHICLE
2012,2012-07-03,22:30,MANHATTAN,10016,40.7470784,-73.9813415,0.0,0.0,0,0,0,0,0,0,Unspecified,Unspecified,,,,PASSENGER VEHICLE,PASSENGER VEHICLE
2012,2012-07-03,18:55,,,,,0.0,0.0,0,0,0,0,0,0,Unspecified,Unspecified,,,,PASSENGER VEHICLE,UNKNOWN
2012,2012-07-03,12:35,BROOKLYN,11210,40.6291662,-73.947326,1.0,0.0,1,0,0,0,0,0,Unspecified,,,,,VAN,
2012,2012-07-05,17:40,BROOKLYN,11237,40.7011037,-73.9223843,0.0,0.0,0,0,0,0,0,0,Unspecified,Unspecified,,,,FIRE TRUCK,PASSENGER VEHICLE
2012,2012-07-05,9:15,,,,,0.0,0.0,0,0,0,0,0,0,Unspecified,Unspecified,Unspecified,,,SPORT UTILITY / STATION WAGON,SPORT UTILITY / STATION WAGON
2012,2012-07-06,16:30,QUEENS,11434,40.6854362,-73.7932546,0.0,0.0,0,0,0,0,0,0,Unspecified,Unspecified,,,,SPORT UTILITY / STATION WAGON,SPORT UTILITY / STATION WAGON
2012,2012-07-06,16:47,BROOKLYN,11226,40.6485325,-73.9582623,1.0,0.0,1,0,0,0,0,0,Unspecified,,,,,PASSENGER VEHICLE,
2012,2012-07-06,18:00,QUEENS,11414,40.670403,-73.8562889,0.0,0.0,0,0,0,0,0,0,Unspecified,Unspecified,,,,PASSENGER VEHICLE,SPORT UTILITY / STATION WAGON
2012,2012-07-06,15:40,BROOKLYN,11222,40.7304639,-73.9514819,0.0,0.0,0,0,0,0,0,0,Outside Car Distraction,Unspecified,,,,PASSENGER VEHICLE,VAN
2012,2012-07-07,19:00,MANHATTAN,10012,40.7269334,-73.999917,1.0,0.0,0,0,0,0,1,0,Unspecified,Unspecified,Unspecified,,,PASSENGER VEHICLE,AMBULANCE
2012,2012-07-07,8:03,QUEENS,11370,40.7603384,-73.8947586,0.0,0.0,0,0,0,0,0,0,Unspecified,Unspecified,,,,PASSENGER VEHICLE,PASSENGER VEHICLE
2012,2012-07-08,20:50,BRONX,10467,40.8695471,-73.8797182,0.0,0.0,0,0,0,0,0,0,Lost Consciousness,Failure to Yield Right-of-Way,,,,PASSENGER VEHICLE,PASSENGER VEHICLE
2012,2012-07-10,21:25,,,,,0.0,0.0,0,0,0,0,0,0,Unspecified,Unspecified,,,,PASSENGER VEHICLE,PASSENGER VEHICLE
2012,2012-07-11,23:30,,,,,0.0,0.0,0,0,0,0,0,0,Unspecified,Unspecified,Unspecified,,,SPORT UTILITY / STATION WAGON,PASSENGER VEHICLE
2012,2012-07-12,17:30,BROOKLYN,11205,40.6984634,-73.9601965,0.0,0.0,0,0,0,0,0,0,Failure to Yield Right-of-Way,Unspecified,,,,SMALL COM VEH(4 TIRES) ,UNKNOWN
2012,2012-07-13,18:20,BROOKLYN,11201,40.6936492,-73.9833217,0.0,0.0,0,0,0,0,0,0,Unspecified,Unspecified,,,,SPORT UTILITY / STATION WAGON,SMALL COM VEH(4 TIRES) 
2012,2012-07-14,3:30,QUEENS,11103,40.76132,-73.9170907,0.0,0.0,0,0,0,0,0,0,Unspecified,Unspecified,,,,PASSENGER VEHICLE,PASSENGER VEHICLE
2012,2012-07-14,22:50,BRONX,10472,40.8285818,-73.8791708,0.0,0.0,0,0,0,0,0,0,Unspecified,Unspecified,,,,PASSENGER VEHICLE,PASSENGER VEHICLE
2012,2012-07-15,11:30,MANHATTAN,10021,40.76974,-73.9627027,0.0,0.0,0,0,0,0,0,0,Other Vehicular,Other Vehicular,,,,TAXI,PASSENGER VEHICLE
2012,2012-07-18,20:00,BRONX,10451,40.8203823,-73.9269456,0.0,0.0,0,0,0,0,0,0,Unspecified,Unspecified,,,,SPORT UTILITY / STATION WAGON,UNKNOWN
2012,2012-07-19,15:57,BROOKLYN,11230,40.6207138,-73.9576313,1.0,0.0,1,0,0,0,0,0,Unspecified,,,,,UNKNOWN,
2012,2012-07-20,22:50,,,,,0.0,0.0,0,0,0,0,0,0,Unspecified,Unspecified,,,,PASSENGER VEHICLE,SMALL COM VEH(4 TIRES) 
2012,2012-07-21,18:35,BROOKLYN,11226,40.6524883,-73.952663,0.0,0.0,0,0,0,0,0,0,Unspecified,Unspecified,,,,PICK-UP TRUCK,PASSENGER VEHICLE
2012,2012-07-21,18:49,BRONX,10463,40.8875298,-73.8992263,0.0,0.0,0,0,0,0,0,0,Unspecified,Unspecified,,,,PASSENGER VEHICLE,PASSENGER VEHICLE
2012,2012-07-21,13:00,QUEENS,11106,40.7607986,-73.9296497,0.0,0.0,0,0,0,0,0,0,Alcohol Involvement,Physical Disability,,,,PASSENGER VEHICLE,PASSENGER VEHICLE
2012,2012-07-23,11:00,BROOKLYN,11217,40.6808708,-73.9751443,0.0,0.0,0,0,0,0,0,0,Fatigued/Drowsy,Unspecified,,,,VAN,PASSENGER VEHICLE
2012,2012-07-23,18:51,,,,,0.0,0.0,0,0,0,0,0,0,Brakes Defective,Unspecified,,,,PASSENGER VEHICLE,PASSENGER VEHICLE
2012,2012-07-24,17:00,,,40.6014888,-74.1886293,0.0,0.0,0,0,0,0,0,0,Unspecified,Unspecified,,,,SPORT UTILITY / STATION WAGON,OTHER
2012,2012-07-25,17:07,MANHATTAN,10002,40.7198321,-73.9875432,0.0,0.0,0,0,0,0,0,0,Unspecified,Unspecified,,,,PASSENGER VEHICLE,OTHER
2012,2012-07-28,17:52,QUEENS,11364,40.7447645,-73.7580824,0.0,0.0,0,0,0,0,0,0,Failure to Yield Right-of-Way,Unspecified,,,,PASSENGER VEHICLE,SPORT UTILITY / STATION WAGON
2012,2012-07-28,18:40,,,40.666439,-73.8347735,0.0,0.0,0,0,0,0,0,0,Unspecified,Unspecified,,,,SPORT UTILITY / STATION WAGON,SPORT UTILITY / STATION WAGON
2012,2012-07-28,10:30,MANHATTAN,10036,40.7579074,-73.9892976,0.0,0.0,0,0,0,0,0,0,Unspecified,Unspecified,,,,TAXI,TAXI
2012,2012-07-30,16:00,QUEENS,11102,40.7754162,-73.919828,0.0,0.0,0,0,0,0,0,0,Driver Inattention/Distraction,Unspecified,,,,PICK-UP TRUCK,SPORT UTILITY / STATION WAGON
2012,2012-08-01,8:55,MANHATTAN,10017,40.749824,-73.9722023,0.0,0.0,0,0,0,0,0,0,Unspecified,Unspecified,,,,TAXI,PASSENGER VEHICLE
2012,2012-08-02,9:05,QUEENS,11419,40.6857748,-73.8181833,0.0,0.0,0,0,0,0,0,0,Unspecified,,,,,PASSENGER VEHICLE,
2012,2012-08-03,21:45,MANHATTAN,10035,40.8070898,-73.9417705,0.0,0.0,0,0,0,0,0,0,Unspecified,Unspecified,,,,SPORT UTILITY / STATION WAGON,OTHER
2012,2012-08-04,15:00,BROOKLYN,11211,40.7123781,-73.9440319,0.0,0.0,0,0,0,0,0,0,Unspecified,Unspecified,,,,LIVERY VEHICLE,PASSENGER VEHICLE
2012,2012-08-05,20:00,MANHATTAN,10029,40.7909983,-73.9493034,0.0,0.0,0,0,0,0,0,0,Unspecified,,,,,OTHER,
2012,2012-08-06,11:30,MANHATTAN,10024,40.7849752,-73.982638,0.0,0.0,0,0,0,0,0,0,Unspecified,Unspecified,,,,PASSENGER VEHICLE,PASSENGER VEHICLE
2012,2012-08-06,9:30,MANHATTAN,10016,40.7466818,-73.9744953,0.0,0.0,0,0,0,0,0,0,Driver Inattention/Distraction,Driver Inattention/Distraction,,,,PASSENGER VEHICLE,BUS
2012,2012-08-07,23:05,,,,,0.0,0.0,0,0,0,0,0,0,Unspecified,Unspecified,,,,PASSENGER VEHICLE,UNKNOWN
2012,2012-08-08,12:55,BRONX,10467,40.8874462,-73.8780005,0.0,0.0,0,0,0,0,0,0,Driver Inattention/Distraction,Unspecified,,,,PASSENGER VEHICLE,PASSENGER VEHICLE
2012,2012-08-09,11:00,MANHATTAN,10019,40.7642781,-73.9730158,2.0,0.0,2,0,0,0,0,0,Backing Unsafely,,,,,TAXI,
2012,2012-08-10,16:00,STATEN ISLAND,10305,40.6012042,-74.0650758,0.0,0.0,0,0,0,0,0,0,Fatigued/Drowsy,Unspecified,,,,VAN,PICK-UP TRUCK
2012,2012-08-10,16:05,QUEENS,11432,40.7100129,-73.7947294,0.0,0.0,0,0,0,0,0,0,Failure to Yield Right-of-Way,Unspecified,,,,PASSENGER VEHICLE,PASSENGER VEHICLE
2012,2012-08-13,23:30,MANHATTAN,10036,40.7572565,-73.9858217,0.0,0.0,0,0,0,0,0,0,Unspecified,Unspecified,,,,PASSENGER VEHICLE,TAXI
2012,2012-08-13,10:36,QUEENS,11375,40.7237262,-73.8545432,0.0,0.0,0,0,0,0,0,0,Driver Inexperience,Driver Inexperience,,,,PASSENGER VEHICLE,OTHER
2012,2012-08-16,23:20,,,40.8347238,-73.9351673,1.0,0.0,0,0,0,0,1,0,Unspecified,Unspecified,,,,PASSENGER VEHICLE,MOTORCYCLE
2012,2012-08-19,19:00,,,,,0.0,0.0,0,0,0,0,0,0,Outside Car Distraction,Unspecified,,,,OTHER,PASSENGER VEHICLE
2012,2012-08-20,20:35,BROOKLYN,11235,40.5885076,-73.9473473,0.0,0.0,0,0,0,0,0,0,Unspecified,Unspecified,,,,PASSENGER VEHICLE,UNKNOWN
2012,2012-08-22,17:30,MANHATTAN,10016,40.7465356,-73.9859503,0.0,0.0,0,0,0,0,0,0,Unspecified,Unspecified,,,,SMALL COM VEH(4 TIRES) ,PASSENGER VEHICLE
2012,2012-08-23,12:15,MANHATTAN,10002,40.7194838,-73.9912843,0.0,0.0,0,0,0,0,0,0,Failure to Yield Right-of-Way,Unspecified,,,,SMALL COM VEH(4 TIRES) ,PASSENGER VEHICLE
2012,2012-08-24,11:30,QUEENS,11427,40.7334612,-73.7354562,0.0,0.0,0,0,0,0,0,0,Turning Improperly,Unspecified,,,,PASSENGER VEHICLE,UNKNOWN
2012,2012-08-26,21:50,,,,,0.0,0.0,0,0,0,0,0,0,Unspecified,Unspecified,,,,SPORT UTILITY / STATION WAGON,PASSENGER VEHICLE
2012,2012-08-26,11:30,QUEENS,11354,40.7615472,-73.8311197,0.0,0.0,0,0,0,0,0,0,Fatigued/Drowsy,Driver Inattention/Distraction,,,,PASSENGER VEHICLE,PASSENGER VEHICLE
2012,2012-08-29,11:52,BROOKLYN,11222,40.7341363,-73.9582917,0.0,0.0,0,0,0,0,0,0,Oversized Vehicle,Unspecified,,,,VAN,OTHER
2012,2012-08-29,13:30,QUEENS,11373,40.7347373,-73.8722578,0.0,0.0,0,0,0,0,0,0,Fatigued/Drowsy,Unspecified,,,,SPORT UTILITY / STATION WAGON,SPORT UTILITY / STATION WAGON
2012,2012-08-30,21:45,QUEENS,11432,40.7130039,-73.7823656,0.0,0.0,0,0,0,0,0,0,Backing Unsafely,Unspecified,,,,PASSENGER VEHICLE,PASSENGER VEHICLE
2012,2012-08-31,19:00,QUEENS,11374,40.7256812,-73.8572701,0.0,0.0,0,0,0,0,0,0,Unspecified,Unspecified,,,,PASSENGER VEHICLE,PASSENGER VEHICLE
2012,2012-09-02,9:30,QUEENS,11356,40.7786063,-73.8451944,0.0,0.0,0,0,0,0,0,0,Unspecified,Unspecified,,,,SPORT UTILITY / STATION WAGON,UNKNOWN
2012,2012-09-04,14:45,QUEENS,11101,40.7443461,-73.9288984,0.0,0.0,0,0,0,0,0,0,Driver Inattention/Distraction,Unspecified,,,,UNKNOWN,UNKNOWN
2012,2012-09-04,16:00,MANHATTAN,10019,40.7636578,-73.9734636,0.0,0.0,0,0,0,0,0,0,Driver Inattention/Distraction,Unspecified,,,,LARGE COM VEH(6 OR MORE TIRES),TAXI
2012,2012-09-04,15:55,QUEENS,11373,40.7455907,-73.877903,0.0,0.0,0,0,0,0,0,0,Physical Disability,Unspecified,,,,PASSENGER VEHICLE,PASSENGER VEHICLE
2012,2012-09-05,14:45,QUEENS,11378,40.7335315,-73.8959592,0.0,0.0,0,0,0,0,0,0,Unspecified,Unspecified,,,,PASSENGER VEHICLE,PASSENGER VEHICLE
2012,2012-09-05,9:20,MANHATTAN,10012,40.7223002,-73.9971211,0.0,0.0,0,0,0,0,0,0,Pavement Slippery,Unspecified,,,,PASSENGER VEHICLE,PASSENGER VEHICLE
2012,2012-09-05,12:10,BROOKLYN,11219,40.632085,-74.002349,1.0,0.0,1,0,0,0,0,0,Failure to Yield Right-of-Way,,,,,PASSENGER VEHICLE,
2012,2012-09-05,4:35,MANHATTAN,10029,40.7999853,-73.9448468,1.0,0.0,1,0,0,0,0,0,Unspecified,,,,,TAXI,
2012,2012-09-06,13:00,BROOKLYN,11201,40.6897305,-73.9901667,0.0,0.0,0,0,0,0,0,0,Unspecified,,,,,PASSENGER VEHICLE,
2012,2012-09-06,19:41,BRONX,10463,40.884686,-73.8898459,1.0,0.0,0,0,0,0,1,0,Unspecified,,,,,SPORT UTILITY / STATION WAGON,
2012,2012-09-07,6:15,MANHATTAN,10036,40.7579074,-73.9892976,0.0,0.0,0,0,0,0,0,0,Driver Inattention/Distraction,Unspecified,,,,PICK-UP TRUCK,TAXI
2012,2012-09-07,22:30,BROOKLYN,11209,40.6191728,-74.0282043,0.0,0.0,0,0,0,0,0,0,Unspecified,Unspecified,,,,SPORT UTILITY / STATION WAGON,PASSENGER VEHICLE
2012,2012-09-07,17:15,MANHATTAN,10018,40.7565272,-73.994019,0.0,0.0,0,0,0,0,0,0,Outside Car Distraction,Unspecified,,,,VAN,SPORT UTILITY / STATION WAGON
2012,2012-09-08,6:45,,,40.6672401,-73.7699963,0.0,0.0,0,0,0,0,0,0,Unspecified,Unspecified,,,,PASSENGER VEHICLE,PASSENGER VEHICLE
2012,2012-09-08,14:30,BROOKLYN,11249,40.7197689,-73.9623122,0.0,0.0,0,0,0,0,0,0,Unspecified,Unspecified,,,,PASSENGER VEHICLE,PASSENGER VEHICLE
2012,2012-09-09,0:47,,,,,0.0,0.0,0,0,0,0,0,0,Tire Failure/Inadequate,,,,,PASSENGER VEHICLE,
2012,2012-09-10,8:30,QUEENS,11355,40.7453043,-73.8259424,0.0,0.0,0,0,0,0,0,0,Unspecified,Unspecified,,,,PASSENGER VEHICLE,SPORT UTILITY / STATION WAGON
2012,2012-09-10,7:38,STATEN ISLAND,10301,40.6435221,-74.0761506,0.0,0.0,0,0,0,0,0,0,Unspecified,Unspecified,,,,PASSENGER VEHICLE,PASSENGER VEHICLE
2012,2012-09-11,14:45,BROOKLYN,11216,40.679832,-73.953206,0.0,0.0,0,0,0,0,0,0,Other Vehicular,Driver Inattention/Distraction,,,,VAN,PASSENGER VEHICLE
2012,2012-09-11,19:15,MANHATTAN,10022,40.7642144,-73.9709581,0.0,0.0,0,0,0,0,0,0,Unspecified,Unspecified,,,,UNKNOWN,UNKNOWN
2012,2012-09-11,10:27,,,,,1.0,0.0,0,0,0,0,1,0,Outside Car Distraction,Unspecified,,,,PASSENGER VEHICLE,PASSENGER VEHICLE
2012,2012-09-12,19:33,,,40.8940586,-73.8624704,0.0,0.0,0,0,0,0,0,0,Unspecified,Unspecified,,,,PASSENGER VEHICLE,UNKNOWN
2012,2012-09-13,20:00,,,40.6924673,-73.8108147,0.0,0.0,0,0,0,0,0,0,Fatigued/Drowsy,Unspecified,,,,SPORT UTILITY / STATION WAGON,PASSENGER VEHICLE
2012,2012-09-13,17:00,QUEENS,11385,40.6980146,-73.9026431,0.0,0.0,0,0,0,0,0,0,Unspecified,Unspecified,,,,PASSENGER VEHICLE,PASSENGER VEHICLE
2012,2012-09-13,16:30,BROOKLYN,11223,40.6073372,-73.9618859,1.0,0.0,1,0,0,0,0,0,Backing Unsafely,,,,,UNKNOWN,
2012,2012-09-17,15:30,BROOKLYN,11236,40.6489098,-73.8925523,0.0,0.0,0,0,0,0,0,0,Unspecified,Unspecified,,,,PASSENGER VEHICLE,PASSENGER VEHICLE
2012,2012-09-17,16:33,BROOKLYN,11218,40.6496005,-73.9679088,0.0,0.0,0,0,0,0,0,0,Unspecified,Unspecified,Unspecified,,,SPORT UTILITY / STATION WAGON,SPORT UTILITY / STATION WAGON
2012,2012-09-17,18:15,MANHATTAN,10034,40.868886,-73.917593,0.0,0.0,0,0,0,0,0,0,Unspecified,Unspecified,Unspecified,,,PASSENGER VEHICLE,PASSENGER VEHICLE
2012,2012-09-19,15:30,,,,,0.0,0.0,0,0,0,0,0,0,Unspecified,Unspecified,,,,PASSENGER VEHICLE,SPORT UTILITY / STATION WAGON
2012,2012-09-19,7:30,BROOKLYN,11207,40.6789708,-73.8956982,0.0,0.0,0,0,0,0,0,0,Unspecified,Unspecified,Unspecified,,,PASSENGER VEHICLE,PASSENGER VEHICLE
2012,2012-09-21,18:00,BROOKLYN,11230,40.6152042,-73.9633618,0.0,0.0,0,0,0,0,0,0,Unspecified,Unspecified,,,,SPORT UTILITY / STATION WAGON,PASSENGER VEHICLE
2012,2012-09-22,20:00,QUEENS,11364,40.7387326,-73.7572959,1.0,0.0,1,0,0,0,0,0,Glare,,,,,PASSENGER VEHICLE,
2012,2012-09-22,17:55,BROOKLYN,11220,40.6313023,-74.0103291,1.0,0.0,0,0,0,0,1,0,Unspecified,Unspecified,,,,SPORT UTILITY / STATION WAGON,SPORT UTILITY / STATION WAGON
2012,2012-09-22,18:40,BROOKLYN,11220,40.6415349,-74.0104459,0.0,0.0,0,0,0,0,0,0,Unspecified,Unspecified,,,,PASSENGER VEHICLE,PASSENGER VEHICLE
2012,2012-09-23,16:05,QUEENS,11365,40.7421627,-73.8044317,3.0,0.0,0,0,0,0,3,0,Unspecified,Unspecified,,,,SPORT UTILITY / STATION WAGON,PASSENGER VEHICLE
2012,2012-09-23,16:50,BROOKLYN,11228,40.6189381,-74.0220051,0.0,0.0,0,0,0,0,0,0,Unspecified,Unspecified,,,,SPORT UTILITY / STATION WAGON,PASSENGER VEHICLE
2012,2012-09-23,16:38,MANHATTAN,10003,40.7310195,-73.9859102,0.0,0.0,0,0,0,0,0,0,Backing Unsafely,Unspecified,,,,PASSENGER VEHICLE,PASSENGER VEHICLE
2012,2012-09-24,13:50,BRONX,10469,40.866574,-73.8387529,0.0,0.0,0,0,0,0,0,0,Unspecified,Unspecified,,,,PASSENGER VEHICLE,PASSENGER VEHICLE
2012,2012-09-27,17:00,STATEN ISLAND,10304,40.5926633,-74.0984563,0.0,0.0,0,0,0,0,0,0,Backing Unsafely,Failure to Yield Right-of-Way,,,,PASSENGER VEHICLE,SPORT UTILITY / STATION WAGON
2012,2012-09-27,22:00,BROOKLYN,11223,40.6097753,-73.9642976,0.0,0.0,0,0,0,0,0,0,Unspecified,Unspecified,,,,PASSENGER VEHICLE,UNKNOWN
2012,2012-09-27,18:55,BRONX,10462,40.8334144,-73.8590554,0.0,0.0,0,0,0,0,0,0,Unspecified,Unspecified,,,,PASSENGER VEHICLE,TAXI
2012,2012-09-28,11:44,STATEN ISLAND,10312,40.550574,-74.1675734,0.0,0.0,0,0,0,0,0,0,Fatigued/Drowsy,Unspecified,,,,SPORT UTILITY / STATION WAGON,PICK-UP TRUCK
2012,2012-10-01,15:40,,,,,0.0,0.0,0,0,0,0,0,0,Fatigued/Drowsy,Unspecified,,,,PASSENGER VEHICLE,PASSENGER VEHICLE
2012,2012-10-02,14:00,MANHATTAN,10022,40.7604196,-73.9758293,0.0,0.0,0,0,0,0,0,0,Unspecified,Unspecified,,,,SPORT UTILITY / STATION WAGON,PICK-UP TRUCK
2012,2012-10-04,15:04,BRONX,10467,40.8786453,-73.871598,3.0,0.0,0,0,0,0,3,0,Unspecified,Unspecified,,,,SPORT UTILITY / STATION WAGON,SPORT UTILITY / STATION WAGON
2012,2012-10-05,20:00,QUEENS,11101,40.7392712,-73.9337104,0.0,0.0,0,0,0,0,0,0,Driver Inattention/Distraction,Unspecified,,,,PASSENGER VEHICLE,LIVERY VEHICLE
2012,2012-10-05,13:10,,,,,0.0,0.0,0,0,0,0,0,0,Unspecified,Unspecified,,,,PASSENGER VEHICLE,PASSENGER VEHICLE
2012,2012-10-06,12:30,QUEENS,11358,40.768935,-73.7919015,0.0,0.0,0,0,0,0,0,0,Unspecified,Unspecified,,,,LARGE COM VEH(6 OR MORE TIRES),SPORT UTILITY / STATION WAGON
2012,2012-10-07,4:55,MANHATTAN,10019,40.762859,-73.9894015,0.0,0.0,0,0,0,0,0,0,Unspecified,Unspecified,,,,TAXI,SPORT UTILITY / STATION WAGON
2012,2012-10-08,1:00,,,,,0.0,0.0,0,0,0,0,0,0,Unspecified,Unspecified,,,,PASSENGER VEHICLE,PASSENGER VEHICLE
2012,2012-10-08,9:32,,,,,0.0,0.0,0,0,0,0,0,0,Driver Inattention/Distraction,Driver Inattention/Distraction,,,,PASSENGER VEHICLE,PASSENGER VEHICLE
2012,2012-10-10,8:30,,,,,0.0,0.0,0,0,0,0,0,0,Pavement Slippery,Pavement Slippery,,,,PASSENGER VEHICLE,PASSENGER VEHICLE
2012,2012-10-11,5:35,BROOKLYN,11236,40.6322129,-73.8921577,2.0,0.0,0,0,0,0,2,0,Unspecified,Unspecified,,,,PASSENGER VEHICLE,PASSENGER VEHICLE
2012,2012-10-11,12:15,,,,,0.0,0.0,0,0,0,0,0,0,Brakes Defective,Unspecified,,,,PASSENGER VEHICLE,PASSENGER VEHICLE
2012,2012-10-11,16:40,,,,,0.0,0.0,0,0,0,0,0,0,Lost Consciousness,Unspecified,,,,OTHER,SPORT UTILITY / STATION WAGON
2012,2012-10-13,11:40,MANHATTAN,10022,40.7612344,-73.9638843,0.0,0.0,0,0,0,0,0,0,Other Vehicular,Other Vehicular,,,,OTHER,SPORT UTILITY / STATION WAGON
2012,2012-10-13,8:35,BROOKLYN,11235,40.5890415,-73.9445709,0.0,0.0,0,0,0,0,0,0,Other Vehicular,Backing Unsafely,,,,OTHER,PASSENGER VEHICLE
2012,2012-10-14,1:00,BRONX,10461,40.8516867,-73.8310535,0.0,0.0,0,0,0,0,0,0,Unspecified,Unspecified,,,,PASSENGER VEHICLE,PASSENGER VEHICLE
2012,2012-10-14,15:20,STATEN ISLAND,10303,40.6251048,-74.1487686,0.0,0.0,0,0,0,0,0,0,Unspecified,Unspecified,,,,SPORT UTILITY / STATION WAGON,SPORT UTILITY / STATION WAGON
2012,2012-10-15,7:40,MANHATTAN,10069,40.7795441,-73.9879942,0.0,0.0,0,0,0,0,0,0,Driver Inattention/Distraction,Unspecified,,,,PASSENGER VEHICLE,PASSENGER VEHICLE
2012,2012-10-16,10:30,,,40.8028239,-73.9303998,0.0,0.0,0,0,0,0,0,0,Unspecified,Unspecified,Unspecified,,,PASSENGER VEHICLE,LIVERY VEHICLE
2012,2012-10-16,22:20,QUEENS,11355,40.7465563,-73.826199,0.0,0.0,0,0,0,0,0,0,Unspecified,Unspecified,,,,SPORT UTILITY / STATION WAGON,PASSENGER VEHICLE
2012,2012-10-18,18:39,,,,,0.0,0.0,0,0,0,0,0,0,Unspecified,Unspecified,Unspecified,,,TAXI,MOTORCYCLE
2012,2012-10-19,9:20,MANHATTAN,10017,40.7534814,-73.9787843,0.0,0.0,0,0,0,0,0,0,Unspecified,Unspecified,,,,PASSENGER VEHICLE,BUS
2012,2012-10-19,7:30,,,40.7833329,-73.9436746,0.0,0.0,0,0,0,0,0,0,Unspecified,Unspecified,,,,SPORT UTILITY / STATION WAGON,PASSENGER VEHICLE
2012,2012-10-19,10:35,BROOKLYN,11211,40.7168049,-73.9430542,0.0,0.0,0,0,0,0,0,0,Other Electronic Device,Unspecified,,,,PASSENGER VEHICLE,TAXI
2012,2012-10-19,9:00,MANHATTAN,10001,40.754584,-73.9991446,0.0,0.0,0,0,0,0,0,0,Turning Improperly,Unspecified,,,,TAXI,LARGE COM VEH(6 OR MORE TIRES)
2012,2012-10-20,2:30,MANHATTAN,10024,40.7831465,-73.978327,2.0,0.0,0,0,0,0,2,0,Alcohol Involvement,Unspecified,,,,PASSENGER VEHICLE,PASSENGER VEHICLE
2012,2012-10-21,22:12,,,40.884735,-73.8156998,0.0,0.0,0,0,0,0,0,0,Driver Inexperience,Unspecified,,,,PASSENGER VEHICLE,PASSENGER VEHICLE
2012,2012-10-22,11:45,,,,,0.0,0.0,0,0,0,0,0,0,Driver Inattention/Distraction,Driver Inattention/Distraction,,,,VAN,LIVERY VEHICLE
2012,2012-10-22,8:55,QUEENS,11356,40.78419,-73.8458097,1.0,0.0,1,0,0,0,0,0,Unspecified,,,,,SPORT UTILITY / STATION WAGON,
2012,2012-10-23,14:00,,,40.6959287,-73.9677498,0.0,0.0,0,0,0,0,0,0,Fatigued/Drowsy,Unspecified,,,,PICK-UP TRUCK,PICK-UP TRUCK
2012,2012-10-24,21:10,BROOKLYN,11203,40.6401638,-73.9455229,1.0,0.0,1,0,0,0,0,0,Unspecified,,,,,UNKNOWN,
2012,2012-10-24,8:45,,,40.7251108,-73.7705573,1.0,0.0,0,0,0,0,1,0,Driver Inattention/Distraction,Unspecified,Unspecified,,,PASSENGER VEHICLE,PASSENGER VEHICLE
2012,2012-10-24,10:30,BROOKLYN,11224,40.578358,-73.9905035,0.0,0.0,0,0,0,0,0,0,Unspecified,Unspecified,,,,OTHER,SPORT UTILITY / STATION WAGON
2012,2012-10-24,21:00,BROOKLYN,11206,40.7046249,-73.9350216,0.0,0.0,0,0,0,0,0,0,Unspecified,Unspecified,,,,PASSENGER VEHICLE,UNKNOWN
2012,2012-10-26,16:52,MANHATTAN,10025,40.7939814,-73.9722814,1.0,0.0,1,0,0,0,0,0,Failure to Yield Right-of-Way,,,,,VAN,
2012,2012-10-26,13:20,,,,,0.0,0.0,0,0,0,0,0,0,Unspecified,,,,,SPORT UTILITY / STATION WAGON,
2012,2012-10-26,14:26,MANHATTAN,10011,40.7386864,-73.9958754,2.0,0.0,0,0,0,0,2,0,Other Electronic Device,Unspecified,,,,SPORT UTILITY / STATION WAGON,SPORT UTILITY / STATION WAGON
2012,2012-10-27,11:15,MANHATTAN,10023,40.7786073,-73.9816215,0.0,0.0,0,0,0,0,0,0,Driver Inattention/Distraction,Unspecified,,,,OTHER,SMALL COM VEH(4 TIRES) 
2012,2012-10-28,0:57,,,,,0.0,0.0,0,0,0,0,0,0,Driver Inattention/Distraction,,,,,PASSENGER VEHICLE,
2012,2012-10-29,18:50,,,40.7426584,-73.8462052,0.0,0.0,0,0,0,0,0,0,Obstruction/Debris,,,,,SPORT UTILITY / STATION WAGON,
2012,2012-10-30,17:52,QUEENS,11385,40.7032481,-73.9084313,1.0,0.0,1,0,0,0,0,0,Passenger Distraction,,,,,PASSENGER VEHICLE,
2012,2012-10-30,5:00,MANHATTAN,10024,40.788358,-73.9745227,0.0,0.0,0,0,0,0,0,0,Unspecified,,,,,SPORT UTILITY / STATION WAGON,
2012,2012-10-31,17:19,QUEENS,11379,40.7193967,-73.8747042,1.0,0.0,0,0,0,0,1,0,Traffic Control Device Improper/Non-Working,Traffic Control Disregarded,,,,PASSENGER VEHICLE,PASSENGER VEHICLE
2012,2012-10-31,16:00,QUEENS,11354,40.7610935,-73.8268686,0.0,0.0,0,0,0,0,0,0,Unspecified,Unspecified,,,,PASSENGER VEHICLE,PASSENGER VEHICLE
2012,2012-11-01,20:25,BROOKLYN,11230,40.6185581,-73.9550356,1.0,0.0,1,0,0,0,0,0,Passenger Distraction,,,,,PASSENGER VEHICLE,
2012,2012-11-02,21:30,BRONX,10458,40.8571285,-73.8807926,0.0,0.0,0,0,0,0,0,0,Driver Inattention/Distraction,Driver Inattention/Distraction,,,,PASSENGER VEHICLE,PASSENGER VEHICLE
2012,2012-11-03,8:30,QUEENS,11379,40.7194601,-73.8911615,0.0,0.0,0,0,0,0,0,0,Lost Consciousness,Unspecified,,,,SPORT UTILITY / STATION WAGON,SPORT UTILITY / STATION WAGON
2012,2012-11-03,4:00,,,40.7457072,-73.8947275,2.0,0.0,0,0,0,0,2,0,Oversized Vehicle,Unspecified,,,,LARGE COM VEH(6 OR MORE TIRES),LARGE COM VEH(6 OR MORE TIRES)
2012,2012-11-07,19:25,BROOKLYN,11225,40.6569158,-73.9531392,1.0,0.0,1,0,0,0,0,0,Unspecified,Unspecified,,,,PASSENGER VEHICLE,PASSENGER VEHICLE
2012,2012-11-07,9:00,QUEENS,11362,40.7527074,-73.7414326,0.0,0.0,0,0,0,0,0,0,Fatigued/Drowsy,Unspecified,,,,PICK-UP TRUCK,PASSENGER VEHICLE
2012,2012-11-07,7:00,QUEENS,11375,40.7151185,-73.832233,0.0,0.0,0,0,0,0,0,0,Unspecified,Unspecified,,,,SPORT UTILITY / STATION WAGON,BICYCLE
2012,2012-11-08,11:45,,,,,0.0,0.0,0,0,0,0,0,0,Lost Consciousness,Unspecified,,,,UNKNOWN,LARGE COM VEH(6 OR MORE TIRES)
2012,2012-11-08,20:00,BROOKLYN,11216,40.6697124,-73.9477302,0.0,0.0,0,0,0,0,0,0,Unspecified,Unspecified,,,,PASSENGER VEHICLE,PASSENGER VEHICLE
2012,2012-11-09,17:00,BROOKLYN,11207,40.6534188,-73.88897,0.0,0.0,0,0,0,0,0,0,Unspecified,Unspecified,,,,PASSENGER VEHICLE,PASSENGER VEHICLE
2012,2012-11-09,22:45,,,40.7441856,-73.732897,0.0,0.0,0,0,0,0,0,0,Driver Inattention/Distraction,Unspecified,,,,SPORT UTILITY / STATION WAGON,SPORT UTILITY / STATION WAGON
2012,2012-11-11,8:28,,,,,0.0,0.0,0,0,0,0,0,0,Unspecified,Unspecified,Unspecified,,,SPORT UTILITY / STATION WAGON,SPORT UTILITY / STATION WAGON
2012,2012-11-11,3:15,STATEN ISLAND,10312,40.5610915,-74.1698275,0.0,0.0,0,0,0,0,0,0,Alcohol Involvement,Unspecified,,,,SPORT UTILITY / STATION WAGON,SPORT UTILITY / STATION WAGON
2012,2012-11-12,19:23,QUEENS,11355,40.7575232,-73.8291338,0.0,0.0,0,0,0,0,0,0,Fatigued/Drowsy,Unspecified,,,,SPORT UTILITY / STATION WAGON,SPORT UTILITY / STATION WAGON
2012,2012-11-12,14:30,MANHATTAN,10018,40.7559505,-73.9907272,0.0,0.0,0,0,0,0,0,0,Unspecified,Unspecified,,,,PICK-UP TRUCK,PICK-UP TRUCK
2012,2012-11-13,11:10,MANHATTAN,10004,40.7047603,-74.0149606,0.0,0.0,0,0,0,0,0,0,Driver Inattention/Distraction,Driver Inattention/Distraction,,,,SPORT UTILITY / STATION WAGON,OTHER
2012,2012-11-13,19:30,MANHATTAN,10019,40.7655201,-73.9800367,1.0,0.0,0,0,1,0,0,0,Lost Consciousness,Unspecified,,,,PASSENGER VEHICLE,BICYCLE
2012,2012-11-13,18:10,QUEENS,11101,40.7460347,-73.9344002,1.0,0.0,0,0,0,0,1,0,Failure to Yield Right-of-Way,Unspecified,,,,PASSENGER VEHICLE,PASSENGER VEHICLE
2012,2012-11-15,10:00,BROOKLYN,11230,40.6322738,-73.9720063,0.0,0.0,0,0,0,0,0,0,Unspecified,Unspecified,,,,SMALL COM VEH(4 TIRES) ,SMALL COM VEH(4 TIRES) 
2012,2012-11-16,8:30,BROOKLYN,11220,40.6358672,-74.0055846,0.0,0.0,0,0,0,0,0,0,Unspecified,Unspecified,,,,PASSENGER VEHICLE,UNKNOWN
2012,2012-11-16,14:35,BROOKLYN,11204,40.6214346,-73.9878498,0.0,0.0,0,0,0,0,0,0,Unspecified,Unspecified,,,,SPORT UTILITY / STATION WAGON,UNKNOWN
2012,2012-11-17,1:00,BROOKLYN,11229,40.6076937,-73.9609097,0.0,0.0,0,0,0,0,0,0,Unspecified,,,,,UNKNOWN,
2012,2012-11-17,22:55,MANHATTAN,10018,40.751081,-73.9868516,1.0,0.0,0,0,0,0,1,0,Unspecified,Unspecified,,,,TAXI,TAXI
2012,2012-11-17,18:20,BROOKLYN,11217,40.6779993,-73.9730543,0.0,0.0,0,0,0,0,0,0,Unspecified,Unspecified,,,,PASSENGER VEHICLE,PASSENGER VEHICLE
2012,2012-11-18,11:55,MANHATTAN,10065,40.7631141,-73.9625151,0.0,0.0,0,0,0,0,0,0,Prescription Medication,Prescription Medication,,,,PASSENGER VEHICLE,PASSENGER VEHICLE
2012,2012-11-19,17:15,BRONX,10461,40.8397833,-73.837018,1.0,0.0,1,0,0,0,0,0,Unspecified,,,,,PASSENGER VEHICLE,
2012,2012-11-20,14:28,BROOKLYN,11203,40.6396757,-73.9310421,0.0,0.0,0,0,0,0,0,0,Unspecified,Unspecified,,,,PICK-UP TRUCK,VAN
2012,2012-11-22,0:30,BROOKLYN,11204,40.6267565,-73.9859683,0.0,0.0,0,0,0,0,0,0,Unspecified,Unspecified,,,,PASSENGER VEHICLE,UNKNOWN
2012,2012-11-23,11:50,QUEENS,11415,40.7041498,-73.8337141,0.0,0.0,0,0,0,0,0,0,Unspecified,Unspecified,,,,PASSENGER VEHICLE,UNKNOWN
2012,2012-11-23,15:30,,,40.6047829,-74.0707499,0.0,0.0,0,0,0,0,0,0,Driver Inattention/Distraction,Unspecified,,,,PASSENGER VEHICLE,PASSENGER VEHICLE
2012,2012-11-24,2:20,MANHATTAN,10011,40.7397514,-74.0025224,0.0,0.0,0,0,0,0,0,0,Failure to Yield Right-of-Way,Failure to Yield Right-of-Way,,,,SPORT UTILITY / STATION WAGON,SPORT UTILITY / STATION WAGON
2012,2012-11-24,7:00,,,,,0.0,0.0,0,0,0,0,0,0,Unspecified,Unspecified,,,,PASSENGER VEHICLE,SPORT UTILITY / STATION WAGON
2012,2012-11-25,10:00,QUEENS,11101,40.7452378,-73.9376959,3.0,0.0,0,0,0,0,3,0,Unspecified,Unspecified,,,,PASSENGER VEHICLE,PASSENGER VEHICLE
2012,2012-11-26,16:00,BRONX,10466,40.8934115,-73.8573621,1.0,0.0,1,0,0,0,0,0,Unspecified,,,,,VAN,
2012,2012-11-26,11:04,MANHATTAN,10033,40.8504481,-73.9366612,1.0,0.0,0,0,1,0,0,0,Driver Inattention/Distraction,Driver Inattention/Distraction,,,,SPORT UTILITY / STATION WAGON,BICYCLE
2012,2012-11-27,21:00,,,40.7582878,-73.7374171,1.0,0.0,0,0,0,0,1,0,Unspecified,Unspecified,,,,PASSENGER VEHICLE,UNKNOWN
2012,2012-11-29,17:45,QUEENS,11432,40.7173378,-73.7973547,0.0,0.0,0,0,0,0,0,0,Driver Inattention/Distraction,Unspecified,,,,PASSENGER VEHICLE,PASSENGER VEHICLE
2012,2012-11-29,21:35,MANHATTAN,10014,40.7323735,-74.0034711,0.0,0.0,0,0,0,0,0,0,Unspecified,Unspecified,,,,PASSENGER VEHICLE,TAXI
2012,2012-11-30,20:35,,,,,0.0,0.0,0,0,0,0,0,0,Unspecified,Unspecified,,,,PASSENGER VEHICLE,PASSENGER VEHICLE
2012,2012-12-02,10:25,QUEENS,11421,40.6864472,-73.8548409,0.0,0.0,0,0,0,0,0,0,Driver Inattention/Distraction,Unspecified,,,,PASSENGER VEHICLE,SPORT UTILITY / STATION WAGON
2012,2012-12-04,10:30,MANHATTAN,10013,40.715743,-74.0016846,0.0,0.0,0,0,0,0,0,0,Lost Consciousness,Unspecified,,,,TAXI,PICK-UP TRUCK
2012,2012-12-06,8:41,BROOKLYN,11210,40.6334286,-73.9529755,0.0,0.0,0,0,0,0,0,0,Unspecified,Unspecified,,,,PASSENGER VEHICLE,SPORT UTILITY / STATION WAGON
2012,2012-12-07,12:00,QUEENS,11692,40.5927872,-73.7971601,0.0,0.0,0,0,0,0,0,0,Driver Inattention/Distraction,Unspecified,,,,PICK-UP TRUCK,PICK-UP TRUCK
2012,2012-12-08,6:45,QUEENS,11435,40.7066866,-73.8093473,0.0,0.0,0,0,0,0,0,0,Failure to Yield Right-of-Way,Unspecified,,,,SPORT UTILITY / STATION WAGON,PASSENGER VEHICLE
2012,2012-12-08,17:49,QUEENS,11418,40.7075733,-73.8361871,0.0,0.0,0,0,0,0,0,0,Unspecified,Unspecified,,,,SPORT UTILITY / STATION WAGON,SPORT UTILITY / STATION WAGON
2012,2012-12-08,0:50,QUEENS,11361,40.754396,-73.7771953,0.0,0.0,0,0,0,0,0,0,Driver Inattention/Distraction,Driver Inexperience,Unspecified,,,PASSENGER VEHICLE,PASSENGER VEHICLE
2012,2012-12-09,13:30,,,,,0.0,0.0,0,0,0,0,0,0,Failure to Yield Right-of-Way,Unspecified,,,,LIVERY VEHICLE,PASSENGER VEHICLE
2012,2012-12-09,12:03,MANHATTAN,10002,40.7199,-73.98775,0.0,0.0,0,0,0,0,0,0,Unspecified,,,,,Taxi,Pick-up Truck
2012,2012-12-10,9:01,MANHATTAN,10065,40.7624177,-73.9569852,0.0,0.0,0,0,0,0,0,0,Unspecified,Unspecified,,,,TAXI,TAXI
2012,2012-12-12,16:34,,,,,0.0,0.0,0,0,0,0,0,0,Unspecified,Unspecified,,,,PASSENGER VEHICLE,PASSENGER VEHICLE
2012,2012-12-12,11:02,,,40.7280368,-73.9718224,1.0,0.0,0,0,0,0,1,0,Turning Improperly,Unspecified,,,,PASSENGER VEHICLE,TAXI
2012,2012-12-13,9:00,,,,,0.0,0.0,0,0,0,0,0,0,Driver Inattention/Distraction,Fatigued/Drowsy,,,,PASSENGER VEHICLE,PASSENGER VEHICLE
2012,2012-12-14,11:35,BROOKLYN,11201,40.6898056,-73.9779391,0.0,0.0,0,0,0,0,0,0,Driver Inexperience,Unspecified,,,,SPORT UTILITY / STATION WAGON,SPORT UTILITY / STATION WAGON
2012,2012-12-16,19:30,QUEENS,11374,40.7309325,-73.8645761,0.0,0.0,0,0,0,0,0,0,Lost Consciousness,Unspecified,,,,BUS,PASSENGER VEHICLE
2012,2012-12-18,8:20,BRONX,10459,40.8177952,-73.8931829,0.0,0.0,0,0,0,0,0,0,Unspecified,Unspecified,,,,PASSENGER VEHICLE,UNKNOWN
2012,2012-12-20,18:05,,,40.7227716,-73.8362427,0.0,0.0,0,0,0,0,0,0,Unspecified,Unspecified,,,,SPORT UTILITY / STATION WAGON,UNKNOWN
2012,2012-12-21,2:45,MANHATTAN,10021,40.7655459,-73.9547017,0.0,0.0,0,0,0,0,0,0,Unspecified,Unspecified,,,,TAXI,OTHER
2012,2012-12-21,15:45,BROOKLYN,11220,40.6113676,-74.0348713,0.0,0.0,0,0,0,0,0,0,Unspecified,Unspecified,,,,PASSENGER VEHICLE,PASSENGER VEHICLE
2012,2012-12-21,12:30,,,,,1.0,0.0,1,0,0,0,0,0,Failure to Yield Right-of-Way,,,,,SPORT UTILITY / STATION WAGON,
2012,2012-12-21,18:45,,,,,0.0,0.0,0,0,0,0,0,0,Fatigued/Drowsy,Unspecified,,,,SPORT UTILITY / STATION WAGON,PASSENGER VEHICLE
2012,2012-12-21,16:55,BROOKLYN,11220,40.6471227,-74.0151603,0.0,0.0,0,0,0,0,0,0,Unspecified,Unspecified,,,,PASSENGER VEHICLE,VAN
2012,2012-12-24,12:45,QUEENS,11377,40.7408961,-73.8996069,0.0,0.0,0,0,0,0,0,0,Unspecified,Unspecified,,,,PASSENGER VEHICLE,UNKNOWN
2012,2012-12-25,19:29,STATEN ISLAND,10301,40.6334526,-74.0861443,0.0,0.0,0,0,0,0,0,0,Alcohol Involvement,Unspecified,,,,PASSENGER VEHICLE,SPORT UTILITY / STATION WAGON
2012,2012-12-25,12:30,STATEN ISLAND,10301,40.642565,-74.0865236,0.0,0.0,0,0,0,0,0,0,Unspecified,Unspecified,,,,PASSENGER VEHICLE,PASSENGER VEHICLE
2012,2012-12-26,5:12,BROOKLYN,11237,40.708362,-73.9240025,0.0,0.0,0,0,0,0,0,0,Unspecified,Unspecified,,,,OTHER,OTHER
2012,2012-12-27,14:10,BRONX,10459,40.8267939,-73.891911,1.0,0.0,1,0,0,0,0,0,Unspecified,,,,,SPORT UTILITY / STATION WAGON,
2012,2012-12-30,9:47,MANHATTAN,10002,40.7179222,-73.9930954,0.0,0.0,0,0,0,0,0,0,Driver Inexperience,Unspecified,,,,LIVERY VEHICLE,SPORT UTILITY / STATION WAGON
2012,2012-12-30,16:50,BROOKLYN,11214,40.6091386,-74.0018548,0.0,0.0,0,0,0,0,0,0,Driver Inattention/Distraction,Unspecified,,,,PASSENGER VEHICLE,PASSENGER VEHICLE
2012,2012-12-31,17:30,,,,,0.0,0.0,0,0,0,0,0,0,Traffic Control Disregarded,,,,,PASSENGER VEHICLE,
2013,2013-01-04,18:30,QUEENS,11354,40.7631284,-73.8312493,0.0,0.0,0,0,0,0,0,0,Unspecified,Unspecified,,,,PASSENGER VEHICLE,PASSENGER VEHICLE
2013,2013-01-04,13:01,BRONX,10472,40.8300269,-73.8727542,0.0,0.0,0,0,0,0,0,0,Driver Inattention/Distraction,Driver Inattention/Distraction,,,,TAXI,TAXI
2013,2013-01-05,11:30,QUEENS,11358,40.7628777,-73.7951513,0.0,0.0,0,0,0,0,0,0,Fatigued/Drowsy,Unspecified,,,,PASSENGER VEHICLE,PASSENGER VEHICLE
2013,2013-01-05,19:30,BRONX,10456,40.8356009,-73.9137927,1.0,0.0,1,0,0,0,0,0,Unspecified,,,,,TAXI,
2013,2013-01-07,10:00,QUEENS,11361,40.7583923,-73.7814449,0.0,0.0,0,0,0,0,0,0,Backing Unsafely,,,,,PASSENGER VEHICLE,
2013,2013-01-07,10:45,BROOKLYN,11249,40.7176778,-73.9634858,0.0,0.0,0,0,0,0,0,0,Unspecified,Unspecified,,,,LARGE COM VEH(6 OR MORE TIRES),SPORT UTILITY / STATION WAGON
2013,2013-01-09,13:15,BRONX,10465,40.8278679,-73.8235801,0.0,0.0,0,0,0,0,0,0,Unspecified,Unspecified,,,,SPORT UTILITY / STATION WAGON,BUS
2013,2013-01-13,18:50,BROOKLYN,11225,40.6661388,-73.9480682,1.0,0.0,0,0,0,0,1,0,Other Vehicular,Unspecified,,,,PASSENGER VEHICLE,PASSENGER VEHICLE
2013,2013-01-13,0:10,,,,,2.0,0.0,0,0,0,0,2,0,Unspecified,Unspecified,,,,PASSENGER VEHICLE,LIVERY VEHICLE
2013,2013-01-14,14:55,BRONX,10461,40.8516867,-73.8310535,0.0,0.0,0,0,0,0,0,0,Unspecified,Unspecified,,,,SPORT UTILITY / STATION WAGON,UNKNOWN
2013,2013-01-14,10:03,BRONX,10462,40.854504,-73.8677044,0.0,0.0,0,0,0,0,0,0,Unspecified,Unspecified,,,,PASSENGER VEHICLE,PASSENGER VEHICLE
2013,2013-01-14,10:15,BROOKLYN,11208,40.6763203,-73.8746662,1.0,0.0,0,0,0,0,1,0,Physical Disability,Unspecified,,,,PASSENGER VEHICLE,SPORT UTILITY / STATION WAGON
2013,2013-01-15,11:45,QUEENS,11435,40.6947274,-73.809194,0.0,0.0,0,0,0,0,0,0,Backing Unsafely,Unspecified,,,,PASSENGER VEHICLE,SPORT UTILITY / STATION WAGON
2013,2013-01-19,2:49,QUEENS,11361,40.7603108,-73.7743094,0.0,0.0,0,0,0,0,0,0,Driver Inattention/Distraction,Unspecified,,,,SPORT UTILITY / STATION WAGON,PASSENGER VEHICLE
2013,2013-01-20,14:40,BROOKLYN,11235,40.5769869,-73.9519137,0.0,0.0,0,0,0,0,0,0,Unspecified,Unspecified,,,,PASSENGER VEHICLE,PASSENGER VEHICLE
2013,2013-01-20,13:30,MANHATTAN,10021,40.7655459,-73.9547017,0.0,0.0,0,0,0,0,0,0,Other Vehicular,Other Vehicular,,,,PASSENGER VEHICLE,TAXI
2013,2013-01-21,17:00,QUEENS,11101,40.7498984,-73.9378107,0.0,0.0,0,0,0,0,0,0,Unspecified,Unspecified,,,,SPORT UTILITY / STATION WAGON,SPORT UTILITY / STATION WAGON
2013,2013-01-21,18:00,STATEN ISLAND,10304,40.627312,-74.0830634,0.0,0.0,0,0,0,0,0,0,Unspecified,Unspecified,,,,PASSENGER VEHICLE,PASSENGER VEHICLE
2013,2013-01-24,11:24,MANHATTAN,10038,40.713926,-73.9995563,0.0,0.0,0,0,0,0,0,0,Driver Inattention/Distraction,Unspecified,,,,BUS,SPORT UTILITY / STATION WAGON
2013,2013-01-24,12:27,BRONX,10465,40.8265246,-73.8158114,0.0,0.0,0,0,0,0,0,0,Lane Marking Improper/Inadequate,Unspecified,,,,SPORT UTILITY / STATION WAGON,SPORT UTILITY / STATION WAGON
2013,2013-01-24,10:05,,,,,0.0,0.0,0,0,0,0,0,0,Physical Disability,Unspecified,,,,LARGE COM VEH(6 OR MORE TIRES),PASSENGER VEHICLE
2013,2013-01-25,17:32,STATEN ISLAND,10301,40.6464578,-74.0892962,2.0,0.0,0,0,0,0,2,0,Unspecified,,,,,PASSENGER VEHICLE,
2013,2013-01-25,3:15,MANHATTAN,10002,40.7199798,-73.9836434,1.0,0.0,0,0,0,0,1,0,Failure to Yield Right-of-Way,Unspecified,,,,SPORT UTILITY / STATION WAGON,PASSENGER VEHICLE
2013,2013-01-25,22:30,BROOKLYN,11212,40.6594846,-73.918295,0.0,0.0,0,0,0,0,0,0,Unspecified,Unspecified,,,,PASSENGER VEHICLE,UNKNOWN
2013,2013-01-25,10:20,BROOKLYN,11210,40.6299734,-73.936766,1.0,0.0,0,0,0,0,1,0,Unspecified,Unspecified,,,,PASSENGER VEHICLE,SPORT UTILITY / STATION WAGON
2013,2013-01-26,23:30,QUEENS,11103,40.7566785,-73.9208649,0.0,0.0,0,0,0,0,0,0,Unspecified,Unspecified,,,,SPORT UTILITY / STATION WAGON,UNKNOWN
2013,2013-01-26,9:30,STATEN ISLAND,10306,40.5705732,-74.0951411,0.0,0.0,0,0,0,0,0,0,Glare,Unspecified,,,,PASSENGER VEHICLE,PASSENGER VEHICLE
2013,2013-01-26,5:30,,,40.8952438,-73.8613922,0.0,0.0,0,0,0,0,0,0,Unspecified,Unspecified,,,,SPORT UTILITY / STATION WAGON,UNKNOWN
2013,2013-01-27,14:53,BROOKLYN,11237,40.7016172,-73.9148496,0.0,0.0,0,0,0,0,0,0,Unspecified,Unspecified,,,,OTHER,OTHER
2013,2013-01-29,18:30,,,40.6637965,-73.9977703,0.0,0.0,0,0,0,0,0,0,Lost Consciousness,Unspecified,,,,PASSENGER VEHICLE,PASSENGER VEHICLE
2013,2013-02-01,13:15,BROOKLYN,11201,40.6911938,-73.9977679,0.0,0.0,0,0,0,0,0,0,Unspecified,Unspecified,,,,PASSENGER VEHICLE,PASSENGER VEHICLE
2013,2013-02-03,7:45,QUEENS,11435,40.7021331,-73.8044409,0.0,0.0,0,0,0,0,0,0,Unspecified,Unspecified,,,,PASSENGER VEHICLE,UNKNOWN
2013,2013-02-03,4:30,BROOKLYN,11238,40.6841027,-73.9689234,0.0,0.0,0,0,0,0,0,0,Aggressive Driving/Road Rage,Unspecified,,,,PASSENGER VEHICLE,TAXI
2013,2013-02-04,16:23,BRONX,10467,40.8749759,-73.8794553,1.0,0.0,1,0,0,0,0,0,Unspecified,,,,,PASSENGER VEHICLE,
2013,2013-02-04,10:30,BROOKLYN,11216,40.6778446,-73.9528108,0.0,0.0,0,0,0,0,0,0,Unspecified,Unspecified,,,,PASSENGER VEHICLE,PASSENGER VEHICLE
2013,2013-02-04,9:15,,,,,0.0,0.0,0,0,0,0,0,0,Unspecified,Unspecified,,,,PASSENGER VEHICLE,PICK-UP TRUCK
2013,2013-02-07,3:18,QUEENS,11372,40.7543893,-73.8965222,0.0,0.0,0,0,0,0,0,0,Unspecified,,,,,TAXI,
2013,2013-02-08,17:00,,,40.7063473,-73.9582478,0.0,0.0,0,0,0,0,0,0,Unspecified,Unspecified,,,,SPORT UTILITY / STATION WAGON,PASSENGER VEHICLE
2013,2013-02-09,12:00,QUEENS,11373,40.7297145,-73.8800789,0.0,0.0,0,0,0,0,0,0,Unspecified,Unspecified,,,,PASSENGER VEHICLE,UNKNOWN
2013,2013-02-11,19:24,BROOKLYN,11229,40.5946391,-73.9527004,0.0,0.0,0,0,0,0,0,0,Unspecified,Unspecified,,,,SPORT UTILITY / STATION WAGON,SPORT UTILITY / STATION WAGON
2013,2013-02-15,8:30,,,,,3.0,0.0,0,0,0,0,3,0,Unspecified,Unspecified,,,,PASSENGER VEHICLE,PASSENGER VEHICLE
2013,2013-02-17,17:45,STATEN ISLAND,10314,40.6135258,-74.1168418,1.0,0.0,0,0,0,0,1,0,Unspecified,Unspecified,,,,PASSENGER VEHICLE,SPORT UTILITY / STATION WAGON
2013,2013-02-18,18:20,STATEN ISLAND,10304,40.6224636,-74.0725352,0.0,0.0,0,0,0,0,0,0,Unspecified,Unspecified,,,,PICK-UP TRUCK,UNKNOWN
2013,2013-02-18,9:30,MANHATTAN,10034,40.8605269,-73.9193784,0.0,0.0,0,0,0,0,0,0,Unspecified,Unspecified,,,,PASSENGER VEHICLE,VAN
2013,2013-02-19,8:00,MANHATTAN,10031,40.8246527,-73.946221,1.0,0.0,0,0,0,0,1,0,Traffic Control Disregarded,Unspecified,,,,PASSENGER VEHICLE,SPORT UTILITY / STATION WAGON
2013,2013-02-19,14:17,,,40.7326139,-73.92515,0.0,0.0,0,0,0,0,0,0,Unspecified,Unspecified,,,,PASSENGER VEHICLE,PASSENGER VEHICLE
2013,2013-02-19,8:00,MANHATTAN,10006,40.7079663,-74.0135907,0.0,0.0,0,0,0,0,0,0,Unspecified,Unspecified,,,,LARGE COM VEH(6 OR MORE TIRES),PASSENGER VEHICLE
2013,2013-02-20,16:53,QUEENS,11385,40.6996781,-73.8877136,0.0,0.0,0,0,0,0,0,0,Unspecified,,,,,SPORT UTILITY / STATION WAGON,SPORT UTILITY / STATION WAGON
2013,2013-02-20,8:21,BRONX,10462,40.834014,-73.853471,0.0,0.0,0,0,0,0,0,0,Unspecified,Unspecified,,,,LARGE COM VEH(6 OR MORE TIRES),PASSENGER VEHICLE
2013,2013-02-22,1:12,,,,,0.0,0.0,0,0,0,0,0,0,Other Vehicular,Other Vehicular,,,,PASSENGER VEHICLE,BUS
2013,2013-02-23,16:50,,,,,0.0,0.0,0,0,0,0,0,0,Unspecified,Unspecified,,,,PASSENGER VEHICLE,UNKNOWN
2013,2013-02-23,14:53,QUEENS,11375,40.7145547,-73.8314588,0.0,0.0,0,0,0,0,0,0,Unspecified,Unspecified,,,,SPORT UTILITY / STATION WAGON,PASSENGER VEHICLE
2013,2013-02-23,14:40,BRONX,10453,40.8476821,-73.9123638,2.0,0.0,0,0,0,0,2,0,Failure to Yield Right-of-Way,Unspecified,,,,SPORT UTILITY / STATION WAGON,SPORT UTILITY / STATION WAGON
2013,2013-02-23,20:15,MANHATTAN,10010,40.7381665,-73.9836318,0.0,0.0,0,0,0,0,0,0,Unspecified,,,,,SPORT UTILITY / STATION WAGON,
2013,2013-02-27,9:24,STATEN ISLAND,10304,40.6173993,-74.0848593,0.0,0.0,0,0,0,0,0,0,Unspecified,Unspecified,,,,VAN,SPORT UTILITY / STATION WAGON
2013,2013-02-28,10:06,BRONX,10469,40.8677816,-73.8348162,0.0,0.0,0,0,0,0,0,0,Unspecified,Unspecified,,,,UNKNOWN,UNKNOWN
2013,2013-03-01,21:00,BROOKLYN,11229,40.5983037,-73.9414808,1.0,0.0,1,0,0,0,0,0,Unspecified,,,,,PASSENGER VEHICLE,
2013,2013-03-01,11:13,STATEN ISLAND,10303,40.6315944,-74.1603876,0.0,0.0,0,0,0,0,0,0,Unspecified,Unspecified,,,,PASSENGER VEHICLE,SPORT UTILITY / STATION WAGON
2013,2013-03-02,13:31,BROOKLYN,11234,40.6264564,-73.9179932,0.0,0.0,0,0,0,0,0,0,Unspecified,Unspecified,,,,PASSENGER VEHICLE,PASSENGER VEHICLE
2013,2013-03-03,7:00,BROOKLYN,11203,40.6504695,-73.9244216,0.0,0.0,0,0,0,0,0,0,Unspecified,Unspecified,,,,PASSENGER VEHICLE,PASSENGER VEHICLE
2013,2013-03-03,23:55,BROOKLYN,11230,40.6252821,-73.9604671,0.0,0.0,0,0,0,0,0,0,Oversized Vehicle,,,,,LARGE COM VEH(6 OR MORE TIRES),
2013,2013-03-04,5:45,MANHATTAN,10001,40.7460038,-73.9942618,0.0,0.0,0,0,0,0,0,0,Unspecified,Unspecified,,,,LIVERY VEHICLE,VAN
2013,2013-03-04,14:05,BROOKLYN,11206,40.7067582,-73.9413964,0.0,0.0,0,0,0,0,0,0,Unspecified,Unspecified,,,,UNKNOWN,PASSENGER VEHICLE
2013,2013-03-07,18:30,MANHATTAN,10024,40.7851558,-73.9790017,0.0,0.0,0,0,0,0,0,0,Unspecified,Unspecified,,,,SPORT UTILITY / STATION WAGON,PASSENGER VEHICLE
2013,2013-03-07,8:25,BROOKLYN,11234,40.6375782,-73.9259207,0.0,0.0,0,0,0,0,0,0,Unspecified,Unspecified,,,,PASSENGER VEHICLE,UNKNOWN
2013,2013-03-07,13:30,,,40.8282975,-73.8397159,0.0,0.0,0,0,0,0,0,0,Unspecified,Unspecified,,,,PASSENGER VEHICLE,OTHER
2013,2013-03-08,8:15,,,40.6076884,-74.1389164,0.0,0.0,0,0,0,0,0,0,Driver Inattention/Distraction,Unspecified,,,,PASSENGER VEHICLE,LARGE COM VEH(6 OR MORE TIRES)
2013,2013-03-09,21:00,QUEENS,11419,40.6881124,-73.8193308,0.0,0.0,0,0,0,0,0,0,Backing Unsafely,Unspecified,,,,SPORT UTILITY / STATION WAGON,PASSENGER VEHICLE
2013,2013-03-10,15:45,MANHATTAN,10128,40.7766037,-73.9466281,0.0,0.0,0,0,0,0,0,0,Other Vehicular,Driver Inattention/Distraction,,,,PASSENGER VEHICLE,BUS
2013,2013-03-12,10:20,BRONX,10455,40.8162619,-73.9141971,0.0,0.0,0,0,0,0,0,0,Unspecified,Unspecified,,,,PASSENGER VEHICLE,PASSENGER VEHICLE
2013,2013-03-14,16:15,BROOKLYN,11203,40.6471153,-73.9433731,0.0,0.0,0,0,0,0,0,0,Unspecified,Unspecified,,,,SPORT UTILITY / STATION WAGON,SPORT UTILITY / STATION WAGON
2013,2013-03-15,10:00,BRONX,10461,40.8516867,-73.8310535,0.0,0.0,0,0,0,0,0,0,Unspecified,Unspecified,,,,PASSENGER VEHICLE,PASSENGER VEHICLE
2013,2013-03-15,10:00,BRONX,10465,40.8307246,-73.8232148,0.0,0.0,0,0,0,0,0,0,Unspecified,Unspecified,,,,PASSENGER VEHICLE,UNKNOWN
2013,2013-03-16,14:30,QUEENS,11372,40.7488634,-73.8927087,0.0,0.0,0,0,0,0,0,0,Unspecified,Unspecified,,,,SPORT UTILITY / STATION WAGON,SPORT UTILITY / STATION WAGON
2013,2013-03-16,19:45,BROOKLYN,11223,40.5978331,-73.965485,1.0,0.0,1,0,0,0,0,0,Failure to Yield Right-of-Way,,,,,SPORT UTILITY / STATION WAGON,
2013,2013-03-16,12:55,STATEN ISLAND,10306,40.5781097,-74.1112,0.0,0.0,0,0,0,0,0,0,Fatigued/Drowsy,Unspecified,,,,PASSENGER VEHICLE,SPORT UTILITY / STATION WAGON
2013,2013-03-16,12:12,,,,,0.0,0.0,0,0,0,0,0,0,Lost Consciousness,Unspecified,,,,OTHER,SPORT UTILITY / STATION WAGON
2013,2013-03-17,12:20,BRONX,10475,40.8703952,-73.8258862,0.0,0.0,0,0,0,0,0,0,Driver Inattention/Distraction,Unspecified,,,,SPORT UTILITY / STATION WAGON,PASSENGER VEHICLE
2013,2013-03-17,17:30,BROOKLYN,11206,40.7015803,-73.9502731,1.0,0.0,0,0,0,0,1,0,Fatigued/Drowsy,Unspecified,,,,PASSENGER VEHICLE,SPORT UTILITY / STATION WAGON
2013,2013-03-20,7:30,BRONX,10462,40.8567836,-73.8619196,1.0,0.0,0,0,0,0,1,0,Unspecified,Unspecified,,,,PASSENGER VEHICLE,SPORT UTILITY / STATION WAGON
2013,2013-03-21,14:40,MANHATTAN,10029,40.7960032,-73.9354092,0.0,0.0,0,0,0,0,0,0,Unspecified,Unspecified,,,,OTHER,SPORT UTILITY / STATION WAGON
2013,2013-03-22,4:00,QUEENS,11433,40.7078931,-73.7867214,0.0,0.0,0,0,0,0,0,0,Unspecified,Unspecified,,,,PASSENGER VEHICLE,UNKNOWN
2013,2013-03-22,14:10,,,,,0.0,0.0,0,0,0,0,0,0,Unspecified,Unspecified,,,,SPORT UTILITY / STATION WAGON,PASSENGER VEHICLE
2013,2013-03-23,23:00,BROOKLYN,11239,40.6491933,-73.8876761,1.0,0.0,0,0,0,0,1,0,Lost Consciousness,Unspecified,,,,PASSENGER VEHICLE,SPORT UTILITY / STATION WAGON
2013,2013-03-23,22:22,BRONX,10464,40.8490093,-73.7871473,1.0,0.0,0,0,0,0,1,0,Unspecified,Unspecified,,,,PASSENGER VEHICLE,MOTORCYCLE
2013,2013-03-23,13:30,BRONX,10463,40.8795157,-73.9096784,0.0,0.0,0,0,0,0,0,0,Failure to Yield Right-of-Way,Unspecified,,,,PASSENGER VEHICLE,SPORT UTILITY / STATION WAGON
2013,2013-03-24,13:55,MANHATTAN,10038,40.7088454,-74.0025032,0.0,0.0,0,0,0,0,0,0,Fatigued/Drowsy,Unspecified,,,,PASSENGER VEHICLE,TAXI
2013,2013-03-24,17:45,BROOKLYN,11209,40.6249139,-74.0406638,0.0,0.0,0,0,0,0,0,0,Backing Unsafely,Unspecified,,,,SPORT UTILITY / STATION WAGON,OTHER
2013,2013-03-24,2:50,QUEENS,11368,40.7379289,-73.8555803,0.0,0.0,0,0,0,0,0,0,Unspecified,Unspecified,Unspecified,,,PASSENGER VEHICLE,PASSENGER VEHICLE
2013,2013-03-25,0:34,BROOKLYN,11223,40.6092524,-73.9690411,0.0,0.0,0,0,0,0,0,0,Unspecified,Unspecified,,,,PASSENGER VEHICLE,UNKNOWN
2013,2013-03-26,14:30,BRONX,10458,40.8605215,-73.8925647,1.0,0.0,0,0,0,0,1,0,Driver Inattention/Distraction,Unspecified,,,,SPORT UTILITY / STATION WAGON,PASSENGER VEHICLE
2013,2013-03-26,17:22,QUEENS,11355,40.7519423,-73.8322954,0.0,0.0,0,0,0,0,0,0,Unspecified,Unspecified,,,,PASSENGER VEHICLE,PASSENGER VEHICLE
2013,2013-03-28,22:41,BRONX,10459,40.8315029,-73.8880802,0.0,0.0,0,0,0,0,0,0,Driver Inattention/Distraction,Unspecified,,,,PASSENGER VEHICLE,PASSENGER VEHICLE
2013,2013-03-28,23:03,MANHATTAN,10019,40.7642781,-73.9730158,0.0,0.0,0,0,0,0,0,0,Driver Inattention/Distraction,Driver Inattention/Distraction,,,,PASSENGER VEHICLE,PASSENGER VEHICLE
2013,2013-03-29,17:15,,,40.7802896,-73.9438505,0.0,0.0,0,0,0,0,0,0,Fatigued/Drowsy,Unspecified,,,,PASSENGER VEHICLE,PASSENGER VEHICLE
2013,2013-03-31,11:50,MANHATTAN,10002,40.7158555,-73.9949534,0.0,0.0,0,0,0,0,0,0,Unspecified,,,,,PASSENGER VEHICLE,PASSENGER VEHICLE
2013,2013-04-01,21:56,BROOKLYN,11201,40.6960346,-73.9845292,0.0,0.0,0,0,0,0,0,0,Unspecified,Unspecified,,,,PASSENGER VEHICLE,UNKNOWN
2013,2013-04-01,12:15,MANHATTAN,10019,40.7714641,-73.9943462,0.0,0.0,0,0,0,0,0,0,Prescription Medication,Unspecified,,,,PASSENGER VEHICLE,SPORT UTILITY / STATION WAGON
2013,2013-04-02,16:20,MANHATTAN,10007,40.7149276,-74.0079396,0.0,0.0,0,0,0,0,0,0,Unspecified,Unspecified,,,,SPORT UTILITY / STATION WAGON,SPORT UTILITY / STATION WAGON
2013,2013-04-04,19:52,BROOKLYN,11215,40.6709615,-73.988212,0.0,0.0,0,0,0,0,0,0,Unspecified,Unspecified,,,,PASSENGER VEHICLE,BUS
2013,2013-04-04,12:30,,,,,0.0,0.0,0,0,0,0,0,0,Driver Inattention/Distraction,Driver Inattention/Distraction,,,,SMALL COM VEH(4 TIRES) ,SPORT UTILITY / STATION WAGON
2013,2013-04-06,9:10,BROOKLYN,11209,40.6278324,-74.0292743,0.0,0.0,0,0,0,0,0,0,Failure to Yield Right-of-Way,Unspecified,,,,PASSENGER VEHICLE,PASSENGER VEHICLE
2013,2013-04-08,2:20,BRONX,10463,40.8870811,-73.9041347,0.0,0.0,0,0,0,0,0,0,Unspecified,Unspecified,,,,PASSENGER VEHICLE,UNKNOWN
2013,2013-04-09,23:30,BRONX,10472,40.8297779,-73.8505389,0.0,0.0,0,0,0,0,0,0,Unspecified,Unspecified,,,,PASSENGER VEHICLE,SPORT UTILITY / STATION WAGON
2013,2013-04-09,12:20,BROOKLYN,11216,40.6836472,-73.946872,0.0,0.0,0,0,0,0,0,0,Unspecified,Unspecified,,,,PASSENGER VEHICLE,PASSENGER VEHICLE
2013,2013-04-09,7:00,QUEENS,11432,40.7089835,-73.8041683,0.0,0.0,0,0,0,0,0,0,Driver Inattention/Distraction,Unspecified,,,,VAN,PASSENGER VEHICLE
2013,2013-04-09,12:35,BROOKLYN,11223,40.6074098,-73.9658871,0.0,0.0,0,0,0,0,0,0,Unspecified,Unspecified,,,,PASSENGER VEHICLE,UNKNOWN
2013,2013-04-11,15:40,BROOKLYN,11206,40.6957047,-73.9463647,0.0,0.0,0,0,0,0,0,0,Unspecified,Unspecified,,,,PASSENGER VEHICLE,PASSENGER VEHICLE
2013,2013-04-11,10:30,BRONX,10462,40.8454161,-73.8651961,0.0,0.0,0,0,0,0,0,0,Unspecified,Unspecified,,,,PASSENGER VEHICLE,PASSENGER VEHICLE
2013,2013-04-11,14:30,,,,,0.0,0.0,0,0,0,0,0,0,Turning Improperly,Unspecified,,,,LARGE COM VEH(6 OR MORE TIRES),PASSENGER VEHICLE
2013,2013-04-12,23:55,BROOKLYN,11233,40.6746537,-73.9091555,0.0,0.0,0,0,0,0,0,0,Unspecified,Unspecified,,,,PASSENGER VEHICLE,PASSENGER VEHICLE
2013,2013-04-12,16:00,MANHATTAN,10021,40.7675352,-73.9532491,0.0,0.0,0,0,0,0,0,0,Unspecified,,,,,PASSENGER VEHICLE,
2013,2013-04-12,14:50,MANHATTAN,10010,40.7388307,-73.9831481,0.0,0.0,0,0,0,0,0,0,Unspecified,Unspecified,,,,OTHER,UNKNOWN
2013,2013-04-13,21:15,,,,,0.0,0.0,0,0,0,0,0,0,Unspecified,Unspecified,,,,TAXI,PASSENGER VEHICLE
2013,2013-04-14,17:00,QUEENS,11368,40.7577576,-73.8628071,0.0,0.0,0,0,0,0,0,0,Unspecified,Unspecified,,,,PASSENGER VEHICLE,PASSENGER VEHICLE
2013,2013-04-16,6:40,BROOKLYN,11203,40.6552747,-73.931772,1.0,0.0,0,0,0,0,1,0,Unspecified,Unspecified,,,,PASSENGER VEHICLE,SPORT UTILITY / STATION WAGON
2013,2013-04-17,12:28,BROOKLYN,11233,40.6812357,-73.9287277,0.0,0.0,0,0,0,0,0,0,Unspecified,Unspecified,,,,VAN,LARGE COM VEH(6 OR MORE TIRES)
2013,2013-04-18,15:00,,,,,0.0,0.0,0,0,0,0,0,0,Unspecified,Unspecified,Unspecified,,,PASSENGER VEHICLE,PASSENGER VEHICLE
2013,2013-04-18,15:39,QUEENS,11379,40.7134294,-73.8822941,1.0,0.0,0,0,0,0,1,0,Unspecified,Unspecified,,,,PASSENGER VEHICLE,SPORT UTILITY / STATION WAGON
2013,2013-04-19,12:00,STATEN ISLAND,10303,40.6251048,-74.1487686,1.0,0.0,1,0,0,0,0,0,Unspecified,,,,,SPORT UTILITY / STATION WAGON,
2013,2013-04-20,17:36,,,,,0.0,0.0,0,0,0,0,0,0,Unspecified,,,,,PASSENGER VEHICLE,PASSENGER VEHICLE
2013,2013-04-21,6:36,BROOKLYN,11203,40.6543385,-73.9470322,0.0,0.0,0,0,0,0,0,0,Other Vehicular,Unspecified,,,,SPORT UTILITY / STATION WAGON,UNKNOWN
2013,2013-04-21,17:05,BRONX,10467,40.8712878,-73.8802357,0.0,0.0,0,0,0,0,0,0,Unspecified,Unspecified,,,,PASSENGER VEHICLE,PASSENGER VEHICLE
2013,2013-04-21,13:50,,,40.6662604,-73.995945,0.0,0.0,0,0,0,0,0,0,Failure to Yield Right-of-Way,Unspecified,,,,SPORT UTILITY / STATION WAGON,BUS
2013,2013-04-21,1:06,QUEENS,11101,40.7543373,-73.9249535,3.0,0.0,0,0,0,0,3,0,Unspecified,Unspecified,,,,PASSENGER VEHICLE,PASSENGER VEHICLE
2013,2013-04-22,9:15,,,,,0.0,0.0,0,0,0,0,0,0,Unspecified,Unspecified,,,,PASSENGER VEHICLE,PASSENGER VEHICLE
2013,2013-04-23,19:00,QUEENS,11385,40.6914356,-73.8906231,0.0,0.0,0,0,0,0,0,0,Fatigued/Drowsy,Prescription Medication,,,,PASSENGER VEHICLE,PASSENGER VEHICLE
2013,2013-04-25,18:00,QUEENS,11414,40.6637948,-73.8366514,0.0,0.0,0,0,0,0,0,0,Unspecified,Unspecified,,,,PASSENGER VEHICLE,PASSENGER VEHICLE
2013,2013-04-26,17:15,,,,,0.0,0.0,0,0,0,0,0,0,Fatigued/Drowsy,Unspecified,,,,PASSENGER VEHICLE,UNKNOWN
2013,2013-04-27,17:45,BRONX,10467,40.8712878,-73.8802357,0.0,0.0,0,0,0,0,0,0,Driver Inexperience,Unspecified,,,,PASSENGER VEHICLE,PASSENGER VEHICLE
2013,2013-04-28,16:40,BROOKLYN,11230,40.6307476,-73.9717115,1.0,0.0,1,0,0,0,0,0,Unspecified,,,,,PASSENGER VEHICLE,
2013,2013-05-03,17:00,QUEENS,11413,40.6659541,-73.7608301,0.0,0.0,0,0,0,0,0,0,Unspecified,Unspecified,Unspecified,,,UNKNOWN,PASSENGER VEHICLE
2013,2013-05-04,17:00,BRONX,10451,40.8154399,-73.9239995,0.0,0.0,0,0,0,0,0,0,Driver Inattention/Distraction,Unspecified,,,,PASSENGER VEHICLE,TAXI
2013,2013-05-04,0:05,QUEENS,11434,40.6662548,-73.7794795,0.0,0.0,0,0,0,0,0,0,Unspecified,Unspecified,,,,PASSENGER VEHICLE,PASSENGER VEHICLE
2013,2013-05-05,21:00,MANHATTAN,10034,40.8667416,-73.9287277,0.0,0.0,0,0,0,0,0,0,Lost Consciousness,Unspecified,,,,SPORT UTILITY / STATION WAGON,PASSENGER VEHICLE
2013,2013-05-06,6:30,QUEENS,11101,40.7410282,-73.9343077,1.0,0.0,1,0,0,0,0,0,Unspecified,,,,,PASSENGER VEHICLE,
2013,2013-05-07,13:00,MANHATTAN,10065,40.7667172,-73.9691303,0.0,0.0,0,0,0,0,0,0,Fatigued/Drowsy,Other Vehicular,,,,PASSENGER VEHICLE,PASSENGER VEHICLE
2013,2013-05-08,3:30,MANHATTAN,10016,40.7497247,-73.9836217,0.0,0.0,0,0,0,0,0,0,Driver Inattention/Distraction,Unspecified,,,,VAN,PASSENGER VEHICLE
2013,2013-05-08,14:30,QUEENS,11365,40.7368345,-73.7783402,0.0,0.0,0,0,0,0,0,0,Failure to Yield Right-of-Way,Unspecified,,,,SPORT UTILITY / STATION WAGON,PASSENGER VEHICLE
2013,2013-05-08,9:00,BROOKLYN,11211,40.7105878,-73.9550998,0.0,0.0,0,0,0,0,0,0,Other Vehicular,Other Vehicular,Fatigued/Drowsy,,,SPORT UTILITY / STATION WAGON,VAN
2013,2013-05-09,13:38,MANHATTAN,10036,40.7579074,-73.9892976,0.0,0.0,0,0,0,0,0,0,Unspecified,Unspecified,,,,BUS,SPORT UTILITY / STATION WAGON
2013,2013-05-10,17:15,QUEENS,11373,40.7401605,-73.874362,0.0,0.0,0,0,0,0,0,0,Backing Unsafely,,,,,SPORT UTILITY / STATION WAGON,PASSENGER VEHICLE
2013,2013-05-13,7:50,BROOKLYN,11201,40.7020602,-73.9926138,0.0,0.0,0,0,0,0,0,0,Fatigued/Drowsy,Unspecified,,,,SPORT UTILITY / STATION WAGON,SPORT UTILITY / STATION WAGON
2013,2013-05-15,13:50,BROOKLYN,11225,40.6646826,-73.9510035,0.0,0.0,0,0,0,0,0,0,Unspecified,Unspecified,,,,PASSENGER VEHICLE,PASSENGER VEHICLE
2013,2013-05-15,23:30,QUEENS,11354,40.7621051,-73.8354248,0.0,0.0,0,0,0,0,0,0,Unspecified,Unspecified,,,,PASSENGER VEHICLE,SPORT UTILITY / STATION WAGON
2013,2013-05-16,16:19,BRONX,10461,40.8429926,-73.8262398,2.0,0.0,0,0,0,0,2,0,Other Vehicular,Unspecified,Unspecified,,,PASSENGER VEHICLE,PASSENGER VEHICLE
2013,2013-05-16,12:28,,,40.8876322,-73.9116725,0.0,0.0,0,0,0,0,0,0,Unspecified,Unspecified,,,,PASSENGER VEHICLE,PASSENGER VEHICLE
2013,2013-05-17,8:45,QUEENS,11433,40.7048554,-73.7916543,1.0,0.0,0,0,0,0,1,0,Driver Inattention/Distraction,Driver Inattention/Distraction,,,,SPORT UTILITY / STATION WAGON,PICK-UP TRUCK
2013,2013-05-19,15:07,QUEENS,11420,40.6773349,-73.8254709,0.0,0.0,0,0,0,0,0,0,Unspecified,Unspecified,,,,PASSENGER VEHICLE,PASSENGER VEHICLE
2013,2013-05-20,13:52,QUEENS,11385,40.7053752,-73.8686063,0.0,0.0,0,0,0,0,0,0,Unspecified,Unspecified,,,,PASSENGER VEHICLE,PASSENGER VEHICLE
2013,2013-05-22,11:42,BROOKLYN,11216,40.6802132,-73.9462762,0.0,0.0,0,0,0,0,0,0,Unspecified,Unspecified,,,,PASSENGER VEHICLE,PASSENGER VEHICLE
2013,2013-05-22,15:15,BRONX,10461,40.8526523,-73.8423074,0.0,0.0,0,0,0,0,0,0,Driver Inattention/Distraction,Unspecified,,,,SPORT UTILITY / STATION WAGON,SPORT UTILITY / STATION WAGON
2013,2013-05-23,9:30,MANHATTAN,10024,40.790842,-73.9745651,0.0,0.0,0,0,0,0,0,0,Physical Disability,Backing Unsafely,,,,PASSENGER VEHICLE,PASSENGER VEHICLE
2013,2013-05-23,4:00,QUEENS,11372,40.7475356,-73.884854,0.0,0.0,0,0,0,0,0,0,Failure to Yield Right-of-Way,Unspecified,,,,PASSENGER VEHICLE,PASSENGER VEHICLE
2013,2013-05-23,17:40,STATEN ISLAND,10304,40.6339552,-74.0857486,0.0,0.0,0,0,0,0,0,0,Unspecified,Unspecified,,,,PASSENGER VEHICLE,PASSENGER VEHICLE
2013,2013-05-26,0:01,BROOKLYN,11203,40.6538055,-73.9306058,2.0,0.0,1,0,0,0,1,0,Alcohol Involvement,Unspecified,Unspecified,,,PASSENGER VEHICLE,PASSENGER VEHICLE
2013,2013-05-28,16:35,QUEENS,11434,40.6596509,-73.7738282,0.0,0.0,0,0,0,0,0,0,Lost Consciousness,Unspecified,,,,PASSENGER VEHICLE,OTHER
2013,2013-05-28,16:05,MANHATTAN,10036,40.7567104,-73.9864571,0.0,0.0,0,0,0,0,0,0,Unspecified,Unspecified,,,,SMALL COM VEH(4 TIRES) ,TAXI
2013,2013-05-29,9:20,QUEENS,11432,40.7178015,-73.8035725,0.0,0.0,0,0,0,0,0,0,Unspecified,Unspecified,,,,PASSENGER VEHICLE,OTHER
2013,2013-05-30,18:00,,,,,0.0,0.0,0,0,0,0,0,0,Backing Unsafely,Unspecified,,,,SPORT UTILITY / STATION WAGON,SPORT UTILITY / STATION WAGON
2013,2013-05-30,6:30,QUEENS,11101,40.7556481,-73.94205,0.0,0.0,0,0,0,0,0,0,Unspecified,Unspecified,,,,PASSENGER VEHICLE,PASSENGER VEHICLE
2013,2013-05-30,16:50,QUEENS,11413,40.6659541,-73.7608301,0.0,0.0,0,0,0,0,0,0,Unspecified,Unspecified,,,,SPORT UTILITY / STATION WAGON,UNKNOWN
2013,2013-06-01,12:40,MANHATTAN,10018,40.7589782,-73.9939358,0.0,0.0,0,0,0,0,0,0,Unspecified,Unspecified,,,,PASSENGER VEHICLE,UNKNOWN
2013,2013-06-01,12:00,,,,,0.0,0.0,0,0,0,0,0,0,Traffic Control Disregarded,Unspecified,,,,PASSENGER VEHICLE,PASSENGER VEHICLE
2013,2013-06-01,18:55,,,,,0.0,0.0,0,0,0,0,0,0,Unspecified,Unspecified,,,,PASSENGER VEHICLE,PASSENGER VEHICLE
2013,2013-06-02,2:00,,,,,0.0,0.0,0,0,0,0,0,0,Unspecified,Unspecified,,,,PASSENGER VEHICLE,PASSENGER VEHICLE
2013,2013-06-02,21:45,BROOKLYN,11223,40.6048025,-73.9667959,0.0,0.0,0,0,0,0,0,0,Driver Inattention/Distraction,Lost Consciousness,,,,PASSENGER VEHICLE,SPORT UTILITY / STATION WAGON
2013,2013-06-03,20:30,BROOKLYN,11213,40.6793681,-73.9313255,2.0,0.0,0,0,0,0,2,0,Unspecified,Unspecified,Unspecified,,,SPORT UTILITY / STATION WAGON,PASSENGER VEHICLE
2013,2013-06-03,13:00,,,,,0.0,0.0,0,0,0,0,0,0,Unspecified,Unspecified,,,,PASSENGER VEHICLE,UNKNOWN
2013,2013-06-03,17:35,BROOKLYN,11219,40.6364547,-74.000526,1.0,0.0,0,0,1,0,0,0,Failure to Yield Right-of-Way,Unspecified,,,,PASSENGER VEHICLE,BICYCLE
2013,2013-06-03,19:25,QUEENS,11373,40.7367523,-73.8776702,0.0,0.0,0,0,0,0,0,0,Brakes Defective,Unspecified,Unspecified,,,PASSENGER VEHICLE,SPORT UTILITY / STATION WAGON
2013,2013-06-03,22:20,BROOKLYN,11234,40.6162948,-73.9298992,0.0,0.0,0,0,0,0,0,0,Fatigued/Drowsy,Unspecified,,,,PASSENGER VEHICLE,SPORT UTILITY / STATION WAGON
2013,2013-06-04,16:42,BRONX,10463,40.8766407,-73.9013799,0.0,0.0,0,0,0,0,0,0,Unspecified,Unspecified,,,,PASSENGER VEHICLE,PASSENGER VEHICLE
2013,2013-06-04,12:00,QUEENS,11102,40.771777,-73.9244428,0.0,0.0,0,0,0,0,0,0,Unspecified,Unspecified,,,,PASSENGER VEHICLE,SPORT UTILITY / STATION WAGON
2013,2013-06-04,16:30,BROOKLYN,11216,40.6802409,-73.9467485,1.0,0.0,0,0,0,0,1,0,Unspecified,Unspecified,,,,PASSENGER VEHICLE,PASSENGER VEHICLE
2013,2013-06-05,14:20,,,,,0.0,0.0,0,0,0,0,0,0,Turning Improperly,Unspecified,,,,UNKNOWN,PASSENGER VEHICLE
2013,2013-06-06,21:40,QUEENS,11354,40.7625656,-73.8185874,0.0,0.0,0,0,0,0,0,0,Driver Inattention/Distraction,Unspecified,,,,PASSENGER VEHICLE,PASSENGER VEHICLE
2013,2013-06-07,22:25,MANHATTAN,10009,40.7306541,-73.9830707,1.0,0.0,0,0,1,0,0,0,Unspecified,Unspecified,,,,PASSENGER VEHICLE,BICYCLE
2013,2013-06-07,14:00,MANHATTAN,10013,40.71728,-73.9954294,0.0,0.0,0,0,0,0,0,0,Unspecified,,,,,SPORT UTILITY / STATION WAGON,PASSENGER VEHICLE
2013,2013-06-09,12:19,,,,,0.0,0.0,0,0,0,0,0,0,Unspecified,Unspecified,,,,PASSENGER VEHICLE,OTHER
2013,2013-06-09,8:10,QUEENS,11366,40.7281277,-73.8021926,0.0,0.0,0,0,0,0,0,0,Failure to Yield Right-of-Way,Unspecified,,,,PASSENGER VEHICLE,BICYCLE
2013,2013-06-09,16:20,,,,,0.0,0.0,0,0,0,0,0,0,Driver Inattention/Distraction,Unspecified,,,,FIRE TRUCK,SPORT UTILITY / STATION WAGON
2013,2013-06-09,0:15,MANHATTAN,10009,40.7260539,-73.9835337,1.0,0.0,0,0,1,0,0,0,Unspecified,Unspecified,,,,UNKNOWN,BICYCLE
2013,2013-06-11,19:20,BROOKLYN,11215,40.6715543,-73.9877145,0.0,0.0,0,0,0,0,0,0,Unspecified,Unspecified,,,,PASSENGER VEHICLE,PASSENGER VEHICLE
2013,2013-06-14,14:18,BRONX,10453,40.8519037,-73.9164465,0.0,0.0,0,0,0,0,0,0,Fatigued/Drowsy,Unspecified,,,,BUS,TAXI
2013,2013-06-15,17:00,BROOKLYN,11211,40.7125256,-73.9625508,1.0,0.0,1,0,0,0,0,0,Driver Inattention/Distraction,,,,,PASSENGER VEHICLE,
2013,2013-06-17,6:25,MANHATTAN,10031,40.8264277,-73.9504508,1.0,0.0,0,0,0,0,1,0,Driver Inattention/Distraction,Unspecified,,,,PASSENGER VEHICLE,PASSENGER VEHICLE
2013,2013-06-17,16:15,,,,,0.0,0.0,0,0,0,0,0,0,Unspecified,Unspecified,,,,SPORT UTILITY / STATION WAGON,PASSENGER VEHICLE
2013,2013-06-18,14:34,MANHATTAN,10128,40.777232,-73.946169,0.0,0.0,0,0,0,0,0,0,Other Vehicular,Unspecified,,,,PASSENGER VEHICLE,UNKNOWN
2013,2013-06-19,9:02,MANHATTAN,10003,40.7291862,-73.9872492,0.0,0.0,0,0,0,0,0,0,Unspecified,Unspecified,,,,LARGE COM VEH(6 OR MORE TIRES),OTHER
2013,2013-06-19,21:10,QUEENS,11377,40.7420652,-73.9092477,0.0,0.0,0,0,0,0,0,0,Unspecified,Unspecified,,,,SPORT UTILITY / STATION WAGON,UNKNOWN
2013,2013-06-19,11:03,,,,,0.0,0.0,0,0,0,0,0,0,Unspecified,Unspecified,,,,SPORT UTILITY / STATION WAGON,VAN
2013,2013-06-19,14:30,BROOKLYN,11233,40.6808467,-73.9256239,0.0,0.0,0,0,0,0,0,0,Driver Inattention/Distraction,Unspecified,Unspecified,,,VAN,PASSENGER VEHICLE
2013,2013-06-19,15:00,BRONX,10453,40.8518022,-73.9092172,0.0,0.0,0,0,0,0,0,0,Unspecified,Unspecified,,,,PASSENGER VEHICLE,SMALL COM VEH(4 TIRES) 
2013,2013-06-20,15:00,MANHATTAN,10018,40.751081,-73.9868516,0.0,0.0,0,0,0,0,0,0,Unspecified,Unspecified,,,,VAN,TAXI
2013,2013-06-21,20:30,BROOKLYN,11217,40.6844232,-73.978388,0.0,0.0,0,0,0,0,0,0,Unspecified,Unspecified,Unspecified,,,PASSENGER VEHICLE,PASSENGER VEHICLE
2013,2013-06-21,11:30,BRONX,10472,40.8287418,-73.8772987,0.0,0.0,0,0,0,0,0,0,Unspecified,Unspecified,,,,PICK-UP TRUCK,SPORT UTILITY / STATION WAGON
2013,2013-06-22,7:40,QUEENS,11411,40.6986253,-73.732226,0.0,0.0,0,0,0,0,0,0,Unspecified,Unspecified,,,,PASSENGER VEHICLE,PASSENGER VEHICLE
2013,2013-06-23,20:30,BRONX,10460,40.8350947,-73.8869611,0.0,0.0,0,0,0,0,0,0,Unspecified,Unspecified,,,,PASSENGER VEHICLE,LIVERY VEHICLE
2013,2013-06-23,17:40,,,,,1.0,0.0,0,0,0,0,1,0,Turning Improperly,Unspecified,Unspecified,,,PASSENGER VEHICLE,SPORT UTILITY / STATION WAGON
2013,2013-06-23,23:20,QUEENS,11421,40.6970634,-73.8565704,0.0,0.0,0,0,0,0,0,0,Other Vehicular,Fatigued/Drowsy,,,,PASSENGER VEHICLE,SPORT UTILITY / STATION WAGON
2013,2013-06-23,20:00,BRONX,10468,40.8627501,-73.9049326,0.0,0.0,0,0,0,0,0,0,Prescription Medication,Unspecified,,,,PASSENGER VEHICLE,VAN
2013,2013-06-24,18:17,,,,,0.0,0.0,0,0,0,0,0,0,Unspecified,,,,,PASSENGER VEHICLE,UNKNOWN
2013,2013-06-24,14:30,BROOKLYN,11230,40.6265698,-73.9709207,5.0,0.0,0,0,0,0,5,0,Driver Inattention/Distraction,Driver Inattention/Distraction,,,,SPORT UTILITY / STATION WAGON,SPORT UTILITY / STATION WAGON
2013,2013-06-24,2:40,,,,,0.0,0.0,0,0,0,0,0,0,Driver Inattention/Distraction,Unspecified,,,,PASSENGER VEHICLE,PASSENGER VEHICLE
2013,2013-06-26,12:00,,,,,0.0,0.0,0,0,0,0,0,0,Unspecified,Unspecified,,,,TAXI,TAXI
2013,2013-06-26,12:25,QUEENS,11363,40.7687014,-73.7465222,0.0,0.0,0,0,0,0,0,0,Backing Unsafely,Unspecified,,,,SMALL COM VEH(4 TIRES) ,PASSENGER VEHICLE
2013,2013-06-27,18:45,,,,,0.0,0.0,0,0,0,0,0,0,Unspecified,Unspecified,,,,PASSENGER VEHICLE,SPORT UTILITY / STATION WAGON
2013,2013-06-27,14:10,MANHATTAN,10065,40.7685442,-73.9656926,0.0,0.0,0,0,0,0,0,0,Failure to Yield Right-of-Way,Unspecified,,,,PASSENGER VEHICLE,TAXI
2013,2013-06-28,11:11,BRONX,10468,40.8682829,-73.9010669,0.0,0.0,0,0,0,0,0,0,Unspecified,Unspecified,,,,PASSENGER VEHICLE,UNKNOWN
2013,2013-06-28,20:35,BRONX,10454,40.8119414,-73.9255532,0.0,0.0,0,0,0,0,0,0,Driver Inattention/Distraction,Unspecified,,,,PASSENGER VEHICLE,PASSENGER VEHICLE
2013,2013-07-01,18:40,BROOKLYN,11238,40.6761805,-73.9662953,0.0,0.0,0,0,0,0,0,0,Unspecified,Unspecified,Unspecified,,,SPORT UTILITY / STATION WAGON,SPORT UTILITY / STATION WAGON
2013,2013-07-01,18:00,,,,,0.0,0.0,0,0,0,0,0,0,Driver Inattention/Distraction,Unspecified,,,,SPORT UTILITY / STATION WAGON,PASSENGER VEHICLE
2013,2013-07-03,20:45,QUEENS,11691,40.6010388,-73.7476377,0.0,0.0,0,0,0,0,0,0,Passenger Distraction,Unspecified,,,,PASSENGER VEHICLE,BICYCLE
2013,2013-07-03,9:10,BROOKLYN,11205,40.6910174,-73.9544675,0.0,0.0,0,0,0,0,0,0,Fatigued/Drowsy,Unspecified,,,,SPORT UTILITY / STATION WAGON,OTHER
2013,2013-07-04,16:45,MANHATTAN,10001,40.754584,-73.9991446,0.0,0.0,0,0,0,0,0,0,Fatigued/Drowsy,Unspecified,,,,VAN,UNKNOWN
2013,2013-07-04,19:10,MANHATTAN,10012,40.7203211,-73.9940403,0.0,0.0,0,0,0,0,0,0,Illness,Unspecified,,,,SPORT UTILITY / STATION WAGON,TAXI
2013,2013-07-05,12:00,QUEENS,11368,40.7463582,-73.8624444,0.0,0.0,0,0,0,0,0,0,Driver Inattention/Distraction,Driver Inattention/Distraction,,,,PASSENGER VEHICLE,PASSENGER VEHICLE
2013,2013-07-06,16:30,BROOKLYN,11210,40.6364471,-73.9451224,0.0,0.0,0,0,0,0,0,0,Unspecified,Unspecified,,,,SPORT UTILITY / STATION WAGON,SPORT UTILITY / STATION WAGON
2013,2013-07-09,9:25,BROOKLYN,11223,40.6089348,-73.9719152,0.0,0.0,0,0,0,0,0,0,Unspecified,Unspecified,,,,BUS,PASSENGER VEHICLE
2013,2013-07-09,18:28,QUEENS,11101,40.745973,-73.9276263,0.0,0.0,0,0,0,0,0,0,Driver Inattention/Distraction,Unspecified,,,,PASSENGER VEHICLE,PASSENGER VEHICLE
2013,2013-07-10,12:00,,,,,0.0,0.0,0,0,0,0,0,0,Unspecified,Unspecified,,,,SMALL COM VEH(4 TIRES) ,PASSENGER VEHICLE
2013,2013-07-10,17:10,BROOKLYN,11210,40.6320154,-73.9417575,0.0,0.0,0,0,0,0,0,0,Unspecified,Unspecified,,,,BUS,UNKNOWN
2013,2013-07-11,13:01,,,,,0.0,0.0,0,0,0,0,0,0,Unspecified,Unspecified,Unspecified,,,PASSENGER VEHICLE,PASSENGER VEHICLE
2013,2013-07-13,12:30,BRONX,10471,40.8894585,-73.8982722,0.0,0.0,0,0,0,0,0,0,Lost Consciousness,Unspecified,,,,SPORT UTILITY / STATION WAGON,PASSENGER VEHICLE
2013,2013-07-16,18:16,MANHATTAN,10019,40.7677437,-73.9821119,0.0,0.0,0,0,0,0,0,0,Lost Consciousness,Unspecified,,,,LIVERY VEHICLE,PASSENGER VEHICLE
2013,2013-07-17,14:30,QUEENS,11378,40.7266237,-73.9064473,0.0,0.0,0,0,0,0,0,0,Unspecified,Unspecified,,,,PASSENGER VEHICLE,PASSENGER VEHICLE
2013,2013-07-17,12:30,STATEN ISLAND,10309,40.5398518,-74.2215677,0.0,0.0,0,0,0,0,0,0,Unspecified,Unspecified,,,,PASSENGER VEHICLE,UNKNOWN
2013,2013-07-18,17:00,BROOKLYN,11229,40.5989385,-73.9554773,0.0,0.0,0,0,0,0,0,0,Unspecified,Unspecified,,,,PASSENGER VEHICLE,SPORT UTILITY / STATION WAGON
2013,2013-07-18,16:35,BROOKLYN,11235,40.5909502,-73.9468629,0.0,0.0,0,0,0,0,0,0,Failure to Yield Right-of-Way,Unspecified,,,,PASSENGER VEHICLE,PASSENGER VEHICLE
2013,2013-07-19,14:00,QUEENS,11364,40.7405317,-73.75922,0.0,0.0,0,0,0,0,0,0,Backing Unsafely,Unspecified,,,,PASSENGER VEHICLE,SPORT UTILITY / STATION WAGON
2013,2013-07-19,8:20,QUEENS,11362,40.7583423,-73.7306107,0.0,0.0,0,0,0,0,0,0,Unspecified,Unspecified,,,,PASSENGER VEHICLE,PASSENGER VEHICLE
2013,2013-07-19,9:40,BROOKLYN,11249,40.7228356,-73.9568665,0.0,0.0,0,0,0,0,0,0,Failure to Yield Right-of-Way,Unspecified,,,,PASSENGER VEHICLE,PASSENGER VEHICLE
2013,2013-07-23,11:24,QUEENS,11101,40.7492945,-73.942947,0.0,0.0,0,0,0,0,0,0,Driver Inattention/Distraction,Unspecified,,,,LARGE COM VEH(6 OR MORE TIRES),PASSENGER VEHICLE
2013,2013-07-24,14:00,,,,,0.0,0.0,0,0,0,0,0,0,Unspecified,Unspecified,,,,PASSENGER VEHICLE,UNKNOWN
2013,2013-07-24,10:20,QUEENS,11101,40.7520316,-73.9291428,0.0,0.0,0,0,0,0,0,0,Failure to Yield Right-of-Way,Unspecified,,,,SPORT UTILITY / STATION WAGON,PASSENGER VEHICLE
2013,2013-07-28,18:30,,,,,0.0,0.0,0,0,0,0,0,0,Unspecified,Unspecified,,,,PASSENGER VEHICLE,SPORT UTILITY / STATION WAGON
2013,2013-07-28,17:45,BRONX,10459,40.8286978,-73.8880488,0.0,0.0,0,0,0,0,0,0,Unspecified,Unspecified,,,,PASSENGER VEHICLE,PASSENGER VEHICLE
2013,2013-07-29,15:00,,,,,0.0,0.0,0,0,0,0,0,0,Driver Inattention/Distraction,Unspecified,Unspecified,Unspecified,,UNKNOWN,SPORT UTILITY / STATION WAGON
2013,2013-07-30,9:18,,,40.78909,-73.7804582,0.0,0.0,0,0,0,0,0,0,Unspecified,Unspecified,,,,SPORT UTILITY / STATION WAGON,PASSENGER VEHICLE
2013,2013-07-30,10:50,BROOKLYN,11201,40.6896994,-73.9829585,1.0,0.0,0,0,1,0,0,0,Unspecified,,,,,AMBULANCE,BICYCLE
2013,2013-07-31,0:17,QUEENS,11101,40.7440288,-73.9261524,0.0,0.0,0,0,0,0,0,0,Driver Inattention/Distraction,Unspecified,,,,LIVERY VEHICLE,MOTORCYCLE
2013,2013-07-31,16:40,BROOKLYN,11204,40.6111729,-73.9770106,1.0,0.0,1,0,0,0,0,0,Unspecified,,,,,PASSENGER VEHICLE,
2013,2013-08-02,17:50,BROOKLYN,11236,40.6456289,-73.8976206,0.0,0.0,0,0,0,0,0,0,Unspecified,Unspecified,,,,PASSENGER VEHICLE,UNKNOWN
2013,2013-08-02,17:50,BROOKLYN,11203,40.6623951,-73.9373408,0.0,0.0,0,0,0,0,0,0,Outside Car Distraction,Fatigued/Drowsy,Fatigued/Drowsy,,,PASSENGER VEHICLE,PASSENGER VEHICLE
2013,2013-08-04,18:30,QUEENS,11379,40.7250091,-73.8791998,0.0,0.0,0,0,0,0,0,0,Unspecified,,,,,PASSENGER VEHICLE,
2013,2013-08-05,12:58,MANHATTAN,10075,40.7740216,-73.9545587,1.0,0.0,1,0,0,0,0,0,Failure to Yield Right-of-Way,,,,,VAN,
2013,2013-08-05,0:46,,,,,0.0,0.0,0,0,0,0,0,0,Unspecified,Unspecified,,,,PASSENGER VEHICLE,VAN
2013,2013-08-07,13:30,BROOKLYN,11228,40.6199256,-74.0006556,1.0,0.0,1,0,0,0,0,0,Failure to Yield Right-of-Way,,,,,PASSENGER VEHICLE,
2013,2013-08-08,23:45,MANHATTAN,10001,40.7509033,-73.9981196,1.0,0.0,0,0,0,0,1,0,Driver Inattention/Distraction,Unspecified,,,,PASSENGER VEHICLE,OTHER
2013,2013-08-09,15:46,BROOKLYN,11238,40.6830392,-73.9647775,1.0,0.0,1,0,0,0,0,0,Driver Inattention/Distraction,,,,,SPORT UTILITY / STATION WAGON,
2013,2013-08-09,0:50,BROOKLYN,11233,40.6838316,-73.9322296,1.0,0.0,0,0,0,0,1,0,Unspecified,Unspecified,,,,SPORT UTILITY / STATION WAGON,SPORT UTILITY / STATION WAGON
2013,2013-08-11,4:10,QUEENS,11372,40.7477341,-73.8829986,0.0,0.0,0,0,0,0,0,0,Alcohol Involvement,Unspecified,,,,SPORT UTILITY / STATION WAGON,PASSENGER VEHICLE
2013,2013-08-12,1:45,MANHATTAN,10018,40.7607762,-74.0021839,0.0,0.0,0,0,0,0,0,0,Fatigued/Drowsy,Unspecified,Unspecified,,,PASSENGER VEHICLE,PASSENGER VEHICLE
2013,2013-08-12,12:40,BRONX,10469,40.8749871,-73.8514317,4.0,0.0,0,0,0,0,4,0,Unspecified,Unspecified,,,,SPORT UTILITY / STATION WAGON,PASSENGER VEHICLE
2013,2013-08-14,8:52,BRONX,10463,40.8881542,-73.9040175,0.0,0.0,0,0,0,0,0,0,Unspecified,,,,,PASSENGER VEHICLE,
2013,2013-08-14,11:13,BRONX,10460,40.84013,-73.8802991,0.0,0.0,0,0,0,0,0,0,Unspecified,Unspecified,,,,SPORT UTILITY / STATION WAGON,SPORT UTILITY / STATION WAGON
2013,2013-08-15,22:00,,,,,0.0,0.0,0,0,0,0,0,0,Unspecified,Unspecified,,,,PASSENGER VEHICLE,PASSENGER VEHICLE
2013,2013-08-16,14:00,QUEENS,11101,40.7547506,-73.9367775,0.0,0.0,0,0,0,0,0,0,Unspecified,Unspecified,,,,PASSENGER VEHICLE,UNKNOWN
2013,2013-08-16,16:30,QUEENS,11415,40.7120013,-73.8254559,0.0,0.0,0,0,0,0,0,0,Outside Car Distraction,Unspecified,,,,PASSENGER VEHICLE,PASSENGER VEHICLE
2013,2013-08-17,9:45,QUEENS,11372,40.7550695,-73.8900133,0.0,0.0,0,0,0,0,0,0,Unspecified,Unspecified,,,,VAN,PASSENGER VEHICLE
2013,2013-08-17,4:25,,,,,0.0,0.0,0,0,0,0,0,0,Unspecified,Unspecified,,,,PASSENGER VEHICLE,OTHER
2013,2013-08-17,10:00,QUEENS,11358,40.7627702,-73.7979962,0.0,0.0,0,0,0,0,0,0,Unspecified,,,,,PASSENGER VEHICLE,PASSENGER VEHICLE
2013,2013-08-17,16:30,,,,,1.0,0.0,0,0,0,0,1,0,Unspecified,Unspecified,,,,PASSENGER VEHICLE,PASSENGER VEHICLE
2013,2013-08-20,21:11,MANHATTAN,10003,40.7324473,-73.991279,1.0,0.0,0,0,0,0,1,0,Other Electronic Device,Unspecified,,,,PASSENGER VEHICLE,SPORT UTILITY / STATION WAGON
2013,2013-08-21,7:00,MANHATTAN,10016,40.7454034,-73.9773613,0.0,0.0,0,0,0,0,0,0,Unspecified,Unspecified,,,,SPORT UTILITY / STATION WAGON,PASSENGER VEHICLE
2013,2013-08-25,11:30,,,,,0.0,0.0,0,0,0,0,0,0,Fatigued/Drowsy,Unspecified,,,,VAN,TAXI
2013,2013-08-26,22:30,,,,,6.0,0.0,0,0,0,0,6,0,Driver Inattention/Distraction,Driver Inexperience,,,,PASSENGER VEHICLE,PASSENGER VEHICLE
2013,2013-08-26,1:05,BROOKLYN,11221,40.688168,-73.9271121,2.0,0.0,0,0,0,0,2,0,Unspecified,Unspecified,Unspecified,,,PASSENGER VEHICLE,PASSENGER VEHICLE
2013,2013-08-27,19:20,QUEENS,11434,40.6561603,-73.7673526,0.0,0.0,0,0,0,0,0,0,Unspecified,Unspecified,,,,PASSENGER VEHICLE,VAN
2013,2013-08-28,17:20,QUEENS,11414,40.6617788,-73.8337728,0.0,0.0,0,0,0,0,0,0,Unspecified,Unspecified,,,,SPORT UTILITY / STATION WAGON,PASSENGER VEHICLE
2013,2013-08-28,9:00,,,,,0.0,0.0,0,0,0,0,0,0,Unspecified,Unspecified,,,,SPORT UTILITY / STATION WAGON,SPORT UTILITY / STATION WAGON
2013,2013-08-29,18:15,,,40.6672401,-73.7699963,0.0,0.0,0,0,0,0,0,0,Unspecified,Unspecified,,,,PASSENGER VEHICLE,PASSENGER VEHICLE
2013,2013-08-29,14:19,BROOKLYN,11212,40.6720753,-73.9113364,1.0,0.0,1,0,0,0,0,0,Unspecified,,,,,PASSENGER VEHICLE,
2013,2013-09-02,5:26,MANHATTAN,10036,40.762025,-74.0011515,0.0,0.0,0,0,0,0,0,0,Fatigued/Drowsy,Unspecified,,,,PASSENGER VEHICLE,PASSENGER VEHICLE
2013,2013-09-03,8:15,,,,,0.0,0.0,0,0,0,0,0,0,Unspecified,Unspecified,,,,PASSENGER VEHICLE,PICK-UP TRUCK
2013,2013-09-04,1:29,BROOKLYN,11229,40.6016379,-73.9518348,0.0,0.0,0,0,0,0,0,0,Unspecified,Unspecified,,,,PASSENGER VEHICLE,UNKNOWN
2013,2013-09-05,15:20,STATEN ISLAND,10312,40.5610915,-74.1698275,0.0,0.0,0,0,0,0,0,0,Driver Inattention/Distraction,Unspecified,,,,SPORT UTILITY / STATION WAGON,PASSENGER VEHICLE
2013,2013-09-06,10:50,,,,,0.0,0.0,0,0,0,0,0,0,Unspecified,Unspecified,,,,PASSENGER VEHICLE,TAXI
2013,2013-09-07,15:41,QUEENS,11422,40.6656299,-73.7392073,0.0,0.0,0,0,0,0,0,0,Unspecified,Unspecified,,,,PASSENGER VEHICLE,PASSENGER VEHICLE
2013,2013-09-08,14:30,BROOKLYN,11213,40.6711863,-73.9420297,0.0,0.0,0,0,0,0,0,0,Unspecified,Unspecified,,,,SPORT UTILITY / STATION WAGON,PASSENGER VEHICLE
2013,2013-09-09,6:35,QUEENS,11372,40.7566326,-73.8751395,0.0,0.0,0,0,0,0,0,0,Unspecified,Unspecified,,,,BUS,OTHER
2013,2013-09-10,16:03,MANHATTAN,10002,40.7187947,-73.9890116,0.0,0.0,0,0,0,0,0,0,Unspecified,Unspecified,,,,PICK-UP TRUCK,PASSENGER VEHICLE
2013,2013-09-10,8:57,MANHATTAN,10028,40.7815251,-73.9604141,0.0,0.0,0,0,0,0,0,0,Other Vehicular,Other Vehicular,,,,PASSENGER VEHICLE,BUS
2013,2013-09-10,20:00,,,,,1.0,0.0,0,0,0,0,1,0,Driver Inattention/Distraction,Fatigued/Drowsy,,,,PASSENGER VEHICLE,SPORT UTILITY / STATION WAGON
2013,2013-09-11,18:50,BROOKLYN,11213,40.6686479,-73.9283482,1.0,0.0,0,0,1,0,0,0,Physical Disability,Unspecified,,,,PASSENGER VEHICLE,BICYCLE
2013,2013-09-11,8:15,MANHATTAN,10034,40.8681135,-73.9197524,0.0,0.0,0,0,0,0,0,0,Lost Consciousness,Prescription Medication,,,,SPORT UTILITY / STATION WAGON,PASSENGER VEHICLE
2013,2013-09-12,20:30,MANHATTAN,10035,40.8009801,-73.9317744,0.0,0.0,0,0,0,0,0,0,Unspecified,Unspecified,,,,SPORT UTILITY / STATION WAGON,SPORT UTILITY / STATION WAGON
2013,2013-09-12,16:15,BRONX,10461,40.8416669,-73.8435369,1.0,0.0,1,0,0,0,0,0,Unspecified,,,,,MOTORCYCLE,
2013,2013-09-14,13:20,QUEENS,11423,40.7096929,-73.7776224,0.0,0.0,0,0,0,0,0,0,Unspecified,Unspecified,,,,PASSENGER VEHICLE,PASSENGER VEHICLE
2013,2013-09-14,16:20,BROOKLYN,11208,40.6742332,-73.861764,2.0,0.0,0,0,0,0,2,0,Unspecified,Unspecified,,,,SPORT UTILITY / STATION WAGON,PASSENGER VEHICLE
2013,2013-09-14,13:52,QUEENS,11372,40.7480249,-73.8802047,1.0,0.0,1,0,0,0,0,0,Unspecified,,,,,PASSENGER VEHICLE,
2013,2013-09-15,5:18,MANHATTAN,10040,40.8561799,-73.9287138,0.0,0.0,0,0,0,0,0,0,Unspecified,Unspecified,,,,UNKNOWN,PASSENGER VEHICLE
2013,2013-09-15,4:30,BROOKLYN,11218,40.6426851,-73.9912114,1.0,0.0,1,0,0,0,0,0,Unspecified,,,,,PASSENGER VEHICLE,
2013,2013-09-15,3:15,BROOKLYN,11230,40.6299872,-73.9715677,2.0,0.0,0,0,0,0,2,0,Unspecified,Unspecified,Unspecified,,,SMALL COM VEH(4 TIRES) ,SMALL COM VEH(4 TIRES) 
2013,2013-09-17,16:30,MANHATTAN,10036,40.7616074,-73.9903149,1.0,0.0,1,0,0,0,0,0,Driver Inattention/Distraction,,,,,PASSENGER VEHICLE,
2013,2013-09-17,17:01,QUEENS,11101,40.75182,-73.9383322,1.0,0.0,0,0,1,0,0,0,Unspecified,Unspecified,,,,PASSENGER VEHICLE,BICYCLE
2013,2013-09-18,20:00,BROOKLYN,11218,40.6496005,-73.9679088,1.0,0.0,0,0,1,0,0,0,Unspecified,Unspecified,,,,PASSENGER VEHICLE,BICYCLE
2013,2013-09-19,18:30,BROOKLYN,11232,40.6559893,-74.0026778,0.0,0.0,0,0,0,0,0,0,Fatigued/Drowsy,Unspecified,,,,PASSENGER VEHICLE,MOTORCYCLE
2013,2013-09-20,23:00,MANHATTAN,10028,40.777874,-73.9517434,0.0,0.0,0,0,0,0,0,0,Unspecified,Unspecified,,,,TAXI,TAXI
2013,2013-09-20,14:55,QUEENS,11373,40.7360187,-73.8795299,1.0,0.0,1,0,0,0,0,0,Failure to Yield Right-of-Way,,,,,SPORT UTILITY / STATION WAGON,
2013,2013-09-20,3:00,,,40.7161366,-73.8184852,1.0,0.0,0,0,0,0,1,0,Driver Inexperience,,,,,MOTORCYCLE,
2013,2013-09-21,0:01,MANHATTAN,10027,40.8107645,-73.9525902,0.0,0.0,0,0,0,0,0,0,Prescription Medication,Unspecified,,,,SPORT UTILITY / STATION WAGON,PASSENGER VEHICLE
2013,2013-09-25,14:15,BROOKLYN,11220,40.645733,-74.0204175,0.0,0.0,0,0,0,0,0,0,Brakes Defective,Unspecified,,,,LARGE COM VEH(6 OR MORE TIRES),VAN
2013,2013-09-25,10:09,QUEENS,11367,40.7371403,-73.8146945,0.0,0.0,0,0,0,0,0,0,Turning Improperly,Unspecified,,,,SPORT UTILITY / STATION WAGON,SPORT UTILITY / STATION WAGON
2013,2013-09-25,8:46,,,,,0.0,0.0,0,0,0,0,0,0,Unspecified,Unspecified,,,,PASSENGER VEHICLE,PASSENGER VEHICLE
2013,2013-09-26,20:55,STATEN ISLAND,10308,40.5607752,-74.1627224,0.0,0.0,0,0,0,0,0,0,Unspecified,Unspecified,,,,PASSENGER VEHICLE,UNKNOWN
2013,2013-09-27,8:00,,,40.7684674,-73.9060558,0.0,0.0,0,0,0,0,0,0,Unspecified,,,,,PASSENGER VEHICLE,
2013,2013-09-28,14:48,BROOKLYN,11221,40.6949232,-73.9155613,0.0,0.0,0,0,0,0,0,0,Unspecified,Unspecified,,,,SPORT UTILITY / STATION WAGON,UNKNOWN
2013,2013-09-28,15:33,STATEN ISLAND,10306,40.5542865,-74.1327987,0.0,0.0,0,0,0,0,0,0,Unspecified,Unspecified,,,,SPORT UTILITY / STATION WAGON,UNKNOWN
2013,2013-09-29,20:43,,,40.7590201,-73.8534879,0.0,0.0,0,0,0,0,0,0,Driver Inattention/Distraction,Fatigued/Drowsy,,,,PASSENGER VEHICLE,PASSENGER VEHICLE
2013,2013-10-02,14:30,BROOKLYN,11207,40.6578144,-73.8961242,2.0,0.0,0,0,0,0,2,0,Unspecified,Unspecified,,,,SPORT UTILITY / STATION WAGON,VAN
2013,2013-10-02,22:45,BRONX,10472,40.8344254,-73.8792541,0.0,0.0,0,0,0,0,0,0,Animals Action,Unspecified,Unspecified,,,PASSENGER VEHICLE,SPORT UTILITY / STATION WAGON
2013,2013-10-02,19:10,MANHATTAN,10018,40.7583388,-73.9964084,0.0,0.0,0,0,0,0,0,0,Unspecified,Unspecified,,,,SPORT UTILITY / STATION WAGON,UNKNOWN
2013,2013-10-03,8:15,,,,,0.0,0.0,0,0,0,0,0,0,Unspecified,Unspecified,,,,PASSENGER VEHICLE,PASSENGER VEHICLE
2013,2013-10-05,10:45,,,,,0.0,0.0,0,0,0,0,0,0,Unspecified,Unspecified,,,,OTHER,OTHER
2013,2013-10-09,12:30,STATEN ISLAND,10306,40.5580223,-74.1373946,1.0,0.0,0,0,0,0,1,0,Driver Inattention/Distraction,Unspecified,,,,SPORT UTILITY / STATION WAGON,PASSENGER VEHICLE
2013,2013-10-10,15:05,QUEENS,11375,40.725628,-73.8458442,0.0,0.0,0,0,0,0,0,0,Unspecified,Unspecified,,,,PASSENGER VEHICLE,BICYCLE
2013,2013-10-10,10:50,BROOKLYN,11216,40.6753855,-73.9533642,0.0,0.0,0,0,0,0,0,0,Unspecified,Unspecified,,,,PASSENGER VEHICLE,UNKNOWN
2013,2013-10-12,13:20,BRONX,10461,40.8484564,-73.8554669,0.0,0.0,0,0,0,0,0,0,Unspecified,Unspecified,,,,PASSENGER VEHICLE,PASSENGER VEHICLE
2013,2013-10-17,22:07,MANHATTAN,10035,40.799931,-73.9406643,0.0,0.0,0,0,0,0,0,0,Unspecified,Unspecified,,,,PASSENGER VEHICLE,SPORT UTILITY / STATION WAGON
2013,2013-10-19,13:25,QUEENS,11385,40.7122147,-73.9111604,1.0,0.0,0,0,0,0,1,0,Unspecified,Unspecified,,,,PASSENGER VEHICLE,PASSENGER VEHICLE
2013,2013-10-19,17:15,,,,,0.0,0.0,0,0,0,0,0,0,Unspecified,Unspecified,,,,PASSENGER VEHICLE,PASSENGER VEHICLE
2013,2013-10-20,15:29,MANHATTAN,10002,40.7212346,-73.9877702,0.0,0.0,0,0,0,0,0,0,Unspecified,Unspecified,,,,PASSENGER VEHICLE,UNKNOWN
2013,2013-10-20,11:40,BRONX,10473,40.8176285,-73.8582724,0.0,0.0,0,0,0,0,0,0,Prescription Medication,Unspecified,,,,PASSENGER VEHICLE,PASSENGER VEHICLE
2013,2013-10-20,8:00,,,40.6656018,-73.7464742,0.0,0.0,0,0,0,0,0,0,Traffic Control Disregarded,Unspecified,,,,PASSENGER VEHICLE,OTHER
2013,2013-10-21,16:10,,,,,1.0,0.0,0,0,0,0,1,0,Traffic Control Disregarded,Unspecified,,,,VAN,PASSENGER VEHICLE
2013,2013-10-22,19:50,BROOKLYN,11206,40.6944842,-73.9373431,0.0,0.0,0,0,0,0,0,0,Unspecified,Unspecified,,,,PASSENGER VEHICLE,SPORT UTILITY / STATION WAGON
2013,2013-10-22,6:55,,,,,0.0,0.0,0,0,0,0,0,0,Unspecified,Unspecified,,,,PASSENGER VEHICLE,PASSENGER VEHICLE
2013,2013-10-22,19:00,MANHATTAN,10065,40.763547,-73.9693376,0.0,0.0,0,0,0,0,0,0,Unspecified,Unspecified,,,,OTHER,SPORT UTILITY / STATION WAGON
2013,2013-10-24,11:00,MANHATTAN,10038,40.7101767,-74.0011362,0.0,0.0,0,0,0,0,0,0,Unspecified,,,,,PASSENGER VEHICLE,
2013,2013-10-25,19:50,QUEENS,11411,40.6959567,-73.7427346,0.0,0.0,0,0,0,0,0,0,Unspecified,Unspecified,,,,SPORT UTILITY / STATION WAGON,SPORT UTILITY / STATION WAGON
2013,2013-10-25,11:04,MANHATTAN,10012,40.7203211,-73.9940403,0.0,0.0,0,0,0,0,0,0,Fatigued/Drowsy,Unspecified,,,,LIVERY VEHICLE,LARGE COM VEH(6 OR MORE TIRES)
2013,2013-10-26,20:15,,,,,0.0,0.0,0,0,0,0,0,0,Driver Inattention/Distraction,Unspecified,,,,PASSENGER VEHICLE,SPORT UTILITY / STATION WAGON
2013,2013-10-26,10:35,MANHATTAN,10014,40.7329142,-74.0039763,1.0,0.0,1,0,0,0,0,0,Unspecified,,,,,PASSENGER VEHICLE,
2013,2013-10-26,13:27,QUEENS,11422,40.6735712,-73.7335235,0.0,0.0,0,0,0,0,0,0,Outside Car Distraction,Unspecified,,,,SPORT UTILITY / STATION WAGON,OTHER
2013,2013-10-28,12:00,,,,,0.0,0.0,0,0,0,0,0,0,Unspecified,Unspecified,,,,SMALL COM VEH(4 TIRES) ,SMALL COM VEH(4 TIRES) 
2013,2013-10-28,19:03,QUEENS,11433,40.707935,-73.7856861,1.0,0.0,1,0,0,0,0,0,Driver Inattention/Distraction,,,,,PASSENGER VEHICLE,
2013,2013-10-29,19:10,QUEENS,11413,40.6775904,-73.7447811,1.0,0.0,1,0,0,0,0,0,Unspecified,,,,,PASSENGER VEHICLE,
2013,2013-10-29,7:13,STATEN ISLAND,10312,40.5260901,-74.1803104,0.0,0.0,0,0,0,0,0,0,Unspecified,,,,,PASSENGER VEHICLE,
2013,2013-10-30,15:45,BROOKLYN,11234,40.6180217,-73.9142142,0.0,0.0,0,0,0,0,0,0,Unspecified,Unspecified,,,,PASSENGER VEHICLE,SPORT UTILITY / STATION WAGON
2013,2013-10-31,11:00,MANHATTAN,10007,40.7131354,-74.0040581,0.0,0.0,0,0,0,0,0,0,Lost Consciousness,Unspecified,,,,PASSENGER VEHICLE,PASSENGER VEHICLE
2013,2013-11-01,20:30,BROOKLYN,11215,40.6675702,-73.9777158,0.0,0.0,0,0,0,0,0,0,Driver Inattention/Distraction,Driver Inattention/Distraction,,,,PASSENGER VEHICLE,SPORT UTILITY / STATION WAGON
2013,2013-11-01,14:15,,,,,0.0,0.0,0,0,0,0,0,0,Unspecified,,,,,PASSENGER VEHICLE,
2013,2013-11-02,15:15,MANHATTAN,10029,40.7949092,-73.9485565,0.0,0.0,0,0,0,0,0,0,Unspecified,Unspecified,,,,PASSENGER VEHICLE,TAXI
2013,2013-11-02,9:31,MANHATTAN,10018,40.754317,-73.9868654,0.0,0.0,0,0,0,0,0,0,Unspecified,Unspecified,,,,VAN,PASSENGER VEHICLE
2013,2013-11-02,20:00,MANHATTAN,10009,40.7212771,-73.977788,3.0,0.0,0,0,0,0,3,0,Unspecified,Unspecified,,,,PASSENGER VEHICLE,PASSENGER VEHICLE
2013,2013-11-02,17:12,,,40.7861411,-73.9392802,0.0,0.0,0,0,0,0,0,0,Unspecified,Unspecified,,,,PASSENGER VEHICLE,UNKNOWN
2013,2013-11-03,21:30,BROOKLYN,11226,40.6428878,-73.9545255,0.0,0.0,0,0,0,0,0,0,Unspecified,Unspecified,,,,PASSENGER VEHICLE,UNKNOWN
2013,2013-11-07,17:30,BROOKLYN,11212,40.6656265,-73.9096977,1.0,0.0,0,0,0,0,1,0,Unspecified,Unspecified,Unspecified,,,PASSENGER VEHICLE,PASSENGER VEHICLE
2013,2013-11-08,7:00,,,,,0.0,0.0,0,0,0,0,0,0,Unspecified,,,,,LARGE COM VEH(6 OR MORE TIRES),
2013,2013-11-09,5:35,QUEENS,11693,40.5856598,-73.8172822,0.0,0.0,0,0,0,0,0,0,Unspecified,,,,,SPORT UTILITY / STATION WAGON,
2013,2013-11-10,5:00,MANHATTAN,10014,40.7408492,-74.0051243,0.0,0.0,0,0,0,0,0,0,Lost Consciousness,Unspecified,,,,TAXI,TAXI
2013,2013-11-10,5:30,QUEENS,11414,40.6695557,-73.8463307,0.0,0.0,0,0,0,0,0,0,Outside Car Distraction,Unspecified,,,,PASSENGER VEHICLE,PASSENGER VEHICLE
2013,2013-11-12,10:00,,,,,0.0,0.0,0,0,0,0,0,0,Fatigued/Drowsy,Unspecified,,,,PASSENGER VEHICLE,PASSENGER VEHICLE
2013,2013-11-13,16:26,QUEENS,11419,40.6911355,-73.8218324,0.0,0.0,0,0,0,0,0,0,Unspecified,Unspecified,,,,PASSENGER VEHICLE,PASSENGER VEHICLE
2013,2013-11-14,23:30,BROOKLYN,11223,40.5947627,-73.9819782,0.0,0.0,0,0,0,0,0,0,Unspecified,Unspecified,,,,PASSENGER VEHICLE,UNKNOWN
2013,2013-11-15,11:45,QUEENS,11355,40.7537216,-73.8328215,0.0,0.0,0,0,0,0,0,0,Lost Consciousness,Driver Inattention/Distraction,,,,PASSENGER VEHICLE,PASSENGER VEHICLE
2013,2013-11-16,18:30,QUEENS,11435,40.708826,-73.81684,0.0,0.0,0,0,0,0,0,0,Driver Inattention/Distraction,Unspecified,,,,PASSENGER VEHICLE,SMALL COM VEH(4 TIRES) 
2013,2013-11-16,20:20,BRONX,10460,40.8399813,-73.8771949,0.0,0.0,0,0,0,0,0,0,Unspecified,,,,,SPORT UTILITY / STATION WAGON,
2013,2013-11-17,15:32,,,,,5.0,0.0,0,0,0,0,5,0,Driver Inattention/Distraction,,,,,SPORT UTILITY / STATION WAGON,
2013,2013-11-17,13:00,,,40.7157964,-73.815664,0.0,0.0,0,0,0,0,0,0,Unspecified,Unspecified,,,,PASSENGER VEHICLE,UNKNOWN
2013,2013-11-18,10:20,MANHATTAN,10031,40.8252325,-73.9476044,0.0,0.0,0,0,0,0,0,0,Unspecified,Unspecified,,,,SPORT UTILITY / STATION WAGON,VAN
2013,2013-11-18,19:17,QUEENS,11411,40.6914545,-73.7339497,1.0,0.0,1,0,0,0,0,0,Driver Inattention/Distraction,,,,,PASSENGER VEHICLE,
2013,2013-11-18,20:05,,,,,0.0,0.0,0,0,0,0,0,0,Fatigued/Drowsy,Unspecified,,,,PASSENGER VEHICLE,SPORT UTILITY / STATION WAGON
2013,2013-11-18,12:00,BRONX,10457,40.847563,-73.8947327,0.0,0.0,0,0,0,0,0,0,Unspecified,Unspecified,,,,PASSENGER VEHICLE,UNKNOWN
2013,2013-11-18,9:30,BROOKLYN,11210,40.6262532,-73.9516189,0.0,0.0,0,0,0,0,0,0,Unspecified,Unspecified,,,,SPORT UTILITY / STATION WAGON,PASSENGER VEHICLE
2013,2013-11-19,12:02,MANHATTAN,10035,40.8043691,-73.9353252,0.0,0.0,0,0,0,0,0,0,Unspecified,Unspecified,,,,PASSENGER VEHICLE,LIVERY VEHICLE
2013,2013-11-20,19:00,BROOKLYN,11224,40.5769818,-73.9815654,0.0,0.0,0,0,0,0,0,0,Unspecified,,,,,PASSENGER VEHICLE,
2013,2013-11-20,5:10,BROOKLYN,11232,40.6526268,-74.0061627,0.0,0.0,0,0,0,0,0,0,Unspecified,Unspecified,,,,PASSENGER VEHICLE,TAXI
2013,2013-11-22,16:30,QUEENS,11377,40.7518401,-73.9035714,0.0,0.0,0,0,0,0,0,0,Driver Inattention/Distraction,Driver Inattention/Distraction,,,,PASSENGER VEHICLE,PASSENGER VEHICLE
2013,2013-11-22,7:15,MANHATTAN,10001,40.7478537,-73.9929082,0.0,0.0,0,0,0,0,0,0,Passenger Distraction,Unspecified,,,,PASSENGER VEHICLE,VAN
2013,2013-11-23,10:48,,,,,0.0,0.0,0,0,0,0,0,0,Unspecified,Unspecified,,,,,
2013,2013-11-24,13:21,QUEENS,11435,40.6933461,-73.802267,1.0,0.0,0,0,1,0,0,0,Physical Disability,Unspecified,,,,PASSENGER VEHICLE,BICYCLE
2013,2013-11-24,11:25,BROOKLYN,11205,40.6916018,-73.9705498,0.0,0.0,0,0,0,0,0,0,Unspecified,Unspecified,,,,PASSENGER VEHICLE,SPORT UTILITY / STATION WAGON
2013,2013-11-25,19:00,BRONX,10453,40.855728,-73.910412,0.0,0.0,0,0,0,0,0,0,Unspecified,Unspecified,,,,PASSENGER VEHICLE,TAXI
2013,2013-11-26,6:30,BROOKLYN,11207,40.6613849,-73.884098,0.0,0.0,0,0,0,0,0,0,Unspecified,Unspecified,,,,PICK-UP TRUCK,UNKNOWN
2013,2013-11-27,22:30,STATEN ISLAND,10314,40.6191677,-74.1233931,0.0,0.0,0,0,0,0,0,0,Unspecified,Unspecified,,,,PASSENGER VEHICLE,VAN
2013,2013-11-27,9:47,,,,,0.0,0.0,0,0,0,0,0,0,Driver Inattention/Distraction,Prescription Medication,,,,PASSENGER VEHICLE,PASSENGER VEHICLE
2013,2013-11-27,9:15,MANHATTAN,10014,40.7344402,-74.006181,0.0,0.0,0,0,0,0,0,0,Unspecified,Unspecified,,,,PASSENGER VEHICLE,PASSENGER VEHICLE
2013,2013-11-28,12:50,,,40.7434286,-73.7754626,0.0,0.0,0,0,0,0,0,0,Lost Consciousness,Unspecified,,,,PASSENGER VEHICLE,SPORT UTILITY / STATION WAGON
2013,2013-11-28,1:00,MANHATTAN,10017,40.7554056,-73.9794839,0.0,0.0,0,0,0,0,0,0,Unspecified,Unspecified,,,,PASSENGER VEHICLE,LARGE COM VEH(6 OR MORE TIRES)
2013,2013-11-29,17:05,BROOKLYN,11211,40.7075935,-73.9555418,1.0,0.0,0,0,0,0,1,0,Prescription Medication,Unspecified,,,,SPORT UTILITY / STATION WAGON,SPORT UTILITY / STATION WAGON
2013,2013-12-01,4:30,MANHATTAN,10040,40.8602419,-73.9284202,0.0,0.0,0,0,0,0,0,0,Unspecified,Unspecified,,,,PASSENGER VEHICLE,PASSENGER VEHICLE
2013,2013-12-02,8:40,BRONX,10451,40.8263977,-73.9211541,0.0,0.0,0,0,0,0,0,0,Driver Inattention/Distraction,Unspecified,,,,PASSENGER VEHICLE,PASSENGER VEHICLE
2013,2013-12-02,14:00,BROOKLYN,11234,40.6188874,-73.927883,0.0,0.0,0,0,0,0,0,0,Traffic Control Disregarded,Unspecified,,,,SPORT UTILITY / STATION WAGON,SMALL COM VEH(4 TIRES) 
2013,2013-12-02,0:01,,,,,0.0,0.0,0,0,0,0,0,0,Unspecified,,,,,MOTORCYCLE,
2013,2013-12-02,17:23,BROOKLYN,11215,40.6750759,-73.9880022,1.0,0.0,1,0,0,0,0,0,Unspecified,,,,,PASSENGER VEHICLE,
2013,2013-12-03,19:50,MANHATTAN,10014,40.7387549,-74.0054958,0.0,0.0,0,0,0,0,0,0,Obstruction/Debris,Unspecified,,,,SPORT UTILITY / STATION WAGON,UNKNOWN
2013,2013-12-03,18:45,,,,,1.0,0.0,0,0,0,0,1,0,Unspecified,Unspecified,,,,PASSENGER VEHICLE,PASSENGER VEHICLE
2013,2013-12-04,13:00,QUEENS,11373,40.7432679,-73.8746593,1.0,0.0,0,0,0,0,1,0,Unspecified,Unspecified,,,,SPORT UTILITY / STATION WAGON,SPORT UTILITY / STATION WAGON
2013,2013-12-04,9:53,BROOKLYN,11219,40.6261507,-74.0049318,0.0,0.0,0,0,0,0,0,0,Failure to Yield Right-of-Way,Unspecified,,,,SPORT UTILITY / STATION WAGON,PASSENGER VEHICLE
2013,2013-12-04,9:27,BRONX,10465,40.8285193,-73.8411794,0.0,0.0,0,0,0,0,0,0,Other Vehicular,Other Vehicular,,,,PASSENGER VEHICLE,PASSENGER VEHICLE
2013,2013-12-05,15:30,BRONX,10451,40.8263977,-73.9211541,0.0,0.0,0,0,0,0,0,0,Driver Inattention/Distraction,,,,,PASSENGER VEHICLE,
2013,2013-12-06,13:50,MANHATTAN,10032,40.8359322,-73.9435124,0.0,0.0,0,0,0,0,0,0,Prescription Medication,Unspecified,,,,SPORT UTILITY / STATION WAGON,OTHER
2013,2013-12-07,3:00,,,,,0.0,0.0,0,0,0,0,0,0,Alcohol Involvement,,,,,SPORT UTILITY / STATION WAGON,
2013,2013-12-08,4:50,QUEENS,11369,40.7619894,-73.8693285,0.0,0.0,0,0,0,0,0,0,Unspecified,Unspecified,Unspecified,,,PASSENGER VEHICLE,PASSENGER VEHICLE
2013,2013-12-08,13:30,MANHATTAN,10006,40.7084958,-74.0153438,0.0,0.0,0,0,0,0,0,0,Driver Inattention/Distraction,Unspecified,,,,PASSENGER VEHICLE,PICK-UP TRUCK
2013,2013-12-08,21:05,BROOKLYN,11235,40.5777999,-73.9605636,0.0,0.0,0,0,0,0,0,0,Unspecified,Unspecified,Unspecified,,,PASSENGER VEHICLE,PASSENGER VEHICLE
2013,2013-12-09,12:32,,,,,0.0,0.0,0,0,0,0,0,0,Other Lighting Defects,Fatigued/Drowsy,,,,PICK-UP TRUCK,PICK-UP TRUCK
2013,2013-12-09,9:55,BROOKLYN,11223,40.6066705,-73.9725897,0.0,0.0,0,0,0,0,0,0,Unspecified,Unspecified,Unspecified,,,SPORT UTILITY / STATION WAGON,SPORT UTILITY / STATION WAGON
2013,2013-12-10,19:15,QUEENS,11432,40.7130039,-73.7823656,1.0,0.0,1,0,0,0,0,0,Driver Inattention/Distraction,Unspecified,,,,PASSENGER VEHICLE,SPORT UTILITY / STATION WAGON
2013,2013-12-11,16:20,QUEENS,11429,40.7082882,-73.7423804,0.0,0.0,0,0,0,0,0,0,Unspecified,Unspecified,,,,VAN,PASSENGER VEHICLE
2013,2013-12-12,23:00,,,,,0.0,0.0,0,0,0,0,0,0,Outside Car Distraction,,,,,SPORT UTILITY / STATION WAGON,
2013,2013-12-12,21:10,QUEENS,11379,40.7125089,-73.8735412,1.0,0.0,0,0,0,0,1,0,Unspecified,Unspecified,Unspecified,Unspecified,Unspecified,PASSENGER VEHICLE,PASSENGER VEHICLE
2013,2013-12-13,14:30,,,,,0.0,0.0,0,0,0,0,0,0,Unspecified,Unspecified,,,,TAXI,PASSENGER VEHICLE
2013,2013-12-15,1:00,,,,,0.0,0.0,0,0,0,0,0,0,Traffic Control Disregarded,,,,,PASSENGER VEHICLE,
2013,2013-12-16,17:15,,,,,1.0,0.0,1,0,0,0,0,0,View Obstructed/Limited,,,,,SPORT UTILITY / STATION WAGON,
2013,2013-12-18,19:30,,,40.7044959,-73.817418,0.0,0.0,0,0,0,0,0,0,Unspecified,Unspecified,,,,PASSENGER VEHICLE,SPORT UTILITY / STATION WAGON
2013,2013-12-18,15:40,STATEN ISLAND,10309,40.5163366,-74.2328225,0.0,0.0,0,0,0,0,0,0,Unspecified,Unspecified,,,,VAN,PASSENGER VEHICLE
2013,2013-12-19,16:40,MANHATTAN,10001,40.7509908,-73.9906233,1.0,0.0,1,0,0,0,0,0,Driver Inattention/Distraction,,,,,TAXI,
2013,2013-12-19,4:00,MANHATTAN,10003,40.7339213,-73.9927942,0.0,0.0,0,0,0,0,0,0,Driver Inattention/Distraction,Unspecified,,,,LARGE COM VEH(6 OR MORE TIRES),TAXI
2013,2013-12-20,18:51,MANHATTAN,10065,40.7605353,-73.9583509,1.0,0.0,0,0,0,0,1,0,Failure to Yield Right-of-Way,Unspecified,,,,TAXI,PASSENGER VEHICLE
2013,2013-12-21,17:45,BROOKLYN,11234,40.6189456,-73.9127866,1.0,0.0,1,0,0,0,0,0,Passenger Distraction,,,,,SPORT UTILITY / STATION WAGON,
2013,2013-12-21,19:00,BRONX,10470,40.8953759,-73.8635575,0.0,0.0,0,0,0,0,0,0,Unspecified,Unspecified,,,,PASSENGER VEHICLE,VAN
2013,2013-12-22,16:35,QUEENS,11358,40.7563999,-73.8045271,1.0,0.0,0,0,0,0,1,0,Unspecified,Unspecified,Unspecified,,,PASSENGER VEHICLE,SPORT UTILITY / STATION WAGON
2013,2013-12-23,17:39,BROOKLYN,11219,40.6259834,-74.0015202,0.0,0.0,0,0,0,0,0,0,Failure to Yield Right-of-Way,Unspecified,,,,SPORT UTILITY / STATION WAGON,PASSENGER VEHICLE
2013,2013-12-23,14:20,QUEENS,11416,40.68424,-73.8460949,0.0,0.0,0,0,0,0,0,0,Prescription Medication,Unspecified,,,,PASSENGER VEHICLE,PASSENGER VEHICLE
2013,2013-12-24,17:10,BROOKLYN,11226,40.6523139,-73.9560111,0.0,0.0,0,0,0,0,0,0,Unspecified,Unspecified,,,,PASSENGER VEHICLE,PASSENGER VEHICLE
2013,2013-12-24,22:00,BROOKLYN,11216,40.6714882,-73.947563,3.0,0.0,0,0,0,0,3,0,Fatigued/Drowsy,Unspecified,Unspecified,Unspecified,,PASSENGER VEHICLE,PASSENGER VEHICLE
2013,2013-12-25,1:30,,,,,0.0,0.0,0,0,0,0,0,0,Unspecified,Unspecified,,,,SPORT UTILITY / STATION WAGON,UNKNOWN
2013,2013-12-29,4:55,BRONX,10467,40.8835756,-73.8628042,0.0,0.0,0,0,0,0,0,0,Unspecified,Unspecified,Unspecified,,,OTHER,OTHER
2013,2013-12-30,19:00,BROOKLYN,11221,40.690499,-73.9199049,1.0,0.0,0,0,0,0,1,0,Unspecified,Unspecified,,,,PASSENGER VEHICLE,PASSENGER VEHICLE
2014,2014-01-01,18:00,BROOKLYN,11236,40.636228,-73.8859432,1.0,0.0,0,0,0,0,1,0,Unspecified,Unspecified,,,,SPORT UTILITY / STATION WAGON,SPORT UTILITY / STATION WAGON
2014,2014-01-01,14:30,,,40.749937,-73.7741927,0.0,0.0,0,0,0,0,0,0,Unspecified,Unspecified,Unspecified,,,PASSENGER VEHICLE,SPORT UTILITY / STATION WAGON
2014,2014-01-01,13:30,STATEN ISLAND,10309,40.5136471,-74.203747,0.0,0.0,0,0,0,0,0,0,Unspecified,Unspecified,,,,PASSENGER VEHICLE,UNKNOWN
2014,2014-01-05,14:45,STATEN ISLAND,10301,40.6441247,-74.0857221,0.0,0.0,0,0,0,0,0,0,Unspecified,Unspecified,,,,PASSENGER VEHICLE,PASSENGER VEHICLE
2014,2014-01-06,6:15,MANHATTAN,10016,40.7482467,-73.9762885,1.0,0.0,1,0,0,0,0,0,Unspecified,,,,,PICK-UP TRUCK,
2014,2014-01-07,16:30,BROOKLYN,11220,40.64936,-74.0128328,0.0,0.0,0,0,0,0,0,0,Unspecified,Unspecified,,,,SPORT UTILITY / STATION WAGON,PASSENGER VEHICLE
2014,2014-01-10,13:20,BRONX,10472,40.827926,-73.8644944,1.0,0.0,0,0,0,0,1,0,Other Vehicular,Failure to Yield Right-of-Way,Other Vehicular,,,PASSENGER VEHICLE,PASSENGER VEHICLE
2014,2014-01-11,18:00,MANHATTAN,10001,40.7527231,-73.9967877,0.0,0.0,0,0,0,0,0,0,Turning Improperly,Oversized Vehicle,,,,OTHER,BUS
2014,2014-01-12,23:30,QUEENS,11103,40.763893,-73.9149938,0.0,0.0,0,0,0,0,0,0,Unspecified,Unspecified,,,,SPORT UTILITY / STATION WAGON,UNKNOWN
2014,2014-01-13,16:11,MANHATTAN,10002,40.7212488,-73.9922364,0.0,0.0,0,0,0,0,0,0,Fatigued/Drowsy,Fatigued/Drowsy,Unspecified,,,PASSENGER VEHICLE,PASSENGER VEHICLE
2014,2014-01-14,17:30,QUEENS,11434,40.6819937,-73.7884087,1.0,0.0,0,0,0,0,1,0,Failure to Yield Right-of-Way,Unspecified,,,,SPORT UTILITY / STATION WAGON,PASSENGER VEHICLE
2014,2014-01-14,9:42,MANHATTAN,10022,40.762288,-73.9723632,0.0,0.0,0,0,0,0,0,0,Other Vehicular,Unspecified,,,,PASSENGER VEHICLE,SMALL COM VEH(4 TIRES) 
2014,2014-01-15,21:30,BROOKLYN,11210,40.6359426,-73.9524694,0.0,0.0,0,0,0,0,0,0,Unspecified,Unspecified,,,,PASSENGER VEHICLE,SPORT UTILITY / STATION WAGON
2014,2014-01-15,8:30,BROOKLYN,11228,40.6150148,-74.0093432,0.0,0.0,0,0,0,0,0,0,Unspecified,Unspecified,,,,SPORT UTILITY / STATION WAGON,UNKNOWN
2014,2014-01-16,15:20,,,,,0.0,0.0,0,0,0,0,0,0,Prescription Medication,Unspecified,,,,SPORT UTILITY / STATION WAGON,PASSENGER VEHICLE
2014,2014-01-17,16:00,,,,,0.0,0.0,0,0,0,0,0,0,Driver Inattention/Distraction,Unspecified,,,,SPORT UTILITY / STATION WAGON,LARGE COM VEH(6 OR MORE TIRES)
2014,2014-01-17,11:38,,,40.6074667,-74.1427238,0.0,0.0,0,0,0,0,0,0,Outside Car Distraction,,,,,SPORT UTILITY / STATION WAGON,
2014,2014-01-17,16:30,QUEENS,11362,40.7618791,-73.7231854,0.0,0.0,0,0,0,0,0,0,Fatigued/Drowsy,Fatigued/Drowsy,,,,PASSENGER VEHICLE,PASSENGER VEHICLE
2014,2014-01-18,3:08,BROOKLYN,11236,40.6451657,-73.898342,3.0,0.0,0,0,0,0,3,0,Prescription Medication,Traffic Control Disregarded,,,,PASSENGER VEHICLE,VAN
2014,2014-01-18,14:00,QUEENS,11361,40.7592115,-73.7735803,0.0,0.0,0,0,0,0,0,0,Unspecified,,,,,PASSENGER VEHICLE,
2014,2014-01-20,10:15,,,,,0.0,0.0,0,0,0,0,0,0,Outside Car Distraction,Unspecified,,,,PASSENGER VEHICLE,SPORT UTILITY / STATION WAGON
2014,2014-01-20,19:32,BROOKLYN,11221,40.693211,-73.912556,1.0,0.0,0,0,1,0,0,0,Prescription Medication,Unspecified,,,,PASSENGER VEHICLE,BICYCLE
2014,2014-01-20,7:40,BRONX,10454,40.8069405,-73.9137468,0.0,0.0,0,0,0,0,0,0,Glare,Unspecified,,,,PASSENGER VEHICLE,PASSENGER VEHICLE
2014,2014-01-21,10:22,BRONX,10455,40.8130953,-73.8982589,0.0,0.0,0,0,0,0,0,0,Unspecified,Unspecified,,,,LARGE COM VEH(6 OR MORE TIRES),LARGE COM VEH(6 OR MORE TIRES)
2014,2014-01-21,10:00,MANHATTAN,10036,40.7631147,-73.9996498,0.0,0.0,0,0,0,0,0,0,Pavement Slippery,Unspecified,,,,TAXI,PASSENGER VEHICLE
2014,2014-01-21,11:00,,,,,0.0,0.0,0,0,0,0,0,0,Unspecified,Unspecified,,,,PASSENGER VEHICLE,PASSENGER VEHICLE
2014,2014-01-22,17:15,MANHATTAN,10001,40.7478946,-73.9891656,0.0,0.0,0,0,0,0,0,0,Traffic Control Disregarded,Unspecified,,,,TAXI,SPORT UTILITY / STATION WAGON
2014,2014-01-23,20:10,BROOKLYN,11222,40.7339885,-73.9522587,0.0,0.0,0,0,0,0,0,0,Backing Unsafely,Unspecified,,,,PASSENGER VEHICLE,UNKNOWN
2014,2014-01-23,14:10,,,40.757999,-73.7375839,0.0,0.0,0,0,0,0,0,0,Lost Consciousness,Lost Consciousness,,,,PASSENGER VEHICLE,SPORT UTILITY / STATION WAGON
2014,2014-01-24,16:25,BROOKLYN,11219,40.6378239,-73.9892051,1.0,0.0,0,0,0,0,1,0,Unspecified,Unspecified,,,,PASSENGER VEHICLE,OTHER
2014,2014-01-24,18:30,BROOKLYN,11201,40.6921949,-73.9862718,0.0,0.0,0,0,0,0,0,0,Driver Inattention/Distraction,Unspecified,,,,PASSENGER VEHICLE,PASSENGER VEHICLE
2014,2014-01-25,17:00,,,40.6187344,-74.1760525,0.0,0.0,0,0,0,0,0,0,Unspecified,Unspecified,,,,PASSENGER VEHICLE,PASSENGER VEHICLE
2014,2014-01-25,4:00,MANHATTAN,10035,40.7999787,-73.9427338,0.0,0.0,0,0,0,0,0,0,Unspecified,Unspecified,Unspecified,,,PASSENGER VEHICLE,PASSENGER VEHICLE
2014,2014-01-26,8:20,,,40.6356257,-74.0170629,0.0,0.0,0,0,0,0,0,0,Unspecified,Unspecified,,,,SPORT UTILITY / STATION WAGON,PASSENGER VEHICLE
2014,2014-01-27,21:20,MANHATTAN,10018,40.7522807,-73.9896919,0.0,0.0,0,0,0,0,0,0,Unspecified,Unspecified,,,,TAXI,TAXI
2014,2014-01-27,15:05,BROOKLYN,11218,40.6433056,-73.9740952,0.0,0.0,0,0,0,0,0,0,Outside Car Distraction,Driver Inattention/Distraction,Driver Inattention/Distraction,,,SPORT UTILITY / STATION WAGON,PASSENGER VEHICLE
2014,2014-01-27,21:30,QUEENS,11105,40.7761313,-73.9106996,0.0,0.0,0,0,0,0,0,0,Backing Unsafely,Unspecified,,,,SPORT UTILITY / STATION WAGON,PASSENGER VEHICLE
2014,2014-01-27,16:10,,,,,0.0,0.0,0,0,0,0,0,0,Unspecified,Unspecified,,,,PASSENGER VEHICLE,PASSENGER VEHICLE
2014,2014-01-28,11:45,,,40.7563684,-73.9601105,0.0,0.0,0,0,0,0,0,0,Fatigued/Drowsy,Unspecified,,,,PASSENGER VEHICLE,PASSENGER VEHICLE
2014,2014-01-28,12:55,MANHATTAN,10019,40.766198,-73.9795455,0.0,0.0,0,0,0,0,0,0,Unspecified,Unspecified,,,,PASSENGER VEHICLE,UNKNOWN
2014,2014-01-30,16:24,BRONX,10456,40.8287722,-73.9103074,0.0,0.0,0,0,0,0,0,0,Unspecified,Unspecified,,,,SPORT UTILITY / STATION WAGON,SPORT UTILITY / STATION WAGON
2014,2014-02-01,14:56,MANHATTAN,10014,40.7387549,-74.0054958,0.0,0.0,0,0,0,0,0,0,Fatigued/Drowsy,Unspecified,,,,TAXI,TAXI
2014,2014-02-01,20:13,MANHATTAN,10012,40.7206259,-73.9949711,0.0,0.0,0,0,0,0,0,0,Driver Inattention/Distraction,Driver Inattention/Distraction,,,,SPORT UTILITY / STATION WAGON,PASSENGER VEHICLE
2014,2014-02-02,10:58,BROOKLYN,11228,40.6257763,-74.0164884,0.0,0.0,0,0,0,0,0,0,Fatigued/Drowsy,Unspecified,,,,PASSENGER VEHICLE,SPORT UTILITY / STATION WAGON
2014,2014-02-03,17:30,QUEENS,11385,40.6971707,-73.9012198,0.0,0.0,0,0,0,0,0,0,Unspecified,Unspecified,,,,PASSENGER VEHICLE,PASSENGER VEHICLE
2014,2014-02-04,12:40,BROOKLYN,11206,40.7002805,-73.9411497,0.0,0.0,0,0,0,0,0,0,Unspecified,Unspecified,,,,SPORT UTILITY / STATION WAGON,BUS
2014,2014-02-06,22:00,,,,,0.0,0.0,0,0,0,0,0,0,Unspecified,Unspecified,,,,LARGE COM VEH(6 OR MORE TIRES),LARGE COM VEH(6 OR MORE TIRES)
2014,2014-02-07,9:10,BROOKLYN,11211,40.7161767,-73.9497102,0.0,0.0,0,0,0,0,0,0,Unspecified,,,,,,
2014,2014-02-08,12:50,,,,,0.0,0.0,0,0,0,0,0,0,Fatigued/Drowsy,Unspecified,,,,SPORT UTILITY / STATION WAGON,PASSENGER VEHICLE
2014,2014-02-10,16:27,BRONX,10469,40.8824483,-73.8566659,0.0,0.0,0,0,0,0,0,0,Unspecified,Unspecified,,,,SPORT UTILITY / STATION WAGON,UNKNOWN
2014,2014-02-10,15:15,QUEENS,11101,40.7495021,-73.9466642,0.0,0.0,0,0,0,0,0,0,Driver Inattention/Distraction,Driver Inattention/Distraction,,,,TAXI,VAN
2014,2014-02-11,17:49,MANHATTAN,10001,40.7546224,-73.9971269,0.0,0.0,0,0,0,0,0,0,Prescription Medication,Unspecified,,,,PASSENGER VEHICLE,UNKNOWN
2014,2014-02-11,14:41,QUEENS,11436,40.6742917,-73.8006363,0.0,0.0,0,0,0,0,0,0,Unspecified,Unspecified,,,,UNKNOWN,SPORT UTILITY / STATION WAGON
2014,2014-02-11,15:10,BROOKLYN,11206,40.7020019,-73.9320452,0.0,0.0,0,0,0,0,0,0,Unspecified,Unspecified,,,,PASSENGER VEHICLE,UNKNOWN
2014,2014-02-13,9:15,QUEENS,11375,40.7201645,-73.844789,0.0,0.0,0,0,0,0,0,0,Unspecified,Unspecified,,,,SPORT UTILITY / STATION WAGON,PASSENGER VEHICLE
2014,2014-02-14,16:45,BROOKLYN,11234,40.6082027,-73.9207095,1.0,0.0,0,0,0,0,1,0,Unspecified,Unspecified,,,,SPORT UTILITY / STATION WAGON,PASSENGER VEHICLE
2014,2014-02-14,18:15,STATEN ISLAND,10309,40.5255456,-74.2054595,0.0,0.0,0,0,0,0,0,0,Unspecified,Unspecified,,,,PASSENGER VEHICLE,PASSENGER VEHICLE
2014,2014-02-14,9:18,BROOKLYN,11223,40.5939967,-73.9807109,0.0,0.0,0,0,0,0,0,0,Fatigued/Drowsy,Unspecified,,,,SPORT UTILITY / STATION WAGON,PICK-UP TRUCK
2014,2014-02-14,18:10,BROOKLYN,11233,40.6803713,-73.9166866,0.0,0.0,0,0,0,0,0,0,Driver Inattention/Distraction,Driver Inattention/Distraction,,,,PASSENGER VEHICLE,SPORT UTILITY / STATION WAGON
2014,2014-02-14,14:16,BROOKLYN,11232,40.6501456,-74.0050741,0.0,0.0,0,0,0,0,0,0,Unspecified,Unspecified,,,,PASSENGER VEHICLE,PASSENGER VEHICLE
2014,2014-02-15,2:40,QUEENS,11434,40.6870376,-73.7805141,0.0,0.0,0,0,0,0,0,0,Pavement Slippery,Pavement Slippery,Unspecified,,,PASSENGER VEHICLE,PASSENGER VEHICLE
2014,2014-02-15,18:41,BRONX,10452,40.8418183,-73.9224369,0.0,0.0,0,0,0,0,0,0,Driver Inattention/Distraction,Unspecified,,,,AMBULANCE,PASSENGER VEHICLE
2014,2014-02-17,13:45,,,,,0.0,0.0,0,0,0,0,0,0,Unspecified,Unspecified,,,,VAN,SPORT UTILITY / STATION WAGON
2014,2014-02-17,14:50,QUEENS,11364,40.7487961,-73.7565663,0.0,0.0,0,0,0,0,0,0,Outside Car Distraction,Unspecified,,,,PASSENGER VEHICLE,PASSENGER VEHICLE
2014,2014-02-19,14:35,MANHATTAN,10029,40.7993065,-73.9432328,0.0,0.0,0,0,0,0,0,0,Unspecified,Unspecified,,,,OTHER,SPORT UTILITY / STATION WAGON
2014,2014-02-20,15:45,STATEN ISLAND,10307,40.5130921,-74.2485634,0.0,0.0,0,0,0,0,0,0,Unspecified,Unspecified,,,,PASSENGER VEHICLE,SPORT UTILITY / STATION WAGON
2014,2014-02-20,12:45,BRONX,10458,40.8653906,-73.8868337,2.0,0.0,0,0,0,0,2,0,Fatigued/Drowsy,Unspecified,,,,PASSENGER VEHICLE,SPORT UTILITY / STATION WAGON
2014,2014-02-22,15:11,BROOKLYN,11236,40.636228,-73.8859432,0.0,0.0,0,0,0,0,0,0,Unspecified,Unspecified,,,,PASSENGER VEHICLE,UNKNOWN
2014,2014-02-22,17:50,MANHATTAN,10011,40.7336114,-73.9995562,0.0,0.0,0,0,0,0,0,0,Unspecified,Unspecified,,,,SPORT UTILITY / STATION WAGON,TAXI
2014,2014-02-22,5:45,,,40.8278746,-73.9346535,0.0,0.0,0,0,0,0,0,0,Other Vehicular,Driver Inattention/Distraction,,,,PASSENGER VEHICLE,PASSENGER VEHICLE
2014,2014-02-23,17:10,BROOKLYN,11249,40.7004733,-73.9625179,0.0,0.0,0,0,0,0,0,0,Other Electronic Device,Unspecified,,,,SPORT UTILITY / STATION WAGON,BUS
2014,2014-02-23,21:00,,,,,0.0,0.0,0,0,0,0,0,0,Outside Car Distraction,Fatigued/Drowsy,,,,SPORT UTILITY / STATION WAGON,PASSENGER VEHICLE
2014,2014-02-24,8:00,,,,,0.0,0.0,0,0,0,0,0,0,Unspecified,Unspecified,,,,PASSENGER VEHICLE,PASSENGER VEHICLE
2014,2014-02-24,17:05,QUEENS,11358,40.7530712,-73.792377,0.0,0.0,0,0,0,0,0,0,Unspecified,Unspecified,,,,PASSENGER VEHICLE,PASSENGER VEHICLE
2014,2014-02-24,13:05,BROOKLYN,11230,40.6127578,-73.9609211,0.0,0.0,0,0,0,0,0,0,Unspecified,Unspecified,,,,PASSENGER VEHICLE,UNKNOWN
2014,2014-02-24,11:45,,,,,0.0,0.0,0,0,0,0,0,0,Unspecified,Unspecified,,,,PASSENGER VEHICLE,PASSENGER VEHICLE
2014,2014-02-26,17:15,,,,,0.0,0.0,0,0,0,0,0,0,Fatigued/Drowsy,Unspecified,,,,SPORT UTILITY / STATION WAGON,PASSENGER VEHICLE
2014,2014-02-28,8:20,BROOKLYN,11220,40.6492697,-74.0096651,0.0,0.0,0,0,0,0,0,0,Fatigued/Drowsy,Unspecified,,,,PASSENGER VEHICLE,PASSENGER VEHICLE
2014,2014-02-28,8:08,BRONX,10469,40.8609905,-73.8482599,0.0,0.0,0,0,0,0,0,0,Brakes Defective,,,,,SPORT UTILITY / STATION WAGON,
2014,2014-03-03,9:10,QUEENS,11367,40.734195,-73.8197507,1.0,0.0,0,0,0,0,1,0,Failure to Yield Right-of-Way,Unspecified,,,,PASSENGER VEHICLE,PASSENGER VEHICLE
2014,2014-03-03,8:03,QUEENS,11420,40.6731837,-73.8142413,0.0,0.0,0,0,0,0,0,0,Pavement Slippery,Pavement Slippery,,,,UNKNOWN,UNKNOWN
2014,2014-03-04,18:45,QUEENS,11101,40.7368761,-73.9356361,0.0,0.0,0,0,0,0,0,0,Unspecified,Unspecified,,,,PASSENGER VEHICLE,LIVERY VEHICLE
2014,2014-03-05,8:51,,,,,0.0,0.0,0,0,0,0,0,0,Unspecified,Unspecified,,,,OTHER,UNKNOWN
2014,2014-03-05,13:43,BROOKLYN,11230,40.6130588,-73.9581512,0.0,0.0,0,0,0,0,0,0,Unspecified,Unspecified,,,,PASSENGER VEHICLE,SPORT UTILITY / STATION WAGON
2014,2014-03-06,20:45,BRONX,10463,40.8768785,-73.9033901,0.0,0.0,0,0,0,0,0,0,Unspecified,,,,,PASSENGER VEHICLE,
2014,2014-03-08,19:30,,,40.5928174,-73.908068,0.0,0.0,0,0,0,0,0,0,Unspecified,,,,,SPORT UTILITY / STATION WAGON,
2014,2014-03-08,4:30,BROOKLYN,11207,40.6770654,-73.8981996,0.0,0.0,0,0,0,0,0,0,Unspecified,Unspecified,,,,OTHER,OTHER
2014,2014-03-08,14:20,BROOKLYN,11226,40.6523139,-73.9560111,0.0,0.0,0,0,0,0,0,0,Unspecified,Unspecified,,,,OTHER,PASSENGER VEHICLE
2014,2014-03-10,13:59,,,40.8875929,-73.8152457,0.0,0.0,0,0,0,0,0,0,Driver Inattention/Distraction,Unspecified,,,,PASSENGER VEHICLE,PASSENGER VEHICLE
2014,2014-03-11,10:30,BRONX,10467,40.8613166,-73.8655326,0.0,0.0,0,0,0,0,0,0,Unspecified,,,,,PASSENGER VEHICLE,PASSENGER VEHICLE
2014,2014-03-12,10:34,BROOKLYN,11230,40.628119,-73.9568484,0.0,0.0,0,0,0,0,0,0,Unspecified,Unspecified,,,,PICK-UP TRUCK,UNKNOWN
2014,2014-03-12,10:30,QUEENS,11434,40.6808069,-73.7638884,0.0,0.0,0,0,0,0,0,0,Traffic Control Disregarded,,,,,PASSENGER VEHICLE,PASSENGER VEHICLE
2014,2014-03-13,17:08,BROOKLYN,11210,40.6261493,-73.9525808,0.0,0.0,0,0,0,0,0,0,Unspecified,Unspecified,,,,SPORT UTILITY / STATION WAGON,SPORT UTILITY / STATION WAGON
2014,2014-03-15,16:10,,,40.8861326,-73.8153159,2.0,0.0,0,0,0,0,2,0,Driver Inattention/Distraction,Unspecified,Unspecified,,,SPORT UTILITY / STATION WAGON,SPORT UTILITY / STATION WAGON
2014,2014-03-15,13:12,MANHATTAN,10013,40.7178702,-73.9971068,0.0,0.0,0,0,0,0,0,0,Failure to Yield Right-of-Way,,,,,TAXI,PASSENGER VEHICLE
2014,2014-03-16,6:00,MANHATTAN,10075,40.7770022,-73.9616299,0.0,0.0,0,0,0,0,0,0,Other Vehicular,Other Vehicular,,,,TAXI,LARGE COM VEH(6 OR MORE TIRES)
2014,2014-03-16,3:13,,,,,0.0,0.0,0,0,0,0,0,0,Unspecified,Unspecified,,,,PASSENGER VEHICLE,SPORT UTILITY / STATION WAGON
2014,2014-03-17,13:45,MANHATTAN,10075,40.7723438,-73.9526861,0.0,0.0,0,0,0,0,0,0,Other Vehicular,,,,,VAN,TAXI
2014,2014-03-17,12:35,BROOKLYN,11238,40.6735884,-73.9629548,0.0,0.0,0,0,0,0,0,0,Unspecified,,,,,UNKNOWN,UNKNOWN
2014,2014-03-18,9:52,MANHATTAN,10022,40.7591654,-73.976743,0.0,0.0,0,0,0,0,0,0,Unspecified,,,,,LIVERY VEHICLE,PASSENGER VEHICLE
2014,2014-03-21,13:00,BRONX,10453,40.8499246,-73.9056233,0.0,0.0,0,0,0,0,0,0,Failure to Yield Right-of-Way,Unspecified,,,,PASSENGER VEHICLE,PASSENGER VEHICLE
2014,2014-03-21,23:00,,,,,0.0,0.0,0,0,0,0,0,0,Alcohol Involvement,Unspecified,,,,SPORT UTILITY / STATION WAGON,PICK-UP TRUCK
2014,2014-03-21,15:07,QUEENS,11433,40.7040331,-73.793792,0.0,0.0,0,0,0,0,0,0,Unspecified,Unspecified,,,,VAN,SPORT UTILITY / STATION WAGON
2014,2014-03-21,14:00,,,,,1.0,0.0,1,0,0,0,0,0,Unspecified,,,,,VAN,
2014,2014-03-21,13:15,,,,,0.0,0.0,0,0,0,0,0,0,Unspecified,Unspecified,Unspecified,,,PASSENGER VEHICLE,SPORT UTILITY / STATION WAGON
2014,2014-03-22,12:00,,,40.772159,-73.9454007,0.0,0.0,0,0,0,0,0,0,Fatigued/Drowsy,Other Vehicular,,,,PASSENGER VEHICLE,PASSENGER VEHICLE
2014,2014-03-24,13:10,BROOKLYN,11217,40.6840525,-73.9774579,0.0,0.0,0,0,0,0,0,0,Fatigued/Drowsy,Unspecified,,,,TAXI,PASSENGER VEHICLE
2014,2014-03-25,19:00,BRONX,10460,40.8369014,-73.8905719,1.0,0.0,1,0,0,0,0,0,Unspecified,,,,,SPORT UTILITY / STATION WAGON,
2014,2014-03-25,19:45,MANHATTAN,10022,40.7583736,-73.9709932,0.0,0.0,0,0,0,0,0,0,Unspecified,Unspecified,,,,VAN,TAXI
2014,2014-03-26,17:00,QUEENS,11004,40.7533463,-73.7067947,2.0,0.0,2,0,0,0,0,0,Unspecified,,,,,PASSENGER VEHICLE,
2014,2014-03-28,8:00,BROOKLYN,11226,40.6529272,-73.9593299,0.0,0.0,0,0,0,0,0,0,Unspecified,Unspecified,,,,OTHER,OTHER
2014,2014-03-29,9:30,QUEENS,11374,40.7289756,-73.8578259,0.0,0.0,0,0,0,0,0,0,Unspecified,,,,,SPORT UTILITY / STATION WAGON,
2014,2014-03-29,23:25,QUEENS,11691,40.6095362,-73.7537175,2.0,0.0,0,0,0,0,2,0,Driver Inattention/Distraction,Driver Inattention/Distraction,,,,SPORT UTILITY / STATION WAGON,PASSENGER VEHICLE
2014,2014-03-30,18:13,BROOKLYN,11213,40.6639033,-73.9399274,0.0,0.0,0,0,0,0,0,0,Unspecified,Unspecified,,,,PASSENGER VEHICLE,UNKNOWN
2014,2014-03-31,13:11,BRONX,10451,40.8214864,-73.9121671,1.0,0.0,0,0,0,0,1,0,Unspecified,Unspecified,,,,PASSENGER VEHICLE,PASSENGER VEHICLE
2014,2014-03-31,12:30,MANHATTAN,10018,40.7528955,-73.9892442,0.0,0.0,0,0,0,0,0,0,Unspecified,Unspecified,,,,TAXI,TAXI
2014,2014-04-01,8:05,BRONX,10456,40.8281961,-73.903851,0.0,0.0,0,0,0,0,0,0,Driver Inattention/Distraction,Unspecified,,,,SPORT UTILITY / STATION WAGON,PASSENGER VEHICLE
2014,2014-04-02,17:10,BROOKLYN,11222,40.7244737,-73.932715,0.0,0.0,0,0,0,0,0,0,Backing Unsafely,Unspecified,,,,SMALL COM VEH(4 TIRES) ,SMALL COM VEH(4 TIRES) 
2014,2014-04-03,7:45,QUEENS,11385,40.6974347,-73.8986013,0.0,0.0,0,0,0,0,0,0,Unspecified,Unspecified,,,,LARGE COM VEH(6 OR MORE TIRES),PASSENGER VEHICLE
2014,2014-04-05,16:50,QUEENS,11106,40.7581273,-73.9285011,0.0,0.0,0,0,0,0,0,0,Unspecified,Unspecified,,,,SPORT UTILITY / STATION WAGON,PASSENGER VEHICLE
2014,2014-04-05,16:50,BROOKLYN,11207,40.6578144,-73.8961242,0.0,0.0,0,0,0,0,0,0,Fatigued/Drowsy,Unspecified,,,,PASSENGER VEHICLE,PASSENGER VEHICLE
2014,2014-04-06,17:30,BROOKLYN,11228,40.606423,-74.0146937,1.0,0.0,0,0,0,0,1,0,Unspecified,Unspecified,,,,PASSENGER VEHICLE,PASSENGER VEHICLE
2014,2014-04-06,5:00,BROOKLYN,11216,40.6717897,-73.9531035,0.0,0.0,0,0,0,0,0,0,Unspecified,Unspecified,,,,SPORT UTILITY / STATION WAGON,SPORT UTILITY / STATION WAGON
2014,2014-04-07,20:40,MANHATTAN,10039,40.8266254,-73.9391482,1.0,0.0,0,0,0,0,1,0,Unspecified,Unspecified,,,,PASSENGER VEHICLE,PASSENGER VEHICLE
2014,2014-04-07,15:40,BROOKLYN,11229,40.6004284,-73.9418895,0.0,0.0,0,0,0,0,0,0,Fatigued/Drowsy,Unspecified,,,,SPORT UTILITY / STATION WAGON,SPORT UTILITY / STATION WAGON
2014,2014-04-07,8:40,BROOKLYN,11233,40.6732384,-73.9140062,0.0,0.0,0,0,0,0,0,0,Unspecified,Unspecified,,,,PASSENGER VEHICLE,PASSENGER VEHICLE
2014,2014-04-08,18:50,QUEENS,11417,40.675983,-73.8497371,1.0,0.0,0,0,0,0,1,0,Outside Car Distraction,Unspecified,Unspecified,Unspecified,,VAN,PASSENGER VEHICLE
2014,2014-04-10,10:45,MANHATTAN,10065,40.7659113,-73.9634016,0.0,0.0,0,0,0,0,0,0,Driver Inattention/Distraction,Unspecified,,,,TAXI,PASSENGER VEHICLE
2014,2014-04-10,9:30,MANHATTAN,10018,40.754057,-73.9958167,1.0,0.0,0,0,1,0,0,0,Unspecified,Unspecified,,,,VAN,BICYCLE
2014,2014-04-12,18:15,BROOKLYN,11233,40.6831597,-73.9380784,0.0,0.0,0,0,0,0,0,0,Unspecified,Unspecified,,,,PASSENGER VEHICLE,PASSENGER VEHICLE
2014,2014-04-12,22:00,BROOKLYN,11212,40.6543098,-73.9097419,0.0,0.0,0,0,0,0,0,0,Unspecified,Unspecified,,,,PASSENGER VEHICLE,PASSENGER VEHICLE
2014,2014-04-12,14:20,MANHATTAN,10018,40.7601586,-74.0026387,0.0,0.0,0,0,0,0,0,0,Fatigued/Drowsy,Unspecified,Unspecified,Unspecified,,PASSENGER VEHICLE,PASSENGER VEHICLE
2014,2014-04-13,8:45,QUEENS,11370,40.7611191,-73.8873285,2.0,0.0,0,0,0,0,2,0,Unspecified,Unspecified,Unspecified,Unspecified,Unspecified,PASSENGER VEHICLE,PASSENGER VEHICLE
2014,2014-04-13,8:30,STATEN ISLAND,10304,40.6086723,-74.0827917,0.0,0.0,0,0,0,0,0,0,Unspecified,Unspecified,,,,PASSENGER VEHICLE,UNKNOWN
2014,2014-04-13,4:00,,,40.7294235,-73.8787974,0.0,0.0,0,0,0,0,0,0,Turning Improperly,Lost Consciousness,,,,TAXI,VAN
2014,2014-04-14,14:15,BROOKLYN,11218,40.6449894,-73.980916,1.0,0.0,1,0,0,0,0,0,Driver Inattention/Distraction,,,,,SPORT UTILITY / STATION WAGON,
2014,2014-04-15,23:00,BROOKLYN,11234,40.6328477,-73.9283651,0.0,0.0,0,0,0,0,0,0,Failure to Yield Right-of-Way,Unspecified,,,,LIVERY VEHICLE,PASSENGER VEHICLE
2014,2014-04-15,23:30,QUEENS,11367,40.7370679,-73.8123925,0.0,0.0,0,0,0,0,0,0,Unspecified,,,,,SPORT UTILITY / STATION WAGON,PASSENGER VEHICLE
2014,2014-04-16,15:10,MANHATTAN,10036,40.7603532,-73.991232,0.0,0.0,0,0,0,0,0,0,Unspecified,Unspecified,,,,TAXI,VAN
2014,2014-04-16,13:00,MANHATTAN,10003,40.7301557,-73.9960636,0.0,0.0,0,0,0,0,0,0,Unspecified,,,,,UNKNOWN,BICYCLE
2014,2014-04-16,6:00,,,,,1.0,0.0,0,0,0,0,1,0,Other Vehicular,Unspecified,,,,VAN,PASSENGER VEHICLE
2014,2014-04-19,5:13,BROOKLYN,11217,40.6750958,-73.975031,0.0,0.0,0,0,0,0,0,0,Unspecified,Unspecified,Unspecified,,,UNKNOWN,PASSENGER VEHICLE
2014,2014-04-20,21:58,MANHATTAN,10012,40.7209387,-73.993795,0.0,0.0,0,0,0,0,0,0,Driver Inexperience,Unspecified,,,,PASSENGER VEHICLE,PASSENGER VEHICLE
2014,2014-04-20,0:20,QUEENS,11373,40.7412976,-73.8802781,0.0,0.0,0,0,0,0,0,0,Driver Inexperience,Unspecified,,,,PASSENGER VEHICLE,UNKNOWN
2014,2014-04-21,22:30,,,,,0.0,0.0,0,0,0,0,0,0,Fatigued/Drowsy,Unspecified,,,,UNKNOWN,UNKNOWN
2014,2014-04-21,13:25,MANHATTAN,10001,40.7445322,-73.9888703,0.0,0.0,0,0,0,0,0,0,Unspecified,Unspecified,,,,SMALL COM VEH(4 TIRES) ,LIVERY VEHICLE
2014,2014-04-21,20:30,BROOKLYN,11235,40.5876608,-73.9571266,0.0,0.0,0,0,0,0,0,0,Unspecified,Unspecified,,,,PASSENGER VEHICLE,UNKNOWN
2014,2014-04-21,17:30,,,40.735799,-73.8580609,0.0,0.0,0,0,0,0,0,0,Unspecified,Unspecified,,,,LIVERY VEHICLE,SPORT UTILITY / STATION WAGON
2014,2014-04-21,17:30,,,,,0.0,0.0,0,0,0,0,0,0,Unspecified,Unspecified,,,,PASSENGER VEHICLE,PASSENGER VEHICLE
2014,2014-04-21,8:30,MANHATTAN,10016,40.7466818,-73.9744953,0.0,0.0,0,0,0,0,0,0,Unspecified,Unspecified,,,,SMALL COM VEH(4 TIRES) ,PICK-UP TRUCK
2014,2014-04-23,19:49,BRONX,10469,40.8733019,-73.8536375,0.0,0.0,0,0,0,0,0,0,Unspecified,Unspecified,,,,PASSENGER VEHICLE,OTHER
2014,2014-04-23,9:30,MANHATTAN,10003,40.7390869,-73.9913755,1.0,0.0,0,0,1,0,0,0,Illness,Lost Consciousness,,,,TAXI,BICYCLE
2014,2014-04-24,14:15,BROOKLYN,11206,40.7016369,-73.9422665,0.0,0.0,0,0,0,0,0,0,Failure to Yield Right-of-Way,Traffic Control Disregarded,,,,PASSENGER VEHICLE,PASSENGER VEHICLE
2014,2014-04-24,10:48,BROOKLYN,11206,40.6963525,-73.940706,0.0,0.0,0,0,0,0,0,0,Unspecified,Unspecified,Unspecified,,,SMALL COM VEH(4 TIRES) ,PASSENGER VEHICLE
2014,2014-04-24,16:19,MANHATTAN,10024,40.779998,-73.9769018,0.0,0.0,0,0,0,0,0,0,Unspecified,Unspecified,Unspecified,,,PASSENGER VEHICLE,LARGE COM VEH(6 OR MORE TIRES)
2014,2014-04-26,14:40,,,,,0.0,0.0,0,0,0,0,0,0,Unspecified,Unspecified,,,,PASSENGER VEHICLE,PASSENGER VEHICLE
2014,2014-04-28,15:20,,,40.8393602,-73.8728046,0.0,0.0,0,0,0,0,0,0,Unspecified,Unspecified,Unspecified,,,PASSENGER VEHICLE,SPORT UTILITY / STATION WAGON
2014,2014-04-28,16:15,BROOKLYN,11231,40.6803163,-73.9968849,0.0,0.0,0,0,0,0,0,0,Prescription Medication,Unspecified,,,,PASSENGER VEHICLE,PASSENGER VEHICLE
2014,2014-04-29,14:10,BRONX,10468,40.8753669,-73.8861803,0.0,0.0,0,0,0,0,0,0,Backing Unsafely,Unspecified,,,,PASSENGER VEHICLE,VAN
2014,2014-04-29,17:13,MANHATTAN,10019,40.7662862,-73.9818487,0.0,0.0,0,0,0,0,0,0,Driver Inattention/Distraction,Unspecified,,,,PASSENGER VEHICLE,TAXI
2014,2014-05-01,19:25,QUEENS,11429,40.7061717,-73.7435139,0.0,0.0,0,0,0,0,0,0,Unspecified,,,,,PASSENGER VEHICLE,
2014,2014-05-03,3:25,MANHATTAN,10010,40.7402615,-73.9905165,0.0,0.0,0,0,0,0,0,0,Unspecified,Unspecified,Unspecified,,,PASSENGER VEHICLE,PASSENGER VEHICLE
2014,2014-05-03,0:55,MANHATTAN,10012,40.7203211,-73.9940403,1.0,0.0,0,0,1,0,0,0,Unspecified,Unspecified,,,,TAXI,BICYCLE
2014,2014-05-03,1:10,BRONX,10452,40.8402259,-73.9176827,1.0,0.0,0,0,0,0,1,0,Other Electronic Device,Unsafe Speed,,,,LIVERY VEHICLE,LIVERY VEHICLE
2014,2014-05-04,15:54,BROOKLYN,11203,40.6556307,-73.9259511,1.0,0.0,0,0,1,0,0,0,Driver Inexperience,Driver Inattention/Distraction,,,,PASSENGER VEHICLE,BICYCLE
2014,2014-05-04,19:43,QUEENS,11434,40.6627493,-73.7667529,0.0,0.0,0,0,0,0,0,0,Unspecified,Unspecified,,,,PASSENGER VEHICLE,PASSENGER VEHICLE
2014,2014-05-04,10:28,QUEENS,11355,40.75933,-73.8259671,0.0,0.0,0,0,0,0,0,0,Backing Unsafely,Traffic Control Disregarded,,,,PASSENGER VEHICLE,PASSENGER VEHICLE
2014,2014-05-04,0:07,,,,,1.0,0.0,0,0,0,0,1,0,Alcohol Involvement,Unspecified,,,,PASSENGER VEHICLE,PASSENGER VEHICLE
2014,2014-05-05,8:00,QUEENS,11101,40.7464973,-73.9322669,0.0,0.0,0,0,0,0,0,0,Unspecified,Unspecified,,,,PASSENGER VEHICLE,LARGE COM VEH(6 OR MORE TIRES)
2014,2014-05-06,12:20,,,,,0.0,0.0,0,0,0,0,0,0,Backing Unsafely,Unspecified,,,,PASSENGER VEHICLE,PASSENGER VEHICLE
2014,2014-05-07,18:13,BROOKLYN,11216,40.6817737,-73.9435997,0.0,0.0,0,0,0,0,0,0,Unspecified,Unspecified,Unspecified,,,SPORT UTILITY / STATION WAGON,SPORT UTILITY / STATION WAGON
2014,2014-05-07,16:20,BROOKLYN,11224,40.5798042,-73.9718339,0.0,0.0,0,0,0,0,0,0,Backing Unsafely,Unspecified,,,,OTHER,SPORT UTILITY / STATION WAGON
2014,2014-05-09,21:33,MANHATTAN,10009,40.7304423,-73.9803395,1.0,0.0,0,0,1,0,0,0,Passenger Distraction,Unspecified,,,,TAXI,BICYCLE
2014,2014-05-10,18:45,MANHATTAN,10026,40.8011551,-73.9596475,0.0,0.0,0,0,0,0,0,0,Unspecified,Unspecified,,,,BUS,BICYCLE
2014,2014-05-10,15:00,QUEENS,11375,40.7244008,-73.8498011,1.0,0.0,0,0,1,0,0,0,Unspecified,,,,,SPORT UTILITY / STATION WAGON,BICYCLE
2014,2014-05-12,9:10,QUEENS,11004,40.7379231,-73.7055743,0.0,0.0,0,0,0,0,0,0,Unspecified,Unspecified,,,,PASSENGER VEHICLE,PASSENGER VEHICLE
2014,2014-05-12,10:05,BROOKLYN,11233,40.6699207,-73.9188878,1.0,0.0,0,0,0,0,1,0,Prescription Medication,Unspecified,,,,SPORT UTILITY / STATION WAGON,MOTORCYCLE
2014,2014-05-13,13:30,,,,,0.0,0.0,0,0,0,0,0,0,Oversized Vehicle,Unspecified,,,,PASSENGER VEHICLE,PASSENGER VEHICLE
2014,2014-05-13,11:40,BRONX,10472,40.8342766,-73.8736314,0.0,0.0,0,0,0,0,0,0,Unspecified,Unspecified,,,,LIVERY VEHICLE,PICK-UP TRUCK
2014,2014-05-15,8:05,BROOKLYN,11230,40.6114903,-73.9723968,0.0,0.0,0,0,0,0,0,0,Unspecified,Unspecified,,,,PASSENGER VEHICLE,UNKNOWN
2014,2014-05-16,22:02,,,,,0.0,0.0,0,0,0,0,0,0,Failure to Yield Right-of-Way,Unspecified,,,,PASSENGER VEHICLE,SPORT UTILITY / STATION WAGON
2014,2014-05-16,23:20,QUEENS,11361,40.7577537,-73.7833817,1.0,0.0,1,0,0,0,0,0,Unspecified,,,,,PASSENGER VEHICLE,
2014,2014-05-16,17:30,,,,,0.0,0.0,0,0,0,0,0,0,Backing Unsafely,Unspecified,,,,SPORT UTILITY / STATION WAGON,PASSENGER VEHICLE
2014,2014-05-16,15:37,BRONX,10451,40.827245,-73.9240474,0.0,0.0,0,0,0,0,0,0,Backing Unsafely,Unspecified,,,,PASSENGER VEHICLE,PASSENGER VEHICLE
2014,2014-05-17,8:20,BROOKLYN,11218,40.6472977,-73.9802919,0.0,0.0,0,0,0,0,0,0,Lost Consciousness,Unspecified,,,,PASSENGER VEHICLE,SPORT UTILITY / STATION WAGON
2014,2014-05-17,22:33,BRONX,10458,40.8680065,-73.8842405,0.0,0.0,0,0,0,0,0,0,Turning Improperly,,,,,PASSENGER VEHICLE,PASSENGER VEHICLE
2014,2014-05-17,15:12,BRONX,10458,40.8617006,-73.8913807,0.0,0.0,0,0,0,0,0,0,Unspecified,Unspecified,,,,SPORT UTILITY / STATION WAGON,PASSENGER VEHICLE
2014,2014-05-18,16:30,,,,,0.0,0.0,0,0,0,0,0,0,Unspecified,Unspecified,,,,PASSENGER VEHICLE,SPORT UTILITY / STATION WAGON
2014,2014-05-18,13:09,QUEENS,11412,40.6892452,-73.7589797,0.0,0.0,0,0,0,0,0,0,Unspecified,Unspecified,,,,PASSENGER VEHICLE,PASSENGER VEHICLE
2014,2014-05-19,0:25,,,,,0.0,0.0,0,0,0,0,0,0,Unspecified,Unspecified,Unspecified,,,PASSENGER VEHICLE,PASSENGER VEHICLE
2014,2014-05-20,10:21,MANHATTAN,10010,40.738219,-73.9856742,0.0,0.0,0,0,0,0,0,0,Unspecified,Unspecified,,,,SMALL COM VEH(4 TIRES) ,TAXI
2014,2014-05-20,16:55,QUEENS,11427,40.7236414,-73.7557707,0.0,0.0,0,0,0,0,0,0,Unspecified,Unspecified,Unspecified,,,PASSENGER VEHICLE,PASSENGER VEHICLE
2014,2014-05-21,23:40,,,,,0.0,0.0,0,0,0,0,0,0,Unspecified,Unspecified,Unspecified,,,PASSENGER VEHICLE,VAN
2014,2014-05-22,9:15,BRONX,10453,40.8526442,-73.9084172,0.0,0.0,0,0,0,0,0,0,Fatigued/Drowsy,Fatigued/Drowsy,,,,PASSENGER VEHICLE,PASSENGER VEHICLE
2014,2014-05-22,12:15,MANHATTAN,10009,40.7236921,-73.9760338,0.0,0.0,0,0,0,0,0,0,Lost Consciousness,Lost Consciousness,,,,PASSENGER VEHICLE,VAN
2014,2014-05-22,7:06,BRONX,10451,40.8205439,-73.9307752,0.0,0.0,0,0,0,0,0,0,Lost Consciousness,Unspecified,,,,LIVERY VEHICLE,PASSENGER VEHICLE
2014,2014-05-23,14:50,,,,,0.0,0.0,0,0,0,0,0,0,Backing Unsafely,Unspecified,,,,SPORT UTILITY / STATION WAGON,SPORT UTILITY / STATION WAGON
2014,2014-05-23,18:35,BRONX,10469,40.8764513,-73.8481667,1.0,0.0,1,0,0,0,0,0,Unspecified,,,,,SPORT UTILITY / STATION WAGON,
2014,2014-05-25,12:21,BRONX,10453,40.8494185,-73.9111217,1.0,0.0,0,0,0,0,1,0,Unspecified,,,,,SPORT UTILITY / STATION WAGON,
2014,2014-05-25,21:48,,,,,0.0,0.0,0,0,0,0,0,0,Unspecified,Unspecified,,,,PASSENGER VEHICLE,UNKNOWN
2014,2014-05-25,23:54,,,,,0.0,0.0,0,0,0,0,0,0,Alcohol Involvement,Alcohol Involvement,Unspecified,,,PASSENGER VEHICLE,PASSENGER VEHICLE
2014,2014-05-26,23:15,QUEENS,11355,40.7431628,-73.8255511,0.0,0.0,0,0,0,0,0,0,Unspecified,Unspecified,,,,PASSENGER VEHICLE,SPORT UTILITY / STATION WAGON
2014,2014-05-27,11:30,BROOKLYN,11222,40.7301988,-73.9542459,0.0,0.0,0,0,0,0,0,0,Alcohol Involvement,Unspecified,,,,VAN,PICK-UP TRUCK
2014,2014-05-29,0:20,QUEENS,11692,40.5927872,-73.7971601,2.0,0.0,0,0,0,0,2,0,Failure to Yield Right-of-Way,Prescription Medication,,,,SPORT UTILITY / STATION WAGON,SPORT UTILITY / STATION WAGON
2014,2014-05-29,11:00,,,40.7314009,-73.9260898,0.0,0.0,0,0,0,0,0,0,Unspecified,Unspecified,,,,LARGE COM VEH(6 OR MORE TIRES),PASSENGER VEHICLE
2014,2014-05-30,18:40,,,,,0.0,0.0,0,0,0,0,0,0,Driver Inattention/Distraction,Unspecified,,,,PASSENGER VEHICLE,SPORT UTILITY / STATION WAGON
2014,2014-05-30,13:50,QUEENS,11102,40.7713478,-73.9228439,0.0,0.0,0,0,0,0,0,0,Unspecified,Unspecified,,,,SPORT UTILITY / STATION WAGON,PICK-UP TRUCK
2014,2014-05-30,11:20,MANHATTAN,10017,40.7511221,-73.9712634,0.0,0.0,0,0,0,0,0,0,Unspecified,Unspecified,,,,PASSENGER VEHICLE,PASSENGER VEHICLE
2014,2014-05-30,8:30,BROOKLYN,11224,40.5769818,-73.9815654,0.0,0.0,0,0,0,0,0,0,Other Vehicular,Other Vehicular,,,,PASSENGER VEHICLE,PASSENGER VEHICLE
2014,2014-06-01,18:06,BRONX,10452,40.835397,-73.920305,1.0,0.0,0,0,0,0,1,0,Turning Improperly,Fatigued/Drowsy,,,,LIVERY VEHICLE,PASSENGER VEHICLE
2014,2014-06-01,22:30,,,,,2.0,0.0,0,0,0,0,2,0,Failure to Yield Right-of-Way,Driver Inexperience,,,,SPORT UTILITY / STATION WAGON,PASSENGER VEHICLE
2014,2014-06-02,23:56,BROOKLYN,11210,40.6362673,-73.9480158,0.0,0.0,0,0,0,0,0,0,Outside Car Distraction,Unspecified,,,,PICK-UP TRUCK,SPORT UTILITY / STATION WAGON
2014,2014-06-03,12:55,,,,,0.0,0.0,0,0,0,0,0,0,Unspecified,Unspecified,,,,PASSENGER VEHICLE,PASSENGER VEHICLE
2014,2014-06-03,7:10,QUEENS,11421,40.6936625,-73.8521639,0.0,0.0,0,0,0,0,0,0,Unspecified,Unspecified,,,,,
2014,2014-06-04,12:42,STATEN ISLAND,10309,40.5416724,-74.2079736,0.0,0.0,0,0,0,0,0,0,Other Electronic Device,Unspecified,,,,PASSENGER VEHICLE,OTHER
2014,2014-06-05,17:30,BROOKLYN,11225,40.6602041,-73.960623,0.0,0.0,0,0,0,0,0,0,Unspecified,Unspecified,,,,PASSENGER VEHICLE,VAN
2014,2014-06-08,21:00,,,,,4.0,0.0,0,0,0,0,4,0,Unspecified,Unspecified,,,,PASSENGER VEHICLE,SPORT UTILITY / STATION WAGON
2014,2014-06-09,2:00,,,,,0.0,0.0,0,0,0,0,0,0,Driver Inexperience,Unspecified,,,,SPORT UTILITY / STATION WAGON,SPORT UTILITY / STATION WAGON
2014,2014-06-09,17:15,BRONX,10467,40.8819664,-73.8846899,0.0,0.0,0,0,0,0,0,0,Driver Inattention/Distraction,Unspecified,,,,SPORT UTILITY / STATION WAGON,UNKNOWN
2014,2014-06-10,18:50,BRONX,10473,40.8114146,-73.8561326,0.0,0.0,0,0,0,0,0,0,Backing Unsafely,,,,,PASSENGER VEHICLE,
2014,2014-06-10,16:46,,,,,0.0,0.0,0,0,0,0,0,0,Unspecified,Unspecified,,,,PASSENGER VEHICLE,PASSENGER VEHICLE
2014,2014-06-11,18:38,MANHATTAN,10024,40.779998,-73.9769018,0.0,0.0,0,0,0,0,0,0,Unspecified,Unspecified,,,,PICK-UP TRUCK,SPORT UTILITY / STATION WAGON
2014,2014-06-11,13:30,MANHATTAN,10025,40.7897337,-73.9660934,0.0,0.0,0,0,0,0,0,0,Driver Inattention/Distraction,Unspecified,,,,SPORT UTILITY / STATION WAGON,LARGE COM VEH(6 OR MORE TIRES)
2014,2014-06-11,4:07,,,40.6919168,-73.8836201,0.0,0.0,0,0,0,0,0,0,Unspecified,,,,,PASSENGER VEHICLE,
2014,2014-06-13,17:30,BROOKLYN,11229,40.6062171,-73.9539239,0.0,0.0,0,0,0,0,0,0,Unspecified,Unspecified,,,,PASSENGER VEHICLE,PASSENGER VEHICLE
2014,2014-06-13,8:30,BROOKLYN,11209,40.6285653,-74.0289756,0.0,0.0,0,0,0,0,0,0,Unspecified,,,,,PASSENGER VEHICLE,
2014,2014-06-14,8:45,,,,,0.0,0.0,0,0,0,0,0,0,Unspecified,Unspecified,,,,PASSENGER VEHICLE,UNKNOWN
2014,2014-06-14,10:52,BRONX,10471,40.907506,-73.8965479,0.0,0.0,0,0,0,0,0,0,Unspecified,Unspecified,,,,PASSENGER VEHICLE,UNKNOWN
2014,2014-06-14,18:00,BROOKLYN,11234,40.6351864,-73.9286112,0.0,0.0,0,0,0,0,0,0,Unspecified,Unspecified,,,,PASSENGER VEHICLE,SPORT UTILITY / STATION WAGON
2014,2014-06-15,17:45,BRONX,10457,40.8453609,-73.8968361,1.0,0.0,0,0,0,0,1,0,Unspecified,Unspecified,,,,BUS,SPORT UTILITY / STATION WAGON
2014,2014-06-16,17:00,QUEENS,11363,40.7719458,-73.7344007,3.0,0.0,0,0,0,0,3,0,Fatigued/Drowsy,Unspecified,Unspecified,,,SPORT UTILITY / STATION WAGON,PASSENGER VEHICLE
2014,2014-06-17,12:30,QUEENS,11101,40.7410282,-73.9343077,0.0,0.0,0,0,0,0,0,0,Fatigued/Drowsy,Unspecified,,,,PASSENGER VEHICLE,PASSENGER VEHICLE
2014,2014-06-18,9:55,BROOKLYN,11220,40.6433579,-74.0013801,0.0,0.0,0,0,0,0,0,0,Unspecified,Unspecified,,,,SPORT UTILITY / STATION WAGON,SPORT UTILITY / STATION WAGON
2014,2014-06-18,14:40,BROOKLYN,11230,40.6166532,-73.972337,0.0,0.0,0,0,0,0,0,0,Driver Inattention/Distraction,Unspecified,,,,SPORT UTILITY / STATION WAGON,PASSENGER VEHICLE
2014,2014-06-18,14:05,QUEENS,11373,40.7439732,-73.8850947,0.0,0.0,0,0,0,0,0,0,Prescription Medication,Prescription Medication,,,,VAN,PASSENGER VEHICLE
2014,2014-06-19,21:20,MANHATTAN,10036,40.7560353,-73.9869481,0.0,0.0,0,0,0,0,0,0,Backing Unsafely,Alcohol Involvement,,,,BUS,TAXI
2014,2014-06-19,10:00,,,,,0.0,0.0,0,0,0,0,0,0,Unspecified,Unspecified,,,,PASSENGER VEHICLE,SMALL COM VEH(4 TIRES) 
2014,2014-06-21,8:30,QUEENS,11374,40.7230422,-73.8562945,1.0,0.0,1,0,0,0,0,0,Driver Inattention/Distraction,,,,,PASSENGER VEHICLE,
2014,2014-06-22,23:05,MANHATTAN,10028,40.779493,-73.9577,0.0,0.0,0,0,0,0,0,0,Other Vehicular,Other Vehicular,,,,TAXI,OTHER
2014,2014-06-22,2:45,BROOKLYN,11213,40.6678235,-73.9312149,0.0,0.0,0,0,0,0,0,0,Unspecified,Unspecified,,,,PASSENGER VEHICLE,UNKNOWN
2014,2014-06-22,20:10,BRONX,10457,40.8508324,-73.8893308,0.0,0.0,0,0,0,0,0,0,Unspecified,Unspecified,,,,PASSENGER VEHICLE,UNKNOWN
2014,2014-06-23,11:10,BRONX,10452,40.8408751,-73.9197853,0.0,0.0,0,0,0,0,0,0,Driver Inattention/Distraction,Unspecified,,,,PASSENGER VEHICLE,SPORT UTILITY / STATION WAGON
2014,2014-06-23,15:00,BROOKLYN,11217,40.6870851,-73.975589,0.0,0.0,0,0,0,0,0,0,Unspecified,Unspecified,Unspecified,,,SPORT UTILITY / STATION WAGON,SPORT UTILITY / STATION WAGON
2014,2014-06-24,14:40,BRONX,10458,40.856112,-73.8825188,0.0,0.0,0,0,0,0,0,0,Unspecified,Unspecified,,,,SPORT UTILITY / STATION WAGON,SPORT UTILITY / STATION WAGON
2014,2014-06-24,12:05,,,,,0.0,0.0,0,0,0,0,0,0,Unspecified,Unspecified,,,,SPORT UTILITY / STATION WAGON,PASSENGER VEHICLE
2014,2014-06-25,4:42,BROOKLYN,11229,40.6004284,-73.9418895,0.0,0.0,0,0,0,0,0,0,Prescription Medication,Unspecified,,,,PASSENGER VEHICLE,PASSENGER VEHICLE
2014,2014-06-25,17:22,QUEENS,11366,40.7209567,-73.8093425,0.0,0.0,0,0,0,0,0,0,Prescription Medication,Unspecified,,,,PASSENGER VEHICLE,SPORT UTILITY / STATION WAGON
2014,2014-06-25,13:25,,,40.7589677,-73.9581797,0.0,0.0,0,0,0,0,0,0,Driver Inattention/Distraction,,,,,OTHER,
2014,2014-06-26,11:00,BRONX,10454,40.8082617,-73.9188059,1.0,0.0,0,0,1,0,0,0,Driver Inattention/Distraction,Unspecified,Unspecified,Unspecified,,SPORT UTILITY / STATION WAGON,BICYCLE
2014,2014-06-26,12:20,QUEENS,11422,40.6641093,-73.7404424,0.0,0.0,0,0,0,0,0,0,Unspecified,Unspecified,,,,PASSENGER VEHICLE,PASSENGER VEHICLE
2014,2014-06-26,9:55,QUEENS,11691,40.5958231,-73.7723268,0.0,0.0,0,0,0,0,0,0,Driver Inattention/Distraction,Unspecified,,,,VAN,SPORT UTILITY / STATION WAGON
2014,2014-06-26,14:02,,,,,0.0,0.0,0,0,0,0,0,0,Driver Inattention/Distraction,Driver Inattention/Distraction,,,,PASSENGER VEHICLE,PASSENGER VEHICLE
2014,2014-06-27,8:39,,,40.7185338,-73.8261781,1.0,0.0,0,0,0,0,1,0,Unspecified,Unspecified,,,,PASSENGER VEHICLE,LARGE COM VEH(6 OR MORE TIRES)
2014,2014-06-27,8:45,,,,,0.0,0.0,0,0,0,0,0,0,Unspecified,Unspecified,Unspecified,Unspecified,,PASSENGER VEHICLE,SPORT UTILITY / STATION WAGON
2014,2014-06-27,13:53,BRONX,10475,40.8846495,-73.8266119,0.0,0.0,0,0,0,0,0,0,Unspecified,Unspecified,,,,OTHER,OTHER
2014,2014-06-27,19:20,BROOKLYN,11203,40.6517331,-73.930381,0.0,0.0,0,0,0,0,0,0,Driver Inattention/Distraction,Fatigued/Drowsy,,,,PASSENGER VEHICLE,PASSENGER VEHICLE
2014,2014-06-27,18:16,MANHATTAN,10013,40.7184302,-74.0005303,0.0,0.0,0,0,0,0,0,0,Driver Inattention/Distraction,Driver Inattention/Distraction,,,,VAN,PICK-UP TRUCK
2014,2014-06-29,1:00,MANHATTAN,10018,40.7571447,-73.9935606,0.0,0.0,0,0,0,0,0,0,Unspecified,Unspecified,,,,SPORT UTILITY / STATION WAGON,SMALL COM VEH(4 TIRES) 
2014,2014-06-29,13:47,,,,,0.0,0.0,0,0,0,0,0,0,Driver Inattention/Distraction,Unspecified,,,,PASSENGER VEHICLE,PASSENGER VEHICLE
2014,2014-06-30,14:02,QUEENS,11101,40.7416957,-73.952015,0.0,0.0,0,0,0,0,0,0,Driver Inattention/Distraction,Unspecified,,,,SMALL COM VEH(4 TIRES) ,SPORT UTILITY / STATION WAGON
2014,2014-06-30,23:46,,,40.6665495,-73.7627216,1.0,0.0,1,0,0,0,0,0,Unspecified,,,,,SPORT UTILITY / STATION WAGON,
2014,2014-06-30,23:10,MANHATTAN,10001,40.7460038,-73.9942618,0.0,0.0,0,0,0,0,0,0,Lost Consciousness,Unspecified,,,,TAXI,TAXI
2014,2014-07-04,20:11,,,,,2.0,0.0,0,0,0,0,2,0,Alcohol Involvement,Unspecified,,,,PASSENGER VEHICLE,PASSENGER VEHICLE
2014,2014-07-05,10:34,BRONX,10469,40.8730311,-73.8565525,0.0,0.0,0,0,0,0,0,0,Unspecified,Unspecified,,,,OTHER,OTHER
2014,2014-07-07,11:19,,,,,0.0,0.0,0,0,0,0,0,0,Unspecified,Unspecified,,,,SPORT UTILITY / STATION WAGON,UNKNOWN
2014,2014-07-08,14:20,BROOKLYN,11234,40.6195715,-73.9335375,1.0,0.0,1,0,0,0,0,0,Unspecified,,,,,PASSENGER VEHICLE,
2014,2014-07-08,17:45,,,,,1.0,0.0,1,0,0,0,0,0,Unspecified,,,,,SPORT UTILITY / STATION WAGON,
2014,2014-07-09,15:15,BRONX,10451,40.8200157,-73.9288392,1.0,0.0,0,0,1,0,0,0,Passenger Distraction,Unspecified,,,,PASSENGER VEHICLE,BICYCLE
2014,2014-07-10,17:15,STATEN ISLAND,10304,40.6228007,-74.0852516,0.0,0.0,0,0,0,0,0,0,Unspecified,,,,,PASSENGER VEHICLE,
2014,2014-07-12,12:00,QUEENS,11103,40.7682374,-73.9070856,0.0,0.0,0,0,0,0,0,0,Unspecified,Unspecified,,,,SPORT UTILITY / STATION WAGON,PASSENGER VEHICLE
2014,2014-07-12,19:30,MANHATTAN,10016,40.7491017,-73.9840766,0.0,0.0,0,0,0,0,0,0,Unspecified,Unspecified,,,,PASSENGER VEHICLE,BUS
2014,2014-07-13,15:45,BROOKLYN,11201,40.6936492,-73.9833217,0.0,0.0,0,0,0,0,0,0,Driver Inattention/Distraction,Unspecified,,,,SPORT UTILITY / STATION WAGON,OTHER
2014,2014-07-14,9:45,,,,,0.0,0.0,0,0,0,0,0,0,Unspecified,Unspecified,,,,PASSENGER VEHICLE,PASSENGER VEHICLE
2014,2014-07-15,17:30,BROOKLYN,11230,40.6168586,-73.9704819,0.0,0.0,0,0,0,0,0,0,Unspecified,Unspecified,,,,SPORT UTILITY / STATION WAGON,PASSENGER VEHICLE
2014,2014-07-15,20:00,QUEENS,11372,40.7477341,-73.8829986,0.0,0.0,0,0,0,0,0,0,View Obstructed/Limited,View Obstructed/Limited,,,,PASSENGER VEHICLE,PASSENGER VEHICLE
2014,2014-07-19,14:00,QUEENS,11417,40.6798928,-73.8506585,0.0,0.0,0,0,0,0,0,0,Driver Inattention/Distraction,Unspecified,,,,SPORT UTILITY / STATION WAGON,PASSENGER VEHICLE
2014,2014-07-20,12:30,QUEENS,11433,40.7023121,-73.7847737,0.0,0.0,0,0,0,0,0,0,Driver Inattention/Distraction,Unspecified,,,,PASSENGER VEHICLE,SPORT UTILITY / STATION WAGON
2014,2014-07-21,11:00,BROOKLYN,11207,40.6523644,-73.8913647,0.0,0.0,0,0,0,0,0,0,Unspecified,Unspecified,,,,PASSENGER VEHICLE,PASSENGER VEHICLE
2014,2014-07-21,17:30,MANHATTAN,10025,40.8017415,-73.9647581,5.0,0.0,0,0,0,0,5,0,Unspecified,Unspecified,,,,PASSENGER VEHICLE,LIVERY VEHICLE
2014,2014-07-22,16:00,STATEN ISLAND,10301,40.6444685,-74.0768544,0.0,0.0,0,0,0,0,0,0,Unspecified,Unspecified,,,,SPORT UTILITY / STATION WAGON,SPORT UTILITY / STATION WAGON
2014,2014-07-22,8:57,,,,,0.0,0.0,0,0,0,0,0,0,Unspecified,Unspecified,,,,PASSENGER VEHICLE,UNKNOWN
2014,2014-07-22,6:30,MANHATTAN,10011,40.7503074,-74.0083661,0.0,0.0,0,0,0,0,0,0,Unspecified,Unspecified,,,,PASSENGER VEHICLE,UNKNOWN
2014,2014-07-23,16:55,BROOKLYN,11238,40.6852168,-73.9592778,2.0,0.0,0,0,0,0,2,0,Physical Disability,Physical Disability,,,,PASSENGER VEHICLE,PASSENGER VEHICLE
2014,2014-07-24,22:25,MANHATTAN,10010,40.7388307,-73.9831481,0.0,0.0,0,0,0,0,0,0,Unspecified,Unspecified,,,,LIVERY VEHICLE,UNKNOWN
2014,2014-07-25,10:34,MANHATTAN,10021,40.7711469,-73.9679946,0.0,0.0,0,0,0,0,0,0,Lost Consciousness,Driver Inattention/Distraction,,,,TAXI,PASSENGER VEHICLE
2014,2014-07-26,17:30,BROOKLYN,11231,40.6821334,-74.0003714,0.0,0.0,0,0,0,0,0,0,Unspecified,Unspecified,,,,PASSENGER VEHICLE,TAXI
2014,2014-07-26,10:05,QUEENS,11421,,,0.0,0.0,0,0,0,0,0,0,Unspecified,,,,,PASSENGER VEHICLE,
2014,2014-07-26,12:00,BROOKLYN,11213,40.6687978,-73.9311201,0.0,0.0,0,0,0,0,0,0,Unspecified,,,,,PASSENGER VEHICLE,PASSENGER VEHICLE
2014,2014-07-26,8:40,BROOKLYN,11204,40.6129118,-73.9860324,0.0,0.0,0,0,0,0,0,0,Unspecified,Unspecified,,,,PASSENGER VEHICLE,PASSENGER VEHICLE
2014,2014-07-26,15:30,QUEENS,11362,40.7622901,-73.7333274,0.0,0.0,0,0,0,0,0,0,Outside Car Distraction,Unspecified,,,,SPORT UTILITY / STATION WAGON,PASSENGER VEHICLE
2014,2014-07-28,16:00,MANHATTAN,10019,40.769792,-73.9880646,0.0,0.0,0,0,0,0,0,0,Reaction to Other Uninvolved Vehicle,Unspecified,,,,SPORT UTILITY / STATION WAGON,TAXI
2014,2014-07-30,10:17,QUEENS,11101,40.7411265,-73.949695,0.0,0.0,0,0,0,0,0,0,Unspecified,Unspecified,,,,OTHER,SPORT UTILITY / STATION WAGON
2014,2014-07-30,18:40,,,40.7875082,-73.9382948,0.0,0.0,0,0,0,0,0,0,Unspecified,Unspecified,,,,PASSENGER VEHICLE,UNKNOWN
2014,2014-07-30,13:51,,,40.900971,-73.9000101,0.0,0.0,0,0,0,0,0,0,Unspecified,Unspecified,,,,PASSENGER VEHICLE,SPORT UTILITY / STATION WAGON
2014,2014-07-31,16:29,MANHATTAN,10018,40.7553303,-73.9911785,0.0,0.0,0,0,0,0,0,0,Unspecified,Unspecified,,,,VAN,PASSENGER VEHICLE
2014,2014-07-31,11:58,BROOKLYN,11217,40.6818344,-73.9758325,0.0,0.0,0,0,0,0,0,0,Unspecified,Unspecified,,,,SPORT UTILITY / STATION WAGON,PASSENGER VEHICLE
2014,2014-08-01,7:30,BROOKLYN,11211,40.7147294,-73.9420676,0.0,0.0,0,0,0,0,0,0,Oversized Vehicle,Fatigued/Drowsy,,,,LARGE COM VEH(6 OR MORE TIRES),LARGE COM VEH(6 OR MORE TIRES)
2014,2014-08-03,9:30,BRONX,10461,40.8502006,-73.8301934,0.0,0.0,0,0,0,0,0,0,Unspecified,Unspecified,,,,PASSENGER VEHICLE,UNKNOWN
2014,2014-08-04,9:25,MANHATTAN,10012,40.7206259,-73.9949711,0.0,0.0,0,0,0,0,0,0,Fatigued/Drowsy,Unspecified,,,,PASSENGER VEHICLE,LARGE COM VEH(6 OR MORE TIRES)
2014,2014-08-04,16:40,BRONX,10459,40.8213594,-73.8891053,0.0,0.0,0,0,0,0,0,0,Unspecified,Unspecified,,,,PASSENGER VEHICLE,SPORT UTILITY / STATION WAGON
2014,2014-08-04,17:45,BROOKLYN,11217,40.6834193,-73.9819939,0.0,0.0,0,0,0,0,0,0,Backing Unsafely,Unspecified,,,,VAN,PASSENGER VEHICLE
2014,2014-08-05,13:25,BROOKLYN,11212,40.6601785,-73.9034192,1.0,0.0,0,0,0,0,1,0,Unspecified,Unspecified,,,,SPORT UTILITY / STATION WAGON,MOTORCYCLE
2014,2014-08-06,10:30,QUEENS,11433,40.6916212,-73.7833297,0.0,0.0,0,0,0,0,0,0,Prescription Medication,Unspecified,,,,SPORT UTILITY / STATION WAGON,UNKNOWN
2014,2014-08-06,8:45,QUEENS,11691,40.597787,-73.7530478,0.0,0.0,0,0,0,0,0,0,Driver Inattention/Distraction,Other Vehicular,,,,SMALL COM VEH(4 TIRES) ,AMBULANCE
2014,2014-08-06,19:00,BROOKLYN,11225,40.6597279,-73.9567992,0.0,0.0,0,0,0,0,0,0,Unspecified,Unspecified,,,,PASSENGER VEHICLE,PASSENGER VEHICLE
2014,2014-08-06,19:26,BROOKLYN,11217,40.6851915,-73.9770284,0.0,0.0,0,0,0,0,0,0,Unspecified,Unspecified,,,,SPORT UTILITY / STATION WAGON,SPORT UTILITY / STATION WAGON
2014,2014-08-06,20:52,BROOKLYN,11234,40.6151675,-73.9186302,0.0,0.0,0,0,0,0,0,0,Driver Inattention/Distraction,Unspecified,,,,PASSENGER VEHICLE,PASSENGER VEHICLE
2014,2014-08-06,10:30,MANHATTAN,10007,40.7134758,-74.0048192,0.0,0.0,0,0,0,0,0,0,Driver Inattention/Distraction,Driver Inattention/Distraction,,,,SPORT UTILITY / STATION WAGON,UNKNOWN
2014,2014-08-07,23:00,QUEENS,11429,40.7136492,-73.7341244,0.0,0.0,0,0,0,0,0,0,Unspecified,,,,,PASSENGER VEHICLE,
2014,2014-08-10,16:20,MANHATTAN,10012,40.7214494,-73.9973989,0.0,0.0,0,0,0,0,0,0,Turning Improperly,Unspecified,,,,TAXI,PASSENGER VEHICLE
2014,2014-08-10,17:55,QUEENS,11001,40.7309703,-73.7108946,1.0,0.0,0,0,1,0,0,0,Unspecified,Unspecified,,,,PASSENGER VEHICLE,BICYCLE
2014,2014-08-10,11:30,MANHATTAN,10001,40.7514468,-74.0014293,0.0,0.0,0,0,0,0,0,0,Prescription Medication,Unspecified,,,,SPORT UTILITY / STATION WAGON,OTHER
2014,2014-08-11,4:00,MANHATTAN,10040,40.8566412,-73.9246934,0.0,0.0,0,0,0,0,0,0,Traffic Control Disregarded,Unspecified,,,,PASSENGER VEHICLE,SPORT UTILITY / STATION WAGON
2014,2014-08-12,9:55,MANHATTAN,10025,40.8029708,-73.9638616,0.0,0.0,0,0,0,0,0,0,Prescription Medication,Prescription Medication,,,,SPORT UTILITY / STATION WAGON,SPORT UTILITY / STATION WAGON
2014,2014-08-12,20:52,STATEN ISLAND,10306,40.5705653,-74.1380323,1.0,0.0,0,0,0,0,1,0,View Obstructed/Limited,Unspecified,,,,SPORT UTILITY / STATION WAGON,SPORT UTILITY / STATION WAGON
2014,2014-08-14,9:30,BROOKLYN,11217,40.6779993,-73.9730543,0.0,0.0,0,0,0,0,0,0,Unspecified,Unspecified,,,,BUS,LARGE COM VEH(6 OR MORE TIRES)
2014,2014-08-14,22:00,,,40.7629799,-73.7279646,0.0,0.0,0,0,0,0,0,0,Driver Inattention/Distraction,Driver Inattention/Distraction,Unspecified,,,SPORT UTILITY / STATION WAGON,PASSENGER VEHICLE
2014,2014-08-17,22:30,BRONX,10458,40.856404,-73.8921231,0.0,0.0,0,0,0,0,0,0,Unspecified,Unspecified,,,,PASSENGER VEHICLE,PASSENGER VEHICLE
2014,2014-08-18,4:49,,,,,0.0,0.0,0,0,0,0,0,0,Unspecified,Unspecified,,,,TAXI,SPORT UTILITY / STATION WAGON
2014,2014-08-18,8:00,,,,,0.0,0.0,0,0,0,0,0,0,Backing Unsafely,Unspecified,,,,PASSENGER VEHICLE,UNKNOWN
2014,2014-08-18,12:45,BROOKLYN,11235,40.5916853,-73.9402012,0.0,0.0,0,0,0,0,0,0,Unspecified,Unspecified,,,,PASSENGER VEHICLE,SPORT UTILITY / STATION WAGON
2014,2014-08-18,14:45,,,,,0.0,0.0,0,0,0,0,0,0,Lost Consciousness,Unspecified,,,,VAN,SPORT UTILITY / STATION WAGON
2014,2014-08-19,22:37,QUEENS,11432,40.7134287,-73.7805895,0.0,0.0,0,0,0,0,0,0,Driver Inattention/Distraction,Unspecified,,,,PASSENGER VEHICLE,PASSENGER VEHICLE
2014,2014-08-19,17:00,MANHATTAN,10033,40.8483929,-73.9376716,0.0,0.0,0,0,0,0,0,0,Unspecified,Unspecified,,,,PICK-UP TRUCK,PASSENGER VEHICLE
2014,2014-08-20,21:50,BROOKLYN,11213,40.6767452,-73.9331525,0.0,0.0,0,0,0,0,0,0,Unspecified,Unspecified,,,,SPORT UTILITY / STATION WAGON,UNKNOWN
2014,2014-08-20,19:30,QUEENS,11375,40.7214535,-73.8439779,0.0,0.0,0,0,0,0,0,0,Outside Car Distraction,Fatigued/Drowsy,,,,PICK-UP TRUCK,PASSENGER VEHICLE
2014,2014-08-25,19:30,BROOKLYN,11236,40.6431584,-73.917951,0.0,0.0,0,0,0,0,0,0,Unspecified,Unspecified,,,,AMBULANCE,PASSENGER VEHICLE
2014,2014-08-26,17:50,MANHATTAN,10021,40.7743679,-73.9635486,0.0,0.0,0,0,0,0,0,0,Other Vehicular,Other Vehicular,Other Vehicular,,,PASSENGER VEHICLE,PASSENGER VEHICLE
2014,2014-08-26,13:55,BRONX,10463,40.8860872,-73.8973841,0.0,0.0,0,0,0,0,0,0,Unspecified,Unspecified,,,,PASSENGER VEHICLE,OTHER
2014,2014-08-26,20:33,QUEENS,11372,40.7496522,-73.8852401,1.0,0.0,0,0,1,0,0,0,Other Vehicular,Failure to Yield Right-of-Way,,,,OTHER,BICYCLE
2014,2014-08-27,3:30,BRONX,10474,40.814107,-73.8853999,0.0,0.0,0,0,0,0,0,0,Unspecified,Unspecified,,,,SPORT UTILITY / STATION WAGON,UNKNOWN
2014,2014-08-28,17:00,MANHATTAN,10013,40.7184575,-73.9948089,0.0,0.0,0,0,0,0,0,0,Failure to Yield Right-of-Way,Unspecified,,,,PASSENGER VEHICLE,TAXI
2014,2014-08-28,17:40,BRONX,10460,40.838846,-73.8781619,0.0,0.0,0,0,0,0,0,0,Driver Inattention/Distraction,Prescription Medication,,,,SPORT UTILITY / STATION WAGON,UNKNOWN
2014,2014-08-28,2:25,STATEN ISLAND,10305,40.591295,-74.0828062,1.0,0.0,0,0,0,0,1,0,Obstruction/Debris,,,,,PASSENGER VEHICLE,
2014,2014-08-28,12:20,,,,,0.0,0.0,0,0,0,0,0,0,Unspecified,Unspecified,,,,PASSENGER VEHICLE,PASSENGER VEHICLE
2014,2014-08-28,18:00,BRONX,10458,40.8703866,-73.8819765,0.0,0.0,0,0,0,0,0,0,Driver Inattention/Distraction,Driver Inattention/Distraction,,,,PASSENGER VEHICLE,PASSENGER VEHICLE
2014,2014-08-29,13:25,MANHATTAN,10027,40.8089731,-73.9483252,0.0,0.0,0,0,0,0,0,0,Backing Unsafely,,,,,PASSENGER VEHICLE,SPORT UTILITY / STATION WAGON
2014,2014-08-29,10:40,BROOKLYN,11238,40.670658,-73.9579745,0.0,0.0,0,0,0,0,0,0,Unspecified,Unspecified,,,,PASSENGER VEHICLE,PASSENGER VEHICLE
2014,2014-08-29,16:15,,,,,1.0,0.0,0,0,0,0,1,0,Fatigued/Drowsy,Unspecified,,,,PASSENGER VEHICLE,SPORT UTILITY / STATION WAGON
2014,2014-08-30,6:20,QUEENS,11358,40.7677638,-73.7893167,0.0,0.0,0,0,0,0,0,0,Other Vehicular,Other Vehicular,,,,SPORT UTILITY / STATION WAGON,UNKNOWN
2014,2014-08-30,18:25,,,40.6113395,-73.8972689,1.0,0.0,0,0,0,0,1,0,Unspecified,Unspecified,Unspecified,,,PASSENGER VEHICLE,PASSENGER VEHICLE
2014,2014-09-02,18:15,BROOKLYN,11224,40.5790517,-73.9841495,0.0,0.0,0,0,0,0,0,0,Driver Inattention/Distraction,Failure to Yield Right-of-Way,,,,SPORT UTILITY / STATION WAGON,SPORT UTILITY / STATION WAGON
2014,2014-09-02,8:34,BROOKLYN,11209,40.6278621,-74.0183262,0.0,0.0,0,0,0,0,0,0,Prescription Medication,Unspecified,Unspecified,,,PASSENGER VEHICLE,SPORT UTILITY / STATION WAGON
2014,2014-09-02,13:00,,,,,0.0,0.0,0,0,0,0,0,0,Unspecified,,,,,SPORT UTILITY / STATION WAGON,
2014,2014-09-03,9:00,MANHATTAN,10007,40.7136919,-74.0137542,0.0,0.0,0,0,0,0,0,0,Drugs (Illegal),Unspecified,,,,OTHER,TAXI
2014,2014-09-05,13:39,BROOKLYN,11229,40.5974784,-73.9490471,0.0,0.0,0,0,0,0,0,0,Driver Inattention/Distraction,Driver Inattention/Distraction,,,,SPORT UTILITY / STATION WAGON,PASSENGER VEHICLE
2014,2014-09-05,9:30,QUEENS,11412,40.7036044,-73.7582966,0.0,0.0,0,0,0,0,0,0,Unspecified,Unspecified,,,,SPORT UTILITY / STATION WAGON,PASSENGER VEHICLE
2014,2014-09-06,18:30,BROOKLYN,11226,40.6349084,-73.9613081,4.0,0.0,0,0,0,0,4,0,Unspecified,,,,,SPORT UTILITY / STATION WAGON,
2014,2014-09-06,0:50,MANHATTAN,10040,40.8625812,-73.9253736,0.0,0.0,0,0,0,0,0,0,Lost Consciousness,Alcohol Involvement,,,,PASSENGER VEHICLE,PASSENGER VEHICLE
2014,2014-09-07,15:30,QUEENS,11237,40.7023623,-73.9129047,1.0,0.0,0,0,0,0,1,0,Driver Inattention/Distraction,Driver Inattention/Distraction,,,,SPORT UTILITY / STATION WAGON,SPORT UTILITY / STATION WAGON
2014,2014-09-07,19:55,MANHATTAN,10024,40.7914379,-73.9759878,0.0,1.0,0,1,0,0,0,0,Passenger Distraction,,,,,PASSENGER VEHICLE,
2014,2014-09-07,4:10,,,,,0.0,0.0,0,0,0,0,0,0,Backing Unsafely,Unspecified,Unspecified,,,PASSENGER VEHICLE,PASSENGER VEHICLE
2014,2014-09-08,15:00,BROOKLYN,11206,40.6989727,-73.9440972,0.0,0.0,0,0,0,0,0,0,Unspecified,Unspecified,,,,SPORT UTILITY / STATION WAGON,PASSENGER VEHICLE
2014,2014-09-08,15:00,BROOKLYN,11224,40.5755654,-73.9812022,0.0,0.0,0,0,0,0,0,0,Driver Inexperience,Driver Inexperience,,,,PASSENGER VEHICLE,PASSENGER VEHICLE
2014,2014-09-09,16:48,BROOKLYN,11212,40.675207,-73.9043888,0.0,0.0,0,0,0,0,0,0,Unspecified,Unspecified,,,,PASSENGER VEHICLE,PASSENGER VEHICLE
2014,2014-09-11,17:57,,,,,0.0,0.0,0,0,0,0,0,0,Driver Inattention/Distraction,Unspecified,,,,PASSENGER VEHICLE,PASSENGER VEHICLE
2014,2014-09-12,9:30,MANHATTAN,10010,40.7381665,-73.9836318,0.0,0.0,0,0,0,0,0,0,Backing Unsafely,Unspecified,,,,LARGE COM VEH(6 OR MORE TIRES),PASSENGER VEHICLE
2014,2014-09-12,13:00,BROOKLYN,11201,40.690359,-73.9897375,0.0,0.0,0,0,0,0,0,0,Unspecified,,,,,PASSENGER VEHICLE,PASSENGER VEHICLE
2014,2014-09-13,4:30,QUEENS,11432,40.7086226,-73.7939474,0.0,0.0,0,0,0,0,0,0,Failure to Keep Right,,,,,PASSENGER VEHICLE,
2014,2014-09-13,16:00,QUEENS,11433,40.699716,-73.7986849,0.0,0.0,0,0,0,0,0,0,Pavement Slippery,Unspecified,,,,SPORT UTILITY / STATION WAGON,SMALL COM VEH(4 TIRES) 
2014,2014-09-14,0:38,QUEENS,11420,40.6795239,-73.8107589,0.0,0.0,0,0,0,0,0,0,Unspecified,Unspecified,,,,PASSENGER VEHICLE,UNKNOWN
2014,2014-09-15,21:00,BROOKLYN,11220,40.6354937,-74.0095587,0.0,0.0,0,0,0,0,0,0,Unspecified,Unspecified,,,,PASSENGER VEHICLE,UNKNOWN
2014,2014-09-16,23:30,BRONX,10467,40.865505,-73.8632139,0.0,0.0,0,0,0,0,0,0,Unspecified,Unspecified,,,,PASSENGER VEHICLE,PASSENGER VEHICLE
2014,2014-09-16,9:10,MANHATTAN,10023,40.7823924,-73.9825918,0.0,0.0,0,0,0,0,0,0,Unspecified,Unspecified,,,,PASSENGER VEHICLE,PASSENGER VEHICLE
2014,2014-09-17,14:30,,,,,0.0,0.0,0,0,0,0,0,0,Unspecified,Unspecified,,,,PASSENGER VEHICLE,PASSENGER VEHICLE
2014,2014-09-17,16:00,,,,,0.0,0.0,0,0,0,0,0,0,Unspecified,Unspecified,,,,PASSENGER VEHICLE,BUS
2014,2014-09-17,20:05,,,,,0.0,0.0,0,0,0,0,0,0,View Obstructed/Limited,Unspecified,,,,LARGE COM VEH(6 OR MORE TIRES),SPORT UTILITY / STATION WAGON
2014,2014-09-17,6:40,,,40.679487,-73.8970163,0.0,0.0,0,0,0,0,0,0,Unspecified,Unspecified,,,,PASSENGER VEHICLE,PASSENGER VEHICLE
2014,2014-09-18,9:43,MANHATTAN,10030,40.8165011,-73.9465455,2.0,0.0,0,0,0,0,2,0,Fatigued/Drowsy,Other Vehicular,Unspecified,,,VAN,TAXI
2014,2014-09-18,14:45,MANHATTAN,10019,40.7673924,-73.9823647,0.0,0.0,0,0,0,0,0,0,Unspecified,,,,,SPORT UTILITY / STATION WAGON,PASSENGER VEHICLE
2014,2014-09-18,10:27,MANHATTAN,10033,40.8489388,-73.9370711,1.0,0.0,0,0,0,0,1,0,Fatigued/Drowsy,Unspecified,,,,TAXI,PASSENGER VEHICLE
2014,2014-09-19,12:40,MANHATTAN,10031,40.8240775,-73.9488844,0.0,0.0,0,0,0,0,0,0,Unspecified,Unspecified,,,,PASSENGER VEHICLE,PICK-UP TRUCK
2014,2014-09-19,10:30,BROOKLYN,11209,40.6292955,-74.0286769,2.0,0.0,0,0,0,0,2,0,Physical Disability,Unspecified,,,,PASSENGER VEHICLE,PASSENGER VEHICLE
2014,2014-09-19,17:40,MANHATTAN,10001,40.7503184,-73.9911106,0.0,0.0,0,0,0,0,0,0,Driver Inexperience,Failure to Yield Right-of-Way,,,,TAXI,TAXI
2014,2014-09-20,16:25,,,,,0.0,0.0,0,0,0,0,0,0,Unspecified,Unspecified,,,,PASSENGER VEHICLE,UNKNOWN
2014,2014-09-20,13:21,QUEENS,11432,40.7130039,-73.7823656,0.0,0.0,0,0,0,0,0,0,Passenger Distraction,Unspecified,,,,PASSENGER VEHICLE,SPORT UTILITY / STATION WAGON
2014,2014-09-20,21:00,,,,,0.0,0.0,0,0,0,0,0,0,Unspecified,,,,,SPORT UTILITY / STATION WAGON,PASSENGER VEHICLE
2014,2014-09-21,12:33,MANHATTAN,10011,40.744099,-73.9956441,0.0,0.0,0,0,0,0,0,0,Lost Consciousness,Lost Consciousness,,,,LIVERY VEHICLE,TAXI
2014,2014-09-22,20:25,BROOKLYN,11210,40.6293767,-73.9454021,0.0,0.0,0,0,0,0,0,0,Fatigued/Drowsy,Unspecified,,,,SPORT UTILITY / STATION WAGON,SPORT UTILITY / STATION WAGON
2014,2014-09-22,15:30,BROOKLYN,11223,40.5921504,-73.9623842,0.0,0.0,0,0,0,0,0,0,Unspecified,,,,,LARGE COM VEH(6 OR MORE TIRES),
2014,2014-09-22,7:19,,,40.7340748,-73.7447784,0.0,0.0,0,0,0,0,0,0,Fatigued/Drowsy,Unspecified,,,,PASSENGER VEHICLE,PASSENGER VEHICLE
2014,2014-09-23,18:15,BROOKLYN,11228,40.618583,-74.0092177,0.0,0.0,0,0,0,0,0,0,Fatigued/Drowsy,Unspecified,,,,PASSENGER VEHICLE,PASSENGER VEHICLE
2014,2014-09-23,14:30,BROOKLYN,11234,40.6069607,-73.9269631,0.0,0.0,0,0,0,0,0,0,Fatigued/Drowsy,Unspecified,,,,SPORT UTILITY / STATION WAGON,SPORT UTILITY / STATION WAGON
2014,2014-09-24,14:00,BROOKLYN,11215,40.6688236,-73.9733211,0.0,0.0,0,0,0,0,0,0,Unspecified,Unspecified,,,,PASSENGER VEHICLE,UNKNOWN
2014,2014-09-24,18:30,QUEENS,11374,40.7261762,-73.8648853,0.0,0.0,0,0,0,0,0,0,Failure to Yield Right-of-Way,Unspecified,,,,PASSENGER VEHICLE,PASSENGER VEHICLE
2014,2014-09-25,0:20,MANHATTAN,10014,40.7390789,-74.0030817,0.0,0.0,0,0,0,0,0,0,Lost Consciousness,Unspecified,,,,TAXI,PASSENGER VEHICLE
2014,2014-09-25,19:58,,,,,0.0,0.0,0,0,0,0,0,0,Unspecified,Unspecified,,,,PASSENGER VEHICLE,PASSENGER VEHICLE
2014,2014-09-27,22:00,,,,,0.0,0.0,0,0,0,0,0,0,,,,,,PASSENGER VEHICLE,PASSENGER VEHICLE
2014,2014-09-28,19:44,MANHATTAN,10022,40.7597385,-73.9742232,0.0,0.0,0,0,0,0,0,0,Unspecified,Unspecified,,,,UNKNOWN,SPORT UTILITY / STATION WAGON
2014,2014-09-28,10:33,QUEENS,11385,40.7104013,-73.8666198,1.0,0.0,0,0,1,0,0,0,Unspecified,,,,,PASSENGER VEHICLE,BICYCLE
2014,2014-09-29,15:44,QUEENS,11357,40.7890632,-73.809942,0.0,0.0,0,0,0,0,0,0,Unspecified,Unspecified,,,,SPORT UTILITY / STATION WAGON,PASSENGER VEHICLE
2014,2014-09-30,15:51,QUEENS,11434,40.6837777,-73.7697441,1.0,0.0,0,0,0,0,1,0,Unspecified,Unspecified,,,,PASSENGER VEHICLE,SPORT UTILITY / STATION WAGON
2014,2014-10-03,2:00,MANHATTAN,10003,40.7339649,-73.9887782,1.0,0.0,0,0,0,0,1,0,Turning Improperly,Unspecified,,,,TAXI,TAXI
2014,2014-10-04,16:00,,,40.7894677,-73.78603,0.0,0.0,0,0,0,0,0,0,Fatigued/Drowsy,Unspecified,,,,PASSENGER VEHICLE,UNKNOWN
2014,2014-10-04,18:00,,,,,0.0,0.0,0,0,0,0,0,0,Unspecified,Unspecified,,,,SPORT UTILITY / STATION WAGON,UNKNOWN
2014,2014-10-05,14:40,QUEENS,11355,40.7513524,-73.8179935,0.0,0.0,0,0,0,0,0,0,Fell Asleep,Fell Asleep,,,,PASSENGER VEHICLE,PASSENGER VEHICLE
2014,2014-10-07,10:12,MANHATTAN,10025,40.7939517,-73.974163,0.0,0.0,0,0,0,0,0,0,Driver Inattention/Distraction,Driver Inattention/Distraction,,,,PASSENGER VEHICLE,PASSENGER VEHICLE
2014,2014-10-07,10:40,,,,,0.0,0.0,0,0,0,0,0,0,Unspecified,Unspecified,,,,PASSENGER VEHICLE,SPORT UTILITY / STATION WAGON
2014,2014-10-08,13:40,QUEENS,11104,40.7421876,-73.9188973,1.0,0.0,0,0,1,0,0,0,Failure to Yield Right-of-Way,Unspecified,,,,PASSENGER VEHICLE,BICYCLE
2014,2014-10-10,13:30,QUEENS,11103,40.763893,-73.9149938,0.0,0.0,0,0,0,0,0,0,Unspecified,Unspecified,,,,OTHER,VAN
2014,2014-10-11,16:00,BROOKLYN,11225,40.6631263,-73.9508929,0.0,0.0,0,0,0,0,0,0,Other Vehicular,Unspecified,,,,PASSENGER VEHICLE,UNKNOWN
2014,2014-10-12,19:30,,,,,0.0,0.0,0,0,0,0,0,0,Driver Inattention/Distraction,Driver Inattention/Distraction,,,,LARGE COM VEH(6 OR MORE TIRES),SPORT UTILITY / STATION WAGON
2014,2014-10-14,14:50,QUEENS,11692,40.5921301,-73.7889455,0.0,0.0,0,0,0,0,0,0,Driver Inattention/Distraction,Unspecified,Unspecified,,,PASSENGER VEHICLE,SPORT UTILITY / STATION WAGON
2014,2014-10-14,9:20,,,,,0.0,0.0,0,0,0,0,0,0,Lost Consciousness,Unspecified,,,,OTHER,PASSENGER VEHICLE
2014,2014-10-14,14:30,MANHATTAN,10017,40.7517478,-73.9708047,0.0,0.0,0,0,0,0,0,0,Unspecified,Unspecified,,,,TAXI,LARGE COM VEH(6 OR MORE TIRES)
2014,2014-10-14,16:29,MANHATTAN,10003,40.7371433,-73.9885937,0.0,0.0,0,0,0,0,0,0,Unspecified,Unspecified,,,,VAN,SMALL COM VEH(4 TIRES) 
2014,2014-10-15,17:30,MANHATTAN,10034,40.866761,-73.9206109,0.0,0.0,0,0,0,0,0,0,Backing Unsafely,Backing Unsafely,,,,PASSENGER VEHICLE,SPORT UTILITY / STATION WAGON
2014,2014-10-15,10:19,BROOKLYN,11233,40.6710101,-73.9223832,1.0,0.0,0,0,0,0,1,0,Unspecified,Unspecified,,,,PASSENGER VEHICLE,PASSENGER VEHICLE
2014,2014-10-15,19:40,QUEENS,11426,40.733527,-73.7260311,0.0,0.0,0,0,0,0,0,0,Fatigued/Drowsy,Unspecified,Unspecified,,,PASSENGER VEHICLE,PASSENGER VEHICLE
2014,2014-10-15,18:54,,,,,0.0,0.0,0,0,0,0,0,0,Driver Inexperience,Unspecified,,,,OTHER,PASSENGER VEHICLE
2014,2014-10-16,22:40,,,,,0.0,0.0,0,0,0,0,0,0,Reaction to Other Uninvolved Vehicle,Unspecified,,,,BUS,TAXI
2014,2014-10-17,19:15,,,,,0.0,0.0,0,0,0,0,0,0,Unspecified,Unspecified,,,,SPORT UTILITY / STATION WAGON,PASSENGER VEHICLE
2014,2014-10-17,11:45,,,,,0.0,0.0,0,0,0,0,0,0,Driver Inattention/Distraction,Unspecified,,,,SPORT UTILITY / STATION WAGON,SPORT UTILITY / STATION WAGON
2014,2014-10-17,14:20,QUEENS,11374,40.7309116,-73.860831,0.0,0.0,0,0,0,0,0,0,Failure to Yield Right-of-Way,Unspecified,,,,SPORT UTILITY / STATION WAGON,PASSENGER VEHICLE
2014,2014-10-17,8:16,MANHATTAN,10039,40.8223104,-73.9385848,0.0,0.0,0,0,0,0,0,0,Turning Improperly,Unspecified,,,,SMALL COM VEH(4 TIRES) ,PASSENGER VEHICLE
2014,2014-10-17,11:00,QUEENS,11697,40.5608051,-73.9126898,3.0,0.0,0,0,0,0,3,0,Prescription Medication,Unspecified,,,,SPORT UTILITY / STATION WAGON,PASSENGER VEHICLE
2014,2014-10-18,10:08,,,40.764417,-73.9029044,0.0,0.0,0,0,0,0,0,0,Unspecified,Unspecified,,,,PASSENGER VEHICLE,SPORT UTILITY / STATION WAGON
2014,2014-10-18,9:00,,,40.7007397,-73.9949795,0.0,0.0,0,0,0,0,0,0,Unspecified,Unspecified,Unspecified,,,SPORT UTILITY / STATION WAGON,SPORT UTILITY / STATION WAGON
2014,2014-10-20,10:00,MANHATTAN,10022,40.7602226,-73.967462,0.0,0.0,0,0,0,0,0,0,Driver Inattention/Distraction,Driver Inattention/Distraction,,,,PASSENGER VEHICLE,VAN
2014,2014-10-20,6:40,BROOKLYN,11236,40.6354759,-73.8915579,1.0,0.0,1,0,0,0,0,0,Unspecified,,,,,PASSENGER VEHICLE,
2014,2014-10-21,21:50,STATEN ISLAND,10308,40.5564715,-74.1526283,0.0,0.0,0,0,0,0,0,0,Driver Inattention/Distraction,Unspecified,Unspecified,,,PASSENGER VEHICLE,PASSENGER VEHICLE
2014,2014-10-22,22:27,,,40.7188175,-73.7932679,0.0,0.0,0,0,0,0,0,0,Outside Car Distraction,Fatigued/Drowsy,Fatigued/Drowsy,,,PASSENGER VEHICLE,SPORT UTILITY / STATION WAGON
2014,2014-10-23,17:36,,,40.711531,-73.9550315,0.0,0.0,0,0,0,0,0,0,Driver Inattention/Distraction,Unspecified,,,,PASSENGER VEHICLE,PASSENGER VEHICLE
2014,2014-10-27,13:00,BROOKLYN,11207,40.6577204,-73.8953818,0.0,0.0,0,0,0,0,0,0,Unspecified,Unspecified,,,,PASSENGER VEHICLE,PASSENGER VEHICLE
2014,2014-10-28,21:00,MANHATTAN,10036,40.7615555,-73.9940691,0.0,0.0,0,0,0,0,0,0,Other Vehicular,Other Vehicular,,,,PASSENGER VEHICLE,UNKNOWN
2014,2014-10-30,16:25,MANHATTAN,10002,40.7187947,-73.9890116,0.0,0.0,0,0,0,0,0,0,Unspecified,Unspecified,,,,PASSENGER VEHICLE,SMALL COM VEH(4 TIRES) 
2014,2014-10-30,8:20,,,,,1.0,0.0,1,0,0,0,0,0,Unspecified,,,,,SPORT UTILITY / STATION WAGON,
2014,2014-10-30,11:30,,,,,0.0,0.0,0,0,0,0,0,0,Unspecified,Unspecified,,,,PASSENGER VEHICLE,SPORT UTILITY / STATION WAGON
2014,2014-10-31,0:25,BROOKLYN,11203,40.6418376,-73.9341712,1.0,0.0,0,0,0,0,1,0,Unspecified,Unspecified,,,,SPORT UTILITY / STATION WAGON,PASSENGER VEHICLE
2014,2014-11-01,19:50,MANHATTAN,10037,40.8204372,-73.9362273,0.0,0.0,0,0,0,0,0,0,Driver Inattention/Distraction,Unspecified,,,,PASSENGER VEHICLE,PASSENGER VEHICLE
2014,2014-11-02,11:30,MANHATTAN,10065,40.7662396,-73.9602318,0.0,0.0,0,0,0,0,0,0,Turning Improperly,Other Vehicular,,,,PASSENGER VEHICLE,TAXI
2014,2014-11-02,10:05,,,40.8189207,-73.8134913,0.0,0.0,0,0,0,0,0,0,Driver Inattention/Distraction,,,,,PASSENGER VEHICLE,
2014,2014-11-04,17:00,QUEENS,11354,40.7605122,-73.8291334,0.0,0.0,0,0,0,0,0,0,Unspecified,Unspecified,,,,PASSENGER VEHICLE,PASSENGER VEHICLE
2014,2014-11-04,3:40,MANHATTAN,10034,40.8711615,-73.9140106,1.0,0.0,0,0,0,0,1,0,Fatigued/Drowsy,Unspecified,,,,PASSENGER VEHICLE,PASSENGER VEHICLE
2014,2014-11-04,8:45,,,,,0.0,0.0,0,0,0,0,0,0,Unspecified,Unspecified,,,,TAXI,PASSENGER VEHICLE
2014,2014-11-05,20:40,,,,,0.0,0.0,0,0,0,0,0,0,Turning Improperly,Fatigued/Drowsy,,,,PASSENGER VEHICLE,PASSENGER VEHICLE
2014,2014-11-05,21:40,BROOKLYN,11201,40.7006626,-73.9877415,0.0,0.0,0,0,0,0,0,0,Unspecified,,,,,PASSENGER VEHICLE,PASSENGER VEHICLE
2014,2014-11-05,8:50,QUEENS,11354,40.7631517,-73.8126006,0.0,0.0,0,0,0,0,0,0,Backing Unsafely,Unspecified,,,,SPORT UTILITY / STATION WAGON,PASSENGER VEHICLE
2014,2014-11-05,9:00,MANHATTAN,10019,40.7640329,-73.9824702,0.0,0.0,0,0,0,0,0,0,Other Vehicular,Other Vehicular,,,,SMALL COM VEH(4 TIRES) ,LIVERY VEHICLE
2014,2014-11-06,8:00,,,40.6992924,-73.7270101,0.0,0.0,0,0,0,0,0,0,Unspecified,Unspecified,,,,PASSENGER VEHICLE,PASSENGER VEHICLE
2014,2014-11-07,16:40,QUEENS,11373,40.7334973,-73.8703694,0.0,0.0,0,0,0,0,0,0,Prescription Medication,Prescription Medication,,,,SPORT UTILITY / STATION WAGON,SPORT UTILITY / STATION WAGON
2014,2014-11-09,14:18,,,,,1.0,0.0,0,0,0,0,1,0,Physical Disability,Unspecified,,,,PASSENGER VEHICLE,PASSENGER VEHICLE
2014,2014-11-09,2:00,BRONX,10453,40.8515427,-73.9183266,0.0,0.0,0,0,0,0,0,0,Other Vehicular,Other Vehicular,,,,SPORT UTILITY / STATION WAGON,UNKNOWN
2014,2014-11-10,15:20,BROOKLYN,11220,40.6418837,-74.0064968,1.0,0.0,1,0,0,0,0,0,Unspecified,,,,,PASSENGER VEHICLE,
2014,2014-11-11,18:22,MANHATTAN,10012,40.728067,-73.9989537,0.0,0.0,0,0,0,0,0,0,Fatigued/Drowsy,Lost Consciousness,,,,TAXI,SPORT UTILITY / STATION WAGON
2014,2014-11-13,18:34,,,,,0.0,0.0,0,0,0,0,0,0,Unspecified,Unspecified,,,,PASSENGER VEHICLE,UNKNOWN
2014,2014-11-13,8:00,BROOKLYN,11225,40.6637286,-73.9538481,0.0,0.0,0,0,0,0,0,0,Prescription Medication,Prescription Medication,,,,LARGE COM VEH(6 OR MORE TIRES),SPORT UTILITY / STATION WAGON
2014,2014-11-13,20:57,BROOKLYN,11221,40.6856945,-73.9355882,1.0,0.0,1,0,0,0,0,0,Unspecified,,,,,PASSENGER VEHICLE,
2014,2014-11-14,16:55,,,40.6213581,-74.0219756,0.0,0.0,0,0,0,0,0,0,Fatigued/Drowsy,Unspecified,,,,PASSENGER VEHICLE,SMALL COM VEH(4 TIRES) 
2014,2014-11-17,9:00,QUEENS,11385,40.7001228,-73.9062104,0.0,0.0,0,0,0,0,0,0,Unspecified,Unspecified,,,,SPORT UTILITY / STATION WAGON,SPORT UTILITY / STATION WAGON
2014,2014-11-18,15:25,BROOKLYN,11217,40.6853239,-73.9807025,0.0,0.0,0,0,0,0,0,0,Unspecified,Unspecified,,,,SPORT UTILITY / STATION WAGON,OTHER
2014,2014-11-19,18:10,MANHATTAN,10038,40.7127265,-73.9979836,0.0,0.0,0,0,0,0,0,0,Other Vehicular,Unspecified,,,,VAN,AMBULANCE
2014,2014-11-19,16:20,MANHATTAN,10016,40.7452427,-73.9847921,0.0,0.0,0,0,0,0,0,0,Driver Inattention/Distraction,Driver Inexperience,,,,PASSENGER VEHICLE,PASSENGER VEHICLE
2014,2014-11-20,18:23,MANHATTAN,10007,40.7149081,-74.0113484,0.0,0.0,0,0,0,0,0,0,Other Vehicular,Prescription Medication,,,,PASSENGER VEHICLE,PASSENGER VEHICLE
2014,2014-11-20,20:23,BROOKLYN,11203,40.6519384,-73.9293933,0.0,0.0,0,0,0,0,0,0,Unspecified,Unspecified,,,,PASSENGER VEHICLE,UNKNOWN
2014,2014-11-20,22:45,,,,,0.0,0.0,0,0,0,0,0,0,Unspecified,Unspecified,,,,SPORT UTILITY / STATION WAGON,PASSENGER VEHICLE
2014,2014-11-24,8:21,BROOKLYN,11207,40.6709371,-73.9022897,0.0,0.0,0,0,0,0,0,0,Unspecified,Unspecified,,,,PASSENGER VEHICLE,PASSENGER VEHICLE
2014,2014-11-24,20:10,QUEENS,11422,40.6634321,-73.7407874,0.0,0.0,0,0,0,0,0,0,Traffic Control Disregarded,Unspecified,,,,PASSENGER VEHICLE,SPORT UTILITY / STATION WAGON
2014,2014-11-24,14:50,,,,,1.0,0.0,0,0,0,0,1,0,Unspecified,Unspecified,,,,PASSENGER VEHICLE,MOTORCYCLE
2014,2014-11-25,10:40,MANHATTAN,10024,40.7839004,-73.9740586,0.0,0.0,0,0,0,0,0,0,Other Vehicular,Other Vehicular,,,,PASSENGER VEHICLE,TAXI
2014,2014-11-25,18:27,,,40.8072156,-73.9063295,0.0,0.0,0,0,0,0,0,0,Fatigued/Drowsy,Unspecified,,,,SPORT UTILITY / STATION WAGON,OTHER
2014,2014-11-26,20:00,QUEENS,11417,40.68424,-73.838076,1.0,0.0,1,0,0,0,0,0,Unspecified,,,,,PASSENGER VEHICLE,
2014,2014-11-27,14:18,MANHATTAN,10040,40.8567812,-73.9336801,0.0,0.0,0,0,0,0,0,0,Unspecified,Unspecified,,,,PASSENGER VEHICLE,PASSENGER VEHICLE
2014,2014-11-28,23:50,QUEENS,11102,40.7686182,-73.9250746,0.0,0.0,0,0,0,0,0,0,Unspecified,Unspecified,,,,PASSENGER VEHICLE,UNKNOWN
2014,2014-11-29,9:40,MANHATTAN,10016,40.7521974,-73.9818237,0.0,0.0,0,0,0,0,0,0,,,,,,PASSENGER VEHICLE,PASSENGER VEHICLE
2014,2014-11-29,17:14,BROOKLYN,11236,40.641947,-73.9166193,0.0,0.0,0,0,0,0,0,0,Unspecified,Unspecified,,,,SPORT UTILITY / STATION WAGON,PASSENGER VEHICLE
2014,2014-11-29,3:00,MANHATTAN,10010,40.7402615,-73.9905165,0.0,0.0,0,0,0,0,0,0,Unspecified,Unspecified,,,,SPORT UTILITY / STATION WAGON,TAXI
2014,2014-11-30,2:20,BRONX,10458,40.8701843,-73.8855166,0.0,0.0,0,0,0,0,0,0,Unspecified,Unspecified,,,,PASSENGER VEHICLE,PASSENGER VEHICLE
2014,2014-11-30,21:20,BRONX,10472,40.8269163,-73.8720302,0.0,0.0,0,0,0,0,0,0,Alcohol Involvement,Unspecified,,,,PASSENGER VEHICLE,PASSENGER VEHICLE
2014,2014-11-30,20:34,QUEENS,11420,40.6837904,-73.8097661,1.0,0.0,0,0,0,0,1,0,Unspecified,Unspecified,,,,PASSENGER VEHICLE,PASSENGER VEHICLE
2014,2014-12-01,13:00,MANHATTAN,10075,40.7749666,-73.9567966,0.0,0.0,0,0,0,0,0,0,Lost Consciousness,Other Vehicular,Lost Consciousness,,,PASSENGER VEHICLE,PASSENGER VEHICLE
2014,2014-12-01,21:20,MANHATTAN,10037,40.8178994,-73.9380903,1.0,0.0,1,0,0,0,0,0,Failure to Yield Right-of-Way,,,,,UNKNOWN,
2014,2014-12-02,15:00,,,40.7671167,-73.9040453,0.0,0.0,0,0,0,0,0,0,Fatigued/Drowsy,Unspecified,,,,SMALL COM VEH(4 TIRES) ,VAN
2014,2014-12-02,9:23,BRONX,10454,40.8100528,-73.9251435,0.0,0.0,0,0,0,0,0,0,Failure to Yield Right-of-Way,Failure to Yield Right-of-Way,,,,PASSENGER VEHICLE,SPORT UTILITY / STATION WAGON
2014,2014-12-03,5:20,QUEENS,11373,40.7382111,-73.8664811,1.0,0.0,1,0,0,0,0,0,Failure to Yield Right-of-Way,,,,,PASSENGER VEHICLE,
2014,2014-12-04,19:00,,,,,0.0,0.0,0,0,0,0,0,0,Other Vehicular,Other Vehicular,,,,PASSENGER VEHICLE,UNKNOWN
2014,2014-12-06,12:20,MANHATTAN,10022,40.7591654,-73.976743,0.0,0.0,0,0,0,0,0,0,Driver Inattention/Distraction,Unspecified,,,,SPORT UTILITY / STATION WAGON,TAXI
2014,2014-12-06,14:05,STATEN ISLAND,10301,40.6417927,-74.0980892,0.0,0.0,0,0,0,0,0,0,Unspecified,Unspecified,,,,SPORT UTILITY / STATION WAGON,SPORT UTILITY / STATION WAGON
2014,2014-12-07,10:55,MANHATTAN,10022,40.7555046,-73.9680671,1.0,0.0,0,0,1,0,0,0,Fatigued/Drowsy,Unspecified,,,,PASSENGER VEHICLE,BICYCLE
2014,2014-12-08,21:00,QUEENS,11101,40.7539607,-73.9241562,0.0,0.0,0,0,0,0,0,0,Unspecified,Unspecified,,,,VAN,UNKNOWN
2014,2014-12-08,9:33,BROOKLYN,11233,40.6753803,-73.9081956,0.0,0.0,0,0,0,0,0,0,Fatigued/Drowsy,Unspecified,,,,PASSENGER VEHICLE,PASSENGER VEHICLE
2014,2014-12-08,12:15,BROOKLYN,11206,40.7054724,-73.9502377,0.0,0.0,0,0,0,0,0,0,,,,,,VAN,LARGE COM VEH(6 OR MORE TIRES)
2014,2014-12-08,18:32,MANHATTAN,10002,40.7185558,-73.9882,0.0,0.0,0,0,0,0,0,0,Unspecified,Unspecified,,,,SMALL COM VEH(4 TIRES) ,PASSENGER VEHICLE
2014,2014-12-09,15:27,,,40.7084726,-73.8196809,0.0,0.0,0,0,0,0,0,0,Unspecified,Unspecified,,,,PASSENGER VEHICLE,PASSENGER VEHICLE
2014,2014-12-09,5:40,MANHATTAN,10012,40.7203211,-73.9940403,0.0,0.0,0,0,0,0,0,0,Unspecified,,,,,LARGE COM VEH(6 OR MORE TIRES),PASSENGER VEHICLE
2014,2014-12-10,23:05,BRONX,10458,40.8653832,-73.893468,1.0,0.0,0,0,0,0,1,0,Reaction to Other Uninvolved Vehicle,Pavement Slippery,,,,PASSENGER VEHICLE,PASSENGER VEHICLE
2014,2014-12-10,14:30,BRONX,10468,40.8627785,-73.9061582,0.0,0.0,0,0,0,0,0,0,Turning Improperly,Unspecified,,,,PASSENGER VEHICLE,PASSENGER VEHICLE
2014,2014-12-10,16:30,QUEENS,11368,40.7398367,-73.8671454,0.0,0.0,0,0,0,0,0,0,Failure to Yield Right-of-Way,Unspecified,,,,LARGE COM VEH(6 OR MORE TIRES),SPORT UTILITY / STATION WAGON
2014,2014-12-10,14:00,STATEN ISLAND,10304,40.6189153,-74.0836761,0.0,0.0,0,0,0,0,0,0,Unspecified,Unspecified,,,,SPORT UTILITY / STATION WAGON,PASSENGER VEHICLE
2014,2014-12-10,15:09,BROOKLYN,11218,40.6404324,-73.9661729,0.0,0.0,0,0,0,0,0,0,Unspecified,Unspecified,,,,PASSENGER VEHICLE,SPORT UTILITY / STATION WAGON
2014,2014-12-11,8:22,BROOKLYN,11207,40.6589202,-73.8898186,0.0,0.0,0,0,0,0,0,0,Unspecified,Unspecified,,,,BUS,PASSENGER VEHICLE
2014,2014-12-11,18:35,BRONX,10469,40.8713353,-73.8613795,1.0,0.0,1,0,0,0,0,0,Unspecified,,,,,VAN,
2014,2014-12-11,10:45,MANHATTAN,10024,40.7876856,-73.9750141,0.0,0.0,0,0,0,0,0,0,Driver Inattention/Distraction,Unspecified,,,,BUS,PASSENGER VEHICLE
2014,2014-12-11,14:45,,,40.6924529,-73.810997,0.0,0.0,0,0,0,0,0,0,Unspecified,Unspecified,,,,SPORT UTILITY / STATION WAGON,SPORT UTILITY / STATION WAGON
2014,2014-12-13,14:15,QUEENS,11414,40.655425,-73.8418798,0.0,0.0,0,0,0,0,0,0,Unspecified,Unspecified,,,,SPORT UTILITY / STATION WAGON,PASSENGER VEHICLE
2014,2014-12-13,17:30,BROOKLYN,11204,40.6190136,-73.9868524,0.0,0.0,0,0,0,0,0,0,Unspecified,Unspecified,,,,PASSENGER VEHICLE,UNKNOWN
2014,2014-12-13,18:10,BROOKLYN,11225,40.6680723,-73.9506693,0.0,0.0,0,0,0,0,0,0,Unspecified,Unspecified,,,,PASSENGER VEHICLE,PASSENGER VEHICLE
2014,2014-12-14,0:30,MANHATTAN,10002,40.7234252,-73.9902736,0.0,0.0,0,0,0,0,0,0,Failure to Yield Right-of-Way,Unspecified,,,,PASSENGER VEHICLE,TAXI
2014,2014-12-14,17:11,,,,,0.0,0.0,0,0,0,0,0,0,Fatigued/Drowsy,Unspecified,,,,PASSENGER VEHICLE,PASSENGER VEHICLE
2014,2014-12-15,15:00,QUEENS,11372,40.7556569,-73.8844393,0.0,0.0,0,0,0,0,0,0,Unspecified,Unspecified,,,,AMBULANCE,BUS
2014,2014-12-15,19:05,QUEENS,11106,40.7632754,-73.9313365,1.0,0.0,1,0,0,0,0,0,Driver Inattention/Distraction,,,,,PASSENGER VEHICLE,
2014,2014-12-16,10:00,QUEENS,11419,40.6862855,-73.8308849,0.0,0.0,0,0,0,0,0,0,Physical Disability,Unspecified,,,,PASSENGER VEHICLE,PASSENGER VEHICLE
2014,2014-12-16,14:20,STATEN ISLAND,10304,40.6112282,-74.0858635,0.0,0.0,0,0,0,0,0,0,Unspecified,Unspecified,Unspecified,Unspecified,,VAN,PASSENGER VEHICLE
2014,2014-12-16,20:45,QUEENS,11355,40.7557442,-73.8307482,0.0,0.0,0,0,0,0,0,0,Backing Unsafely,Unspecified,,,,PASSENGER VEHICLE,PASSENGER VEHICLE
2014,2014-12-17,15:00,BRONX,10468,40.8617704,-73.8986725,0.0,0.0,0,0,0,0,0,0,Other Vehicular,,,,,SPORT UTILITY / STATION WAGON,
2014,2014-12-17,9:15,QUEENS,11365,40.7379624,-73.7929978,0.0,0.0,0,0,0,0,0,0,Turning Improperly,Unspecified,,,,LARGE COM VEH(6 OR MORE TIRES),SPORT UTILITY / STATION WAGON
2014,2014-12-18,17:42,BROOKLYN,11223,40.5937418,-73.9608458,1.0,0.0,0,0,0,0,1,0,Failure to Yield Right-of-Way,Unspecified,,,,PICK-UP TRUCK,SPORT UTILITY / STATION WAGON
2014,2014-12-18,3:20,,,40.562561,-74.1973878,0.0,0.0,0,0,0,0,0,0,Animals Action,,,,,PASSENGER VEHICLE,
2014,2014-12-19,18:50,BRONX,10454,40.8135129,-73.9196629,0.0,0.0,0,0,0,0,0,0,Driver Inattention/Distraction,Unspecified,,,,PASSENGER VEHICLE,PASSENGER VEHICLE
2014,2014-12-19,17:40,QUEENS,11364,40.7470341,-73.7713589,0.0,0.0,0,0,0,0,0,0,Failure to Yield Right-of-Way,Unspecified,,,,SPORT UTILITY / STATION WAGON,PASSENGER VEHICLE
2014,2014-12-19,12:23,QUEENS,11378,40.7312831,-73.9234604,0.0,0.0,0,0,0,0,0,0,Unspecified,Unspecified,,,,PASSENGER VEHICLE,PASSENGER VEHICLE
2014,2014-12-22,14:00,,,,,0.0,0.0,0,0,0,0,0,0,Unspecified,Unspecified,,,,PASSENGER VEHICLE,PASSENGER VEHICLE
2014,2014-12-23,11:20,BROOKLYN,11231,40.6822732,-73.9934813,0.0,0.0,0,0,0,0,0,0,Backing Unsafely,Unspecified,,,,PASSENGER VEHICLE,PASSENGER VEHICLE
2014,2014-12-23,23:00,QUEENS,11101,40.7355527,-73.9347786,0.0,0.0,0,0,0,0,0,0,Lost Consciousness,Unspecified,,,,PASSENGER VEHICLE,LARGE COM VEH(6 OR MORE TIRES)
2014,2014-12-24,12:47,BROOKLYN,11215,40.6661692,-73.9888076,0.0,0.0,0,0,0,0,0,0,Unspecified,,,,,SPORT UTILITY / STATION WAGON,
2014,2014-12-25,5:30,MANHATTAN,10013,40.7210624,-73.9981962,0.0,0.0,0,0,0,0,0,0,Turning Improperly,Unspecified,,,,SPORT UTILITY / STATION WAGON,SPORT UTILITY / STATION WAGON
2014,2014-12-27,5:51,,,,,0.0,0.0,0,0,0,0,0,0,Unspecified,Unspecified,,,,PASSENGER VEHICLE,UNKNOWN
2014,2014-12-28,15:50,MANHATTAN,10009,40.7284471,-73.9817905,0.0,0.0,0,0,0,0,0,0,Unspecified,Unspecified,,,,PASSENGER VEHICLE,UNKNOWN
2014,2014-12-28,22:55,QUEENS,11412,40.695459,-73.7473128,0.0,0.0,0,0,0,0,0,0,Driver Inattention/Distraction,Unspecified,,,,UNKNOWN,PASSENGER VEHICLE
2014,2014-12-30,21:15,MANHATTAN,10001,40.7503184,-73.9911106,0.0,0.0,0,0,0,0,0,0,Unspecified,,,,,PASSENGER VEHICLE,
2014,2014-12-30,23:30,BROOKLYN,11233,40.6761899,-73.9080899,1.0,0.0,0,0,0,0,1,0,Unspecified,Unspecified,,,,PASSENGER VEHICLE,PASSENGER VEHICLE
2014,2014-12-30,19:35,MANHATTAN,10128,40.7830558,-73.9448752,0.0,0.0,0,0,0,0,0,0,Other Vehicular,Other Vehicular,,,,PASSENGER VEHICLE,PASSENGER VEHICLE
2014,2014-12-30,15:30,BROOKLYN,11217,40.6840525,-73.9774579,0.0,0.0,0,0,0,0,0,0,Lost Consciousness,Unspecified,,,,PASSENGER VEHICLE,SMALL COM VEH(4 TIRES) 
2014,2014-12-30,12:20,BROOKLYN,11216,40.6876674,-73.9510298,0.0,0.0,0,0,0,0,0,0,Unspecified,Unspecified,,,,PASSENGER VEHICLE,PASSENGER VEHICLE
2014,2014-12-31,13:42,,,,,0.0,0.0,0,0,0,0,0,0,Physical Disability,Physical Disability,,,,PASSENGER VEHICLE,PASSENGER VEHICLE
2015,2015-01-02,15:15,MANHATTAN,10009,40.7257771,-73.9866041,0.0,0.0,0,0,0,0,0,0,Unspecified,Unspecified,,,,PASSENGER VEHICLE,TAXI
2015,2015-01-02,13:00,BROOKLYN,11215,40.665508,-73.9927692,0.0,0.0,0,0,0,0,0,0,Lost Consciousness,Unspecified,,,,OTHER,PASSENGER VEHICLE
2015,2015-01-03,14:45,QUEENS,11385,40.7035377,-73.9033816,0.0,0.0,0,0,0,0,0,0,Failure to Yield Right-of-Way,Unspecified,,,,PASSENGER VEHICLE,SPORT UTILITY / STATION WAGON
2015,2015-01-03,18:45,BROOKLYN,11233,40.6701181,-73.9224672,0.0,0.0,0,0,0,0,0,0,Pavement Slippery,Unspecified,,,,SPORT UTILITY / STATION WAGON,SPORT UTILITY / STATION WAGON
2015,2015-01-04,13:38,BROOKLYN,11218,40.6515907,-73.9811087,0.0,0.0,0,0,0,0,0,0,Unspecified,Unspecified,,,,PASSENGER VEHICLE,PASSENGER VEHICLE
2015,2015-01-04,16:28,MANHATTAN,10017,40.7554056,-73.9794839,0.0,0.0,0,0,0,0,0,0,Driver Inattention/Distraction,Unspecified,,,,SPORT UTILITY / STATION WAGON,SPORT UTILITY / STATION WAGON
2015,2015-01-05,9:35,,,,,0.0,0.0,0,0,0,0,0,0,Unspecified,Unspecified,,,,PASSENGER VEHICLE,PASSENGER VEHICLE
2015,2015-01-07,9:00,QUEENS,11356,40.7879722,-73.8437859,0.0,0.0,0,0,0,0,0,0,Driver Inexperience,Unspecified,,,,PASSENGER VEHICLE,UNKNOWN
2015,2015-01-07,0:45,BROOKLYN,11216,40.6709945,-73.9549534,1.0,0.0,0,0,0,0,1,0,Fatigued/Drowsy,,,,,PASSENGER VEHICLE,
2015,2015-01-07,0:27,,,40.8450368,-73.9450698,0.0,0.0,0,0,0,0,0,0,Unspecified,,,,,PASSENGER VEHICLE,
2015,2015-01-07,18:04,BRONX,10457,40.8433752,-73.9049386,0.0,0.0,0,0,0,0,0,0,Other Vehicular,Lost Consciousness,,,,PASSENGER VEHICLE,UNKNOWN
2015,2015-01-09,12:50,,,,,0.0,0.0,0,0,0,0,0,0,Turning Improperly,Unspecified,,,,SPORT UTILITY / STATION WAGON,SPORT UTILITY / STATION WAGON
2015,2015-01-09,15:00,QUEENS,11364,40.7445094,-73.7660986,0.0,0.0,0,0,0,0,0,0,Unspecified,Unspecified,,,,SPORT UTILITY / STATION WAGON,UNKNOWN
2015,2015-01-12,9:15,BROOKLYN,11220,40.6448799,-74.0174913,2.0,0.0,0,0,0,0,2,0,Driver Inattention/Distraction,Driver Inattention/Distraction,,,,PASSENGER VEHICLE,PASSENGER VEHICLE
2015,2015-01-12,18:50,,,,,0.0,0.0,0,0,0,0,0,0,Unspecified,Unspecified,,,,PASSENGER VEHICLE,PASSENGER VEHICLE
2015,2015-01-14,8:00,QUEENS,11412,40.7049984,-73.7529392,1.0,0.0,1,0,0,0,0,0,Unspecified,,,,,SPORT UTILITY / STATION WAGON,
2015,2015-01-14,22:00,QUEENS,11368,40.7505168,-73.8515685,0.0,0.0,0,0,0,0,0,0,Unspecified,Unspecified,,,,VAN,UNKNOWN
2015,2015-01-14,15:15,BROOKLYN,11221,40.6886263,-73.9361731,0.0,0.0,0,0,0,0,0,0,Lost Consciousness,,,,,PICK-UP TRUCK,UNKNOWN
2015,2015-01-15,17:40,,,,,0.0,0.0,0,0,0,0,0,0,Backing Unsafely,Unspecified,,,,BUS,PASSENGER VEHICLE
2015,2015-01-15,9:54,BRONX,10466,40.8868155,-73.8324688,1.0,0.0,0,0,0,0,1,0,Unspecified,Unspecified,,,,PASSENGER VEHICLE,LIVERY VEHICLE
2015,2015-01-16,18:30,BROOKLYN,11223,40.6013629,-73.9764631,0.0,0.0,0,0,0,0,0,0,Unspecified,Unspecified,,,,SPORT UTILITY / STATION WAGON,SPORT UTILITY / STATION WAGON
2015,2015-01-17,20:00,MANHATTAN,10017,40.7500991,-73.9749344,1.0,0.0,1,0,0,0,0,0,Unspecified,,,,,TAXI,
2015,2015-01-17,8:45,,,40.6030702,-74.0166661,0.0,0.0,0,0,0,0,0,0,Unspecified,Unspecified,,,,SPORT UTILITY / STATION WAGON,SPORT UTILITY / STATION WAGON
2015,2015-01-18,12:00,,,,,1.0,0.0,0,0,1,0,0,0,Failure to Yield Right-of-Way,Unspecified,,,,SPORT UTILITY / STATION WAGON,BICYCLE
2015,2015-01-18,8:40,BROOKLYN,11207,40.6620134,-73.8868147,0.0,0.0,0,0,0,0,0,0,Unspecified,Unspecified,,,,PASSENGER VEHICLE,TAXI
2015,2015-01-20,7:45,QUEENS,11355,40.7509692,-73.8257652,0.0,0.0,0,0,0,0,0,0,Unspecified,,,,,SPORT UTILITY / STATION WAGON,UNKNOWN
2015,2015-01-20,17:49,BROOKLYN,11222,40.7221824,-73.9387276,1.0,0.0,1,0,0,0,0,0,Driver Inattention/Distraction,,,,,PASSENGER VEHICLE,
2015,2015-01-21,10:52,BRONX,10471,40.9045032,-73.8964115,0.0,0.0,0,0,0,0,0,0,Other Vehicular,Unspecified,,,,PICK-UP TRUCK,PASSENGER VEHICLE
2015,2015-01-22,22:30,,,,,0.0,0.0,0,0,0,0,0,0,Fatigued/Drowsy,Fatigued/Drowsy,Other Vehicular,,,OTHER,SPORT UTILITY / STATION WAGON
2015,2015-01-22,17:10,,,,,0.0,0.0,0,0,0,0,0,0,Fatigued/Drowsy,Unspecified,,,,SPORT UTILITY / STATION WAGON,SPORT UTILITY / STATION WAGON
2015,2015-01-24,16:47,MANHATTAN,10010,40.742089,-73.9849769,1.0,0.0,1,0,0,0,0,0,Unspecified,,,,,PASSENGER VEHICLE,
2015,2015-01-27,9:30,BROOKLYN,11220,40.6365472,-74.0286584,0.0,0.0,0,0,0,0,0,0,Pavement Slippery,Other Vehicular,,,,LARGE COM VEH(6 OR MORE TIRES),SPORT UTILITY / STATION WAGON
2015,2015-01-29,16:55,MANHATTAN,10010,40.7390253,-73.9733471,0.0,0.0,0,0,0,0,0,0,Unspecified,Unspecified,,,,SPORT UTILITY / STATION WAGON,SPORT UTILITY / STATION WAGON
2015,2015-01-29,21:58,BROOKLYN,11206,40.6989727,-73.957019,0.0,0.0,0,0,0,0,0,0,Unspecified,Unspecified,,,,LIVERY VEHICLE,PASSENGER VEHICLE
2015,2015-01-30,20:25,,,,,0.0,0.0,0,0,0,0,0,0,Failure to Yield Right-of-Way,Other Vehicular,,,,SPORT UTILITY / STATION WAGON,PASSENGER VEHICLE
2015,2015-01-30,15:40,QUEENS,11372,40.7548736,-73.8918797,1.0,0.0,0,0,0,0,1,0,Driver Inattention/Distraction,,,,,PASSENGER VEHICLE,
2015,2015-01-31,22:30,,,40.73361,-73.9238405,0.0,0.0,0,0,0,0,0,0,Unspecified,Unspecified,,,,TAXI,PASSENGER VEHICLE
2015,2015-01-31,16:07,MANHATTAN,10036,40.758981,-73.9959428,0.0,0.0,0,0,0,0,0,0,Prescription Medication,Aggressive Driving/Road Rage,,,,SPORT UTILITY / STATION WAGON,VAN
2015,2015-02-01,12:10,BROOKLYN,11205,40.694578,-73.9561419,1.0,0.0,0,0,1,0,0,0,Unspecified,Unspecified,,,,SPORT UTILITY / STATION WAGON,BICYCLE
2015,2015-02-01,19:47,MANHATTAN,10001,40.7445322,-73.9888703,0.0,0.0,0,0,0,0,0,0,Driver Inattention/Distraction,Driver Inattention/Distraction,,,,SPORT UTILITY / STATION WAGON,PICK-UP TRUCK
2015,2015-02-02,16:51,BROOKLYN,11238,40.6846667,-73.9640339,0.0,0.0,0,0,0,0,0,0,Pavement Slippery,Pavement Slippery,,,,PASSENGER VEHICLE,PASSENGER VEHICLE
2015,2015-02-03,8:00,BROOKLYN,11214,40.6038767,-73.99543,0.0,0.0,0,0,0,0,0,0,Unspecified,Unspecified,,,,PASSENGER VEHICLE,PASSENGER VEHICLE
2015,2015-02-04,12:00,BROOKLYN,11235,40.5914695,-73.9421529,0.0,0.0,0,0,0,0,0,0,Backing Unsafely,Unspecified,,,,PASSENGER VEHICLE,UNKNOWN
2015,2015-02-06,18:20,MANHATTAN,10001,40.7517512,-74.0079259,0.0,0.0,0,0,0,0,0,0,Unspecified,Unspecified,,,,PASSENGER VEHICLE,PASSENGER VEHICLE
2015,2015-02-07,13:00,,,,,0.0,0.0,0,0,0,0,0,0,Driver Inexperience,Unspecified,,,,SPORT UTILITY / STATION WAGON,SPORT UTILITY / STATION WAGON
2015,2015-02-08,13:50,MANHATTAN,10012,40.7234229,-73.9996104,0.0,0.0,0,0,0,0,0,0,Fatigued/Drowsy,Unspecified,,,,PASSENGER VEHICLE,LIVERY VEHICLE
2015,2015-02-08,12:50,,,,,0.0,0.0,0,0,0,0,0,0,Unspecified,Unspecified,,,,PASSENGER VEHICLE,UNKNOWN
2015,2015-02-10,11:45,,,,,0.0,0.0,0,0,0,0,0,0,Unspecified,Unspecified,,,,PASSENGER VEHICLE,OTHER
2015,2015-02-13,5:15,BROOKLYN,11208,40.677297,-73.8768167,0.0,0.0,0,0,0,0,0,0,Unspecified,Unspecified,,,,PASSENGER VEHICLE,UNKNOWN
2015,2015-02-13,22:11,MANHATTAN,10023,40.7811953,-73.9797467,0.0,0.0,0,0,0,0,0,0,Backing Unsafely,Other Vehicular,,,,PASSENGER VEHICLE,PASSENGER VEHICLE
2015,2015-02-13,19:30,BROOKLYN,11207,40.6772073,-73.897226,0.0,0.0,0,0,0,0,0,0,Unspecified,Unspecified,,,,SPORT UTILITY / STATION WAGON,PICK-UP TRUCK
2015,2015-02-17,9:30,QUEENS,11101,40.7519917,-73.9312651,0.0,0.0,0,0,0,0,0,0,Unspecified,Unspecified,,,,PASSENGER VEHICLE,PASSENGER VEHICLE
2015,2015-02-17,17:50,,,,,0.0,0.0,0,0,0,0,0,0,Fatigued/Drowsy,Fatigued/Drowsy,,,,PASSENGER VEHICLE,SPORT UTILITY / STATION WAGON
2015,2015-02-18,15:17,,,,,0.0,0.0,0,0,0,0,0,0,Unspecified,Unspecified,,,,PASSENGER VEHICLE,OTHER
2015,2015-02-19,15:07,MANHATTAN,10010,40.7397825,-73.9795031,1.0,0.0,1,0,0,0,0,0,Unspecified,,,,,VAN,
2015,2015-02-20,20:35,QUEENS,11106,40.7627265,-73.9269872,1.0,0.0,0,0,0,0,1,0,Driver Inattention/Distraction,Unspecified,,,,VAN,SCOOTER
2015,2015-02-20,13:43,,,40.7241777,-73.9373497,0.0,0.0,0,0,0,0,0,0,Lost Consciousness,Unspecified,,,,OTHER,PASSENGER VEHICLE
2015,2015-02-20,8:50,STATEN ISLAND,10305,40.6204307,-74.0709552,0.0,0.0,0,0,0,0,0,0,Fatigued/Drowsy,Unspecified,,,,PASSENGER VEHICLE,PASSENGER VEHICLE
2015,2015-02-21,18:45,,,,,1.0,0.0,0,0,0,0,1,0,Pavement Slippery,Unspecified,,,,PASSENGER VEHICLE,PASSENGER VEHICLE
2015,2015-02-21,9:20,BROOKLYN,11234,40.6309273,-73.921367,0.0,0.0,0,0,0,0,0,0,Pavement Slippery,Unspecified,,,,PASSENGER VEHICLE,UNKNOWN
2015,2015-02-22,16:30,QUEENS,11413,40.6801176,-73.7532369,0.0,0.0,0,0,0,0,0,0,Unspecified,Unspecified,,,,SPORT UTILITY / STATION WAGON,OTHER
2015,2015-02-22,18:20,,,40.8040166,-73.9309605,1.0,0.0,0,0,0,0,1,0,Alcohol Involvement,,,,,SPORT UTILITY / STATION WAGON,
2015,2015-02-23,1:35,BROOKLYN,11204,40.619132,-73.9901807,2.0,0.0,0,0,0,0,2,0,Unspecified,Unspecified,Unspecified,,,PASSENGER VEHICLE,PASSENGER VEHICLE
2015,2015-02-23,16:23,,,40.727873,-73.9291223,0.0,0.0,0,0,0,0,0,0,Fatigued/Drowsy,Unspecified,,,,PASSENGER VEHICLE,SPORT UTILITY / STATION WAGON
2015,2015-02-23,7:30,BROOKLYN,11233,40.6856128,-73.9232532,0.0,0.0,0,0,0,0,0,0,Lost Consciousness,Unspecified,,,,SPORT UTILITY / STATION WAGON,PASSENGER VEHICLE
2015,2015-02-23,21:18,,,,,0.0,0.0,0,0,0,0,0,0,Other Electronic Device,Outside Car Distraction,Outside Car Distraction,Unspecified,,PASSENGER VEHICLE,PASSENGER VEHICLE
2015,2015-02-24,14:10,MANHATTAN,10018,40.7535158,-73.9887858,0.0,0.0,0,0,0,0,0,0,Illness,Unsafe Lane Changing,,,,TAXI,LIVERY VEHICLE
2015,2015-02-24,18:15,,,,,0.0,0.0,0,0,0,0,0,0,Turning Improperly,Unspecified,,,,SPORT UTILITY / STATION WAGON,PASSENGER VEHICLE
2015,2015-02-25,8:28,,,,,1.0,0.0,0,0,0,0,1,0,Unspecified,Unspecified,,,,PASSENGER VEHICLE,TAXI
2015,2015-02-26,17:20,,,,,0.0,0.0,0,0,0,0,0,0,Oversized Vehicle,Unspecified,,,,PASSENGER VEHICLE,OTHER
2015,2015-02-26,23:30,,,,,0.0,0.0,0,0,0,0,0,0,Unspecified,Unspecified,,,,PASSENGER VEHICLE,UNKNOWN
2015,2015-02-26,14:20,,,,,0.0,0.0,0,0,0,0,0,0,Lost Consciousness,Other Vehicular,,,,SPORT UTILITY / STATION WAGON,SPORT UTILITY / STATION WAGON
2015,2015-02-27,20:15,,,,,0.0,0.0,0,0,0,0,0,0,Fatigued/Drowsy,Fatigued/Drowsy,,,,PASSENGER VEHICLE,UNKNOWN
2015,2015-02-28,12:20,,,40.6145627,-74.1565458,0.0,0.0,0,0,0,0,0,0,Unspecified,Unspecified,Unspecified,,,SPORT UTILITY / STATION WAGON,SPORT UTILITY / STATION WAGON
2015,2015-02-28,20:30,MANHATTAN,10034,40.8676918,-73.9212136,0.0,0.0,0,0,0,0,0,0,Unspecified,Unspecified,,,,SPORT UTILITY / STATION WAGON,UNKNOWN
2015,2015-02-28,18:44,QUEENS,11436,40.6863048,-73.7939082,0.0,0.0,0,0,0,0,0,0,Unspecified,Unspecified,,,,SPORT UTILITY / STATION WAGON,PASSENGER VEHICLE
2015,2015-03-04,16:44,MANHATTAN,10027,40.8112661,-73.9578098,0.0,0.0,0,0,0,0,0,0,Unspecified,,,,,PASSENGER VEHICLE,
2015,2015-03-04,10:05,BROOKLYN,11210,40.6263625,-73.9506605,0.0,0.0,0,0,0,0,0,0,Unspecified,Unspecified,,,,PASSENGER VEHICLE,SPORT UTILITY / STATION WAGON
2015,2015-03-06,8:30,STATEN ISLAND,10307,40.5011072,-74.2413094,0.0,0.0,0,0,0,0,0,0,Failure to Yield Right-of-Way,Failure to Yield Right-of-Way,Failure to Yield Right-of-Way,,,PASSENGER VEHICLE,PASSENGER VEHICLE
2015,2015-03-06,6:45,,,,,0.0,0.0,0,0,0,0,0,0,Unspecified,Unspecified,Unspecified,,,PASSENGER VEHICLE,PASSENGER VEHICLE
2015,2015-03-06,17:00,QUEENS,11435,40.7002736,-73.8119262,0.0,0.0,0,0,0,0,0,0,Unspecified,Unspecified,,,,PASSENGER VEHICLE,UNKNOWN
2015,2015-03-07,16:50,QUEENS,11374,40.7133793,-73.8596555,0.0,0.0,0,0,0,0,0,0,Fatigued/Drowsy,Unspecified,,,,SPORT UTILITY / STATION WAGON,SPORT UTILITY / STATION WAGON
2015,2015-03-10,7:45,,,,,0.0,0.0,0,0,0,0,0,0,Unspecified,Unspecified,,,,PASSENGER VEHICLE,PASSENGER VEHICLE
2015,2015-03-10,10:30,,,40.6238899,-73.8955851,0.0,0.0,0,0,0,0,0,0,Driver Inattention/Distraction,Unspecified,,,,PASSENGER VEHICLE,PASSENGER VEHICLE
2015,2015-03-11,12:20,MANHATTAN,10019,40.7667145,-73.9828775,0.0,0.0,0,0,0,0,0,0,Other Vehicular,,,,,PASSENGER VEHICLE,
2015,2015-03-12,19:00,BROOKLYN,11223,40.6048025,-73.9667959,0.0,0.0,0,0,0,0,0,0,Fatigued/Drowsy,Failure to Yield Right-of-Way,,,,PASSENGER VEHICLE,SPORT UTILITY / STATION WAGON
2015,2015-03-13,17:30,QUEENS,11368,40.7478808,-73.8573019,0.0,0.0,0,0,0,0,0,0,Driver Inattention/Distraction,Unspecified,,,,VAN,SPORT UTILITY / STATION WAGON
2015,2015-03-15,15:00,,,40.7302038,-73.7234727,1.0,0.0,0,0,0,0,1,0,Fatigued/Drowsy,Unspecified,,,,SPORT UTILITY / STATION WAGON,SPORT UTILITY / STATION WAGON
2015,2015-03-16,19:00,QUEENS,11434,40.6552539,-73.7656691,0.0,0.0,0,0,0,0,0,0,Driver Inattention/Distraction,Unspecified,,,,SPORT UTILITY / STATION WAGON,SPORT UTILITY / STATION WAGON
2015,2015-03-17,11:33,BROOKLYN,11221,40.692785,-73.9118065,0.0,0.0,0,0,0,0,0,0,Unspecified,,,,,OTHER,
2015,2015-03-17,20:44,,,,,0.0,0.0,0,0,0,0,0,0,Unspecified,,,,,PASSENGER VEHICLE,UNKNOWN
2015,2015-03-17,16:05,BROOKLYN,11233,40.6699207,-73.9188878,0.0,0.0,0,0,0,0,0,0,Unspecified,Unspecified,,,,PASSENGER VEHICLE,PASSENGER VEHICLE
2015,2015-03-17,19:20,MANHATTAN,10023,40.7784761,-73.9854489,0.0,0.0,0,0,0,0,0,0,Unspecified,Unspecified,,,,PASSENGER VEHICLE,VAN
2015,2015-03-18,10:00,,,,,0.0,0.0,0,0,0,0,0,0,Unspecified,Unspecified,,,,SPORT UTILITY / STATION WAGON,PASSENGER VEHICLE
2015,2015-03-19,10:15,QUEENS,11356,40.7832211,-73.8458553,0.0,0.0,0,0,0,0,0,0,Prescription Medication,Unspecified,,,,PASSENGER VEHICLE,PASSENGER VEHICLE
2015,2015-03-19,14:45,,,,,0.0,0.0,0,0,0,0,0,0,Lost Consciousness,Unspecified,Unspecified,,,VAN,PASSENGER VEHICLE
2015,2015-03-20,21:25,,,,,4.0,0.0,0,0,0,0,4,0,Failure to Yield Right-of-Way,Traffic Control Disregarded,,,,PASSENGER VEHICLE,SPORT UTILITY / STATION WAGON
2015,2015-03-20,22:15,BROOKLYN,11236,40.6322129,-73.8921577,0.0,0.0,0,0,0,0,0,0,Unspecified,Unspecified,,,,PASSENGER VEHICLE,UNKNOWN
2015,2015-03-20,19:14,MANHATTAN,10026,40.803897,-73.9520352,1.0,0.0,0,0,0,0,1,0,Unspecified,Unspecified,,,,TAXI,SPORT UTILITY / STATION WAGON
2015,2015-03-22,15:00,,,40.7026172,-73.960572,2.0,0.0,0,0,0,0,2,0,Fatigued/Drowsy,Unspecified,Unspecified,Unspecified,Unspecified,UNKNOWN,PASSENGER VEHICLE
2015,2015-03-22,7:07,BROOKLYN,11236,40.6432155,-73.9030546,0.0,0.0,0,0,0,0,0,0,Unspecified,Unspecified,,,,SPORT UTILITY / STATION WAGON,UNKNOWN
2015,2015-03-23,12:30,BROOKLYN,11214,40.6063855,-74.0012065,0.0,0.0,0,0,0,0,0,0,Unspecified,,,,,SPORT UTILITY / STATION WAGON,
2015,2015-03-23,12:18,MANHATTAN,10022,40.7609285,-73.969133,0.0,0.0,0,0,0,0,0,0,Fatigued/Drowsy,Unspecified,,,,SPORT UTILITY / STATION WAGON,TAXI
2015,2015-03-25,22:40,QUEENS,11366,40.7313636,-73.7882086,2.0,0.0,0,0,0,0,2,0,Driver Inattention/Distraction,Driver Inattention/Distraction,,,,PASSENGER VEHICLE,PASSENGER VEHICLE
2015,2015-03-26,14:57,QUEENS,11361,40.7616851,-73.7603059,0.0,0.0,0,0,0,0,0,0,Prescription Medication,Unspecified,,,,SPORT UTILITY / STATION WAGON,SPORT UTILITY / STATION WAGON
2015,2015-03-28,18:05,BROOKLYN,11232,40.6526268,-74.0061627,0.0,0.0,0,0,0,0,0,0,View Obstructed/Limited,Physical Disability,,,,PASSENGER VEHICLE,OTHER
2015,2015-03-28,23:30,BROOKLYN,11220,40.6388037,-74.0276253,0.0,0.0,0,0,0,0,0,0,Accelerator Defective,Unspecified,,,,PASSENGER VEHICLE,PASSENGER VEHICLE
2015,2015-03-30,15:40,QUEENS,11356,40.7862848,-73.8363365,0.0,0.0,0,0,0,0,0,0,Traffic Control Disregarded,Failure to Yield Right-of-Way,,,,SPORT UTILITY / STATION WAGON,SPORT UTILITY / STATION WAGON
2015,2015-03-30,0:15,,,,,0.0,0.0,0,0,0,0,0,0,Alcohol Involvement,,,,,PASSENGER VEHICLE,
2015,2015-04-01,11:30,BROOKLYN,11203,40.6538055,-73.9306058,0.0,0.0,0,0,0,0,0,0,Unspecified,,,,,VAN,
2015,2015-04-02,6:30,QUEENS,11101,40.7489156,-73.9373965,0.0,0.0,0,0,0,0,0,0,Unspecified,Unspecified,,,,LARGE COM VEH(6 OR MORE TIRES),PASSENGER VEHICLE
2015,2015-04-03,17:06,,,,,0.0,0.0,0,0,0,0,0,0,Backing Unsafely,Driver Inattention/Distraction,,,,PASSENGER VEHICLE,PASSENGER VEHICLE
2015,2015-04-03,17:25,MANHATTAN,10023,40.7738755,-73.9822257,0.0,0.0,0,0,0,0,0,0,Other Vehicular,Other Vehicular,,,,PASSENGER VEHICLE,PASSENGER VEHICLE
2015,2015-04-03,17:29,MANHATTAN,10014,40.7260711,-74.0099072,0.0,0.0,0,0,0,0,0,0,Unspecified,,,,,UNKNOWN,UNKNOWN
2015,2015-04-05,16:45,BRONX,10454,40.8071867,-73.9242798,0.0,0.0,0,0,0,0,0,0,Driver Inattention/Distraction,Unspecified,,,,PASSENGER VEHICLE,OTHER
2015,2015-04-05,12:55,QUEENS,11418,40.6982694,-73.8348431,0.0,0.0,0,0,0,0,0,0,Unspecified,Unspecified,,,,PICK-UP TRUCK,PASSENGER VEHICLE
2015,2015-04-06,10:30,,,,,0.0,0.0,0,0,0,0,0,0,Unspecified,Unspecified,,,,SPORT UTILITY / STATION WAGON,SPORT UTILITY / STATION WAGON
2015,2015-04-06,20:18,BROOKLYN,11222,40.7246381,-73.9481706,0.0,0.0,0,0,0,0,0,0,Lost Consciousness,Unspecified,,,,PASSENGER VEHICLE,SMALL COM VEH(4 TIRES) 
2015,2015-04-07,11:44,BROOKLYN,11212,40.6643768,-73.9237498,1.0,0.0,1,0,0,0,0,0,Unspecified,,,,,PASSENGER VEHICLE,
2015,2015-04-07,12:11,BROOKLYN,11232,40.6521655,-74.0099287,0.0,0.0,0,0,0,0,0,0,Unspecified,Unspecified,,,,LARGE COM VEH(6 OR MORE TIRES),PASSENGER VEHICLE
2015,2015-04-09,9:15,,,,,0.0,0.0,0,0,0,0,0,0,Other Vehicular,Other Vehicular,,,,PASSENGER VEHICLE,LARGE COM VEH(6 OR MORE TIRES)
2015,2015-04-12,18:45,,,40.6107257,-74.0977321,0.0,0.0,0,0,0,0,0,0,Turning Improperly,Unspecified,,,,PASSENGER VEHICLE,PASSENGER VEHICLE
2015,2015-04-14,10:22,BROOKLYN,11205,40.6978048,-73.9697284,0.0,0.0,0,0,0,0,0,0,Driver Inattention/Distraction,,,,,SPORT UTILITY / STATION WAGON,
2015,2015-04-15,10:00,MANHATTAN,10029,40.7992856,-73.9453602,0.0,0.0,0,0,0,0,0,0,Unspecified,Unspecified,,,,PASSENGER VEHICLE,PASSENGER VEHICLE
2015,2015-04-16,20:15,,,,,0.0,0.0,0,0,0,0,0,0,Turning Improperly,Unspecified,,,,SPORT UTILITY / STATION WAGON,LIVERY VEHICLE
2015,2015-04-16,20:00,QUEENS,11429,40.7110065,-73.7296658,0.0,0.0,0,0,0,0,0,0,Unspecified,Unspecified,,,,UNKNOWN,UNKNOWN
2015,2015-04-17,20:10,BROOKLYN,11211,40.7084262,-73.951332,0.0,0.0,0,0,0,0,0,0,Lost Consciousness,Unspecified,,,,PASSENGER VEHICLE,UNKNOWN
2015,2015-04-17,13:55,MANHATTAN,10019,40.7629663,-73.9739693,0.0,0.0,0,0,0,0,0,0,Unspecified,Unspecified,,,,PICK-UP TRUCK,SPORT UTILITY / STATION WAGON
2015,2015-04-18,14:20,QUEENS,11372,40.753146,-73.890612,1.0,0.0,1,0,0,0,0,0,Driver Inattention/Distraction,,,,,SPORT UTILITY / STATION WAGON,
2015,2015-04-19,19:50,BRONX,10472,40.8344254,-73.8792541,0.0,0.0,0,0,0,0,0,0,Unspecified,Unspecified,,,,PASSENGER VEHICLE,PASSENGER VEHICLE
2015,2015-04-20,15:10,QUEENS,11374,40.7165933,-73.8618348,0.0,0.0,0,0,0,0,0,0,Unspecified,,,,,BUS,OTHER
2015,2015-04-20,15:35,,,40.8436414,-73.9305265,0.0,0.0,0,0,0,0,0,0,Unspecified,Unspecified,,,,PICK-UP TRUCK,PASSENGER VEHICLE
2015,2015-04-23,17:46,,,,,0.0,0.0,0,0,0,0,0,0,Unspecified,Unspecified,,,,VAN,OTHER
2015,2015-04-24,11:45,BROOKLYN,11222,40.7229904,-73.9355882,1.0,0.0,0,0,0,0,1,0,Brakes Defective,Unspecified,,,,SPORT UTILITY / STATION WAGON,OTHER
2015,2015-04-24,5:30,QUEENS,11372,40.7496522,-73.8852401,0.0,0.0,0,0,0,0,0,0,Unspecified,Unspecified,,,,TAXI,UNKNOWN
2015,2015-04-27,20:42,,,40.7090458,-73.8414531,0.0,0.0,0,0,0,0,0,0,Unspecified,Unspecified,,,,PASSENGER VEHICLE,PASSENGER VEHICLE
2015,2015-04-28,17:48,MANHATTAN,10035,40.7966809,-73.9349137,0.0,0.0,0,0,0,0,0,0,Unspecified,Unspecified,Unspecified,,,PASSENGER VEHICLE,PASSENGER VEHICLE
2015,2015-04-30,11:30,QUEENS,11355,40.7566718,-73.8287931,0.0,0.0,0,0,0,0,0,0,Lost Consciousness,Unspecified,,,,PASSENGER VEHICLE,PASSENGER VEHICLE
2015,2015-04-30,11:30,BROOKLYN,11226,40.6469634,-73.9472399,0.0,0.0,0,0,0,0,0,0,Unspecified,Unspecified,,,,PASSENGER VEHICLE,UNKNOWN
2015,2015-05-01,8:06,,,,,0.0,0.0,0,0,0,0,0,0,Outside Car Distraction,Unspecified,,,,PASSENGER VEHICLE,PASSENGER VEHICLE
2015,2015-05-02,19:27,MANHATTAN,10031,40.8227376,-73.9476208,1.0,0.0,0,0,0,0,1,0,Driver Inattention/Distraction,Other Vehicular,Driver Inattention/Distraction,,,PASSENGER VEHICLE,SPORT UTILITY / STATION WAGON
2015,2015-05-04,19:40,,,40.6068677,-73.8982816,0.0,0.0,0,0,0,0,0,0,Fatigued/Drowsy,Unspecified,,,,PASSENGER VEHICLE,PASSENGER VEHICLE
2015,2015-05-05,16:33,BROOKLYN,11208,40.6739919,-73.8817076,0.0,0.0,0,0,0,0,0,0,Unspecified,Unspecified,,,,VAN,SPORT UTILITY / STATION WAGON
2015,2015-05-05,17:25,,,,,0.0,0.0,0,0,0,0,0,0,Physical Disability,Physical Disability,,,,LIVERY VEHICLE,PASSENGER VEHICLE
2015,2015-05-05,17:20,BROOKLYN,11225,40.6689643,-73.9505858,0.0,0.0,0,0,0,0,0,0,Unspecified,Unspecified,,,,PASSENGER VEHICLE,PASSENGER VEHICLE
2015,2015-05-06,13:05,MANHATTAN,10029,40.799661,-73.9440958,0.0,0.0,0,0,0,0,0,0,Unspecified,Unspecified,,,,PASSENGER VEHICLE,VAN
2015,2015-05-06,21:45,QUEENS,11355,40.7487782,-73.809761,0.0,0.0,0,0,0,0,0,0,Alcohol Involvement,Unspecified,,,,VAN,SPORT UTILITY / STATION WAGON
2015,2015-05-07,16:30,,,,,0.0,0.0,0,0,0,0,0,0,Fatigued/Drowsy,Unspecified,,,,VAN,PASSENGER VEHICLE
2015,2015-05-07,23:30,BROOKLYN,11212,40.6671557,-73.9100922,0.0,0.0,0,0,0,0,0,0,Unspecified,Unspecified,,,,SPORT UTILITY / STATION WAGON,PASSENGER VEHICLE
2015,2015-05-07,14:00,BROOKLYN,11233,40.6854992,-73.9177006,0.0,0.0,0,0,0,0,0,0,Unspecified,,,,,PASSENGER VEHICLE,
2015,2015-05-07,17:38,MANHATTAN,10039,40.8221054,-73.9402037,0.0,0.0,0,0,0,0,0,0,Unspecified,Unspecified,,,,SPORT UTILITY / STATION WAGON,SMALL COM VEH(4 TIRES) 
2015,2015-05-08,18:00,MANHATTAN,10019,40.7642781,-73.9730158,0.0,0.0,0,0,0,0,0,0,Other Vehicular,Turning Improperly,,,,PASSENGER VEHICLE,VAN
2015,2015-05-10,10:03,BROOKLYN,11217,40.6844232,-73.978388,0.0,0.0,0,0,0,0,0,0,Lost Consciousness,Unspecified,,,,SPORT UTILITY / STATION WAGON,SPORT UTILITY / STATION WAGON
2015,2015-05-11,16:21,BROOKLYN,11207,40.6757357,-73.8968533,0.0,0.0,0,0,0,0,0,0,View Obstructed/Limited,Unspecified,,,,SPORT UTILITY / STATION WAGON,SPORT UTILITY / STATION WAGON
2015,2015-05-13,18:15,BRONX,10451,40.816535,-73.9282179,0.0,0.0,0,0,0,0,0,0,Failure to Yield Right-of-Way,Unspecified,,,,PASSENGER VEHICLE,VAN
2015,2015-05-14,16:00,,,40.6082553,-73.8978238,1.0,0.0,0,0,0,0,1,0,Fatigued/Drowsy,Unspecified,,,,SPORT UTILITY / STATION WAGON,PASSENGER VEHICLE
2015,2015-05-14,16:29,QUEENS,11379,40.7138422,-73.900939,0.0,0.0,0,0,0,0,0,0,Backing Unsafely,Unspecified,,,,BICYCLE,PASSENGER VEHICLE
2015,2015-05-20,20:00,MANHATTAN,10003,40.7274022,-73.9885376,0.0,0.0,0,0,0,0,0,0,Driver Inattention/Distraction,Unspecified,,,,PASSENGER VEHICLE,TAXI
2015,2015-05-21,13:30,QUEENS,11385,40.7023745,-73.8754323,0.0,0.0,0,0,0,0,0,0,Unspecified,Unspecified,,,,PASSENGER VEHICLE,PASSENGER VEHICLE
2015,2015-05-23,10:34,BROOKLYN,11220,40.6381529,-74.013962,0.0,0.0,0,0,0,0,0,0,Outside Car Distraction,Fatigued/Drowsy,,,,SPORT UTILITY / STATION WAGON,PASSENGER VEHICLE
2015,2015-05-23,6:15,QUEENS,11369,40.7587926,-73.872551,0.0,0.0,0,0,0,0,0,0,Unspecified,Unspecified,Unspecified,Unspecified,,PASSENGER VEHICLE,SPORT UTILITY / STATION WAGON
2015,2015-05-23,4:45,MANHATTAN,10016,40.7521974,-73.9818237,0.0,0.0,0,0,0,0,0,0,Driver Inattention/Distraction,Lost Consciousness,,,,PASSENGER VEHICLE,PICK-UP TRUCK
2015,2015-05-25,20:10,BRONX,10451,40.8148803,-73.9288555,0.0,0.0,0,0,0,0,0,0,Unspecified,Unspecified,,,,PASSENGER VEHICLE,PASSENGER VEHICLE
2015,2015-05-25,14:01,,,,,0.0,0.0,0,0,0,0,0,0,Fatigued/Drowsy,Unspecified,,,,PASSENGER VEHICLE,LARGE COM VEH(6 OR MORE TIRES)
2015,2015-05-26,19:35,,,,,3.0,0.0,0,0,0,0,3,0,Aggressive Driving/Road Rage,Unspecified,,,,PASSENGER VEHICLE,PASSENGER VEHICLE
2015,2015-05-26,16:30,QUEENS,11691,40.6087134,-73.7476699,0.0,0.0,0,0,0,0,0,0,Unspecified,Unspecified,,,,PASSENGER VEHICLE,UNKNOWN
2015,2015-05-28,5:27,,,40.7674916,-73.9016962,0.0,0.0,0,0,0,0,0,0,Unspecified,Unspecified,,,,PASSENGER VEHICLE,PASSENGER VEHICLE
2015,2015-05-28,11:35,BROOKLYN,11204,40.6117684,-73.9763729,0.0,0.0,0,0,0,0,0,0,Unspecified,Unspecified,,,,SPORT UTILITY / STATION WAGON,OTHER
2015,2015-05-28,21:00,MANHATTAN,10033,40.8485182,-73.9359293,0.0,0.0,0,0,0,0,0,0,Aggressive Driving/Road Rage,Unspecified,,,,OTHER,PASSENGER VEHICLE
2015,2015-06-01,22:00,QUEENS,11411,40.7018077,-73.7411431,1.0,0.0,0,0,0,0,1,0,Unspecified,Unspecified,,,,PASSENGER VEHICLE,SPORT UTILITY / STATION WAGON
2015,2015-06-01,15:00,BROOKLYN,11205,40.6992956,-73.9542923,0.0,0.0,0,0,0,0,0,0,Unspecified,,,,,SPORT UTILITY / STATION WAGON,LARGE COM VEH(6 OR MORE TIRES)
2015,2015-06-01,9:00,QUEENS,11101,40.7400682,-73.935449,0.0,0.0,0,0,0,0,0,0,Unspecified,Unspecified,,,,PASSENGER VEHICLE,UNKNOWN
2015,2015-06-01,15:28,BRONX,10459,40.8231905,-73.8894852,0.0,0.0,0,0,0,0,0,0,Failure to Yield Right-of-Way,Turning Improperly,,,,SPORT UTILITY / STATION WAGON,TAXI
2015,2015-06-02,9:35,BROOKLYN,11206,40.7100937,-73.9372094,1.0,0.0,0,0,0,0,1,0,Aggressive Driving/Road Rage,Unspecified,,,,LARGE COM VEH(6 OR MORE TIRES),PASSENGER VEHICLE
2015,2015-06-02,12:27,BROOKLYN,11223,40.5927674,-73.969704,0.0,0.0,0,0,0,0,0,0,Lost Consciousness,Unspecified,,,,SPORT UTILITY / STATION WAGON,UNKNOWN
2015,2015-06-03,12:30,MANHATTAN,10013,40.7168135,-73.9977634,0.0,0.0,0,0,0,0,0,0,Driver Inattention/Distraction,Unspecified,Unspecified,,,LARGE COM VEH(6 OR MORE TIRES),SPORT UTILITY / STATION WAGON
2015,2015-06-03,8:30,BROOKLYN,11215,40.6727674,-73.9867084,1.0,0.0,0,0,0,0,1,0,Unspecified,Unspecified,,,,PASSENGER VEHICLE,OTHER
2015,2015-06-03,18:25,QUEENS,11419,40.6892381,-73.8285119,0.0,0.0,0,0,0,0,0,0,Driver Inattention/Distraction,Unspecified,,,,PASSENGER VEHICLE,UNKNOWN
2015,2015-06-03,11:00,BRONX,10457,40.8429388,-73.8953797,0.0,0.0,0,0,0,0,0,0,Unspecified,Unspecified,,,,PASSENGER VEHICLE,UNKNOWN
2015,2015-06-05,17:10,,,,,0.0,0.0,0,0,0,0,0,0,Unspecified,Unspecified,,,,PASSENGER VEHICLE,SPORT UTILITY / STATION WAGON
2015,2015-06-05,17:10,,,,,1.0,0.0,0,0,0,0,1,0,Unspecified,Unspecified,,,,PASSENGER VEHICLE,BUS
2015,2015-06-05,14:05,BROOKLYN,11208,40.6805065,-73.8828858,1.0,0.0,1,0,0,0,0,0,Driver Inattention/Distraction,,,,,PASSENGER VEHICLE,
2015,2015-06-05,2:15,MANHATTAN,10013,40.7213532,-74.0046358,0.0,0.0,0,0,0,0,0,0,Other Vehicular,Failure to Yield Right-of-Way,,,,TAXI,SPORT UTILITY / STATION WAGON
2015,2015-06-06,23:20,BRONX,10458,40.8666127,-73.8903603,1.0,0.0,0,0,0,0,1,0,Alcohol Involvement,Unspecified,,,,PASSENGER VEHICLE,SPORT UTILITY / STATION WAGON
2015,2015-06-06,14:00,BROOKLYN,11220,40.6465774,-74.0052035,2.0,0.0,0,0,0,0,2,0,Unspecified,Unspecified,,,,PASSENGER VEHICLE,PASSENGER VEHICLE
2015,2015-06-06,9:37,MANHATTAN,10001,40.7491025,-73.9920058,0.0,0.0,0,0,0,0,0,0,Unspecified,Unspecified,,,,PASSENGER VEHICLE,TAXI
2015,2015-06-10,22:00,MANHATTAN,10023,40.7817499,-73.9810645,0.0,0.0,0,0,0,0,0,0,Unspecified,Unspecified,,,,TAXI,TAXI
2015,2015-06-10,10:45,MANHATTAN,10036,40.7572323,-73.9897922,0.0,0.0,0,0,0,0,0,0,Lost Consciousness,Unspecified,,,,PASSENGER VEHICLE,PICK-UP TRUCK
2015,2015-06-12,18:30,MANHATTAN,10001,40.7514468,-74.0014293,0.0,0.0,0,0,0,0,0,0,Unspecified,Unspecified,,,,PASSENGER VEHICLE,OTHER
2015,2015-06-14,16:00,BROOKLYN,11204,40.6138389,-73.9814363,1.0,0.0,0,0,1,0,0,0,Unspecified,Unspecified,,,,PASSENGER VEHICLE,BICYCLE
2015,2015-06-14,14:27,BRONX,10466,40.895808,-73.8428814,0.0,0.0,0,0,0,0,0,0,Unspecified,Unspecified,,,,SPORT UTILITY / STATION WAGON,PASSENGER VEHICLE
2015,2015-06-15,20:00,BROOKLYN,11228,40.6160581,-74.0257501,0.0,0.0,0,0,0,0,0,0,Unspecified,Unspecified,,,,PASSENGER VEHICLE,PASSENGER VEHICLE
2015,2015-06-16,12:55,BROOKLYN,11208,40.6750519,-73.8743513,0.0,0.0,0,0,0,0,0,0,Unspecified,Unspecified,,,,PASSENGER VEHICLE,UNKNOWN
2015,2015-06-17,12:05,BROOKLYN,11207,40.6527684,-73.8862898,0.0,0.0,0,0,0,0,0,0,Driver Inattention/Distraction,Fatigued/Drowsy,,,,SPORT UTILITY / STATION WAGON,PASSENGER VEHICLE
2015,2015-06-17,19:35,,,40.7607067,-73.858238,1.0,0.0,0,0,0,0,1,0,Fatigued/Drowsy,Unspecified,,,,PASSENGER VEHICLE,PASSENGER VEHICLE
2015,2015-06-17,23:00,STATEN ISLAND,10309,40.5421068,-74.215009,0.0,0.0,0,0,0,0,0,0,Driver Inexperience,Unspecified,,,,PASSENGER VEHICLE,SPORT UTILITY / STATION WAGON
2015,2015-06-17,14:30,,,,,0.0,0.0,0,0,0,0,0,0,Failure to Yield Right-of-Way,Unspecified,,,,PICK-UP TRUCK,PASSENGER VEHICLE
2015,2015-06-18,16:30,,,40.6706674,-73.8010245,0.0,0.0,0,0,0,0,0,0,Turning Improperly,Unspecified,,,,PASSENGER VEHICLE,LARGE COM VEH(6 OR MORE TIRES)
2015,2015-06-18,10:50,QUEENS,11369,40.7612655,-73.8749973,0.0,0.0,0,0,0,0,0,0,Unspecified,Unspecified,,,,PASSENGER VEHICLE,PASSENGER VEHICLE
2015,2015-06-19,10:20,BROOKLYN,11225,40.6637286,-73.9538481,0.0,0.0,0,0,0,0,0,0,Lost Consciousness,Lost Consciousness,,,,PASSENGER VEHICLE,SPORT UTILITY / STATION WAGON
2015,2015-06-21,16:34,MANHATTAN,10012,40.7203211,-73.9940403,0.0,0.0,0,0,0,0,0,0,Driver Inattention/Distraction,Unspecified,,,,PASSENGER VEHICLE,TAXI
2015,2015-06-22,7:10,QUEENS,11378,40.7284135,-73.9175358,0.0,0.0,0,0,0,0,0,0,Unspecified,Unspecified,,,,OTHER,OTHER
2015,2015-06-22,17:51,QUEENS,11354,40.7759163,-73.8258299,0.0,0.0,0,0,0,0,0,0,Driver Inattention/Distraction,,,,,PASSENGER VEHICLE,
2015,2015-06-22,11:20,,,40.5913969,-73.9078675,0.0,0.0,0,0,0,0,0,0,Driver Inattention/Distraction,Unspecified,,,,SPORT UTILITY / STATION WAGON,PASSENGER VEHICLE
2015,2015-06-23,9:08,MANHATTAN,10001,40.7484685,-73.9924606,0.0,0.0,0,0,0,0,0,0,Fatigued/Drowsy,Fatigued/Drowsy,,,,SPORT UTILITY / STATION WAGON,VAN
2015,2015-06-23,13:00,BROOKLYN,11215,40.6638223,-73.9874527,0.0,0.0,0,0,0,0,0,0,Other Vehicular,Unspecified,,,,PASSENGER VEHICLE,UNKNOWN
2015,2015-06-23,0:10,STATEN ISLAND,10307,40.510712,-74.2343997,0.0,0.0,0,0,0,0,0,0,Unspecified,Unspecified,Unspecified,,,PASSENGER VEHICLE,PASSENGER VEHICLE
2015,2015-06-24,3:30,QUEENS,11001,40.7309703,-73.7108946,0.0,0.0,0,0,0,0,0,0,Outside Car Distraction,Unspecified,Unspecified,,,PASSENGER VEHICLE,PASSENGER VEHICLE
2015,2015-06-25,17:55,MANHATTAN,10028,40.7775914,-73.9590913,0.0,0.0,0,0,0,0,0,0,Backing Unsafely,Unspecified,,,,TAXI,TAXI
2015,2015-06-26,4:15,,,40.7188118,-73.832643,0.0,0.0,0,0,0,0,0,0,Physical Disability,Unspecified,,,,VAN,PASSENGER VEHICLE
2015,2015-06-29,17:40,MANHATTAN,10038,40.7108271,-74.0033798,0.0,0.0,0,0,0,0,0,0,Failure to Yield Right-of-Way,Unspecified,,,,SPORT UTILITY / STATION WAGON,PASSENGER VEHICLE
2015,2015-07-01,13:30,BROOKLYN,11212,40.658393,-73.9155679,0.0,0.0,0,0,0,0,0,0,Physical Disability,Unspecified,,,,PASSENGER VEHICLE,BUS
2015,2015-07-02,17:30,BROOKLYN,11217,40.6869302,-73.9848306,0.0,0.0,0,0,0,0,0,0,Lost Consciousness,Unspecified,,,,PASSENGER VEHICLE,PASSENGER VEHICLE
2015,2015-07-02,13:30,MANHATTAN,10001,40.7482897,-73.9881767,0.0,0.0,0,0,0,0,0,0,Driver Inattention/Distraction,Driver Inattention/Distraction,,,,PASSENGER VEHICLE,TAXI
2015,2015-07-03,15:00,MANHATTAN,10039,40.8291633,-73.9372668,0.0,0.0,0,0,0,0,0,0,Unspecified,Unspecified,,,,SPORT UTILITY / STATION WAGON,SPORT UTILITY / STATION WAGON
2015,2015-07-03,20:45,BROOKLYN,11208,40.6758036,-73.8691513,0.0,0.0,0,0,0,0,0,0,Unspecified,Unspecified,,,,PASSENGER VEHICLE,PASSENGER VEHICLE
2015,2015-07-04,8:50,BROOKLYN,11204,40.6127725,-73.993344,0.0,0.0,0,0,0,0,0,0,Unspecified,Unspecified,,,,UNKNOWN,SPORT UTILITY / STATION WAGON
2015,2015-07-04,17:38,,,40.7045457,-73.7272221,0.0,0.0,0,0,0,0,0,0,Unspecified,Unspecified,,,,PASSENGER VEHICLE,PASSENGER VEHICLE
2015,2015-07-06,15:00,BROOKLYN,11211,40.7154014,-73.9269272,1.0,0.0,1,0,0,0,0,0,Backing Unsafely,,,,,PASSENGER VEHICLE,
2015,2015-07-06,11:53,BROOKLYN,11207,40.6718921,-73.8958679,1.0,0.0,0,0,1,0,0,0,Unspecified,Unspecified,,,,PASSENGER VEHICLE,BICYCLE
2015,2015-07-06,16:35,BROOKLYN,11206,40.6948811,-73.9404116,0.0,0.0,0,0,0,0,0,0,Other Vehicular,Other Vehicular,,,,PASSENGER VEHICLE,PASSENGER VEHICLE
2015,2015-07-06,20:40,MANHATTAN,10018,40.7529363,-73.9854869,0.0,0.0,0,0,0,0,0,0,Unspecified,,,,,PASSENGER VEHICLE,PASSENGER VEHICLE
2015,2015-07-06,14:45,BROOKLYN,11217,40.6808708,-73.9751443,0.0,0.0,0,0,0,0,0,0,Turning Improperly,Turning Improperly,,,,PASSENGER VEHICLE,LARGE COM VEH(6 OR MORE TIRES)
2015,2015-07-07,14:00,MANHATTAN,10065,40.7637343,-73.9620635,0.0,0.0,0,0,0,0,0,0,Turning Improperly,Unspecified,,,,LARGE COM VEH(6 OR MORE TIRES),PASSENGER VEHICLE
2015,2015-07-07,15:00,QUEENS,11434,40.6678597,-73.7665584,0.0,0.0,0,0,0,0,0,0,Unspecified,,,,,SPORT UTILITY / STATION WAGON,PASSENGER VEHICLE
2015,2015-07-08,19:00,BROOKLYN,11203,40.6516464,-73.9323235,0.0,0.0,0,0,0,0,0,0,Backing Unsafely,Unspecified,,,,SPORT UTILITY / STATION WAGON,SPORT UTILITY / STATION WAGON
2015,2015-07-08,10:45,QUEENS,11103,40.7654813,-73.9136994,0.0,0.0,0,0,0,0,0,0,Unspecified,,,,,SPORT UTILITY / STATION WAGON,
2015,2015-07-09,20:00,BROOKLYN,11212,40.6544573,-73.9087722,1.0,0.0,0,0,0,0,1,0,Unspecified,Unspecified,,,,PASSENGER VEHICLE,PASSENGER VEHICLE
2015,2015-07-09,14:00,MANHATTAN,10017,40.7534818,-73.9808885,0.0,0.0,0,0,0,0,0,0,Failure to Yield Right-of-Way,Failure to Yield Right-of-Way,,,,PASSENGER VEHICLE,PICK-UP TRUCK
2015,2015-07-10,8:55,MANHATTAN,10040,40.8578397,-73.9320414,1.0,0.0,1,0,0,0,0,0,Unspecified,,,,,PASSENGER VEHICLE,
2015,2015-07-10,20:50,QUEENS,11374,40.7194266,-73.8646861,0.0,0.0,0,0,0,0,0,0,Fatigued/Drowsy,Unspecified,,,,PASSENGER VEHICLE,PASSENGER VEHICLE
2015,2015-07-10,21:00,,,,,0.0,0.0,0,0,0,0,0,0,Unspecified,Unspecified,,,,SPORT UTILITY / STATION WAGON,LARGE COM VEH(6 OR MORE TIRES)
2015,2015-07-10,21:13,MANHATTAN,10018,40.7535538,-73.9850428,0.0,0.0,0,0,0,0,0,0,Other Vehicular,,,,,PASSENGER VEHICLE,TAXI
2015,2015-07-10,19:30,QUEENS,11417,40.6706304,-73.8474132,0.0,0.0,0,0,0,0,0,0,Fatigued/Drowsy,Unspecified,,,,SPORT UTILITY / STATION WAGON,PASSENGER VEHICLE
2015,2015-07-12,16:45,BRONX,10457,40.8436876,-73.9076597,0.0,0.0,0,0,0,0,0,0,Traffic Control Disregarded,Physical Disability,,,,PASSENGER VEHICLE,SPORT UTILITY / STATION WAGON
2015,2015-07-12,6:45,,,40.7529688,-73.8368803,0.0,0.0,0,0,0,0,0,0,Unspecified,,,,,PASSENGER VEHICLE,
2015,2015-07-13,11:13,MANHATTAN,10005,40.7049665,-74.011711,0.0,0.0,0,0,0,0,0,0,Other Vehicular,,,,,OTHER,PASSENGER VEHICLE
2015,2015-07-14,15:56,BROOKLYN,11208,40.6784438,-73.8688541,1.0,0.0,0,0,1,0,0,0,Unspecified,Unspecified,,,,PASSENGER VEHICLE,BICYCLE
2015,2015-07-16,11:45,,,40.7610542,-73.7780927,0.0,0.0,0,0,0,0,0,0,Outside Car Distraction,Unspecified,,,,SPORT UTILITY / STATION WAGON,PASSENGER VEHICLE
2015,2015-07-17,14:18,,,40.7850321,-73.9405708,0.0,0.0,0,0,0,0,0,0,Fatigued/Drowsy,Unspecified,,,,PASSENGER VEHICLE,SPORT UTILITY / STATION WAGON
2015,2015-07-17,20:30,QUEENS,11416,40.6870336,-73.8477219,2.0,0.0,0,0,0,0,2,0,Driver Inattention/Distraction,Fatigued/Drowsy,,,,PASSENGER VEHICLE,PASSENGER VEHICLE
2015,2015-07-18,17:30,,,40.7233371,-73.9388732,0.0,0.0,0,0,0,0,0,0,Turning Improperly,Unspecified,,,,SPORT UTILITY / STATION WAGON,PASSENGER VEHICLE
2015,2015-07-18,15:05,BRONX,10475,40.8847113,-73.8313023,0.0,0.0,0,0,0,0,0,0,Unspecified,Unspecified,,,,SPORT UTILITY / STATION WAGON,SPORT UTILITY / STATION WAGON
2015,2015-07-19,16:35,BROOKLYN,11234,40.6260109,-73.9247087,1.0,0.0,1,0,0,0,0,0,Failure to Yield Right-of-Way,,,,,SPORT UTILITY / STATION WAGON,
2015,2015-07-20,12:15,BROOKLYN,11229,40.604551,-73.9475111,0.0,0.0,0,0,0,0,0,0,Driver Inattention/Distraction,Unspecified,Unspecified,,,PASSENGER VEHICLE,SPORT UTILITY / STATION WAGON
2015,2015-07-20,15:20,MANHATTAN,10027,40.8127513,-73.9455695,0.0,0.0,0,0,0,0,0,0,Unspecified,,,,,SPORT UTILITY / STATION WAGON,BUS
2015,2015-07-21,19:20,QUEENS,11355,40.7460428,-73.8260812,0.0,0.0,0,0,0,0,0,0,Backing Unsafely,Unspecified,,,,VAN,MOTORCYCLE
2015,2015-07-23,15:00,BROOKLYN,11205,40.6990904,-73.956074,2.0,0.0,0,0,0,0,2,0,Fatigued/Drowsy,Unspecified,,,,PASSENGER VEHICLE,PASSENGER VEHICLE
2015,2015-07-23,8:45,,,40.6664134,-73.7881226,0.0,0.0,0,0,0,0,0,0,Fatigued/Drowsy,Unspecified,,,,SPORT UTILITY / STATION WAGON,PASSENGER VEHICLE
2015,2015-07-23,20:55,QUEENS,11418,40.6968646,-73.8371654,1.0,0.0,1,0,0,0,0,0,Other Electronic Device,,,,,SPORT UTILITY / STATION WAGON,
2015,2015-07-24,12:36,BROOKLYN,11201,40.6896312,-73.9857387,0.0,0.0,0,0,0,0,0,0,Unspecified,Unspecified,,,,SPORT UTILITY / STATION WAGON,SPORT UTILITY / STATION WAGON
2015,2015-07-24,9:48,BRONX,10466,40.8842422,-73.8492773,0.0,0.0,0,0,0,0,0,0,Driver Inattention/Distraction,Unspecified,,,,SPORT UTILITY / STATION WAGON,SPORT UTILITY / STATION WAGON
2015,2015-07-24,10:41,QUEENS,11379,40.7229589,-73.8669085,0.0,0.0,0,0,0,0,0,0,Unspecified,Unspecified,Unspecified,,,SPORT UTILITY / STATION WAGON,PASSENGER VEHICLE
2015,2015-07-26,8:56,BRONX,10470,40.9022776,-73.855831,0.0,0.0,0,0,0,0,0,0,Unspecified,Unspecified,,,,PASSENGER VEHICLE,UNKNOWN
2015,2015-07-29,15:00,,,,,0.0,0.0,0,0,0,0,0,0,Lost Consciousness,Oversized Vehicle,,,,PASSENGER VEHICLE,BUS
2015,2015-07-29,13:35,MANHATTAN,10035,40.8050573,-73.9390342,1.0,0.0,1,0,0,0,0,0,Unspecified,,,,,BUS,
2015,2015-07-30,18:30,MANHATTAN,10014,40.7278775,-74.0054264,0.0,0.0,0,0,0,0,0,0,Unspecified,Unspecified,,,,PASSENGER VEHICLE,PICK-UP TRUCK
2015,2015-07-31,18:30,MANHATTAN,10007,40.7141646,-74.006309,0.0,0.0,0,0,0,0,0,0,Fatigued/Drowsy,Unspecified,,,,LIVERY VEHICLE,PASSENGER VEHICLE
2015,2015-07-31,17:01,BROOKLYN,11238,40.6792042,-73.9552939,0.0,0.0,0,0,0,0,0,0,Other Vehicular,Lost Consciousness,,,,SPORT UTILITY / STATION WAGON,LIVERY VEHICLE
2015,2015-07-31,12:45,BROOKLYN,11222,40.7248848,-73.9474235,0.0,0.0,0,0,0,0,0,0,Unspecified,,,,,SMALL COM VEH(4 TIRES) ,SPORT UTILITY / STATION WAGON
2015,2015-07-31,23:00,BRONX,10452,40.8300027,-73.9317229,0.0,0.0,0,0,0,0,0,0,Unspecified,Unspecified,,,,PASSENGER VEHICLE,PASSENGER VEHICLE
2015,2015-08-01,18:00,BROOKLYN,11213,40.6668786,-73.9452128,0.0,0.0,0,0,0,0,0,0,Physical Disability,Unspecified,,,,PASSENGER VEHICLE,SPORT UTILITY / STATION WAGON
2015,2015-08-02,18:10,BRONX,10467,40.8695471,-73.8797182,0.0,0.0,0,0,0,0,0,0,Driver Inattention/Distraction,Unspecified,,,,PASSENGER VEHICLE,PASSENGER VEHICLE
2015,2015-08-03,7:00,,,40.6662366,-73.7609885,0.0,0.0,0,0,0,0,0,0,Unspecified,Unspecified,Unspecified,,,PASSENGER VEHICLE,PASSENGER VEHICLE
2015,2015-08-04,17:50,,,40.764071,-73.8091361,0.0,0.0,0,0,0,0,0,0,Backing Unsafely,Lost Consciousness,,,,SPORT UTILITY / STATION WAGON,PASSENGER VEHICLE
2015,2015-08-04,11:00,,,,,0.0,0.0,0,0,0,0,0,0,Unspecified,,,,,SPORT UTILITY / STATION WAGON,
2015,2015-08-05,11:02,BROOKLYN,11201,40.6941197,-73.9946196,0.0,0.0,0,0,0,0,0,0,Driver Inattention/Distraction,Unspecified,,,,PASSENGER VEHICLE,PASSENGER VEHICLE
2015,2015-08-06,20:10,MANHATTAN,10016,40.7450578,-73.9786065,0.0,0.0,0,0,0,0,0,0,Failure to Yield Right-of-Way,Unspecified,,,,SPORT UTILITY / STATION WAGON,PASSENGER VEHICLE
2015,2015-08-06,17:05,,,,,0.0,0.0,0,0,0,0,0,0,Unspecified,,,,,UNKNOWN,PASSENGER VEHICLE
2015,2015-08-07,13:30,MANHATTAN,10022,40.7622265,-73.9681866,0.0,0.0,0,0,0,0,0,0,Unspecified,Unspecified,,,,PASSENGER VEHICLE,OTHER
2015,2015-08-08,11:27,QUEENS,11377,40.7503922,-73.9052229,0.0,0.0,0,0,0,0,0,0,Unspecified,Unspecified,,,,SPORT UTILITY / STATION WAGON,LIVERY VEHICLE
2015,2015-08-09,12:50,QUEENS,11361,40.773287,-73.7766338,0.0,0.0,0,0,0,0,0,0,Failure to Yield Right-of-Way,Unspecified,,,,PASSENGER VEHICLE,PASSENGER VEHICLE
2015,2015-08-12,19:05,MANHATTAN,10018,40.7564889,-73.9977585,0.0,0.0,0,0,0,0,0,0,Prescription Medication,Unspecified,,,,PASSENGER VEHICLE,SPORT UTILITY / STATION WAGON
2015,2015-08-12,9:25,,,40.6621777,-73.8502387,0.0,0.0,0,0,0,0,0,0,Turning Improperly,Unspecified,,,,UNKNOWN,UNKNOWN
2015,2015-08-12,16:49,MANHATTAN,10035,40.8027515,-73.933575,1.0,0.0,0,0,0,0,1,0,Unspecified,Unspecified,,,,PASSENGER VEHICLE,SPORT UTILITY / STATION WAGON
2015,2015-08-13,20:00,,,40.5966212,-74.0022985,0.0,0.0,0,0,0,0,0,0,Driver Inattention/Distraction,Unspecified,,,,PASSENGER VEHICLE,SPORT UTILITY / STATION WAGON
2015,2015-08-13,15:20,BROOKLYN,11213,40.676121,-73.9359976,0.0,0.0,0,0,0,0,0,0,Backing Unsafely,Unspecified,,,,PASSENGER VEHICLE,PASSENGER VEHICLE
2015,2015-08-13,7:01,QUEENS,11105,40.7840512,-73.9124295,0.0,0.0,0,0,0,0,0,0,Fell Asleep,,,,,SPORT UTILITY / STATION WAGON,
2015,2015-08-14,13:50,MANHATTAN,10019,40.7692957,-73.9949385,0.0,0.0,0,0,0,0,0,0,Pavement Slippery,Unspecified,,,,PASSENGER VEHICLE,LARGE COM VEH(6 OR MORE TIRES)
2015,2015-08-14,5:00,BROOKLYN,11237,40.7109383,-73.9267013,0.0,0.0,0,0,0,0,0,0,Backing Unsafely,Unspecified,,,,OTHER,VAN
2015,2015-08-16,22:00,QUEENS,11106,40.763574,-73.9218819,0.0,0.0,0,0,0,0,0,0,Unspecified,Unspecified,,,,PASSENGER VEHICLE,SPORT UTILITY / STATION WAGON
2015,2015-08-16,17:30,BROOKLYN,11212,40.6541702,-73.9137605,0.0,0.0,0,0,0,0,0,0,Unspecified,Unspecified,,,,SPORT UTILITY / STATION WAGON,SPORT UTILITY / STATION WAGON
2015,2015-08-17,5:30,BROOKLYN,11207,40.6566932,-73.8946302,1.0,0.0,0,0,0,0,1,0,Unspecified,Unspecified,,,,SPORT UTILITY / STATION WAGON,SPORT UTILITY / STATION WAGON
2015,2015-08-17,17:05,BROOKLYN,11207,40.6718921,-73.8958679,0.0,0.0,0,0,0,0,0,0,Unspecified,Unspecified,,,,PICK-UP TRUCK,PASSENGER VEHICLE
2015,2015-08-19,7:15,,,,,0.0,0.0,0,0,0,0,0,0,Other Vehicular,Unspecified,,,,SPORT UTILITY / STATION WAGON,SPORT UTILITY / STATION WAGON
2015,2015-08-19,1:34,BRONX,10475,40.8680877,-73.8338573,0.0,0.0,0,0,0,0,0,0,Unspecified,,,,,PASSENGER VEHICLE,
2015,2015-08-20,10:00,QUEENS,11361,40.7629734,-73.760785,0.0,0.0,0,0,0,0,0,0,Backing Unsafely,Unspecified,,,,PASSENGER VEHICLE,PASSENGER VEHICLE
2015,2015-08-21,17:20,QUEENS,11357,40.7899571,-73.8179313,0.0,0.0,0,0,0,0,0,0,Physical Disability,Unspecified,Unspecified,,,SPORT UTILITY / STATION WAGON,SPORT UTILITY / STATION WAGON
2015,2015-08-21,10:38,MANHATTAN,10033,40.8467631,-73.9337768,0.0,0.0,0,0,0,0,0,0,Other Vehicular,,,,,PASSENGER VEHICLE,PASSENGER VEHICLE
2015,2015-08-21,10:10,MANHATTAN,10018,40.7522807,-73.9896919,0.0,0.0,0,0,0,0,0,0,Lost Consciousness,Unspecified,,,,SMALL COM VEH(4 TIRES) ,VAN
2015,2015-08-22,2:05,MANHATTAN,10024,40.7812659,-73.9759806,0.0,0.0,0,0,0,0,0,0,Unspecified,,,,,PASSENGER VEHICLE,
2015,2015-08-22,13:40,QUEENS,11378,40.7313888,-73.9001444,0.0,0.0,0,0,0,0,0,0,Unspecified,Unspecified,,,,PASSENGER VEHICLE,PASSENGER VEHICLE
2015,2015-08-23,8:46,BROOKLYN,11208,40.6806525,-73.8657491,0.0,0.0,0,0,0,0,0,0,Unspecified,Unspecified,Unspecified,Unspecified,,SPORT UTILITY / STATION WAGON,SPORT UTILITY / STATION WAGON
2015,2015-08-24,16:45,QUEENS,11101,40.7412433,-73.9361624,0.0,0.0,0,0,0,0,0,0,Oversized Vehicle,Unspecified,,,,PASSENGER VEHICLE,UNKNOWN
2015,2015-08-24,12:15,QUEENS,11419,40.6862342,-73.8241748,0.0,0.0,0,0,0,0,0,0,Unspecified,Unspecified,,,,SPORT UTILITY / STATION WAGON,VAN
2015,2015-08-25,16:50,BROOKLYN,11219,40.636147,-73.9909565,0.0,0.0,0,0,0,0,0,0,Unspecified,,,,,SPORT UTILITY / STATION WAGON,VAN
2015,2015-08-25,21:25,BROOKLYN,11222,40.7307208,-73.948772,1.0,0.0,0,0,1,0,0,0,Unspecified,,,,,UNKNOWN,BICYCLE
2015,2015-08-26,16:45,,,,,1.0,0.0,0,0,0,0,1,0,Driver Inattention/Distraction,Driver Inattention/Distraction,Traffic Control Disregarded,,,PASSENGER VEHICLE,PASSENGER VEHICLE
2015,2015-08-27,12:30,,,40.7560994,-73.7465393,0.0,0.0,0,0,0,0,0,0,Driver Inattention/Distraction,Unspecified,Unspecified,,,SPORT UTILITY / STATION WAGON,SPORT UTILITY / STATION WAGON
2015,2015-08-29,23:40,BROOKLYN,11201,40.6854487,-73.991332,0.0,0.0,0,0,0,0,0,0,Unspecified,Unspecified,,,,PASSENGER VEHICLE,OTHER
2015,2015-09-01,9:25,,,40.8049944,-73.9113446,0.0,0.0,0,0,0,0,0,0,Cell Phone (hands-free),Unspecified,,,,PASSENGER VEHICLE,SMALL COM VEH(4 TIRES) 
2015,2015-09-01,8:10,BROOKLYN,11204,40.6260343,-73.983263,0.0,0.0,0,0,0,0,0,0,Backing Unsafely,Unspecified,,,,SPORT UTILITY / STATION WAGON,PASSENGER VEHICLE
2015,2015-09-02,21:30,BRONX,10475,40.8859908,-73.827914,0.0,0.0,0,0,0,0,0,0,Unspecified,Unspecified,,,,UNKNOWN,UNKNOWN
2015,2015-09-02,16:35,,,40.7914921,-73.935763,0.0,0.0,0,0,0,0,0,0,Turning Improperly,Unspecified,Unspecified,,,PASSENGER VEHICLE,PASSENGER VEHICLE
2015,2015-09-03,9:10,QUEENS,11373,40.7457972,-73.8838429,1.0,0.0,1,0,0,0,0,0,Driver Inattention/Distraction,,,,,SPORT UTILITY / STATION WAGON,
2015,2015-09-05,1:51,QUEENS,11102,40.7729874,-73.9163866,0.0,0.0,0,0,0,0,0,0,Driver Inattention/Distraction,Unspecified,,,,UNKNOWN,PASSENGER VEHICLE
2015,2015-09-06,2:00,QUEENS,11423,40.7159724,-73.762274,0.0,0.0,0,0,0,0,0,0,Driver Inattention/Distraction,Unspecified,,,,SPORT UTILITY / STATION WAGON,SPORT UTILITY / STATION WAGON
2015,2015-09-06,12:55,MANHATTAN,10029,40.7850411,-73.9410314,0.0,0.0,0,0,0,0,0,0,Unspecified,Unspecified,,,,SPORT UTILITY / STATION WAGON,PASSENGER VEHICLE
2015,2015-09-08,14:08,,,,,0.0,0.0,0,0,0,0,0,0,Other Vehicular,Fatigued/Drowsy,,,,SPORT UTILITY / STATION WAGON,PASSENGER VEHICLE
2015,2015-09-08,16:30,QUEENS,11375,40.7193491,-73.8426228,0.0,0.0,0,0,0,0,0,0,Unspecified,Unspecified,,,,PASSENGER VEHICLE,SPORT UTILITY / STATION WAGON
2015,2015-09-09,9:12,,,,,0.0,0.0,0,0,0,0,0,0,Unspecified,Unspecified,,,,PASSENGER VEHICLE,PASSENGER VEHICLE
2015,2015-09-10,18:00,QUEENS,11423,40.7129058,-73.7659498,0.0,0.0,0,0,0,0,0,0,Other Vehicular,Unspecified,,,,PASSENGER VEHICLE,VAN
2015,2015-09-10,18:00,BROOKLYN,11203,40.64632,-73.9298028,0.0,0.0,0,0,0,0,0,0,Unspecified,Unspecified,,,,SPORT UTILITY / STATION WAGON,SPORT UTILITY / STATION WAGON
2015,2015-09-11,8:48,QUEENS,11375,40.7264123,-73.8432519,0.0,0.0,0,0,0,0,0,0,Unspecified,Unspecified,,,,OTHER,SPORT UTILITY / STATION WAGON
2015,2015-09-12,10:30,,,,,0.0,0.0,0,0,0,0,0,0,Unspecified,Unspecified,,,,PASSENGER VEHICLE,PASSENGER VEHICLE
2015,2015-09-13,16:45,,,40.6181615,-74.1623111,0.0,0.0,0,0,0,0,0,0,Fatigued/Drowsy,Unspecified,,,,PASSENGER VEHICLE,PASSENGER VEHICLE
2015,2015-09-13,11:25,BROOKLYN,11219,40.6433001,-73.9942598,1.0,0.0,0,0,1,0,0,0,Passenger Distraction,Unspecified,,,,PASSENGER VEHICLE,BICYCLE
2015,2015-09-14,9:30,,,,,0.0,0.0,0,0,0,0,0,0,Unspecified,Unspecified,,,,SPORT UTILITY / STATION WAGON,OTHER
2015,2015-09-14,12:26,MANHATTAN,10011,40.736035,-73.9978061,0.0,0.0,0,0,0,0,0,0,Unspecified,,,,,SPORT UTILITY / STATION WAGON,LARGE COM VEH(6 OR MORE TIRES)
2015,2015-09-17,8:55,MANHATTAN,10016,40.7495397,-73.9774357,0.0,0.0,0,0,0,0,0,0,Other Vehicular,Other Vehicular,,,,PICK-UP TRUCK,PASSENGER VEHICLE
2015,2015-09-18,11:00,MANHATTAN,10016,40.7454414,-73.9753944,0.0,0.0,0,0,0,0,0,0,Other Vehicular,Driver Inattention/Distraction,,,,AMBULANCE,SMALL COM VEH(4 TIRES) 
2015,2015-09-19,0:25,BRONX,10458,40.8679577,-73.8876898,0.0,0.0,0,0,0,0,0,0,Lost Consciousness,Unspecified,,,,PASSENGER VEHICLE,SPORT UTILITY / STATION WAGON
2015,2015-09-20,11:00,BRONX,10456,40.830915,-73.9204622,0.0,0.0,0,0,0,0,0,0,Other Vehicular,Fatigued/Drowsy,,,,VAN,LIVERY VEHICLE
2015,2015-09-20,18:10,,,,,0.0,0.0,0,0,0,0,0,0,Fatigued/Drowsy,Fatigued/Drowsy,,,,MOTORCYCLE,PASSENGER VEHICLE
2015,2015-09-21,7:15,BRONX,10467,40.8732835,-73.8703753,0.0,0.0,0,0,0,0,0,0,Unspecified,Unspecified,,,,SMALL COM VEH(4 TIRES) ,PASSENGER VEHICLE
2015,2015-09-22,2:18,,,,,1.0,0.0,0,0,0,0,1,0,Unspecified,Unspecified,,,,PASSENGER VEHICLE,PASSENGER VEHICLE
2015,2015-09-22,6:35,QUEENS,11369,40.7631801,-73.8763293,0.0,0.0,0,0,0,0,0,0,Unspecified,Unspecified,,,,PASSENGER VEHICLE,PASSENGER VEHICLE
2015,2015-09-22,9:00,QUEENS,11364,40.7502443,-73.7573695,0.0,0.0,0,0,0,0,0,0,Failure to Yield Right-of-Way,Unspecified,,,,PASSENGER VEHICLE,PASSENGER VEHICLE
2015,2015-09-22,11:30,QUEENS,11368,40.739637,-73.8607297,0.0,0.0,0,0,0,0,0,0,Driver Inattention/Distraction,Unspecified,,,,PICK-UP TRUCK,LARGE COM VEH(6 OR MORE TIRES)
2015,2015-09-22,18:30,BROOKLYN,11212,40.6628331,-73.9261378,0.0,0.0,0,0,0,0,0,0,Illness,Unspecified,,,,PASSENGER VEHICLE,PASSENGER VEHICLE
2015,2015-09-23,12:45,MANHATTAN,10018,40.7571064,-73.9973001,0.0,0.0,0,0,0,0,0,0,Lost Consciousness,Prescription Medication,,,,SPORT UTILITY / STATION WAGON,OTHER
2015,2015-09-23,17:00,,,,,0.0,0.0,0,0,0,0,0,0,Driver Inattention/Distraction,Unspecified,,,,PASSENGER VEHICLE,PASSENGER VEHICLE
2015,2015-09-23,17:30,BROOKLYN,11209,40.6341088,-74.0325954,0.0,0.0,0,0,0,0,0,0,Traffic Control Disregarded,Unspecified,,,,SPORT UTILITY / STATION WAGON,UNKNOWN
2015,2015-09-24,6:45,,,40.6006911,-74.0100458,0.0,0.0,0,0,0,0,0,0,Driver Inattention/Distraction,,,,,LARGE COM VEH(6 OR MORE TIRES),
2015,2015-09-24,9:00,BROOKLYN,11236,40.6338025,-73.8896944,2.0,0.0,0,0,0,0,2,0,Unspecified,Unspecified,,,,SPORT UTILITY / STATION WAGON,SPORT UTILITY / STATION WAGON
2015,2015-09-25,15:42,BROOKLYN,11214,40.6037285,-73.9967985,0.0,0.0,0,0,0,0,0,0,Driver Inattention/Distraction,,,,,VAN,SPORT UTILITY / STATION WAGON
2015,2015-09-25,8:03,,,40.6663962,-73.8135639,0.0,0.0,0,0,0,0,0,0,Unspecified,Unspecified,,,,SPORT UTILITY / STATION WAGON,VAN
2015,2015-09-25,8:00,BROOKLYN,11236,40.6343191,-73.8962112,0.0,0.0,0,0,0,0,0,0,Unspecified,Unspecified,,,,PASSENGER VEHICLE,UNKNOWN
2015,2015-09-27,22:10,,,,,1.0,0.0,0,0,0,0,1,0,Driver Inattention/Distraction,Fatigued/Drowsy,,,,PASSENGER VEHICLE,SPORT UTILITY / STATION WAGON
2015,2015-09-27,5:30,MANHATTAN,10016,40.7465356,-73.9859503,0.0,0.0,0,0,0,0,0,0,Unspecified,Unspecified,,,,SPORT UTILITY / STATION WAGON,UNKNOWN
2015,2015-09-27,10:15,MANHATTAN,10007,40.7131354,-74.0040581,0.0,0.0,0,0,0,0,0,0,Driver Inattention/Distraction,Other Vehicular,,,,SPORT UTILITY / STATION WAGON,LIVERY VEHICLE
2015,2015-09-27,16:00,MANHATTAN,10032,40.8356902,-73.9373836,0.0,0.0,0,0,0,0,0,0,Backing Unsafely,Unspecified,,,,UNKNOWN,SPORT UTILITY / STATION WAGON
2015,2015-09-29,22:50,MANHATTAN,10019,40.7629663,-73.9739693,0.0,0.0,0,0,0,0,0,0,Unspecified,Unspecified,,,,LIVERY VEHICLE,PASSENGER VEHICLE
2015,2015-09-29,15:20,STATEN ISLAND,10306,40.5732578,-74.0948425,1.0,0.0,0,0,0,0,1,0,Brakes Defective,Unspecified,,,,PASSENGER VEHICLE,SPORT UTILITY / STATION WAGON
2015,2015-09-30,8:55,BROOKLYN,11203,40.6492783,-73.9436055,0.0,0.0,0,0,0,0,0,0,Unspecified,Unspecified,,,,SPORT UTILITY / STATION WAGON,UNKNOWN
2015,2015-09-30,14:05,,,40.6655878,-73.8313156,0.0,0.0,0,0,0,0,0,0,Fatigued/Drowsy,Unspecified,Unspecified,,,PASSENGER VEHICLE,OTHER
2015,2015-10-01,16:40,STATEN ISLAND,10306,40.5725737,-74.1164858,0.0,0.0,0,0,0,0,0,0,Traffic Control Disregarded,Physical Disability,,,,PASSENGER VEHICLE,PASSENGER VEHICLE
2015,2015-10-01,18:05,BROOKLYN,11220,40.6445458,-74.0109005,0.0,0.0,0,0,0,0,0,0,Unspecified,Unspecified,,,,PASSENGER VEHICLE,SPORT UTILITY / STATION WAGON
2015,2015-10-01,10:00,,,,,1.0,0.0,0,0,0,0,1,0,Unspecified,Unspecified,,,,OTHER,PASSENGER VEHICLE
2015,2015-10-04,17:22,QUEENS,11419,40.6862342,-73.8241748,0.0,0.0,0,0,0,0,0,0,Other Electronic Device,Unspecified,,,,SPORT UTILITY / STATION WAGON,PASSENGER VEHICLE
2015,2015-10-05,8:30,MANHATTAN,10019,40.769792,-73.9880646,0.0,0.0,0,0,0,0,0,0,Other Vehicular,Other Vehicular,Other Vehicular,,,PASSENGER VEHICLE,VAN
2015,2015-10-06,14:08,BRONX,10458,40.87213,-73.8824688,2.0,0.0,0,0,0,0,2,0,Unspecified,Unspecified,,,,PASSENGER VEHICLE,PASSENGER VEHICLE
2015,2015-10-09,18:00,QUEENS,11101,40.7551396,-73.9221192,1.0,0.0,0,0,0,0,1,0,Unspecified,Unspecified,,,,PASSENGER VEHICLE,MOTORCYCLE
2015,2015-10-09,17:46,QUEENS,11429,40.7114692,-73.7314927,1.0,0.0,0,0,0,0,1,0,Unspecified,Unspecified,,,,SPORT UTILITY / STATION WAGON,PASSENGER VEHICLE
2015,2015-10-09,6:00,BROOKLYN,11226,40.6407675,-73.9514066,1.0,0.0,0,0,0,0,1,0,Fatigued/Drowsy,Unspecified,,,,PASSENGER VEHICLE,PASSENGER VEHICLE
2015,2015-10-09,12:00,QUEENS,11378,40.7153614,-73.91283,0.0,0.0,0,0,0,0,0,0,Unspecified,Unspecified,,,,SMALL COM VEH(4 TIRES) ,LARGE COM VEH(6 OR MORE TIRES)
2015,2015-10-10,3:00,BRONX,10472,40.8290531,-73.8503707,0.0,0.0,0,0,0,0,0,0,Alcohol Involvement,Unspecified,,,,PASSENGER VEHICLE,PASSENGER VEHICLE
2015,2015-10-10,17:38,,,,,0.0,0.0,0,0,0,0,0,0,Driver Inattention/Distraction,Unspecified,,,,SPORT UTILITY / STATION WAGON,SPORT UTILITY / STATION WAGON
2015,2015-10-10,18:32,QUEENS,11417,40.6719314,-73.8516353,0.0,0.0,0,0,0,0,0,0,Traffic Control Disregarded,Traffic Control Disregarded,,,,SPORT UTILITY / STATION WAGON,PASSENGER VEHICLE
2015,2015-10-10,17:35,,,,,0.0,0.0,0,0,0,0,0,0,Traffic Control Disregarded,Traffic Control Disregarded,Unspecified,,,PASSENGER VEHICLE,PASSENGER VEHICLE
2015,2015-10-10,20:22,,,40.7577664,-73.8525104,0.0,0.0,0,0,0,0,0,0,Driver Inattention/Distraction,Unspecified,,,,PASSENGER VEHICLE,SPORT UTILITY / STATION WAGON
2015,2015-10-11,22:11,BROOKLYN,11222,40.7212926,-73.948873,0.0,0.0,0,0,0,0,0,0,Driver Inattention/Distraction,Unspecified,,,,SPORT UTILITY / STATION WAGON,UNKNOWN
2015,2015-10-11,18:30,MANHATTAN,10016,40.74478,-73.9758819,0.0,0.0,0,0,0,0,0,0,Unspecified,Unspecified,,,,SPORT UTILITY / STATION WAGON,PASSENGER VEHICLE
2015,2015-10-11,8:00,BROOKLYN,11225,40.6637286,-73.9538481,0.0,0.0,0,0,0,0,0,0,Traffic Control Disregarded,Unspecified,,,,PASSENGER VEHICLE,VAN
2015,2015-10-12,12:17,BROOKLYN,11211,40.7118008,-73.9422288,2.0,0.0,0,0,0,0,2,0,Unspecified,,,,,PASSENGER VEHICLE,SPORT UTILITY / STATION WAGON
2015,2015-10-12,11:45,BROOKLYN,11238,40.682374,-73.9616086,0.0,0.0,0,0,0,0,0,0,Driver Inattention/Distraction,Unspecified,,,,PASSENGER VEHICLE,TAXI
2015,2015-10-14,13:00,BRONX,10463,40.8726198,-73.9046763,1.0,0.0,0,0,1,0,0,0,Physical Disability,Unspecified,,,,SPORT UTILITY / STATION WAGON,BICYCLE
2015,2015-10-14,11:50,BROOKLYN,11214,40.6034261,-73.9886885,0.0,0.0,0,0,0,0,0,0,Unspecified,,,,,VAN,
2015,2015-10-15,13:34,BROOKLYN,11210,40.6135074,-73.9540845,0.0,0.0,0,0,0,0,0,0,Unspecified,Unspecified,,,,PASSENGER VEHICLE,UNKNOWN
2015,2015-10-15,5:00,,,40.7548668,-73.852537,0.0,0.0,0,0,0,0,0,0,Outside Car Distraction,Fatigued/Drowsy,,,,PASSENGER VEHICLE,PASSENGER VEHICLE
2015,2015-10-16,6:40,,,,,1.0,0.0,0,0,0,0,1,0,Aggressive Driving/Road Rage,Fatigued/Drowsy,Fatigued/Drowsy,,,SPORT UTILITY / STATION WAGON,PASSENGER VEHICLE
2015,2015-10-17,13:45,,,,,0.0,0.0,0,0,0,0,0,0,Failure to Yield Right-of-Way,Unspecified,,,,SPORT UTILITY / STATION WAGON,PASSENGER VEHICLE
2015,2015-10-18,16:25,QUEENS,11374,40.727383,-73.8640999,0.0,0.0,0,0,0,0,0,0,Failure to Yield Right-of-Way,,,,,PASSENGER VEHICLE,PASSENGER VEHICLE
2015,2015-10-19,23:05,QUEENS,11432,40.7100129,-73.7947294,0.0,0.0,0,0,0,0,0,0,Backing Unsafely,Backing Unsafely,,,,UNKNOWN,PASSENGER VEHICLE
2015,2015-10-19,13:00,QUEENS,11106,40.7566294,-73.925301,0.0,0.0,0,0,0,0,0,0,Outside Car Distraction,Unspecified,Unspecified,,,PASSENGER VEHICLE,PASSENGER VEHICLE
2015,2015-10-20,10:05,MANHATTAN,10034,40.8672579,-73.9293418,0.0,0.0,0,0,0,0,0,0,Unspecified,Unspecified,,,,PASSENGER VEHICLE,UNKNOWN
2015,2015-10-20,9:30,,,40.5972831,-73.9074485,0.0,0.0,0,0,0,0,0,0,Fatigued/Drowsy,Unspecified,,,,PASSENGER VEHICLE,PASSENGER VEHICLE
2015,2015-10-21,17:45,BRONX,10453,40.8527062,-73.921835,1.0,0.0,1,0,0,0,0,0,Unspecified,,,,,PASSENGER VEHICLE,
2015,2015-10-22,19:47,MANHATTAN,10065,40.7640562,-73.9647563,0.0,0.0,0,0,0,0,0,0,Traffic Control Disregarded,Unspecified,,,,LIVERY VEHICLE,UNKNOWN
2015,2015-10-23,21:23,,,,,0.0,0.0,0,0,0,0,0,0,Unspecified,Unspecified,,,,PASSENGER VEHICLE,PICK-UP TRUCK
2015,2015-10-23,20:00,QUEENS,11101,40.7436441,-73.9512305,0.0,0.0,0,0,0,0,0,0,Backing Unsafely,Unspecified,,,,SPORT UTILITY / STATION WAGON,SPORT UTILITY / STATION WAGON
2015,2015-10-24,4:30,MANHATTAN,10027,40.8070974,-73.9459787,0.0,0.0,0,0,0,0,0,0,Traffic Control Disregarded,Unspecified,,,,VAN,UNKNOWN
2015,2015-10-25,19:11,BRONX,10462,40.8544606,-73.8657525,0.0,0.0,0,0,0,0,0,0,Unspecified,Unspecified,,,,PASSENGER VEHICLE,SPORT UTILITY / STATION WAGON
2015,2015-10-25,9:08,BRONX,10466,40.8860046,-73.8495735,0.0,0.0,0,0,0,0,0,0,Unspecified,,,,,PASSENGER VEHICLE,
2015,2015-10-26,10:55,BROOKLYN,11204,40.615693,-73.9936499,0.0,0.0,0,0,0,0,0,0,Unspecified,Unspecified,Unspecified,,,PASSENGER VEHICLE,PASSENGER VEHICLE
2015,2015-10-29,21:20,,,40.7302658,-73.7232819,0.0,0.0,0,0,0,0,0,0,Unspecified,Unspecified,,,,PASSENGER VEHICLE,PASSENGER VEHICLE
2015,2015-10-29,18:30,QUEENS,11411,40.6926831,-73.7322968,1.0,0.0,0,0,0,0,1,0,Fatigued/Drowsy,Fatigued/Drowsy,,,,PASSENGER VEHICLE,PASSENGER VEHICLE
2015,2015-10-30,10:35,,,,,0.0,0.0,0,0,0,0,0,0,View Obstructed/Limited,Unspecified,,,,PASSENGER VEHICLE,UNKNOWN
2015,2015-10-31,16:21,QUEENS,11369,40.7669901,-73.8846038,1.0,0.0,0,0,0,0,1,0,View Obstructed/Limited,View Obstructed/Limited,,,,PASSENGER VEHICLE,PASSENGER VEHICLE
2015,2015-11-02,11:00,BROOKLYN,11220,40.6406258,-74.0149787,0.0,0.0,0,0,0,0,0,0,Prescription Medication,Unspecified,,,,SMALL COM VEH(4 TIRES) ,PASSENGER VEHICLE
2015,2015-11-02,13:30,QUEENS,11374,40.71917,-73.8612667,1.0,0.0,0,0,0,0,1,0,Failure to Yield Right-of-Way,Unspecified,,,,SPORT UTILITY / STATION WAGON,MOTORCYCLE
2015,2015-11-03,20:18,MANHATTAN,10003,40.7255825,-73.9898692,0.0,0.0,0,0,0,0,0,0,Unspecified,Unspecified,,,,PASSENGER VEHICLE,TAXI
2015,2015-11-04,18:05,MANHATTAN,10032,40.8353094,-73.9439682,0.0,0.0,0,0,0,0,0,0,Turning Improperly,Unspecified,,,,SMALL COM VEH(4 TIRES) ,SPORT UTILITY / STATION WAGON
2015,2015-11-04,19:15,BROOKLYN,11219,40.6390156,-73.9987209,0.0,0.0,0,0,0,0,0,0,Unspecified,Unspecified,,,,SPORT UTILITY / STATION WAGON,VAN
2015,2015-11-04,17:52,BROOKLYN,11225,40.6576624,-73.9532216,0.0,0.0,0,0,0,0,0,0,Driver Inattention/Distraction,Unspecified,,,,PASSENGER VEHICLE,UNKNOWN
2015,2015-11-05,14:20,BROOKLYN,11209,40.6309878,-74.0220234,1.0,0.0,0,0,0,0,1,0,Fatigued/Drowsy,Unspecified,,,,SPORT UTILITY / STATION WAGON,PASSENGER VEHICLE
2015,2015-11-05,4:15,QUEENS,11432,40.7105825,-73.7835531,0.0,0.0,0,0,0,0,0,0,Unspecified,Unspecified,Unspecified,,,SPORT UTILITY / STATION WAGON,SPORT UTILITY / STATION WAGON
2015,2015-11-06,19:30,BROOKLYN,11236,40.6449178,-73.8943209,1.0,0.0,0,0,1,0,0,0,Passenger Distraction,Unspecified,,,,UNKNOWN,BICYCLE
2015,2015-11-07,18:40,MANHATTAN,10002,40.7131792,-73.9925007,0.0,0.0,0,0,0,0,0,0,Driver Inattention/Distraction,Driver Inattention/Distraction,,,,PASSENGER VEHICLE,LIVERY VEHICLE
2015,2015-11-07,19:00,,,,,0.0,0.0,0,0,0,0,0,0,Lost Consciousness,Unspecified,,,,SPORT UTILITY / STATION WAGON,UNKNOWN
2015,2015-11-07,18:00,QUEENS,11377,40.7424824,-73.9128919,0.0,0.0,0,0,0,0,0,0,Unspecified,Unspecified,,,,PASSENGER VEHICLE,LIVERY VEHICLE
2015,2015-11-07,17:00,MANHATTAN,10019,40.7641132,-73.9884952,0.0,0.0,0,0,0,0,0,0,Driver Inattention/Distraction,Unspecified,,,,PASSENGER VEHICLE,UNKNOWN
2015,2015-11-08,0:45,MANHATTAN,10012,40.7203211,-73.9940403,0.0,0.0,0,0,0,0,0,0,Turning Improperly,Unspecified,,,,PASSENGER VEHICLE,LIVERY VEHICLE
2015,2015-11-09,17:05,QUEENS,11356,40.786721,-73.8420302,0.0,0.0,0,0,0,0,0,0,Animals Action,Unspecified,,,,LARGE COM VEH(6 OR MORE TIRES),PASSENGER VEHICLE
2015,2015-11-09,15:10,BROOKLYN,11234,40.6201181,-73.9341818,0.0,0.0,0,0,0,0,0,0,Unspecified,Unspecified,,,,PASSENGER VEHICLE,PASSENGER VEHICLE
2015,2015-11-09,8:30,MANHATTAN,10028,40.7723521,-73.9466568,0.0,0.0,0,0,0,0,0,0,Other Vehicular,Other Vehicular,,,,PASSENGER VEHICLE,PASSENGER VEHICLE
2015,2015-11-09,19:00,QUEENS,11419,40.6881124,-73.8193308,0.0,0.0,0,0,0,0,0,0,Unspecified,Unspecified,,,,VAN,PASSENGER VEHICLE
2015,2015-11-11,10:15,MANHATTAN,10029,40.7884794,-73.9511326,0.0,0.0,0,0,0,0,0,0,Unspecified,Unspecified,,,,PASSENGER VEHICLE,PASSENGER VEHICLE
2015,2015-11-12,15:20,,,,,2.0,0.0,0,0,0,0,2,0,Unspecified,Unspecified,Unspecified,,,PASSENGER VEHICLE,PASSENGER VEHICLE
2015,2015-11-13,23:58,MANHATTAN,10003,40.7261864,-73.9894289,0.0,0.0,0,0,0,0,0,0,Unspecified,Unspecified,,,,PASSENGER VEHICLE,PASSENGER VEHICLE
2015,2015-11-15,13:55,MANHATTAN,10035,40.8030725,-73.9383714,1.0,0.0,1,0,0,0,0,0,Unspecified,,,,,PASSENGER VEHICLE,
2015,2015-11-15,8:20,,,,,0.0,0.0,0,0,0,0,0,0,Outside Car Distraction,Traffic Control Disregarded,,,,TAXI,SPORT UTILITY / STATION WAGON
2015,2015-11-16,14:23,,,,,0.0,0.0,0,0,0,0,0,0,Lost Consciousness,Glare,,,,SPORT UTILITY / STATION WAGON,PASSENGER VEHICLE
2015,2015-11-17,17:35,QUEENS,11385,40.7025952,-73.8552926,1.0,0.0,0,0,0,0,1,0,Unspecified,Unspecified,,,,SPORT UTILITY / STATION WAGON,SPORT UTILITY / STATION WAGON
2015,2015-11-17,17:00,BRONX,10457,40.8376538,-73.8999668,0.0,0.0,0,0,0,0,0,0,Unspecified,Unspecified,,,,BUS,PASSENGER VEHICLE
2015,2015-11-17,12:50,,,,,0.0,0.0,0,0,0,0,0,0,Backing Unsafely,Unspecified,,,,SPORT UTILITY / STATION WAGON,PASSENGER VEHICLE
2015,2015-11-20,9:40,BROOKLYN,11201,40.696131,-73.9871041,0.0,0.0,0,0,0,0,0,0,Fatigued/Drowsy,Unspecified,,,,SPORT UTILITY / STATION WAGON,SPORT UTILITY / STATION WAGON
2015,2015-11-20,15:00,,,40.7053746,-73.7758191,0.0,0.0,0,0,0,0,0,0,Backing Unsafely,Unspecified,,,,PASSENGER VEHICLE,UNKNOWN
2015,2015-11-21,4:20,MANHATTAN,10022,40.7606005,-73.9643142,0.0,0.0,0,0,0,0,0,0,Unspecified,Unspecified,,,,PASSENGER VEHICLE,SPORT UTILITY / STATION WAGON
2015,2015-11-21,22:15,BROOKLYN,11207,40.6849391,-73.9101331,3.0,0.0,0,0,0,0,3,0,Unspecified,Unspecified,,,,SPORT UTILITY / STATION WAGON,SPORT UTILITY / STATION WAGON
2015,2015-11-21,15:50,MANHATTAN,10035,40.8005566,-73.940205,0.0,0.0,0,0,0,0,0,0,Driver Inattention/Distraction,Unspecified,,,,PASSENGER VEHICLE,PASSENGER VEHICLE
2015,2015-11-21,13:30,MANHATTAN,10004,40.7035993,-74.0143905,0.0,0.0,0,0,0,0,0,0,Fatigued/Drowsy,Unspecified,,,,VAN,SPORT UTILITY / STATION WAGON
2015,2015-11-23,8:00,QUEENS,11432,40.7146103,-73.802543,0.0,0.0,0,0,0,0,0,0,Driver Inattention/Distraction,Unspecified,,,,PASSENGER VEHICLE,PASSENGER VEHICLE
2015,2015-11-24,14:46,QUEENS,11364,40.7557735,-73.7619262,0.0,0.0,0,0,0,0,0,0,Other Vehicular,Unspecified,,,,PASSENGER VEHICLE,PASSENGER VEHICLE
2015,2015-11-24,10:00,QUEENS,11423,40.7126517,-73.763808,0.0,0.0,0,0,0,0,0,0,Driver Inattention/Distraction,Unspecified,,,,UNKNOWN,SPORT UTILITY / STATION WAGON
2015,2015-11-25,19:50,MANHATTAN,10024,40.7870023,-73.9755127,0.0,0.0,0,0,0,0,0,0,Prescription Medication,Unspecified,,,,VAN,SPORT UTILITY / STATION WAGON
2015,2015-11-25,7:45,BROOKLYN,11236,40.6417288,-73.9076365,0.0,0.0,0,0,0,0,0,0,Unspecified,Unspecified,,,,SPORT UTILITY / STATION WAGON,PASSENGER VEHICLE
2015,2015-11-25,7:00,,,,,0.0,0.0,0,0,0,0,0,0,Unspecified,Unspecified,,,,SPORT UTILITY / STATION WAGON,UNKNOWN
2015,2015-11-25,9:02,BROOKLYN,11210,40.63406,-73.946807,0.0,0.0,0,0,0,0,0,0,Unspecified,Unspecified,,,,PASSENGER VEHICLE,UNKNOWN
2015,2015-11-26,14:20,QUEENS,11420,40.6777741,-73.8098986,0.0,0.0,0,0,0,0,0,0,Driver Inattention/Distraction,Unspecified,,,,PASSENGER VEHICLE,PASSENGER VEHICLE
2015,2015-11-27,6:35,MANHATTAN,10018,40.7541768,-73.9845951,0.0,0.0,0,0,0,0,0,0,Driver Inattention/Distraction,Driver Inattention/Distraction,,,,TAXI,SMALL COM VEH(4 TIRES) 
2015,2015-11-28,18:40,,,40.7567287,-73.9599934,0.0,0.0,0,0,0,0,0,0,Unspecified,Unspecified,,,,SPORT UTILITY / STATION WAGON,PASSENGER VEHICLE
2015,2015-11-29,17:20,BRONX,10466,40.8928522,-73.8556633,0.0,0.0,0,0,0,0,0,0,Unspecified,Unspecified,,,,PASSENGER VEHICLE,SPORT UTILITY / STATION WAGON
2015,2015-11-30,9:40,QUEENS,11432,40.7160192,-73.7967022,0.0,0.0,0,0,0,0,0,0,Driver Inattention/Distraction,Driver Inattention/Distraction,,,,PASSENGER VEHICLE,PASSENGER VEHICLE
2015,2015-11-30,8:58,,,,,0.0,0.0,0,0,0,0,0,0,Unspecified,,,,,PASSENGER VEHICLE,SMALL COM VEH(4 TIRES) 
2015,2015-12-03,14:00,BRONX,10472,40.8306468,-73.8605718,0.0,0.0,0,0,0,0,0,0,Driver Inattention/Distraction,Unspecified,,,,PASSENGER VEHICLE,PASSENGER VEHICLE
2015,2015-12-04,17:11,QUEENS,11375,40.7113721,-73.8503355,0.0,0.0,0,0,0,0,0,0,Unspecified,Unspecified,,,,PASSENGER VEHICLE,PASSENGER VEHICLE
2015,2015-12-04,9:00,BROOKLYN,11225,40.6651,-73.94538,1.0,0.0,0,0,0,0,1,0,Unspecified,Unspecified,,,,PASSENGER VEHICLE,PASSENGER VEHICLE
2015,2015-12-07,7:05,MANHATTAN,10009,40.7293696,-73.9839983,0.0,0.0,0,0,0,0,0,0,Unspecified,Unspecified,,,,PASSENGER VEHICLE,UNKNOWN
2015,2015-12-07,20:20,,,,,0.0,0.0,0,0,0,0,0,0,Unspecified,Unspecified,Unspecified,Unspecified,,SPORT UTILITY / STATION WAGON,PASSENGER VEHICLE
2015,2015-12-08,21:00,QUEENS,11413,40.6656356,-73.7581495,0.0,0.0,0,0,0,0,0,0,Unspecified,Unspecified,,,,PASSENGER VEHICLE,PASSENGER VEHICLE
2015,2015-12-08,8:30,MANHATTAN,10035,40.8027515,-73.933575,0.0,0.0,0,0,0,0,0,0,Lost Consciousness,Unspecified,,,,LARGE COM VEH(6 OR MORE TIRES),PASSENGER VEHICLE
2015,2015-12-09,6:50,BRONX,10459,40.8196938,-73.9016016,1.0,0.0,0,0,1,0,0,0,Driver Inattention/Distraction,Unspecified,,,,SPORT UTILITY / STATION WAGON,BICYCLE
2015,2015-12-10,14:45,BRONX,10459,40.8209858,-73.8916133,1.0,0.0,1,0,0,0,0,0,Unspecified,,,,,UNKNOWN,
2015,2015-12-10,16:00,BROOKLYN,11219,40.6332268,-73.9951794,0.0,0.0,0,0,0,0,0,0,Failure to Yield Right-of-Way,Unspecified,,,,PASSENGER VEHICLE,OTHER
2015,2015-12-11,13:16,BROOKLYN,11216,40.6713548,-73.956788,2.0,0.0,0,0,0,0,2,0,Turning Improperly,Turning Improperly,Turning Improperly,,,PASSENGER VEHICLE,PASSENGER VEHICLE
2015,2015-12-11,18:15,QUEENS,11385,40.6985515,-73.8892915,0.0,0.0,0,0,0,0,0,0,Unspecified,Unspecified,,,,UNKNOWN,PASSENGER VEHICLE
2015,2015-12-12,19:26,QUEENS,11101,40.7450696,-73.93635,0.0,0.0,0,0,0,0,0,0,Driver Inattention/Distraction,Unspecified,,,,SPORT UTILITY / STATION WAGON,SPORT UTILITY / STATION WAGON
2015,2015-12-13,21:30,QUEENS,11372,40.7558527,-73.8825801,0.0,0.0,0,0,0,0,0,0,Unspecified,Unspecified,,,,SPORT UTILITY / STATION WAGON,PASSENGER VEHICLE
2015,2015-12-13,2:00,QUEENS,11368,40.7424281,-73.8604532,0.0,0.0,0,0,0,0,0,0,Driver Inattention/Distraction,Unspecified,,,,VAN,SPORT UTILITY / STATION WAGON
2015,2015-12-14,15:25,QUEENS,11372,40.7490628,-73.8703788,0.0,0.0,0,0,0,0,0,0,Unspecified,Unspecified,,,,PASSENGER VEHICLE,UNKNOWN
2015,2015-12-14,22:00,MANHATTAN,10018,40.7571447,-73.9935606,0.0,0.0,0,0,0,0,0,0,Unspecified,Unspecified,,,,PASSENGER VEHICLE,PASSENGER VEHICLE
2015,2015-12-14,21:25,BRONX,10469,40.8716706,-73.8485971,0.0,0.0,0,0,0,0,0,0,Unspecified,Unspecified,,,,PASSENGER VEHICLE,UNKNOWN
2015,2015-12-15,17:55,BROOKLYN,11201,40.6899325,-73.9814728,1.0,0.0,0,0,1,0,0,0,Failure to Keep Right,Outside Car Distraction,,,,PASSENGER VEHICLE,BICYCLE
2015,2015-12-15,23:00,STATEN ISLAND,10306,40.5590532,-74.113252,1.0,0.0,0,0,0,0,1,0,Unspecified,,,,,PASSENGER VEHICLE,
2015,2015-12-15,21:25,MANHATTAN,10018,40.7529363,-73.9854869,0.0,0.0,0,0,0,0,0,0,Failure to Yield Right-of-Way,Other Vehicular,,,,PASSENGER VEHICLE,UNKNOWN
2015,2015-12-16,18:05,MANHATTAN,10033,40.8530633,-73.9309944,0.0,0.0,0,0,0,0,0,0,Driver Inattention/Distraction,Driver Inattention/Distraction,,,,PASSENGER VEHICLE,PASSENGER VEHICLE
2015,2015-12-16,17:30,BROOKLYN,11249,40.7242852,-73.9577206,0.0,0.0,0,0,0,0,0,0,Backing Unsafely,Lost Consciousness,,,,SPORT UTILITY / STATION WAGON,PASSENGER VEHICLE
2015,2015-12-16,16:31,MANHATTAN,10013,40.7227857,-74.0096542,1.0,0.0,1,0,0,0,0,0,Failure to Yield Right-of-Way,,,,,TAXI,
2015,2015-12-17,14:30,,,,,0.0,0.0,0,0,0,0,0,0,Unspecified,Unspecified,,,,OTHER,OTHER
2015,2015-12-17,22:57,BROOKLYN,11203,40.65309,-73.9420995,0.0,0.0,0,0,0,0,0,0,Unspecified,Unspecified,,,,SPORT UTILITY / STATION WAGON,UNKNOWN
2015,2015-12-17,17:20,MANHATTAN,10022,40.7586639,-73.9597202,0.0,0.0,0,0,0,0,0,0,Unspecified,Unspecified,,,,SPORT UTILITY / STATION WAGON,TAXI
2015,2015-12-19,0:01,,,40.7310857,-73.8344134,0.0,0.0,0,0,0,0,0,0,Alcohol Involvement,Unspecified,,,,SPORT UTILITY / STATION WAGON,SMALL COM VEH(4 TIRES) 
2015,2015-12-19,10:45,QUEENS,11375,40.7214535,-73.8439779,0.0,0.0,0,0,0,0,0,0,Unspecified,Unspecified,,,,PASSENGER VEHICLE,VAN
2015,2015-12-20,15:40,QUEENS,11373,40.7442637,-73.876747,1.0,0.0,1,0,0,0,0,0,Unspecified,,,,,PASSENGER VEHICLE,
2015,2015-12-21,8:30,BROOKLYN,11228,40.6056217,-74.0131557,0.0,0.0,0,0,0,0,0,0,Other Vehicular,Other Vehicular,,,,PASSENGER VEHICLE,PASSENGER VEHICLE
2015,2015-12-21,6:55,QUEENS,11418,40.7014069,-73.8239111,1.0,0.0,1,0,0,0,0,0,Unspecified,,,,,UNKNOWN,
2015,2015-12-21,16:40,BRONX,10455,40.8168023,-73.8970429,0.0,0.0,0,0,0,0,0,0,Physical Disability,Unspecified,,,,PASSENGER VEHICLE,PASSENGER VEHICLE
2015,2015-12-21,6:51,BROOKLYN,11213,40.6774132,-73.9303181,1.0,0.0,1,0,0,0,0,0,Passenger Distraction,,,,,SPORT UTILITY / STATION WAGON,
2015,2015-12-22,9:15,BROOKLYN,11207,40.6755991,-73.9006786,1.0,0.0,0,0,0,0,1,0,Fatigued/Drowsy,Unspecified,,,,PASSENGER VEHICLE,PASSENGER VEHICLE
2015,2015-12-22,1:30,QUEENS,11436,40.6746454,-73.7957179,0.0,0.0,0,0,0,0,0,0,Backing Unsafely,Unspecified,,,,SPORT UTILITY / STATION WAGON,SPORT UTILITY / STATION WAGON
2015,2015-12-24,22:40,QUEENS,11434,40.6833185,-73.7652784,0.0,0.0,0,0,0,0,0,0,Unspecified,Unspecified,,,,SPORT UTILITY / STATION WAGON,UNKNOWN
2015,2015-12-24,18:44,MANHATTAN,10022,40.7622939,-73.9744569,0.0,0.0,0,0,0,0,0,0,Turning Improperly,Unspecified,,,,TAXI,PASSENGER VEHICLE
2015,2015-12-26,0:29,,,,,0.0,0.0,0,0,0,0,0,0,Other Vehicular,Other Vehicular,,,,PASSENGER VEHICLE,PASSENGER VEHICLE
2015,2015-12-26,21:00,BROOKLYN,11203,40.6434847,-73.9449004,0.0,0.0,0,0,0,0,0,0,Unspecified,Unspecified,,,,PASSENGER VEHICLE,UNKNOWN
2015,2015-12-26,6:45,,,40.7415268,-73.7845496,0.0,0.0,0,0,0,0,0,0,Driver Inattention/Distraction,Driver Inattention/Distraction,,,,LARGE COM VEH(6 OR MORE TIRES),PASSENGER VEHICLE
2015,2015-12-27,20:00,QUEENS,11377,40.7532838,-73.906908,1.0,0.0,0,0,1,0,0,0,Failure to Yield Right-of-Way,Unspecified,,,,PASSENGER VEHICLE,BICYCLE
2015,2015-12-27,17:40,BROOKLYN,11214,40.5985519,-73.9973389,0.0,0.0,0,0,0,0,0,0,Unspecified,Unspecified,,,,PASSENGER VEHICLE,PASSENGER VEHICLE
2015,2015-12-30,9:00,QUEENS,11414,40.669236,-73.845304,0.0,0.0,0,0,0,0,0,0,Lost Consciousness,Unspecified,,,,PASSENGER VEHICLE,PASSENGER VEHICLE
2015,2015-12-30,19:00,,,,,0.0,0.0,0,0,0,0,0,0,Fatigued/Drowsy,Driver Inexperience,,,,PICK-UP TRUCK,VAN
2015,2015-12-31,16:30,QUEENS,11432,40.7136433,-73.8069286,0.0,0.0,0,0,0,0,0,0,Driver Inattention/Distraction,Unspecified,,,,PASSENGER VEHICLE,SPORT UTILITY / STATION WAGON
2015,2015-12-31,10:24,BROOKLYN,11203,40.6418376,-73.9341712,0.0,0.0,0,0,0,0,0,0,Unspecified,Unspecified,,,,PASSENGER VEHICLE,UNKNOWN
2016,2016-01-01,15:07,BRONX,10465,40.8160833,-73.8156199,0.0,0.0,0,0,0,0,0,0,Driver Inattention/Distraction,Driver Inattention/Distraction,,,,PASSENGER VEHICLE,PASSENGER VEHICLE
2016,2016-01-01,2:35,BROOKLYN,11208,40.6714688,-73.8810776,2.0,0.0,0,0,0,0,2,0,Alcohol Involvement,Unspecified,Unspecified,Unspecified,Unspecified,SPORT UTILITY / STATION WAGON,SPORT UTILITY / STATION WAGON
2016,2016-01-04,10:00,,,40.686226,-73.9124,0.0,0.0,0,0,0,0,0,0,Unspecified,,,,,Sedan,
2016,2016-01-05,9:18,BRONX,10458,40.8770122,-73.881849,0.0,0.0,0,0,0,0,0,0,Unspecified,,,,,PASSENGER VEHICLE,SPORT UTILITY / STATION WAGON
2016,2016-01-06,12:30,QUEENS,11385,40.7096821,-73.8989037,0.0,0.0,0,0,0,0,0,0,Failure to Yield Right-of-Way,Driver Inattention/Distraction,,,,SPORT UTILITY / STATION WAGON,PASSENGER VEHICLE
2016,2016-01-06,9:30,QUEENS,11378,40.719624,-73.91132,0.0,0.0,0,0,0,0,0,0,Unspecified,Unspecified,,,,Sedan,Station Wagon/Sport Utility Vehicle
2016,2016-01-07,10:05,QUEENS,11378,40.7229902,-73.9106843,0.0,0.0,0,0,0,0,0,0,Driver Inattention/Distraction,Cell Phone (hands-free),,,,PASSENGER VEHICLE,UNKNOWN
2016,2016-01-07,18:20,BROOKLYN,11235,40.5914695,-73.9421529,1.0,0.0,0,0,0,0,1,0,Unspecified,Unspecified,,,,PASSENGER VEHICLE,SPORT UTILITY / STATION WAGON
2016,2016-01-08,16:55,BRONX,10467,40.8654067,-73.8683697,0.0,0.0,0,0,0,0,0,0,Unspecified,Unspecified,,,,SPORT UTILITY / STATION WAGON,PASSENGER VEHICLE
2016,2016-01-08,11:30,,,40.7097504,-73.8205668,0.0,0.0,0,0,0,0,0,0,Failure to Yield Right-of-Way,Failure to Yield Right-of-Way,,,,TAXI,PASSENGER VEHICLE
2016,2016-01-09,14:30,MANHATTAN,10031,40.8289254,-73.9503947,0.0,0.0,0,0,0,0,0,0,Unspecified,Unspecified,,,,PASSENGER VEHICLE,PASSENGER VEHICLE
2016,2016-01-10,14:30,,,40.7663065,-73.8928491,0.0,0.0,0,0,0,0,0,0,Fatigued/Drowsy,Unspecified,,,,PASSENGER VEHICLE,TAXI
2016,2016-01-10,1:20,,,,,0.0,0.0,0,0,0,0,0,0,Driver Inattention/Distraction,,,,,PASSENGER VEHICLE,
2016,2016-01-10,16:12,MANHATTAN,10003,40.7358779,-73.9873887,0.0,0.0,0,0,0,0,0,0,Unspecified,Unspecified,,,,AMBULANCE,SMALL COM VEH(4 TIRES) 
2016,2016-01-10,13:28,MANHATTAN,10016,40.7509597,-73.9827227,0.0,0.0,0,0,0,0,0,0,Unspecified,Unspecified,,,,PASSENGER VEHICLE,PASSENGER VEHICLE
2016,2016-01-11,8:55,BRONX,10473,40.8093413,-73.8553098,0.0,0.0,0,0,0,0,0,0,Unspecified,Unspecified,,,,UNKNOWN,PASSENGER VEHICLE
2016,2016-01-12,12:00,MANHATTAN,10018,40.7810619,-73.9873621,0.0,0.0,0,0,0,0,0,0,Lost Consciousness,Unspecified,,,,OTHER,OTHER
2016,2016-01-14,16:40,,,,,0.0,0.0,0,0,0,0,0,0,Backing Unsafely,Unspecified,,,,PASSENGER VEHICLE,UNKNOWN
2016,2016-01-15,15:45,MANHATTAN,10075,40.7733356,-73.9550538,0.0,0.0,0,0,0,0,0,0,Other Vehicular,Other Vehicular,,,,SPORT UTILITY / STATION WAGON,SPORT UTILITY / STATION WAGON
2016,2016-01-15,11:00,QUEENS,11418,40.7027716,-73.8260715,0.0,0.0,0,0,0,0,0,0,Driver Inattention/Distraction,Unspecified,,,,PASSENGER VEHICLE,UNKNOWN
2016,2016-01-15,8:50,,,,,0.0,0.0,0,0,0,0,0,0,Driver Inattention/Distraction,Unspecified,,,,SPORT UTILITY / STATION WAGON,PASSENGER VEHICLE
2016,2016-01-20,14:20,MANHATTAN,10001,40.7475349,-73.9883068,0.0,0.0,0,0,0,0,0,0,Unspecified,Unspecified,,,,VAN,VAN
2016,2016-01-23,17:35,,,,,0.0,0.0,0,0,0,0,0,0,Driver Inattention/Distraction,,,,,PASSENGER VEHICLE,
2016,2016-01-24,22:00,BROOKLYN,11204,40.62051,-73.9924679,0.0,0.0,0,0,0,0,0,0,Pavement Slippery,Pavement Slippery,,,,PASSENGER VEHICLE,PASSENGER VEHICLE
2016,2016-01-25,8:00,,,40.5384188,-74.2231208,0.0,0.0,0,0,0,0,0,0,Unspecified,Unspecified,,,,SPORT UTILITY / STATION WAGON,UNKNOWN
2016,2016-01-26,18:18,,,,,0.0,0.0,0,0,0,0,0,0,Unspecified,Unspecified,,,,SPORT UTILITY / STATION WAGON,UNKNOWN
2016,2016-01-27,12:26,,,40.8266345,-73.9542944,0.0,0.0,0,0,0,0,0,0,Fatigued/Drowsy,Fatigued/Drowsy,Unspecified,Unspecified,,PASSENGER VEHICLE,PASSENGER VEHICLE
2016,2016-01-27,19:36,MANHATTAN,10027,40.8077723,-73.9454833,0.0,0.0,0,0,0,0,0,0,Fatigued/Drowsy,Unspecified,,,,PASSENGER VEHICLE,PASSENGER VEHICLE
2016,2016-01-28,0:30,BRONX,10466,40.8943153,-73.860261,0.0,0.0,0,0,0,0,0,0,Driver Inattention/Distraction,Unspecified,,,,AMBULANCE,AMBULANCE
2016,2016-01-29,9:00,MANHATTAN,10009,40.7218863,-73.9773477,1.0,0.0,0,0,0,0,1,0,Unspecified,Unspecified,,,,SPORT UTILITY / STATION WAGON,BUS
2016,2016-01-29,9:20,MANHATTAN,10027,40.8077723,-73.9454833,0.0,0.0,0,0,0,0,0,0,Lost Consciousness,Unspecified,,,,PASSENGER VEHICLE,VAN
2016,2016-01-29,21:57,BROOKLYN,11233,40.6717575,-73.9197075,2.0,0.0,0,0,0,0,2,0,Unspecified,Unspecified,,,,PASSENGER VEHICLE,PASSENGER VEHICLE
2016,2016-01-29,16:23,STATEN ISLAND,10305,40.5955976,-74.0631223,0.0,0.0,0,0,0,0,0,0,Prescription Medication,Unspecified,,,,SPORT UTILITY / STATION WAGON,PASSENGER VEHICLE
2016,2016-01-31,16:05,QUEENS,11373,40.7311821,-73.8715971,0.0,0.0,0,0,0,0,0,0,Unspecified,Unspecified,,,,PASSENGER VEHICLE,PASSENGER VEHICLE
2016,2016-02-01,19:20,,,,,0.0,0.0,0,0,0,0,0,0,Unspecified,Unspecified,,,,PASSENGER VEHICLE,PASSENGER VEHICLE
2016,2016-02-01,18:18,,,,,0.0,0.0,0,0,0,0,0,0,Unspecified,Unspecified,,,,PASSENGER VEHICLE,SPORT UTILITY / STATION WAGON
2016,2016-02-03,18:25,,,,,1.0,0.0,0,0,0,0,1,0,Fatigued/Drowsy,Unspecified,,,,SPORT UTILITY / STATION WAGON,PASSENGER VEHICLE
2016,2016-02-05,18:00,BROOKLYN,11229,40.5967567,-73.9334126,0.0,0.0,0,0,0,0,0,0,Lost Consciousness,Unspecified,,,,SPORT UTILITY / STATION WAGON,OTHER
2016,2016-02-05,6:30,,,,,0.0,0.0,0,0,0,0,0,0,Pavement Slippery,Unspecified,,,,PASSENGER VEHICLE,PASSENGER VEHICLE
2016,2016-02-07,13:50,MANHATTAN,10016,40.7465356,-73.9859503,1.0,0.0,0,0,1,0,0,0,Turning Improperly,Unspecified,,,,LIVERY VEHICLE,BICYCLE
2016,2016-02-07,16:00,MANHATTAN,10033,40.8523802,-73.9314939,0.0,0.0,0,0,0,0,0,0,Backing Unsafely,Unspecified,,,,VAN,PASSENGER VEHICLE
2016,2016-02-08,12:38,MANHATTAN,10023,40.7698492,-73.9843135,0.0,0.0,0,0,0,0,0,0,Unspecified,,,,,VAN,UNKNOWN
2016,2016-02-08,12:21,,,40.7423009,-73.7812212,0.0,0.0,0,0,0,0,0,0,Pavement Slippery,Unspecified,,,,SPORT UTILITY / STATION WAGON,PASSENGER VEHICLE
2016,2016-02-08,20:25,,,,,2.0,0.0,0,0,0,0,2,0,Fatigued/Drowsy,Fatigued/Drowsy,Fatigued/Drowsy,Unspecified,,SPORT UTILITY / STATION WAGON,SPORT UTILITY / STATION WAGON
2016,2016-02-13,17:45,BROOKLYN,11224,40.5789366,-73.9852115,1.0,0.0,1,0,0,0,0,0,Backing Unsafely,,,,,SPORT UTILITY / STATION WAGON,
2016,2016-02-13,16:45,,,,,0.0,0.0,0,0,0,0,0,0,Driver Inattention/Distraction,Unspecified,Unspecified,,,LIVERY VEHICLE,LIVERY VEHICLE
2016,2016-02-14,13:00,QUEENS,11421,40.6975581,-73.8527719,0.0,0.0,0,0,0,0,0,0,Unspecified,Unspecified,,,,SPORT UTILITY / STATION WAGON,PASSENGER VEHICLE
2016,2016-02-15,18:07,BROOKLYN,11210,40.6342942,-73.9429769,0.0,0.0,0,0,0,0,0,0,Unspecified,Unspecified,,,,PASSENGER VEHICLE,UNKNOWN
2016,2016-02-16,13:45,BRONX,10457,40.8453609,-73.8968361,0.0,0.0,0,0,0,0,0,0,Obstruction/Debris,Unspecified,,,,LIVERY VEHICLE,UNKNOWN
2016,2016-02-19,19:45,,,40.6425396,-73.8765111,0.0,0.0,0,0,0,0,0,0,Unspecified,Unspecified,,,,SPORT UTILITY / STATION WAGON,SPORT UTILITY / STATION WAGON
2016,2016-02-19,14:30,QUEENS,11358,40.7656551,-73.8060955,0.0,0.0,0,0,0,0,0,0,Unspecified,Unspecified,,,,PASSENGER VEHICLE,UNKNOWN
2016,2016-02-19,14:50,QUEENS,11419,40.6928776,-73.8321844,0.0,0.0,0,0,0,0,0,0,Backing Unsafely,Unspecified,,,,PASSENGER VEHICLE,UNKNOWN
2016,2016-02-20,14:19,QUEENS,11356,40.7765567,-73.8416968,0.0,0.0,0,0,0,0,0,0,Failure to Yield Right-of-Way,Unspecified,,,,PASSENGER VEHICLE,PASSENGER VEHICLE
2016,2016-02-22,7:46,QUEENS,11435,40.7005823,-73.8077418,1.0,0.0,1,0,0,0,0,0,Driver Inattention/Distraction,,,,,PASSENGER VEHICLE,
2016,2016-02-22,12:35,QUEENS,11374,40.7256812,-73.8572701,0.0,0.0,0,0,0,0,0,0,Unspecified,Unspecified,Unspecified,,,PASSENGER VEHICLE,PASSENGER VEHICLE
2016,2016-02-23,20:50,MANHATTAN,10013,40.7210624,-73.9981962,0.0,0.0,0,0,0,0,0,0,Prescription Medication,Unspecified,,,,SPORT UTILITY / STATION WAGON,SMALL COM VEH(4 TIRES) 
2016,2016-02-23,16:00,,,,,0.0,0.0,0,0,0,0,0,0,Unspecified,Unspecified,,,,SPORT UTILITY / STATION WAGON,AMBULANCE
2016,2016-02-24,8:15,,,40.7162855,-73.8022582,0.0,0.0,0,0,0,0,0,0,Fatigued/Drowsy,Unspecified,,,,SPORT UTILITY / STATION WAGON,PASSENGER VEHICLE
2016,2016-02-24,13:50,BROOKLYN,11201,40.6959932,-73.983213,0.0,0.0,0,0,0,0,0,0,Backing Unsafely,Unspecified,,,,SPORT UTILITY / STATION WAGON,SMALL COM VEH(4 TIRES) 
2016,2016-02-25,10:14,,,,,0.0,0.0,0,0,0,0,0,0,Driver Inattention/Distraction,Unspecified,,,,PASSENGER VEHICLE,SPORT UTILITY / STATION WAGON
2016,2016-02-25,13:20,BRONX,10452,40.8443435,-73.9147428,1.0,0.0,1,0,0,0,0,0,Passenger Distraction,,,,,LIVERY VEHICLE,
2016,2016-02-26,17:45,STATEN ISLAND,10312,40.5355726,-74.1524727,0.0,0.0,0,0,0,0,0,0,Backing Unsafely,Unspecified,,,,PICK-UP TRUCK,SPORT UTILITY / STATION WAGON
2016,2016-02-26,16:00,MANHATTAN,10009,40.7297989,-73.9748013,0.0,0.0,0,0,0,0,0,0,Unspecified,Unspecified,,,,SPORT UTILITY / STATION WAGON,PASSENGER VEHICLE
2016,2016-02-26,4:47,MANHATTAN,10075,40.7700733,-73.9513989,0.0,0.0,0,0,0,0,0,0,Failure to Yield Right-of-Way,Unspecified,,,,TAXI,LIVERY VEHICLE
2016,2016-02-27,20:30,,,,,0.0,0.0,0,0,0,0,0,0,Fatigued/Drowsy,Unspecified,,,,SPORT UTILITY / STATION WAGON,TAXI
2016,2016-02-27,12:50,,,,,0.0,0.0,0,0,0,0,0,0,Other Vehicular,Driver Inattention/Distraction,,,,SPORT UTILITY / STATION WAGON,SPORT UTILITY / STATION WAGON
2016,2016-02-28,18:45,QUEENS,11106,40.76235,-73.9261862,0.0,0.0,0,0,0,0,0,0,Unspecified,,,,,PASSENGER VEHICLE,PASSENGER VEHICLE
2016,2016-02-28,13:20,BROOKLYN,11219,40.6234911,-74.0005295,1.0,0.0,0,0,1,0,0,0,Failure to Yield Right-of-Way,Failure to Yield Right-of-Way,,,,PASSENGER VEHICLE,BICYCLE
2016,2016-02-28,14:55,MANHATTAN,10027,40.809693,-73.9440837,0.0,0.0,0,0,0,0,0,0,Unspecified,Unspecified,,,,PASSENGER VEHICLE,UNKNOWN
2016,2016-03-01,19:15,,,,,0.0,0.0,0,0,0,0,0,0,Driver Inattention/Distraction,Unspecified,,,,PASSENGER VEHICLE,TAXI
2016,2016-03-02,8:40,MANHATTAN,10035,40.800663,-73.944355,0.0,0.0,0,0,0,0,0,0,Unspecified,Unspecified,,,,OTHER,PASSENGER VEHICLE
2016,2016-03-03,22:09,QUEENS,11354,40.7681649,-73.8369189,0.0,0.0,0,0,0,0,0,0,Lost Consciousness,Lost Consciousness,,,,BUS,PASSENGER VEHICLE
2016,2016-03-03,8:00,BROOKLYN,11203,40.64632,-73.9298028,0.0,0.0,0,0,0,0,0,0,Failure to Yield Right-of-Way,Unspecified,,,,PASSENGER VEHICLE,PASSENGER VEHICLE
2016,2016-03-04,23:47,MANHATTAN,10036,40.7616074,-73.9903149,0.0,0.0,0,0,0,0,0,0,Lost Consciousness,Unspecified,,,,OTHER,OTHER
2016,2016-03-04,9:00,QUEENS,11385,40.7130582,-73.9087858,0.0,0.0,0,0,0,0,0,0,Unspecified,Unspecified,,,,SPORT UTILITY / STATION WAGON,PASSENGER VEHICLE
2016,2016-03-05,17:00,,,,,0.0,0.0,0,0,0,0,0,0,Unspecified,Unspecified,,,,PASSENGER VEHICLE,PASSENGER VEHICLE
2016,2016-03-05,3:00,BRONX,10462,40.8419817,-73.8577,1.0,0.0,0,0,0,0,1,0,Unspecified,Unspecified,Unspecified,Unspecified,,PASSENGER VEHICLE,PASSENGER VEHICLE
2016,2016-03-07,12:50,MANHATTAN,10029,40.7906273,-73.9424349,0.0,0.0,0,0,0,0,0,0,Other Vehicular,Unspecified,,,,OTHER,PASSENGER VEHICLE
2016,2016-03-08,7:58,BROOKLYN,11214,40.5961418,-73.9938462,0.0,0.0,0,0,0,0,0,0,Unspecified,Unspecified,,,,PASSENGER VEHICLE,UNKNOWN
2016,2016-03-09,20:11,BROOKLYN,11210,40.634237,-73.9439137,0.0,0.0,0,0,0,0,0,0,Failure to Yield Right-of-Way,Unspecified,Unspecified,,,PASSENGER VEHICLE,SPORT UTILITY / STATION WAGON
2016,2016-03-11,2:00,,,40.833233,-73.8282,13.0,0.0,0,0,0,0,13,0,Driver Inattention/Distraction,Unsafe Lane Changing,,,,Sedan,Sedan
2016,2016-03-12,16:50,BROOKLYN,11208,40.677297,-73.8768167,0.0,0.0,0,0,0,0,0,0,Driver Inattention/Distraction,Unspecified,,,,SPORT UTILITY / STATION WAGON,PASSENGER VEHICLE
2016,2016-03-12,5:50,,,,,0.0,0.0,0,0,0,0,0,0,Driver Inattention/Distraction,Unspecified,,,,SPORT UTILITY / STATION WAGON,PASSENGER VEHICLE
2016,2016-03-14,14:28,BROOKLYN,11230,40.619484,-73.95521,0.0,0.0,0,0,0,0,0,0,Unspecified,,,,,4 dr sedan,
2016,2016-03-14,13:25,QUEENS,11428,40.727848,-73.73615,0.0,0.0,0,0,0,0,0,0,Pavement Slippery,Unspecified,,,,4 dr sedan,4 dr sedan
2016,2016-03-16,12:37,,,40.76713,-73.99373,0.0,0.0,0,0,0,0,2,0,Backing Unsafely,Unspecified,,,,Taxi,4 dr sedan
2016,2016-03-16,7:30,BRONX,10455,,,0.0,0.0,0,0,0,0,0,0,Driver Inattention/Distraction,Unspecified,,,,Motorcycle,
2016,2016-03-20,18:30,QUEENS,11692,,,0.0,0.0,0,0,0,0,0,0,Unspecified,Unspecified,,,,4 dr sedan,
2016,2016-03-20,19:45,,,40.7136,-74.0091,0.0,0.0,0,0,0,0,0,0,Passing or Lane Usage Improper,Unspecified,,,,Station Wagon/Sport Utility Vehicle,
2016,2016-03-21,8:24,,,40.68231,-73.84495,0.0,0.0,0,0,0,0,0,0,Unspecified,Unspecified,,,,4 dr sedan,4 dr sedan
2016,2016-03-21,18:00,QUEENS,11366,,,1.0,0.0,1,0,0,0,0,0,Driver Inattention/Distraction,Unspecified,,,,4 dr sedan,4 dr sedan
2016,2016-03-23,21:30,BROOKLYN,11226,40.646065,-73.94908,0.0,0.0,0,0,0,0,0,0,Passing or Lane Usage Improper,Unsafe Lane Changing,,,,Station Wagon/Sport Utility Vehicle,Station Wagon/Sport Utility Vehicle
2016,2016-03-23,22:40,BRONX,10466,,,0.0,0.0,0,0,0,0,0,0,Unspecified,Unspecified,,,,Sedan,
2016,2016-03-25,17:00,,,,,0.0,0.0,0,0,0,0,0,0,Following Too Closely,Unspecified,,,,Station Wagon/Sport Utility Vehicle,4 dr sedan
2016,2016-03-26,21:44,MANHATTAN,10075,40.7136,-74.0091,1.0,0.0,0,0,0,0,1,0,Driver Inexperience,Unsafe Lane Changing,,,,4 dr sedan,Taxi
2016,2016-03-28,20:25,,,40.701942,-73.95573,0.0,0.0,0,0,0,0,0,0,Passing or Lane Usage Improper,Following Too Closely,,,,Station Wagon/Sport Utility Vehicle,Box Truck
2016,2016-03-28,19:03,BROOKLYN,11212,,,0.0,0.0,0,0,0,0,0,0,Alcohol Involvement,Alcohol Involvement,,,,Pick-up Truck,2 dr sedan
2016,2016-03-29,18:38,,,40.743893,-73.9717,1.0,0.0,0,0,0,0,1,0,Other Vehicular,Following Too Closely,,,,2 dr sedan,4 dr sedan
2016,2016-03-29,17:50,,,40.681126,-73.96446,1.0,0.0,0,0,1,0,0,0,Drugs (illegal),Unspecified,,,,Bike,4 dr sedan
2016,2016-03-30,15:25,BROOKLYN,11209,,,0.0,0.0,0,0,0,0,0,0,Unspecified,Unspecified,,,,4 dr sedan,4 dr sedan
2016,2016-03-31,23:30,BROOKLYN,11221,,,0.0,0.0,0,0,0,0,0,0,Passing Too Closely,Unspecified,,,,Station Wagon/Sport Utility Vehicle,
2016,2016-04-01,8:22,,,40.642048,-74.07533,0.0,0.0,0,0,0,0,0,0,Passing Too Closely,Unspecified,,,,Station Wagon/Sport Utility Vehicle,
2016,2016-04-01,0:00,,,,,0.0,0.0,0,0,0,0,0,0,Driver Inattention/Distraction,Unspecified,,,,4 dr sedan,Station Wagon/Sport Utility Vehicle
2016,2016-04-02,16:40,QUEENS,11418,,,0.0,0.0,0,0,0,0,0,0,Unspecified,Unspecified,,,,Sedan,Station Wagon/Sport Utility Vehicle
2016,2016-04-03,1:50,MANHATTAN,10020,,,1.0,0.0,0,0,0,0,1,0,Failure to Yield Right-of-Way,Unsafe Speed,Unspecified,,,4 dr sedan,4 dr sedan
2016,2016-04-03,1:35,BROOKLYN,11207,,,1.0,0.0,0,0,0,0,1,0,Following Too Closely,Unspecified,,,,Station Wagon/Sport Utility Vehicle,4 dr sedan
2016,2016-04-03,16:30,QUEENS,11434,,,0.0,0.0,0,0,0,0,0,0,Unspecified,Unspecified,,,,4 dr sedan,4 dr sedan
2016,2016-04-03,15:20,,,,,0.0,0.0,0,0,0,0,0,0,Unsafe Lane Changing,Unspecified,,,,4 dr sedan,Station Wagon/Sport Utility Vehicle
2016,2016-04-03,16:15,BROOKLYN,11225,,,0.0,0.0,0,0,0,0,0,0,Reaction to Uninvolved Vehicle,,,,,Station Wagon/Sport Utility Vehicle,
2016,2016-04-04,20:12,,,40.74031,-73.94365,0.0,0.0,0,0,0,0,0,0,Unsafe Lane Changing,Unspecified,,,,4 dr sedan,Station Wagon/Sport Utility Vehicle
2016,2016-04-04,7:10,BROOKLYN,11219,40.636528,-73.99055,1.0,0.0,0,0,0,0,1,0,Pavement Slippery,Unspecified,,,,Bus,Station Wagon/Sport Utility Vehicle
2016,2016-04-05,16:04,QUEENS,11355,,,0.0,0.0,0,0,0,0,0,0,Failure to Yield Right-of-Way,Unspecified,,,,4 dr sedan,Station Wagon/Sport Utility Vehicle
2016,2016-04-05,13:30,QUEENS,11358,40.755184,-73.79269,0.0,0.0,0,0,0,0,0,0,Failure to Yield Right-of-Way,Failure to Yield Right-of-Way,,,,Station Wagon/Sport Utility Vehicle,4 dr sedan
2016,2016-04-05,14:30,QUEENS,11101,40.754955,-73.921745,0.0,0.0,0,0,0,0,0,0,Following Too Closely,Unspecified,,,,Taxi,4 dr sedan
2016,2016-04-05,18:10,BRONX,10468,40.86104,-73.90026,0.0,0.0,0,0,0,0,0,0,Following Too Closely,Unspecified,,,,4 dr sedan,4 dr sedan
2016,2016-04-05,8:30,BRONX,10452,,,0.0,0.0,0,0,0,0,0,0,Glare,Glare,,,,Station Wagon/Sport Utility Vehicle,Station Wagon/Sport Utility Vehicle
2016,2016-04-06,23:45,QUEENS,11421,,,0.0,0.0,0,0,0,0,0,0,Reaction to Uninvolved Vehicle,,,,,4 dr sedan,
2016,2016-04-06,9:50,,,,,2.0,0.0,0,0,0,0,2,0,Following Too Closely,Unspecified,Unspecified,Unspecified,Unspecified,Flat Bed,Station Wagon/Sport Utility Vehicle
2016,2016-04-06,14:10,,,40.79537,-73.921974,0.0,0.0,0,0,0,0,0,0,Unsafe Lane Changing,Unspecified,,,,Station Wagon/Sport Utility Vehicle,Sedan
2016,2016-04-07,19:00,BROOKLYN,11234,,,0.0,0.0,0,0,0,0,0,0,Following Too Closely,Unspecified,,,,4 dr sedan,4 dr sedan
2016,2016-04-07,18:15,BROOKLYN,11235,,,1.0,0.0,0,0,0,0,1,0,Following Too Closely,Following Too Closely,,,,4 dr sedan,4 dr sedan
2016,2016-04-08,18:00,MANHATTAN,10016,40.74715,-73.985504,0.0,0.0,0,0,0,0,0,0,Following Too Closely,Unspecified,,,,Bus,Station Wagon/Sport Utility Vehicle
2016,2016-04-08,11:15,BROOKLYN,11208,,,0.0,0.0,0,0,0,0,0,0,Passing Too Closely,Passing Too Closely,,,,Station Wagon/Sport Utility Vehicle,4 dr sedan
2016,2016-04-09,16:20,QUEENS,11361,40.75517,-73.779945,0.0,0.0,0,0,0,0,0,0,Unspecified,Unspecified,,,,2 dr sedan,Station Wagon/Sport Utility Vehicle
2016,2016-04-11,13:45,MANHATTAN,10013,40.718864,-73.99906,0.0,0.0,0,0,0,0,0,0,Unsafe Lane Changing,Unspecified,,,,Station Wagon/Sport Utility Vehicle,4 dr sedan
2016,2016-04-11,7:00,,,40.667458,-73.73907,0.0,0.0,0,0,0,0,0,0,Unspecified,,,,,Station Wagon/Sport Utility Vehicle,
2016,2016-04-11,8:00,,,40.857418,-73.899956,0.0,0.0,0,0,0,0,0,0,Unsafe Lane Changing,Unspecified,,,,4 dr sedan,4 dr sedan
2016,2016-04-12,20:00,QUEENS,11418,,,0.0,0.0,0,0,0,0,0,0,Driver Inattention/Distraction,Unspecified,,,,Box Truck,4 dr sedan
2016,2016-04-13,17:00,MANHATTAN,10016,40.741283,-73.97731,0.0,0.0,0,0,0,0,0,0,Backing Unsafely,Passing or Lane Usage Improper,,,,Station Wagon/Sport Utility Vehicle,4 dr sedan
2016,2016-04-13,13:15,BROOKLYN,11206,40.692825,-73.9452,0.0,0.0,0,0,0,0,0,0,Passing Too Closely,Unspecified,,,,Station Wagon/Sport Utility Vehicle,
2016,2016-04-13,13:45,STATEN ISLAND,10309,,,0.0,0.0,0,0,0,0,0,0,Following Too Closely,Unspecified,,,,4 dr sedan,4 dr sedan
2016,2016-04-14,7:50,,,40.82533,-73.86563,0.0,0.0,0,0,0,0,0,0,Unsafe Lane Changing,Unspecified,,,,4 dr sedan,Taxi
2016,2016-04-15,18:30,,,40.72895,-73.97182,0.0,0.0,0,0,0,0,0,0,Driver Inattention/Distraction,Unspecified,,,,Sedan,4 dr sedan
2016,2016-04-15,23:30,,,,,0.0,0.0,0,0,0,0,0,0,Unsafe Speed,Unspecified,,,,4 dr sedan,4 dr sedan
2016,2016-04-15,20:20,QUEENS,11413,40.682587,-73.756546,0.0,0.0,0,0,0,0,0,0,Unspecified,,,,,4 dr sedan,
2016,2016-04-15,13:00,,,40.819412,-73.81029,0.0,0.0,0,0,0,0,0,0,Unspecified,Unspecified,,,,Station Wagon/Sport Utility Vehicle,4 dr sedan
2016,2016-04-16,0:35,MANHATTAN,10036,40.760002,-73.98656,0.0,0.0,0,0,0,0,0,0,Backing Unsafely,Other Vehicular,,,,4 dr sedan,2 dr sedan
2016,2016-04-17,5:05,BROOKLYN,11211,,,1.0,0.0,0,0,0,0,1,0,Failure to Keep Right,Unspecified,,,,4 dr sedan,4 dr sedan
2016,2016-04-17,14:45,BROOKLYN,11208,,,0.0,0.0,0,0,0,0,0,0,Unspecified,Unspecified,,,,4 dr sedan,Motorcycle
2016,2016-04-17,11:45,,,40.768303,-73.91892,0.0,0.0,0,0,0,0,0,0,Passing or Lane Usage Improper,Unspecified,,,,Station Wagon/Sport Utility Vehicle,Station Wagon/Sport Utility Vehicle
2016,2016-04-18,8:09,BROOKLYN,11223,,,0.0,0.0,0,0,0,0,0,0,Backing Unsafely,Unspecified,,,,Station Wagon/Sport Utility Vehicle,Station Wagon/Sport Utility Vehicle
2016,2016-04-18,10:29,BROOKLYN,11203,,,0.0,0.0,0,0,0,0,0,0,Unspecified,Unspecified,,,,4 dr sedan,Station Wagon/Sport Utility Vehicle
2016,2016-04-19,20:00,,,40.646736,-73.92306,1.0,0.0,1,0,0,0,0,0,Unspecified,,,,,Station Wagon/Sport Utility Vehicle,
2016,2016-04-20,15:40,MANHATTAN,10007,,,0.0,0.0,0,0,0,0,0,0,Following Too Closely,Unspecified,,,,4 dr sedan,PK
2016,2016-04-21,17:45,,,,,1.0,0.0,0,0,0,0,1,0,Other Vehicular,Pavement Slippery,,,,Taxi,
2016,2016-04-21,17:57,BRONX,10459,,,0.0,0.0,0,0,0,0,0,0,Unspecified,Unspecified,,,,4 dr sedan,Station Wagon/Sport Utility Vehicle
2016,2016-04-23,0:30,,,40.67133,-73.89958,1.0,0.0,0,0,0,0,1,0,Unspecified,Unspecified,,,,4 dr sedan,4 dr sedan
2016,2016-04-23,12:00,,,,,1.0,0.0,0,0,0,0,1,0,Driver Inattention/Distraction,Unspecified,,,,Station Wagon/Sport Utility Vehicle,4 dr sedan
2016,2016-04-25,16:11,,,40.712646,-73.98998,0.0,0.0,0,0,0,0,0,0,Passing Too Closely,Unspecified,,,,Bike,
2016,2016-04-26,22:30,QUEENS,11103,40.758625,-73.91928,2.0,0.0,2,0,0,0,0,0,Driver Inattention/Distraction,,,,,4 dr sedan,
2016,2016-04-26,21:00,QUEENS,11385,40.71392,-73.92241,0.0,0.0,0,0,0,0,0,0,Driver Inattention/Distraction,Unspecified,,,,Station Wagon/Sport Utility Vehicle,4 dr sedan
2016,2016-04-27,17:00,QUEENS,11385,,,0.0,0.0,0,0,0,0,0,0,Turning Improperly,Unspecified,,,,Station Wagon/Sport Utility Vehicle,Station Wagon/Sport Utility Vehicle
2016,2016-04-27,17:34,QUEENS,11101,40.750957,-73.940674,0.0,0.0,0,0,0,0,0,0,Driver Inattention/Distraction,Unspecified,,,,Tractor Truck Diesel,4 dr sedan
2016,2016-04-28,14:20,BROOKLYN,11213,,,0.0,0.0,0,0,0,0,0,0,Failure to Yield Right-of-Way,Unspecified,,,,4 dr sedan,Station Wagon/Sport Utility Vehicle
2016,2016-04-29,2:00,QUEENS,11436,40.674656,-73.797775,0.0,0.0,0,0,0,0,0,0,Turning Improperly,Unspecified,,,,Station Wagon/Sport Utility Vehicle,unk
2016,2016-05-02,16:00,MANHATTAN,10003,40.73424,-73.990906,0.0,0.0,0,0,0,0,0,0,Passing Too Closely,Passing or Lane Usage Improper,,,,4 dr sedan,4 dr sedan
2016,2016-05-03,6:00,QUEENS,11421,40.685356,-73.866394,0.0,0.0,0,0,0,0,0,0,Driver Inattention/Distraction,Unspecified,,,,Motorcycle,Station Wagon/Sport Utility Vehicle
2016,2016-05-04,14:00,BROOKLYN,11221,40.694405,-73.91724,0.0,0.0,0,0,0,0,0,0,Passing Too Closely,Unspecified,,,,Station Wagon/Sport Utility Vehicle,4 dr sedan
2016,2016-05-06,6:40,,,40.72158,-73.94167,0.0,0.0,0,0,0,0,0,0,Unsafe Speed,,,,,Box Truck,
2016,2016-05-07,0:00,BROOKLYN,11221,40.69104,-73.919365,0.0,0.0,0,0,0,0,0,0,Passing Too Closely,Unspecified,,,,4 dr sedan,TRUCK
2016,2016-05-09,10:44,STATEN ISLAND,10306,40.58185,-74.129395,0.0,0.0,0,0,0,0,0,0,Driver Inattention/Distraction,Unspecified,,,,Sedan,Sedan
2016,2016-05-09,14:35,QUEENS,11417,40.680744,-73.84225,0.0,0.0,0,0,0,0,0,0,Failure to Yield Right-of-Way,Unspecified,,,,Sedan,4 dr sedan
2016,2016-05-09,9:00,BRONX,10456,40.822277,-73.908875,0.0,0.0,0,0,0,0,0,0,Unspecified,,,,,Station Wagon/Sport Utility Vehicle,
2016,2016-05-11,11:30,MANHATTAN,10016,40.751522,-73.98023,0.0,0.0,0,0,0,0,0,0,Passing Too Closely,Unspecified,,,,Box Truck,Station Wagon/Sport Utility Vehicle
2016,2016-05-12,19:15,,,,,0.0,0.0,0,0,0,0,0,0,Following Too Closely,Unspecified,Unspecified,,,4 dr sedan,2 dr sedan
2016,2016-05-13,13:00,BRONX,10468,40.862755,-73.901085,0.0,0.0,0,0,0,0,0,0,Driver Inattention/Distraction,Unspecified,,,,4 dr sedan,
2016,2016-05-13,18:00,MANHATTAN,10036,40.757156,-73.99174,0.0,0.0,0,0,0,0,0,0,Pavement Slippery,Following Too Closely,,,,4 dr sedan,Box Truck
2016,2016-05-13,10:10,QUEENS,11416,40.68554,-73.85799,1.0,0.0,1,0,0,0,0,0,Driver Inattention/Distraction,,,,,4 dr sedan,
2016,2016-05-14,19:50,,,,,0.0,0.0,0,0,0,0,0,0,Following Too Closely,Unspecified,,,,4 dr sedan,4 dr sedan
2016,2016-05-14,10:00,BROOKLYN,11214,40.604687,-73.99098,0.0,0.0,0,0,0,0,0,0,Driver Inattention/Distraction,Unspecified,,,,Station Wagon/Sport Utility Vehicle,Station Wagon/Sport Utility Vehicle
2016,2016-05-14,16:00,QUEENS,11101,40.75308,-73.93718,0.0,0.0,0,0,0,0,0,0,View Obstructed/Limited,Unspecified,,,,4 dr sedan,4 dr sedan
2016,2016-05-14,14:55,BROOKLYN,11211,40.7154,-73.92693,0.0,0.0,0,0,0,0,0,0,Other Vehicular,Other Vehicular,,,,4 dr sedan,Station Wagon/Sport Utility Vehicle
2016,2016-05-15,18:22,BRONX,10472,40.829052,-73.85038,0.0,0.0,0,0,0,0,0,0,Unspecified,Unspecified,,,,2 dr sedan,Station Wagon/Sport Utility Vehicle
2016,2016-05-18,9:44,BROOKLYN,11232,40.64741,-74.018684,0.0,0.0,0,0,0,0,0,0,Passing Too Closely,Unspecified,,,,Bus,Station Wagon/Sport Utility Vehicle
2016,2016-05-18,16:40,,,40.675632,-73.89878,0.0,0.0,0,0,0,0,0,0,Passing or Lane Usage Improper,Unspecified,,,,Sedan,Van
2016,2016-05-18,17:00,,,40.843464,-73.89286,0.0,0.0,0,0,0,0,0,0,Reaction to Uninvolved Vehicle,Passing or Lane Usage Improper,,,,4 dr sedan,4 dr sedan
2016,2016-05-18,9:50,BROOKLYN,11217,40.68405,-73.97746,0.0,0.0,0,0,0,0,0,0,Driver Inattention/Distraction,Unspecified,,,,4 dr sedan,Pick-up Truck
2016,2016-05-19,12:30,MANHATTAN,10001,40.74958,-73.9893,0.0,0.0,0,0,0,0,0,0,Passing Too Closely,Unspecified,,,,Van,Bus
2016,2016-05-19,10:15,MANHATTAN,10010,40.74214,-73.98706,0.0,0.0,0,0,0,0,0,0,Unspecified,Unspecified,,,,Box Truck,4 dr sedan
2016,2016-05-19,20:53,MANHATTAN,10019,40.762707,-73.98322,1.0,0.0,0,0,1,0,0,0,Driver Inattention/Distraction,Unspecified,,,,Station Wagon/Sport Utility Vehicle,Bike
2016,2016-05-20,14:00,,,40.76051,-73.82914,0.0,0.0,0,0,0,0,0,0,Following Too Closely,Unspecified,,,,Station Wagon/Sport Utility Vehicle,4 dr sedan
2016,2016-05-22,15:15,,,40.7861,-73.93965,0.0,0.0,0,0,0,0,0,0,Driver Inattention/Distraction,Unsafe Speed,,,,4 dr sedan,4 dr sedan
2016,2016-05-22,20:20,STATEN ISLAND,10310,40.633858,-74.12596,1.0,0.0,0,0,1,0,0,0,Unspecified,Unspecified,,,,Sedan,Bike
2016,2016-05-25,17:50,MANHATTAN,10012,40.72455,-74.00194,1.0,0.0,0,0,1,0,0,0,Failure to Yield Right-of-Way,Unspecified,,,,Bike,Sedan
2016,2016-05-26,16:35,QUEENS,11366,40.678852,-73.834114,1.0,0.0,1,0,0,0,0,0,Driver Inattention/Distraction,,,,,Station Wagon/Sport Utility Vehicle,
2016,2016-05-27,0:05,MANHATTAN,10032,40.837803,-73.94215,1.0,0.0,0,0,1,0,0,0,Unspecified,Unspecified,,,,Bike,
2016,2016-05-28,12:20,MANHATTAN,10003,40.732964,-73.99249,1.0,0.0,1,0,0,0,0,0,Backing Unsafely,,,,,Sedan,
2016,2016-05-28,18:20,QUEENS,11356,40.781647,-73.83365,1.0,0.0,1,0,0,0,0,0,Failure to Yield Right-of-Way,,,,,,
2016,2016-05-28,9:20,,,,,0.0,0.0,0,0,0,0,0,0,Driver Inattention/Distraction,Driver Inattention/Distraction,,,,Bus,Pick-up Truck
2016,2016-05-29,19:20,QUEENS,11354,40.763264,-73.82796,0.0,0.0,0,0,0,0,0,0,Following Too Closely,Unspecified,,,,4 dr sedan,Station Wagon/Sport Utility Vehicle
2016,2016-05-29,11:00,BROOKLYN,11218,40.640347,-73.969086,0.0,0.0,0,0,0,0,0,0,Driver Inattention/Distraction,Unspecified,,,,Station Wagon/Sport Utility Vehicle,Station Wagon/Sport Utility Vehicle
2016,2016-05-29,13:30,QUEENS,11385,,,0.0,0.0,0,0,0,0,0,0,Passing Too Closely,Unspecified,,,,4 dr sedan,
2016,2016-05-30,1:40,,,40.828407,-73.84392,0.0,0.0,0,0,0,0,0,0,Driver Inattention/Distraction,Driver Inattention/Distraction,,,,4 dr sedan,Station Wagon/Sport Utility Vehicle
2016,2016-06-03,0:00,MANHATTAN,10035,40.803425,-73.93309,0.0,0.0,0,0,0,0,0,0,Passing Too Closely,Unspecified,,,,Bus,Bus
2016,2016-06-05,21:00,QUEENS,11434,40.678364,-73.77949,0.0,0.0,0,0,0,0,0,0,Traffic Control Disregarded,Traffic Control Disregarded,,,,Station Wagon/Sport Utility Vehicle,4 dr sedan
2016,2016-06-06,16:15,QUEENS,11368,40.7482,-73.86456,0.0,0.0,0,0,0,0,0,0,Driver Inattention/Distraction,Unspecified,,,,4 dr sedan,
2016,2016-06-06,8:34,STATEN ISLAND,10306,40.568104,-74.11515,0.0,0.0,0,0,0,0,0,0,Alcohol Involvement,,,,,Station Wagon/Sport Utility Vehicle,
2016,2016-06-07,11:10,BROOKLYN,11237,40.712963,-73.92761,0.0,0.0,0,0,0,0,0,0,Driver Inattention/Distraction,Unspecified,,,,Carry All,Carry All
2016,2016-06-08,22:05,,,,,0.0,0.0,0,0,0,0,0,0,Unspecified,Unspecified,,,,4 dr sedan,Sedan
2016,2016-06-09,17:00,QUEENS,11357,40.783634,-73.825195,0.0,0.0,0,0,0,0,0,0,Passing Too Closely,Unspecified,,,,Station Wagon/Sport Utility Vehicle,
2016,2016-06-09,19:10,,,,,0.0,0.0,0,0,0,0,0,0,Unsafe Lane Changing,Unspecified,,,,C 1,4 dr sedan
2016,2016-06-09,18:00,BROOKLYN,11226,40.649136,-73.95842,0.0,0.0,0,0,0,0,0,0,Driver Inattention/Distraction,Unspecified,,,,Station Wagon/Sport Utility Vehicle,4 dr sedan
2016,2016-06-10,11:00,BRONX,10474,40.822533,-73.88509,0.0,0.0,0,0,0,0,0,0,Backing Unsafely,,,,,Pick-up Truck,
2016,2016-06-10,18:45,,,,,0.0,0.0,0,0,0,0,0,0,View Obstructed/Limited,View Obstructed/Limited,,,,2 dr sedan,Pick-up Truck
2016,2016-06-10,7:15,BROOKLYN,11230,40.629543,-73.96608,1.0,0.0,1,0,0,0,0,0,Glare,,,,,Station Wagon/Sport Utility Vehicle,
2016,2016-06-10,23:00,STATEN ISLAND,10308,40.5602,-74.16441,0.0,0.0,0,0,0,0,0,0,Driver Inexperience,Unspecified,,,,Station Wagon/Sport Utility Vehicle,4 dr sedan
2016,2016-06-10,20:15,BROOKLYN,11218,40.643745,-73.97009,0.0,0.0,0,0,0,0,0,0,Following Too Closely,Unspecified,,,,4 dr sedan,4 dr sedan
2016,2016-06-11,7:30,MANHATTAN,10002,,,0.0,0.0,0,0,0,0,0,0,Unspecified,,,,,Sedan,Sedan
2016,2016-06-11,10:20,QUEENS,11385,40.70019,-73.90561,0.0,0.0,0,0,0,0,0,0,Unspecified,Unspecified,Unspecified,,,2 dr sedan,4 dr sedan
2016,2016-06-11,17:27,MANHATTAN,10022,40.76023,-73.961525,0.0,0.0,0,0,0,0,0,0,Unspecified,Unspecified,,,,Station Wagon/Sport Utility Vehicle,Station Wagon/Sport Utility Vehicle
2016,2016-06-11,13:55,QUEENS,11355,40.757786,-73.82465,0.0,0.0,0,0,0,0,0,0,Backing Unsafely,Unspecified,,,,4 dr sedan,4 dr sedan
2016,2016-06-11,12:00,BROOKLYN,11233,40.684982,-73.915596,0.0,0.0,0,0,0,0,0,0,Unspecified,,,,,4 dr sedan,
2016,2016-06-11,17:15,BRONX,10475,40.86879,-73.83168,0.0,0.0,0,0,0,0,0,0,Driver Inattention/Distraction,Unspecified,,,,4 dr sedan,Station Wagon/Sport Utility Vehicle
2016,2016-06-12,20:40,,,40.75126,-73.94227,0.0,0.0,0,0,0,0,0,0,Traffic Control Disregarded,Traffic Control Disregarded,,,,Moped,Bike
2016,2016-06-13,9:50,,,,,0.0,0.0,0,0,0,0,0,0,Driver Inattention/Distraction,Unspecified,,,,Station Wagon/Sport Utility Vehicle,Taxi
2016,2016-06-13,15:45,QUEENS,11423,40.712902,-73.76596,1.0,0.0,0,0,0,0,1,0,Driver Inattention/Distraction,Driver Inattention/Distraction,,,,Station Wagon/Sport Utility Vehicle,Station Wagon/Sport Utility Vehicle
2016,2016-06-14,23:30,BROOKLYN,11201,40.689144,-73.99071,0.0,0.0,0,0,0,0,0,0,Following Too Closely,Unspecified,,,,4 dr sedan,Station Wagon/Sport Utility Vehicle
2016,2016-06-14,17:19,MANHATTAN,10029,40.78588,-73.94884,0.0,0.0,0,0,0,0,0,0,Unspecified,Unspecified,,,,4 dr sedan,4 dr sedan
2016,2016-06-15,17:45,,,40.756874,-73.94436,0.0,0.0,0,0,0,0,0,0,Unspecified,,,,,Station Wagon/Sport Utility Vehicle,
2016,2016-06-15,14:30,MANHATTAN,10012,40.72032,-73.99404,0.0,0.0,0,0,0,0,0,0,Unspecified,Unspecified,,,,4 dr sedan,Station Wagon/Sport Utility Vehicle
2016,2016-06-16,20:08,BROOKLYN,11217,40.677998,-73.9794,1.0,0.0,0,0,1,0,0,0,Passing or Lane Usage Improper,Unspecified,,,,4 dr sedan,Bike
2016,2016-06-17,13:20,BRONX,10473,40.81951,-73.870285,0.0,0.0,0,0,0,0,0,0,Unspecified,Unspecified,,,,4 dr sedan,
2016,2016-06-17,22:23,BROOKLYN,11207,40.657864,-73.89227,0.0,0.0,0,0,0,0,0,0,Driver Inexperience,Unspecified,,,,4 dr sedan,Station Wagon/Sport Utility Vehicle
2016,2016-06-18,16:55,BROOKLYN,11216,40.675053,-73.947235,0.0,0.0,0,0,0,0,0,0,Alcohol Involvement,Unspecified,,,,4 dr sedan,4 dr sedan
2016,2016-06-19,22:00,MANHATTAN,10003,40.73192,-73.98525,0.0,0.0,0,0,0,0,0,0,Unsafe Lane Changing,Following Too Closely,,,,Taxi,4 dr sedan
2016,2016-06-20,10:30,,,40.713886,-73.95981,0.0,0.0,0,0,0,0,0,0,Following Too Closely,Unspecified,,,,Station Wagon/Sport Utility Vehicle,2 dr sedan
2016,2016-06-20,16:15,QUEENS,11434,40.678364,-73.77949,0.0,0.0,0,0,0,0,0,0,Following Too Closely,Unspecified,,,,Station Wagon/Sport Utility Vehicle,Station Wagon/Sport Utility Vehicle
2016,2016-06-21,23:05,QUEENS,11416,40.679615,-73.86341,0.0,0.0,0,0,0,0,0,0,Unspecified,,,,,Station Wagon/Sport Utility Vehicle,
2016,2016-06-21,19:30,BROOKLYN,11238,40.671627,-73.96263,1.0,0.0,0,0,1,0,0,0,Failure to Yield Right-of-Way,Pedestrian/Bicyclist/Other Pedestrian Error/Confusion,,,,Station Wagon/Sport Utility Vehicle,Bike
2016,2016-06-22,17:15,BROOKLYN,11214,40.58716,-73.99206,1.0,0.0,0,0,1,0,0,0,Pedestrian/Bicyclist/Other Pedestrian Error/Confusion,Unspecified,,,,Bike,4 dr sedan
2016,2016-06-23,15:45,BROOKLYN,11215,40.675297,-73.991974,0.0,0.0,0,0,0,0,0,0,Passing Too Closely,Unspecified,,,,4 dr sedan,Tow Truck / Wrecker
2016,2016-06-23,14:00,BRONX,10455,40.813232,-73.90908,0.0,0.0,0,0,0,0,0,0,Driver Inattention/Distraction,Unspecified,,,,Carry All,Station Wagon/Sport Utility Vehicle
2016,2016-06-24,15:10,,,,,0.0,0.0,0,0,0,0,0,0,Following Too Closely,Unspecified,,,,Station Wagon/Sport Utility Vehicle,4 dr sedan
2016,2016-06-24,17:30,BRONX,10458,,,0.0,0.0,0,0,0,0,0,0,Passing or Lane Usage Improper,Unspecified,Unspecified,Unspecified,,Station Wagon/Sport Utility Vehicle,Station Wagon/Sport Utility Vehicle
2016,2016-06-25,16:30,,,,,0.0,0.0,0,0,0,0,0,0,Following Too Closely,Unspecified,Unspecified,,,Station Wagon/Sport Utility Vehicle,4 dr sedan
2016,2016-06-26,17:20,BRONX,10469,40.865547,-73.86157,1.0,0.0,0,0,1,0,0,0,Failure to Yield Right-of-Way,Unspecified,,,,Bike,4 dr sedan
2016,2016-06-26,19:40,,,,,0.0,0.0,0,0,0,0,0,0,Following Too Closely,Unspecified,,,,Sedan,Sedan
2016,2016-06-27,10:30,,,,,0.0,0.0,0,0,0,0,0,0,Passing Too Closely,Unspecified,,,,Station Wagon/Sport Utility Vehicle,Station Wagon/Sport Utility Vehicle
2016,2016-06-27,16:58,MANHATTAN,10035,40.802395,-73.936775,0.0,0.0,0,0,0,0,0,0,Driver Inattention/Distraction,Unspecified,,,,4 dr sedan,Sedan
2016,2016-06-27,11:50,BROOKLYN,11203,40.656002,-73.94054,0.0,0.0,0,0,0,0,0,0,Unspecified,,,,,4 dr sedan,
2016,2016-06-27,17:50,,,,,0.0,0.0,0,0,0,0,0,0,Unspecified,Unspecified,,,,4 dr sedan,Station Wagon/Sport Utility Vehicle
2016,2016-06-28,14:40,,,,,1.0,0.0,0,0,0,0,1,0,Unsafe Lane Changing,Unspecified,,,,4 dr sedan,Tractor Truck Diesel
2016,2016-06-28,16:00,BROOKLYN,11216,40.679222,-73.94187,0.0,0.0,0,0,0,0,0,0,Unspecified,Unspecified,,,,4 dr sedan,
2016,2016-06-29,11:55,MANHATTAN,10021,40.77369,-73.961945,1.0,0.0,0,0,0,0,1,0,Backing Unsafely,Unspecified,,,,Carry All,Box Truck
2016,2016-06-29,20:00,MANHATTAN,10024,40.787045,-73.97759,0.0,0.0,0,0,0,0,0,0,Passenger Distraction,Unspecified,,,,4 dr sedan,Station Wagon/Sport Utility Vehicle
2016,2016-06-29,22:40,QUEENS,11360,40.78643,-73.793274,0.0,0.0,0,0,0,0,0,0,Following Too Closely,Unspecified,,,,4 dr sedan,2 dr sedan
2016,2016-06-29,8:30,MANHATTAN,10006,40.710876,-74.01439,0.0,0.0,0,0,0,0,0,0,Unsafe Lane Changing,Unspecified,,,,Sedan,Sedan
2016,2016-06-30,12:51,MANHATTAN,10016,40.745724,-73.97813,0.0,0.0,0,0,0,0,0,0,Driver Inattention/Distraction,Driver Inattention/Distraction,,,,Van,Convertible
2016,2016-07-01,22:40,BROOKLYN,11220,40.64995,-74.01231,0.0,0.0,0,0,0,0,0,0,Unspecified,Unspecified,,,,4 dr sedan,Station Wagon/Sport Utility Vehicle
2016,2016-07-02,13:15,,,,,0.0,0.0,0,0,0,0,0,0,Following Too Closely,Unspecified,,,,4 dr sedan,Station Wagon/Sport Utility Vehicle
2016,2016-07-02,16:28,MANHATTAN,10026,40.803116,-73.95633,0.0,0.0,0,0,0,0,0,0,Passing Too Closely,Unspecified,,,,Taxi,Taxi
2016,2016-07-03,12:48,,,40.570465,-74.10977,1.0,0.0,0,0,0,0,1,0,Driver Inexperience,Unspecified,,,,4 dr sedan,Station Wagon/Sport Utility Vehicle
2016,2016-07-03,0:20,MANHATTAN,10036,40.760822,-73.99832,0.0,0.0,0,0,0,0,0,0,Passing or Lane Usage Improper,Unspecified,,,,Station Wagon/Sport Utility Vehicle,Station Wagon/Sport Utility Vehicle
2016,2016-07-03,2:00,,,40.771484,-73.929405,0.0,0.0,0,0,0,0,0,0,Unspecified,,,,,4 dr sedan,
2016,2016-07-03,13:30,,,40.65753,-73.89797,0.0,0.0,0,0,0,0,0,0,Unsafe Lane Changing,Passing or Lane Usage Improper,,,,4 dr sedan,Pick-up Truck
2016,2016-07-03,3:00,BROOKLYN,11230,40.625973,-73.97624,0.0,0.0,0,0,0,0,0,0,Unspecified,,,,,4 dr sedan,
2016,2016-07-04,12:40,QUEENS,11414,40.655384,-73.838936,0.0,0.0,0,0,0,0,0,0,Backing Unsafely,Failure to Yield Right-of-Way,,,,Station Wagon/Sport Utility Vehicle,Station Wagon/Sport Utility Vehicle
2016,2016-07-05,14:58,BROOKLYN,11231,40.67326,-73.99849,0.0,0.0,0,0,0,0,0,0,Unspecified,Unspecified,,,,Garbage or Refuse,PK
2016,2016-07-05,15:20,,,,,0.0,0.0,0,0,0,0,0,0,Unsafe Speed,Unspecified,,,,Taxi,Station Wagon/Sport Utility Vehicle
2016,2016-07-05,13:00,QUEENS,11361,40.762207,-73.770294,0.0,0.0,0,0,0,0,0,0,Driver Inexperience,Unspecified,,,,Station Wagon/Sport Utility Vehicle,Station Wagon/Sport Utility Vehicle
2016,2016-07-05,19:51,BROOKLYN,11207,40.67816,-73.897484,0.0,0.0,0,0,0,0,0,0,Driver Inattention/Distraction,Unspecified,,,,4 dr sedan,Taxi
2016,2016-07-06,14:08,BRONX,10465,40.824696,-73.83919,0.0,0.0,0,0,0,0,0,0,Unspecified,Unspecified,,,,4 dr sedan,Station Wagon/Sport Utility Vehicle
2016,2016-07-06,18:00,,,,,1.0,0.0,0,0,0,0,1,0,Unspecified,,,,,4 dr sedan,
2016,2016-07-06,14:05,,,,,0.0,0.0,0,0,0,0,0,0,Driver Inattention/Distraction,Driver Inattention/Distraction,,,,4 dr sedan,4 dr sedan
2016,2016-07-07,11:20,MANHATTAN,10075,40.772297,-73.954735,0.0,0.0,0,0,0,0,0,0,Driver Inattention/Distraction,Unspecified,,,,Station Wagon/Sport Utility Vehicle,Box Truck
2016,2016-07-07,15:00,BRONX,10472,40.82842,-73.86068,0.0,0.0,0,0,0,0,0,0,,,,,,,
2016,2016-07-08,15:25,,,,,4.0,0.0,0,0,0,0,4,0,Traffic Control Disregarded,Unspecified,Unspecified,,,Station Wagon/Sport Utility Vehicle,4 dr sedan
2016,2016-07-08,19:21,MANHATTAN,10001,40.749706,-73.99157,0.0,0.0,0,0,0,0,0,0,Driver Inattention/Distraction,Driver Inattention/Distraction,,,,Taxi,Van
2016,2016-07-08,14:00,QUEENS,11361,40.76343,-73.78202,0.0,0.0,0,0,0,0,0,0,Unspecified,,,,,Pick-up Truck,
2016,2016-07-09,8:08,,,40.652954,-74.00215,0.0,0.0,0,0,0,0,0,0,Unspecified,,,,,Station Wagon/Sport Utility Vehicle,
2016,2016-07-09,18:55,BROOKLYN,11226,40.645016,-73.950874,1.0,0.0,1,0,0,0,0,0,Unspecified,,,,,4 dr sedan,
2016,2016-07-11,19:20,STATEN ISLAND,10307,40.505196,-74.239815,0.0,0.0,0,0,0,0,0,0,Unsafe Speed,Unspecified,,,,Station Wagon/Sport Utility Vehicle,4 dr sedan
2016,2016-07-11,17:23,,,40.65745,-73.956566,1.0,0.0,0,0,1,0,0,0,Failure to Yield Right-of-Way,Unspecified,,,,Station Wagon/Sport Utility Vehicle,Bike
2016,2016-07-13,14:30,STATEN ISLAND,10304,40.629795,-74.074715,0.0,0.0,0,0,0,0,0,0,Unspecified,Unspecified,,,,4 dr sedan,
2016,2016-07-13,3:45,BROOKLYN,11215,40.668293,-73.97924,0.0,0.0,0,0,0,0,0,0,Backing Unsafely,Backing Unsafely,,,,Tractor Truck Diesel,Tractor Truck Diesel
2016,2016-07-13,20:00,MANHATTAN,10013,40.722584,-74.00636,0.0,0.0,0,0,0,0,0,0,Traffic Control Disregarded,Unspecified,,,,4 dr sedan,Concrete Mixer
2016,2016-07-14,19:50,QUEENS,11692,40.590202,-73.795944,0.0,0.0,0,0,0,0,0,0,Driver Inexperience,Unspecified,,,,4 dr sedan,Sedan
2016,2016-07-14,20:15,MANHATTAN,10027,40.813915,-73.946396,0.0,0.0,0,0,0,0,0,0,Unspecified,Unspecified,,,,Station Wagon/Sport Utility Vehicle,Station Wagon/Sport Utility Vehicle
2016,2016-07-15,15:27,MANHATTAN,10022,40.755505,-73.96807,0.0,0.0,0,0,0,0,0,0,Other Vehicular,Driver Inattention/Distraction,,,,Bus,Van
2016,2016-07-15,16:46,BROOKLYN,11217,40.673306,-73.97131,2.0,0.0,0,0,0,0,2,0,Following Too Closely,Unspecified,Unspecified,,,4 dr sedan,Station Wagon/Sport Utility Vehicle
2016,2016-07-15,18:30,BROOKLYN,11226,40.653263,-73.96382,1.0,0.0,1,0,0,0,0,0,Unsafe Speed,,,,,Motorcycle,
2016,2016-07-16,19:47,BRONX,10454,40.806114,-73.91797,1.0,0.0,1,0,0,0,0,0,Backing Unsafely,,,,,Station Wagon/Sport Utility Vehicle,
2016,2016-07-16,19:00,,,40.63926,-73.93777,0.0,0.0,0,0,0,0,0,0,Driver Inexperience,Unspecified,Unspecified,,,2 dr sedan,Station Wagon/Sport Utility Vehicle
2016,2016-07-16,8:55,BROOKLYN,11205,40.69111,-73.96945,1.0,0.0,0,0,1,0,0,0,Unspecified,Unspecified,,,,4 dr sedan,Bike
2016,2016-07-16,16:20,QUEENS,11436,40.671406,-73.79942,2.0,0.0,0,0,0,0,2,0,View Obstructed/Limited,Unspecified,,,,2 dr sedan,4 dr sedan
2016,2016-07-17,22:05,,,,,0.0,0.0,0,0,0,0,0,0,Following Too Closely,Unspecified,,,,Station Wagon/Sport Utility Vehicle,Sedan
2016,2016-07-17,16:36,BROOKLYN,11220,40.643356,-74.00139,1.0,0.0,1,0,0,0,0,0,Unspecified,,,,,Station Wagon/Sport Utility Vehicle,
2016,2016-07-17,2:38,MANHATTAN,10001,40.749054,-73.99576,0.0,0.0,0,0,0,0,0,0,Following Too Closely,Unspecified,Unspecified,,,Station Wagon/Sport Utility Vehicle,Taxi
2016,2016-07-17,6:20,,,40.86804,-73.879105,1.0,0.0,0,0,0,0,1,0,Other Vehicular,Following Too Closely,,,,4 dr sedan,4 dr sedan
2016,2016-07-17,13:00,BRONX,10466,40.891136,-73.85527,0.0,0.0,0,0,0,0,0,0,Driver Inattention/Distraction,Unspecified,,,,4 dr sedan,4 dr sedan
2016,2016-07-18,21:40,BROOKLYN,11208,40.6772,-73.87317,0.0,0.0,0,0,0,0,0,0,Backing Unsafely,Unspecified,,,,4 dr sedan,FIRE
2016,2016-07-18,18:45,,,40.794807,-73.94441,0.0,0.0,0,0,0,0,0,0,Passing Too Closely,Unspecified,,,,Station Wagon/Sport Utility Vehicle,4 dr sedan
2016,2016-07-20,12:15,BROOKLYN,11209,40.62149,-74.02622,0.0,0.0,0,0,0,0,0,0,Turning Improperly,Unspecified,,,,4 dr sedan,4 dr sedan
2016,2016-07-20,8:30,QUEENS,11429,40.713303,-73.73586,0.0,0.0,0,0,0,0,0,0,Reaction to Uninvolved Vehicle,Unspecified,,,,4 dr sedan,Tractor Truck Diesel
2016,2016-07-20,15:00,,,,,1.0,0.0,0,0,1,0,0,0,Driver Inexperience,,,,,Bike,
2016,2016-07-21,23:45,MANHATTAN,10022,40.757698,-73.9694,1.0,0.0,0,0,0,0,1,0,Unspecified,Unspecified,,,,4 dr sedan,4 dr sedan
2016,2016-07-21,8:10,,,0.0,0.0,0.0,0.0,0,0,0,0,0,0,Following Too Closely,Unspecified,,,,4 dr sedan,Taxi
2016,2016-07-22,17:40,BROOKLYN,11215,40.673485,-73.97296,0.0,0.0,0,0,0,0,0,0,Failure to Yield Right-of-Way,Unspecified,,,,4 dr sedan,4 dr sedan
2016,2016-07-22,20:19,MANHATTAN,10018,40.75591,-73.99448,1.0,0.0,1,0,0,0,0,0,Backing Unsafely,,,,,4 dr sedan,
2016,2016-07-23,15:37,MANHATTAN,10036,40.75898,-73.99595,0.0,0.0,0,0,0,0,0,0,Passing or Lane Usage Improper,Unspecified,,,,Station Wagon/Sport Utility Vehicle,
2016,2016-07-23,12:30,,,40.613335,-74.15849,0.0,0.0,0,0,0,0,0,0,Driver Inattention/Distraction,Unspecified,,,,Pick-up Truck,2 dr sedan
2016,2016-07-24,1:40,MANHATTAN,10018,40.755867,-73.998215,0.0,0.0,0,0,0,0,0,0,Following Too Closely,Unspecified,,,,Taxi,Taxi
2016,2016-07-24,12:30,QUEENS,11366,40.732765,-73.782875,0.0,0.0,0,0,0,0,0,0,Driver Inattention/Distraction,Unspecified,,,,4 dr sedan,4 dr sedan
2016,2016-07-25,13:20,MANHATTAN,10010,40.7429,-73.99281,0.0,0.0,0,0,0,0,0,0,Driver Inattention/Distraction,Driver Inattention/Distraction,,,,Box Truck,Box Truck
2016,2016-07-25,9:20,BRONX,10466,40.89487,-73.85657,2.0,0.0,0,0,0,0,2,0,Driver Inattention/Distraction,Driver Inattention/Distraction,,,,4 dr sedan,4 dr sedan
2016,2016-07-27,14:00,QUEENS,11355,40.752003,-73.836006,0.0,0.0,0,0,0,0,0,0,Passing Too Closely,Unspecified,,,,Station Wagon/Sport Utility Vehicle,Station Wagon/Sport Utility Vehicle
2016,2016-07-28,10:00,QUEENS,11435,40.70494,-73.80896,0.0,0.0,0,0,0,0,0,0,Driver Inattention/Distraction,Driver Inattention/Distraction,,,,Sedan,Sedan
2016,2016-07-28,13:30,,,40.792854,-73.96753,0.0,0.0,0,0,0,0,0,0,Driver Inattention/Distraction,Unspecified,,,,Taxi,Sedan
2016,2016-07-28,5:00,,,40.667778,-73.80127,0.0,0.0,0,0,0,0,0,0,Unspecified,Unspecified,,,,Station Wagon/Sport Utility Vehicle,Station Wagon/Sport Utility Vehicle
2016,2016-07-29,12:55,BROOKLYN,11213,40.672966,-73.941864,0.0,0.0,0,0,0,0,0,0,Driver Inexperience,Unspecified,,,,Sedan,Sedan
2016,2016-07-30,11:25,,,40.769672,-73.994484,0.0,0.0,0,0,0,0,0,0,Following Too Closely,Unspecified,,,,Station Wagon/Sport Utility Vehicle,Station Wagon/Sport Utility Vehicle
2016,2016-07-30,15:50,MANHATTAN,10016,,,0.0,0.0,0,0,0,0,0,0,Driver Inattention/Distraction,Driver Inattention/Distraction,,,,Sedan,Sedan
2016,2016-07-30,15:40,,,40.68279,-73.97247,0.0,0.0,0,0,0,0,0,0,Turning Improperly,Turning Improperly,Unspecified,Unspecified,Unspecified,,
2016,2016-07-31,13:15,QUEENS,11368,40.74864,-73.868095,0.0,0.0,0,0,0,0,0,0,Driver Inattention/Distraction,Unspecified,,,,Station Wagon/Sport Utility Vehicle,Station Wagon/Sport Utility Vehicle
2016,2016-07-31,1:40,,,40.7968,-73.929375,1.0,0.0,0,0,0,0,1,0,Pavement Slippery,,,,,Sedan,
2016,2016-07-31,12:45,BRONX,10462,40.84727,-73.85566,0.0,0.0,0,0,0,0,0,0,Unspecified,Unspecified,,,,Station Wagon/Sport Utility Vehicle,Sedan
2016,2016-07-31,15:00,BROOKLYN,11220,40.63345,-74.01392,0.0,0.0,0,0,0,0,0,0,Following Too Closely,Unspecified,,,,Station Wagon/Sport Utility Vehicle,Station Wagon/Sport Utility Vehicle
2016,2016-08-03,21:30,BROOKLYN,11234,40.615166,-73.91864,0.0,0.0,0,0,0,0,0,0,Driver Inattention/Distraction,Unspecified,,,,Station Wagon/Sport Utility Vehicle,Sedan
2016,2016-08-06,17:45,,,40.66336,-73.95975,0.0,0.0,0,0,0,0,0,0,Failure to Yield Right-of-Way,Unspecified,,,,Station Wagon/Sport Utility Vehicle,Station Wagon/Sport Utility Vehicle
2016,2016-08-07,10:15,QUEENS,11434,40.661,-73.768074,0.0,0.0,0,0,0,0,0,0,Driver Inattention/Distraction,Unspecified,,,,Sedan,Sedan
2016,2016-08-07,11:30,BROOKLYN,11230,40.628117,-73.956856,0.0,0.0,0,0,0,0,0,0,Unspecified,Unspecified,,,,Station Wagon/Sport Utility Vehicle,Station Wagon/Sport Utility Vehicle
2016,2016-08-08,0:00,QUEENS,11691,40.603546,-73.74776,0.0,0.0,0,0,0,0,0,0,Passing Too Closely,Unspecified,,,,Station Wagon/Sport Utility Vehicle,Sedan
2016,2016-08-08,6:00,,,40.88146,-73.863945,0.0,0.0,0,0,0,0,0,0,Unspecified,,,,,Sedan,
2016,2016-08-09,8:15,,,40.703934,-73.959854,0.0,0.0,0,0,0,0,0,0,Driver Inattention/Distraction,Unspecified,,,,Sedan,PK
2016,2016-08-10,6:40,,,40.809563,-73.92923,0.0,0.0,0,0,0,0,0,0,Unspecified,Unspecified,,,,Station Wagon/Sport Utility Vehicle,Station Wagon/Sport Utility Vehicle
2016,2016-08-13,15:11,BROOKLYN,11203,40.652916,-73.94498,0.0,0.0,0,0,0,0,0,0,Driver Inattention/Distraction,Unspecified,,,,Station Wagon/Sport Utility Vehicle,Taxi
2016,2016-08-14,17:15,,,40.694504,-73.849144,1.0,0.0,0,0,1,0,0,0,Failure to Yield Right-of-Way,Unspecified,,,,Bike,Sedan
2016,2016-08-14,18:30,QUEENS,11421,40.686207,-73.85569,1.0,0.0,0,0,0,0,1,0,Following Too Closely,Unspecified,,,,Sedan,
2016,2016-08-15,16:00,,,40.728947,-73.92793,0.0,0.0,0,0,0,0,0,0,Driver Inattention/Distraction,Unspecified,,,,Sedan,Station Wagon/Sport Utility Vehicle
2016,2016-08-16,10:30,,,40.772114,-73.8314,0.0,0.0,0,0,0,0,0,0,Passing or Lane Usage Improper,Passing or Lane Usage Improper,,,,Station Wagon/Sport Utility Vehicle,Station Wagon/Sport Utility Vehicle
2016,2016-08-17,14:00,MANHATTAN,10007,40.71523,-74.01334,0.0,0.0,0,0,0,0,0,0,Passing Too Closely,Unspecified,,,,Taxi,Taxi
2016,2016-08-20,20:25,BROOKLYN,11234,40.611816,-73.94117,0.0,0.0,0,0,0,0,0,0,Driver Inattention/Distraction,Unspecified,,,,Sedan,Sedan
2016,2016-08-20,7:00,,,,,0.0,0.0,0,0,0,0,0,0,Unspecified,Unspecified,,,,Sedan,Garbage or Refuse
2016,2016-08-20,15:00,BROOKLYN,11225,40.669952,-73.95243,0.0,0.0,0,0,0,0,0,0,Unsafe Speed,Unspecified,,,,Sedan,Box Truck
2016,2016-08-20,14:00,QUEENS,11417,40.67455,-73.84319,0.0,0.0,0,0,0,0,0,0,Backing Unsafely,,,,,Sedan,
2016,2016-08-21,17:55,QUEENS,11420,40.674515,-73.824486,0.0,0.0,0,0,0,0,0,0,Unspecified,Unspecified,,,,Sedan,Station Wagon/Sport Utility Vehicle
2016,2016-08-21,3:44,MANHATTAN,10017,40.753944,-73.972145,0.0,0.0,0,0,0,0,0,0,Unspecified,Unspecified,,,,Sedan,Taxi
2016,2016-08-22,20:30,,,40.83788,-73.827415,0.0,0.0,0,0,0,0,0,0,Unspecified,Unspecified,,,,Sedan,Station Wagon/Sport Utility Vehicle
2016,2016-08-23,13:06,MANHATTAN,10013,40.717278,-73.99544,0.0,0.0,0,0,0,0,0,0,Turning Improperly,Unspecified,,,,Pick-up Truck,Station Wagon/Sport Utility Vehicle
2016,2016-08-26,7:00,BRONX,10459,40.823853,-73.88768,0.0,0.0,0,0,0,0,0,0,Unspecified,,,,,Sedan,Box Truck
2016,2016-08-26,13:30,QUEENS,11358,40.765137,-73.79957,0.0,0.0,0,0,0,0,0,0,Failure to Yield Right-of-Way,Unspecified,,,,Station Wagon/Sport Utility Vehicle,Station Wagon/Sport Utility Vehicle
2016,2016-08-26,14:30,QUEENS,11419,40.69011,-73.81206,1.0,0.0,0,0,0,0,1,0,Failure to Yield Right-of-Way,Unspecified,,,,Sedan,Station Wagon/Sport Utility Vehicle
2016,2016-08-27,20:35,,,40.834354,-73.826225,0.0,0.0,0,0,0,0,0,0,Driver Inattention/Distraction,Unspecified,,,,Sedan,Station Wagon/Sport Utility Vehicle
2016,2016-08-27,17:50,MANHATTAN,10065,40.76311,-73.962524,0.0,0.0,0,0,0,0,0,0,Passing or Lane Usage Improper,Unspecified,,,,Sedan,Taxi
2016,2016-08-27,14:30,MANHATTAN,10001,40.748207,-73.986115,0.0,0.0,0,0,0,0,0,0,Other Vehicular,Unspecified,,,,Sedan,
2016,2016-08-29,10:00,QUEENS,11363,40.76229,-73.75711,0.0,0.0,0,0,0,0,0,0,Driver Inattention/Distraction,Driver Inattention/Distraction,,,,Station Wagon/Sport Utility Vehicle,Station Wagon/Sport Utility Vehicle
2016,2016-08-29,17:53,BROOKLYN,11230,40.61243,-73.96386,0.0,0.0,0,0,0,0,0,0,Driver Inattention/Distraction,Unspecified,Unspecified,,,Sedan,Sedan
2016,2016-08-30,9:45,,,40.749195,-73.99196,0.0,0.0,0,0,0,0,0,0,Passing or Lane Usage Improper,Unspecified,,,,Sedan,Box Truck
2016,2016-08-30,19:30,,,40.67816,-73.897484,0.0,0.0,0,0,0,0,0,0,Unspecified,Unspecified,,,,Sedan,
2016,2016-08-30,15:15,QUEENS,11414,40.66386,-73.84772,0.0,0.0,0,0,0,0,0,0,Unspecified,Unspecified,,,,,
2016,2016-08-31,17:18,,,40.755203,-73.74191,0.0,0.0,0,0,0,0,0,0,Unspecified,Unspecified,,,,Station Wagon/Sport Utility Vehicle,Sedan
2016,2016-09-01,9:56,,,40.651573,-73.97237,3.0,0.0,0,0,0,0,3,0,Unspecified,Unspecified,,,,Sedan,trail
2016,2016-09-01,15:30,,,40.78218,-73.9521,0.0,0.0,0,0,0,0,0,0,Turning Improperly,Unspecified,,,,Box Truck,Taxi
2016,2016-09-01,8:30,BRONX,10474,40.811935,-73.88773,0.0,0.0,0,0,0,0,0,0,View Obstructed/Limited,Unspecified,,,,Sedan,Sedan
2016,2016-09-03,19:20,BROOKLYN,11235,40.58345,-73.950386,1.0,0.0,0,0,1,0,0,0,Failure to Yield Right-of-Way,Unspecified,,,,Station Wagon/Sport Utility Vehicle,Bike
2016,2016-09-04,21:20,BROOKLYN,11208,40.673607,-73.873055,0.0,0.0,0,0,0,0,0,0,Driver Inattention/Distraction,Unspecified,,,,Sedan,
2016,2016-09-05,16:00,,,40.75548,-73.74173,0.0,0.0,0,0,0,0,0,0,Following Too Closely,Unspecified,,,,Sedan,Sedan
2016,2016-09-06,17:20,MANHATTAN,10005,40.70734,-74.00865,0.0,0.0,0,0,0,0,0,0,Following Too Closely,Unspecified,,,,Sedan,
2016,2016-09-08,17:09,QUEENS,11361,40.76031,-73.774315,0.0,0.0,0,0,0,0,0,0,Unspecified,Unspecified,,,,Station Wagon/Sport Utility Vehicle,Station Wagon/Sport Utility Vehicle
2016,2016-09-08,9:50,,,40.588345,-74.192986,1.0,0.0,0,0,0,0,1,0,Following Too Closely,Unspecified,,,,Sedan,Sedan
2016,2016-09-10,20:16,,,40.842503,-73.92797,1.0,0.0,0,0,0,0,1,0,Following Too Closely,Unspecified,Unspecified,Unspecified,,Station Wagon/Sport Utility Vehicle,Sedan
2016,2016-09-11,15:00,QUEENS,11419,40.689003,-73.829346,0.0,0.0,0,0,0,0,0,0,Driver Inattention/Distraction,Unspecified,,,,Station Wagon/Sport Utility Vehicle,Sedan
2016,2016-09-12,17:24,MANHATTAN,10003,40.729847,-73.99143,0.0,0.0,0,0,0,0,0,0,Unspecified,Unspecified,,,,Sedan,Sedan
2016,2016-09-12,22:35,MANHATTAN,10029,40.7861,-73.93967,0.0,0.0,0,0,0,0,0,0,Driver Inattention/Distraction,Unspecified,,,,Sedan,Station Wagon/Sport Utility Vehicle
2016,2016-09-12,15:40,,,40.725567,-73.75603,0.0,0.0,0,0,0,0,0,0,Passing or Lane Usage Improper,Passing or Lane Usage Improper,,,,Sedan,Pick-up Truck
2016,2016-09-13,17:00,,,40.65418,-73.91068,0.0,0.0,0,0,0,0,0,0,Following Too Closely,Unspecified,,,,Station Wagon/Sport Utility Vehicle,Sedan
2016,2016-09-14,18:00,QUEENS,11421,40.69242,-73.85151,0.0,0.0,0,0,0,0,0,0,Driver Inattention/Distraction,Unspecified,,,,Station Wagon/Sport Utility Vehicle,Station Wagon/Sport Utility Vehicle
2016,2016-09-15,17:00,BROOKLYN,11210,40.635403,-73.95718,1.0,0.0,0,0,0,0,1,0,Driver Inattention/Distraction,Unspecified,,,,Station Wagon/Sport Utility Vehicle,Sedan
2016,2016-09-15,10:30,,,,,0.0,0.0,0,0,0,0,0,0,Driver Inattention/Distraction,Unspecified,,,,Sedan,Convertible
2016,2016-09-16,19:25,,,,,0.0,0.0,0,0,0,0,0,0,Driver Inattention/Distraction,,,,,Station Wagon/Sport Utility Vehicle,
2016,2016-09-16,8:50,,,40.84771,-73.93798,0.0,0.0,0,0,0,0,0,0,Driver Inattention/Distraction,Unspecified,,,,PK,Sedan
2016,2016-09-17,11:33,BROOKLYN,11219,40.628094,-74.00817,0.0,0.0,0,0,0,0,0,0,Unsafe Speed,Failure to Keep Right,,,,Station Wagon/Sport Utility Vehicle,Station Wagon/Sport Utility Vehicle
2016,2016-09-18,13:30,,,40.77126,-73.96009,0.0,0.0,0,0,0,0,0,0,Backing Unsafely,Unspecified,,,,Moped,Station Wagon/Sport Utility Vehicle
2016,2016-09-20,7:00,,,40.701366,-73.79188,0.0,0.0,0,0,0,0,0,0,Driver Inattention/Distraction,Unspecified,,,,Sedan,Sedan
2016,2016-09-22,14:00,BRONX,10464,40.865448,-73.81318,0.0,0.0,0,0,0,0,0,0,Unspecified,Unspecified,,,,Sedan,Garbage or Refuse
2016,2016-09-22,17:35,BRONX,10454,40.80348,-73.90781,0.0,0.0,0,0,0,0,0,0,Following Too Closely,Unspecified,,,,Station Wagon/Sport Utility Vehicle,
2016,2016-09-22,18:52,,,40.818504,-73.91448,0.0,0.0,0,0,0,0,0,0,Following Too Closely,Following Too Closely,,,,Station Wagon/Sport Utility Vehicle,Bus
2016,2016-09-23,15:30,QUEENS,11377,40.742943,-73.91685,2.0,0.0,2,0,0,0,0,0,Failure to Yield Right-of-Way,,,,,Station Wagon/Sport Utility Vehicle,
2016,2016-09-23,15:15,QUEENS,11355,40.75404,-73.83494,0.0,0.0,0,0,0,0,0,0,Backing Unsafely,Unspecified,,,,Sedan,Station Wagon/Sport Utility Vehicle
2016,2016-09-23,16:45,,,40.862747,-73.90494,0.0,0.0,0,0,0,0,0,0,Unspecified,Unspecified,,,,Station Wagon/Sport Utility Vehicle,
2016,2016-09-23,17:15,MANHATTAN,10038,40.70605,-74.005104,0.0,0.0,0,0,0,0,0,0,Unspecified,,,,,Sedan,
2016,2016-09-24,17:50,,,,,1.0,0.0,1,0,0,0,0,0,Driver Inexperience,,,,,Bike,
2016,2016-09-25,16:20,QUEENS,11105,40.777355,-73.90586,0.0,0.0,0,0,0,0,0,0,Backing Unsafely,Unspecified,,,,Sedan,Sedan
2016,2016-09-26,18:15,BROOKLYN,11234,40.63413,-73.928505,0.0,0.0,0,0,0,0,0,0,Reaction to Uninvolved Vehicle,Unspecified,,,,Station Wagon/Sport Utility Vehicle,Sedan
2016,2016-09-26,8:00,QUEENS,11412,40.698524,-73.75603,0.0,0.0,0,0,0,0,0,0,Unspecified,Unspecified,,,,Sedan,
2016,2016-09-27,13:52,,,,,0.0,0.0,0,0,0,0,0,0,Driver Inattention/Distraction,Unspecified,,,,Box Truck,Station Wagon/Sport Utility Vehicle
2016,2016-09-28,13:00,BROOKLYN,11213,40.663605,-73.934395,1.0,0.0,0,0,0,0,1,0,Other Vehicular,Following Too Closely,Unspecified,,,Station Wagon/Sport Utility Vehicle,Station Wagon/Sport Utility Vehicle
2016,2016-09-28,17:00,,,40.67959,-73.87897,2.0,0.0,0,0,0,0,2,0,Following Too Closely,Unspecified,,,,Sedan,Station Wagon/Sport Utility Vehicle
2016,2016-09-28,12:00,,,40.81735,-73.960335,0.0,0.0,0,0,0,0,0,0,Following Too Closely,Unspecified,,,,Sedan,Sedan
2016,2016-09-29,0:15,BROOKLYN,11219,40.6277,-73.99974,0.0,0.0,0,0,0,0,0,0,Unspecified,Unspecified,Unspecified,,,Sedan,Sedan
2016,2016-09-29,13:50,MANHATTAN,10016,40.742836,-73.98294,0.0,0.0,0,0,0,0,0,0,Driver Inattention/Distraction,Unspecified,,,,Station Wagon/Sport Utility Vehicle,Station Wagon/Sport Utility Vehicle
2016,2016-09-29,7:45,BROOKLYN,11208,40.67134,-73.88195,0.0,0.0,0,0,0,0,0,0,Passing Too Closely,Passing Too Closely,,,,Bus,Taxi
2016,2016-09-29,17:00,QUEENS,11355,40.75814,-73.816536,0.0,0.0,0,0,0,0,0,0,Passing or Lane Usage Improper,Unspecified,,,,Station Wagon/Sport Utility Vehicle,
2016,2016-10-01,18:30,MANHATTAN,10018,40.757732,-73.99686,0.0,0.0,0,0,0,0,0,0,Unsafe Lane Changing,Unspecified,,,,Taxi,Sedan
2016,2016-10-01,12:00,BROOKLYN,11203,40.655754,-73.92403,0.0,0.0,0,0,0,0,0,0,Failure to Yield Right-of-Way,Unspecified,,,,Sedan,Sedan
2016,2016-10-02,3:20,QUEENS,11105,40.77004,-73.90951,0.0,0.0,0,0,0,0,0,0,Passing Too Closely,Unspecified,,,,Sedan,Station Wagon/Sport Utility Vehicle
2016,2016-10-03,15:45,QUEENS,11422,40.665257,-73.735344,0.0,0.0,0,0,0,0,0,0,Unspecified,Unspecified,,,,Station Wagon/Sport Utility Vehicle,Sedan
2016,2016-10-03,15:30,,,40.707867,-73.9454,0.0,0.0,0,0,0,0,0,0,Driver Inexperience,Unspecified,,,,Station Wagon/Sport Utility Vehicle,
2016,2016-10-03,16:00,,,40.69268,-73.93998,0.0,0.0,0,0,0,0,0,0,Other Vehicular,Reaction to Uninvolved Vehicle,,,,Sedan,Sedan
2016,2016-10-04,17:00,,,40.632824,-74.15207,0.0,0.0,0,0,0,0,0,0,Unspecified,Unspecified,,,,Sedan,Sedan
2016,2016-10-05,2:00,BROOKLYN,11208,40.667744,-73.878044,0.0,0.0,0,0,0,0,0,0,Unspecified,,,,,Station Wagon/Sport Utility Vehicle,
2016,2016-10-05,23:50,MANHATTAN,10012,40.72032,-73.99404,1.0,0.0,0,0,0,0,1,0,Turning Improperly,Unspecified,,,,Taxi,Van
2016,2016-10-06,8:25,QUEENS,11367,40.71735,-73.821686,0.0,0.0,0,0,0,0,0,0,Following Too Closely,Unspecified,,,,Sedan,Sedan
2016,2016-10-07,16:30,,,,,0.0,0.0,0,0,0,0,0,0,Following Too Closely,Unspecified,,,,Sedan,Station Wagon/Sport Utility Vehicle
2016,2016-10-07,6:55,,,40.769955,-73.95503,0.0,0.0,0,0,0,0,0,0,Driver Inattention/Distraction,Unspecified,,,,Sedan,Taxi
2016,2016-10-07,14:51,,,40.699844,-73.991035,0.0,0.0,0,0,0,0,0,0,Passing or Lane Usage Improper,Unspecified,,,,Sedan,Sedan
2016,2016-10-08,2:45,,,0.0,0.0,0.0,0.0,0,0,0,0,0,0,Passing or Lane Usage Improper,Driver Inattention/Distraction,,,,Sedan,Station Wagon/Sport Utility Vehicle
2016,2016-10-09,20:34,BROOKLYN,11201,40.68966,-74.00047,0.0,0.0,0,0,0,0,0,0,Unspecified,Unspecified,,,,Sedan,Sedan
2016,2016-10-11,19:30,QUEENS,11372,40.748417,-73.87649,1.0,0.0,1,0,0,0,0,0,Driver Inattention/Distraction,,,,,Sedan,
2016,2016-10-12,19:10,QUEENS,11422,40.665257,-73.735344,1.0,0.0,0,0,0,0,1,0,Unspecified,Unspecified,,,,Sedan,Sedan
2016,2016-10-12,12:00,QUEENS,11004,40.745388,-73.71508,0.0,0.0,0,0,0,0,0,0,Unspecified,Unspecified,,,,Sedan,Tractor Truck Diesel
2016,2016-10-13,17:15,,,40.73319,-73.866875,1.0,0.0,0,0,0,0,1,0,Following Too Closely,Following Too Closely,Unspecified,,,Sedan,Sedan
2016,2016-10-14,21:00,BRONX,10467,40.87829,-73.86463,1.0,0.0,1,0,0,0,0,0,Pedestrian/Bicyclist/Other Pedestrian Error/Confusion,,,,,Sedan,
2016,2016-10-15,20:45,BROOKLYN,11203,40.638786,-73.94538,0.0,0.0,0,0,0,0,0,0,Unspecified,Unspecified,,,,Station Wagon/Sport Utility Vehicle,Station Wagon/Sport Utility Vehicle
2016,2016-10-16,16:55,BROOKLYN,11233,40.674576,-73.92206,0.0,0.0,0,0,0,0,0,0,Driver Inattention/Distraction,Unspecified,,,,Sedan,Taxi
2016,2016-10-16,0:05,,,40.76241,-73.95443,0.0,0.0,0,0,0,0,0,0,Unspecified,Unspecified,Unspecified,,,Sedan,Station Wagon/Sport Utility Vehicle
2016,2016-10-17,13:20,QUEENS,11101,40.74024,-73.94508,0.0,0.0,0,0,0,0,0,0,Driver Inattention/Distraction,Unspecified,,,,Station Wagon/Sport Utility Vehicle,Sedan
2016,2016-10-18,15:00,BRONX,10456,40.82357,-73.90786,0.0,0.0,0,0,0,0,0,0,Unspecified,Unspecified,,,,Bus,Bus
2016,2016-10-18,9:10,BROOKLYN,11225,40.664158,-73.944496,1.0,0.0,0,0,0,0,1,0,Tire Failure/Inadequate,Unspecified,Unspecified,Unspecified,,Station Wagon/Sport Utility Vehicle,Sedan
2016,2016-10-18,22:36,MANHATTAN,10001,40.75048,-73.99472,0.0,0.0,0,0,0,0,0,0,Driver Inexperience,Driver Inexperience,,,,Taxi,Taxi
2016,2016-10-18,17:20,BROOKLYN,11217,40.680733,-73.97451,0.0,0.0,0,0,0,0,0,0,Failure to Yield Right-of-Way,Unspecified,,,,Station Wagon/Sport Utility Vehicle,Sedan
2016,2016-10-18,19:10,,,40.79737,-73.91981,0.0,0.0,0,0,0,0,0,0,Unsafe Lane Changing,Unspecified,,,,Sedan,Pick-up Truck
2016,2016-10-19,11:40,BROOKLYN,11225,40.663483,-73.9627,5.0,0.0,0,0,0,0,5,0,Driver Inattention/Distraction,Unspecified,,,,Bus,Sedan
2016,2016-10-19,16:30,BROOKLYN,11212,40.658836,-73.92046,0.0,0.0,0,0,0,0,0,0,Failure to Yield Right-of-Way,Unspecified,,,,Station Wagon/Sport Utility Vehicle,Station Wagon/Sport Utility Vehicle
2016,2016-10-19,9:47,STATEN ISLAND,10309,40.54848,-74.217384,0.0,0.0,0,0,0,0,0,0,Backing Unsafely,Unspecified,,,,Station Wagon/Sport Utility Vehicle,Sedan
2016,2016-10-19,21:09,BROOKLYN,11233,40.685497,-73.91771,1.0,0.0,1,0,0,0,0,0,Driver Inattention/Distraction,,,,,Station Wagon/Sport Utility Vehicle,
2016,2016-10-20,17:35,STATEN ISLAND,10304,,,0.0,0.0,0,0,0,0,0,0,Driver Inattention/Distraction,Unspecified,,,,Sedan,Sedan
2016,2016-10-21,13:30,QUEENS,11421,40.686928,-73.85314,0.0,0.0,0,0,0,0,0,0,Unsafe Lane Changing,Unspecified,,,,Station Wagon/Sport Utility Vehicle,Sedan
2016,2016-10-21,16:00,,,40.826042,-73.85933,0.0,0.0,0,0,0,0,0,0,Driver Inattention/Distraction,Unspecified,,,,Station Wagon/Sport Utility Vehicle,Station Wagon/Sport Utility Vehicle
2016,2016-10-21,19:55,MANHATTAN,10039,40.821964,-73.93583,1.0,0.0,1,0,0,0,0,0,Aggressive Driving/Road Rage,,,,,Station Wagon/Sport Utility Vehicle,
2016,2016-10-22,12:24,STATEN ISLAND,10312,40.54534,-74.160576,0.0,0.0,0,0,0,0,0,0,Driver Inattention/Distraction,Driver Inattention/Distraction,,,,Sedan,Pallet
2016,2016-10-23,11:15,BRONX,10455,40.815586,-73.89699,0.0,0.0,0,0,0,0,0,0,Failure to Yield Right-of-Way,Unspecified,,,,Sedan,Station Wagon/Sport Utility Vehicle
2016,2016-10-27,16:00,,,,,0.0,0.0,0,0,0,0,0,0,Unspecified,Unspecified,,,,Box Truck,Station Wagon/Sport Utility Vehicle
2016,2016-10-27,20:30,BRONX,10454,,,0.0,0.0,0,0,0,0,0,0,Unspecified,Unspecified,Unspecified,,,Sedan,Sedan
2016,2016-10-27,18:45,,,40.624912,-74.146706,1.0,0.0,1,0,0,0,0,0,Unspecified,,,,,Sedan,
2016,2016-10-28,9:00,,,40.712673,-73.80139,0.0,0.0,0,0,0,0,0,0,Driver Inattention/Distraction,Unspecified,,,,Sedan,Sedan
2016,2016-10-29,13:45,QUEENS,11375,40.736996,-73.8517,0.0,0.0,0,0,0,0,0,0,Driver Inexperience,Unspecified,,,,Sedan,Station Wagon/Sport Utility Vehicle
2016,2016-10-31,1:25,,,40.634266,-74.16135,0.0,0.0,0,0,0,0,0,0,Backing Unsafely,,,,,Sedan,
2016,2016-10-31,10:00,,,40.676834,-74.00146,0.0,0.0,0,0,0,0,0,0,Unspecified,Unspecified,,,,Sedan,Sedan
2016,2016-11-01,15:20,BRONX,10458,40.86709,-73.88575,0.0,0.0,0,0,0,0,0,0,Passing or Lane Usage Improper,Unspecified,,,,van,gov v
2016,2016-11-02,0:14,BRONX,10458,,,0.0,0.0,0,0,0,0,0,0,Alcohol Involvement,,,,,Station Wagon/Sport Utility Vehicle,
2016,2016-11-02,16:30,,,40.744503,-73.975235,0.0,0.0,0,0,0,0,0,0,Driver Inattention/Distraction,Driver Inattention/Distraction,,,,Station Wagon/Sport Utility Vehicle,Box Truck
2016,2016-11-04,23:45,,,40.65871,-73.93112,0.0,0.0,0,0,0,0,0,0,Unspecified,Unspecified,,,,Sedan,Sedan
2016,2016-11-05,18:30,QUEENS,11368,40.752106,-73.8595,1.0,0.0,0,0,1,0,0,0,Pedestrian/Bicyclist/Other Pedestrian Error/Confusion,Pedestrian/Bicyclist/Other Pedestrian Error/Confusion,,,,Sedan,Bike
2016,2016-11-07,8:30,BRONX,10474,40.813805,-73.89112,0.0,0.0,0,0,0,0,0,0,Passing Too Closely,Unspecified,,,,Box Truck,Sedan
2016,2016-11-07,15:55,BRONX,10467,40.879948,-73.88086,1.0,0.0,0,0,0,0,1,0,Unspecified,Unspecified,,,,Station Wagon/Sport Utility Vehicle,Sedan
2016,2016-11-07,9:40,QUEENS,11372,40.754974,-73.89095,0.0,0.0,0,0,0,0,0,0,Failure to Yield Right-of-Way,Unspecified,,,,Sedan,Sedan
2016,2016-11-09,18:40,QUEENS,11435,40.70887,-73.81871,1.0,0.0,0,0,0,0,1,0,Failure to Yield Right-of-Way,Unspecified,,,,Station Wagon/Sport Utility Vehicle,Sedan
2016,2016-11-10,16:20,STATEN ISLAND,10305,40.587067,-74.09162,1.0,0.0,0,0,0,0,1,0,Following Too Closely,Unspecified,,,,Sedan,Van
2016,2016-11-11,2:28,,,,,2.0,0.0,0,0,0,0,0,0,Unsafe Lane Changing,Unsafe Lane Changing,Unsafe Lane Changing,Unspecified,Unspecified,,
2016,2016-11-11,13:37,MANHATTAN,10035,,,0.0,0.0,0,0,0,0,0,0,Following Too Closely,Unspecified,,,,Station Wagon/Sport Utility Vehicle,Station Wagon/Sport Utility Vehicle
2016,2016-11-12,19:00,,,40.77763,-73.974945,0.0,0.0,0,0,0,0,0,0,Unsafe Lane Changing,Unspecified,,,,Pick-up Truck,Pick-up Truck
2016,2016-11-12,15:35,QUEENS,11354,40.76027,-73.83049,0.0,0.0,0,0,0,0,0,0,Backing Unsafely,Following Too Closely,,,,Sedan,Sedan
2016,2016-11-12,23:11,,,40.72225,-74.00592,0.0,0.0,0,0,0,0,0,0,Driver Inattention/Distraction,Unspecified,,,,Sedan,Sedan
2016,2016-11-12,15:50,,,40.756676,-73.920876,1.0,0.0,0,0,1,0,0,0,Driver Inattention/Distraction,Unspecified,,,,Station Wagon/Sport Utility Vehicle,Bike
2016,2016-11-14,15:01,QUEENS,11374,40.730137,-73.862366,0.0,0.0,0,0,0,0,0,0,Driver Inattention/Distraction,Unspecified,,,,Sedan,Station Wagon/Sport Utility Vehicle
2016,2016-11-14,8:45,MANHATTAN,10012,40.72543,-73.99678,0.0,0.0,0,0,0,0,0,0,Passing Too Closely,Passing Too Closely,,,,Box Truck,Taxi
2016,2016-11-15,11:15,QUEENS,11373,40.73652,-73.8701,1.0,0.0,1,0,0,0,0,0,Failure to Yield Right-of-Way,,,,,Sedan,
2016,2016-11-15,18:10,BROOKLYN,11231,40.67641,-74.00104,0.0,0.0,0,0,0,0,0,0,Unspecified,Unspecified,,,,Sedan,Sedan
2016,2016-11-15,17:00,BROOKLYN,11212,40.654137,-73.91234,0.0,0.0,0,0,0,0,0,0,Unspecified,,,,,Sedan,
2016,2016-11-16,15:00,,,40.624977,-74.14417,0.0,0.0,0,0,0,0,0,0,Driver Inattention/Distraction,Backing Unsafely,,,,Station Wagon/Sport Utility Vehicle,Sedan
2016,2016-11-16,14:30,BRONX,10454,40.812893,-73.92013,1.0,0.0,0,0,1,0,0,0,Driver Inattention/Distraction,Pavement Slippery,,,,Sedan,Bike
2016,2016-11-16,11:00,,,40.73917,-73.79459,0.0,0.0,0,0,0,0,0,0,Turning Improperly,Passing Too Closely,,,,Tractor Truck Diesel,Station Wagon/Sport Utility Vehicle
2016,2016-11-16,18:10,,,40.579914,-73.97093,1.0,0.0,0,0,0,0,1,0,Driver Inattention/Distraction,Unspecified,,,,Station Wagon/Sport Utility Vehicle,Station Wagon/Sport Utility Vehicle
2016,2016-11-17,10:30,STATEN ISLAND,10304,40.62199,-74.07826,1.0,0.0,0,0,0,0,1,0,Following Too Closely,Unspecified,Unspecified,,,Station Wagon/Sport Utility Vehicle,UNKNO
2016,2016-11-17,0:00,,,40.73566,-73.91521,0.0,0.0,0,0,0,0,0,0,Unsafe Lane Changing,Unspecified,,,,Tractor Truck Diesel,Sedan
2016,2016-11-18,18:30,MANHATTAN,10016,40.74309,-73.97402,1.0,0.0,0,0,1,0,0,0,Driver Inattention/Distraction,Driver Inattention/Distraction,,,,Sedan,Bike
2016,2016-11-20,4:40,BROOKLYN,11229,40.611477,-73.94883,0.0,0.0,0,0,0,0,0,0,Reaction to Uninvolved Vehicle,Unspecified,,,,Station Wagon/Sport Utility Vehicle,Sedan
2016,2016-11-20,14:45,BROOKLYN,11237,40.698963,-73.91864,0.0,0.0,0,0,0,0,0,0,Driver Inattention/Distraction,Unspecified,Unspecified,Unspecified,,Sedan,Sedan
2016,2016-11-20,11:50,BRONX,10467,40.87982,-73.86727,0.0,0.0,0,0,0,0,0,0,Driver Inattention/Distraction,Driver Inattention/Distraction,,,,Station Wagon/Sport Utility Vehicle,Station Wagon/Sport Utility Vehicle
2016,2016-11-21,7:20,QUEENS,11435,40.69261,-73.80314,0.0,0.0,0,0,0,0,0,0,Failure to Yield Right-of-Way,Unspecified,,,,Sedan,Sedan
2016,2016-11-21,20:35,,,40.681126,-73.96446,0.0,0.0,0,0,0,0,0,0,Other Vehicular,Unspecified,,,,Sedan,Van
2016,2016-11-22,17:00,BROOKLYN,11222,40.719048,-73.939095,0.0,0.0,0,0,0,0,0,0,Unspecified,,,,,Station Wagon/Sport Utility Vehicle,
2016,2016-11-23,15:40,MANHATTAN,10003,40.729687,-73.988434,1.0,0.0,0,0,0,0,1,0,Accelerator Defective,Unspecified,Unspecified,,,Sedan,Station Wagon/Sport Utility Vehicle
2016,2016-11-24,14:15,BROOKLYN,11211,40.71252,-73.93833,0.0,0.0,0,0,0,0,0,0,Passenger Distraction,Unspecified,,,,Station Wagon/Sport Utility Vehicle,Station Wagon/Sport Utility Vehicle
2016,2016-11-26,22:45,,,,,0.0,0.0,0,0,0,0,0,0,Driver Inattention/Distraction,Unspecified,,,,Sedan,Sedan
2016,2016-11-27,11:04,,,40.764286,-73.95562,0.0,0.0,0,0,0,0,0,0,Failure to Yield Right-of-Way,,,,,Sedan,
2016,2016-11-28,13:20,,,40.595074,-74.09416,0.0,0.0,0,0,0,0,0,0,Unspecified,Unspecified,,,,Station Wagon/Sport Utility Vehicle,Sedan
2016,2016-11-29,21:00,MANHATTAN,10001,40.752052,-74.000984,0.0,0.0,0,0,0,0,0,0,Backing Unsafely,Unspecified,,,,Station Wagon/Sport Utility Vehicle,Taxi
2016,2016-12-01,9:25,,,40.832535,-73.85797,0.0,0.0,0,0,0,0,0,0,Following Too Closely,Unspecified,,,,Sedan,Sedan
2016,2016-12-03,9:40,MANHATTAN,10006,40.70977,-74.0119,0.0,0.0,0,0,0,0,0,0,Unspecified,,,,,Fire,
2016,2016-12-03,20:30,QUEENS,11385,40.705616,-73.88346,2.0,0.0,0,0,0,0,2,0,Failure to Yield Right-of-Way,Failure to Yield Right-of-Way,,,,Sedan,Sedan
2016,2016-12-05,15:00,BRONX,10467,40.866066,-73.86634,0.0,0.0,0,0,0,0,0,0,Unspecified,Unspecified,,,,Sedan,Station Wagon/Sport Utility Vehicle
2016,2016-12-06,17:49,,,40.724716,-74.00598,1.0,0.0,1,0,0,0,0,0,Driver Inexperience,,,,,Sedan,
2016,2016-12-06,21:34,BRONX,10473,40.8265,-73.84979,2.0,0.0,0,0,0,0,2,0,Turning Improperly,Unspecified,,,,Sedan,Station Wagon/Sport Utility Vehicle
2016,2016-12-09,20:09,BROOKLYN,11235,40.59178,-73.95901,1.0,0.0,0,0,0,0,1,0,Failure to Yield Right-of-Way,Unsafe Speed,,,,Taxi,Sedan
2016,2016-12-11,2:30,QUEENS,11373,40.734135,-73.86918,0.0,0.0,0,0,0,0,0,0,Failure to Yield Right-of-Way,Unspecified,,,,Station Wagon/Sport Utility Vehicle,Sedan
2016,2016-12-11,21:57,BRONX,10454,40.808876,-73.930115,0.0,0.0,0,0,0,0,0,0,Other Vehicular,Driver Inattention/Distraction,,,,Station Wagon/Sport Utility Vehicle,Sedan
2016,2016-12-12,8:45,BROOKLYN,11234,40.607178,-73.92231,2.0,0.0,0,0,0,0,2,0,Failure to Yield Right-of-Way,Unspecified,,,,Station Wagon/Sport Utility Vehicle,Sedan
2016,2016-12-12,21:45,BROOKLYN,11213,40.679367,-73.931335,0.0,0.0,0,0,0,0,0,0,Pedestrian/Bicyclist/Other Pedestrian Error/Confusion,Driver Inexperience,,,,Sedan,Bike
2016,2016-12-12,16:30,BROOKLYN,11208,40.68291,-73.87195,0.0,0.0,0,0,0,0,0,0,Unspecified,,,,,Sedan,
2016,2016-12-13,1:36,STATEN ISLAND,10305,40.618187,-74.06915,0.0,0.0,0,0,0,0,0,0,Alcohol Involvement,,,,,Station Wagon/Sport Utility Vehicle,
2016,2016-12-14,10:29,QUEENS,11432,40.717834,-73.80339,0.0,0.0,0,0,0,0,0,0,Unspecified,,,,,Station Wagon/Sport Utility Vehicle,
2016,2016-12-14,19:40,BROOKLYN,11234,40.615433,-73.91388,0.0,0.0,0,0,0,0,0,0,Unspecified,Unspecified,Unspecified,,,Station Wagon/Sport Utility Vehicle,Bus
2016,2016-12-14,8:22,BROOKLYN,11212,40.659485,-73.918304,0.0,0.0,0,0,0,0,0,0,Unspecified,,,,,Station Wagon/Sport Utility Vehicle,
2016,2016-12-15,6:20,BROOKLYN,11236,40.633366,-73.9109,0.0,0.0,0,0,0,0,0,0,Driver Inattention/Distraction,Unspecified,,,,Sedan,Station Wagon/Sport Utility Vehicle
2016,2016-12-15,14:30,,,40.69822,-73.943954,1.0,0.0,0,0,0,0,1,0,Unspecified,Unspecified,,,,Sedan,Van
2016,2016-12-16,0:39,MANHATTAN,10001,,,1.0,0.0,0,0,0,0,1,0,Alcohol Involvement,Unspecified,,,,Sedan,Station Wagon/Sport Utility Vehicle
2016,2016-12-17,18:00,BROOKLYN,11213,40.670734,-73.93373,0.0,0.0,0,0,0,0,0,0,Unspecified,Unspecified,Unspecified,,,Sedan,Sedan
2016,2016-12-18,12:35,BRONX,10457,40.84328,-73.90463,0.0,0.0,0,0,0,0,0,0,Traffic Control Disregarded,Unspecified,Unspecified,,,Sedan,Sedan
2016,2016-12-19,20:30,QUEENS,11434,40.69189,-73.77207,1.0,0.0,0,0,0,0,1,0,Brakes Defective,,,,,Sedan,
2016,2016-12-19,20:00,,,40.825935,-73.85913,2.0,0.0,0,0,0,0,2,0,Following Too Closely,Unspecified,,,,Sedan,Station Wagon/Sport Utility Vehicle
2016,2016-12-19,4:45,,,40.845238,-73.900894,2.0,0.0,0,0,0,0,2,0,Driver Inattention/Distraction,Driver Inattention/Distraction,,,,Station Wagon/Sport Utility Vehicle,Station Wagon/Sport Utility Vehicle
2016,2016-12-20,14:00,MANHATTAN,10155,40.761395,-73.96819,1.0,0.0,0,0,0,0,1,0,Other Vehicular,Driver Inattention/Distraction,,,,Sedan,Sedan
2016,2016-12-20,12:50,BROOKLYN,11226,40.644615,-73.962166,0.0,0.0,0,0,0,0,0,0,Unspecified,Unspecified,,,,Station Wagon/Sport Utility Vehicle,Station Wagon/Sport Utility Vehicle
2016,2016-12-20,7:20,BROOKLYN,11214,40.58241,-73.98619,1.0,0.0,0,0,0,0,1,0,Fatigued/Drowsy,Unspecified,,,,Station Wagon/Sport Utility Vehicle,Pick-up Truck
2016,2016-12-20,13:40,BRONX,10465,40.82927,-73.82493,0.0,0.0,0,0,0,0,0,0,Unspecified,Unspecified,,,,Sedan,
2016,2016-12-21,9:00,QUEENS,11004,40.739338,-73.7081,0.0,0.0,0,0,0,0,0,0,Unspecified,,,,,Sedan,
2016,2016-12-21,8:20,,,40.834114,-73.86327,0.0,0.0,0,0,0,0,0,0,Driver Inattention/Distraction,Unspecified,Unspecified,Unspecified,Unspecified,Sedan,Tractor Truck Diesel
2016,2016-12-21,9:50,BROOKLYN,11208,40.67777,-73.863914,0.0,0.0,0,0,0,0,0,0,Failure to Yield Right-of-Way,Unspecified,,,,Sedan,Station Wagon/Sport Utility Vehicle
2016,2016-12-22,11:35,,,40.840645,-73.84205,0.0,0.0,0,0,0,0,0,0,Traffic Control Disregarded,Unspecified,,,,Sedan,Sedan
2016,2016-12-22,10:00,BROOKLYN,11206,40.6974,-73.94381,0.0,0.0,0,0,0,0,0,0,Unspecified,,,,,Station Wagon/Sport Utility Vehicle,
2016,2016-12-22,9:50,BROOKLYN,11236,40.648266,-73.90581,0.0,0.0,0,0,0,0,0,0,Failure to Yield Right-of-Way,Unspecified,,,,Tractor Truck Diesel,Sedan
2016,2016-12-23,18:43,BROOKLYN,11216,40.678722,-73.952995,0.0,0.0,0,0,0,0,0,0,Unspecified,Unspecified,,,,Tractor Truck Diesel,Sedan
2016,2016-12-24,11:14,BRONX,10461,40.85575,-73.8402,0.0,0.0,0,0,0,0,0,0,Unspecified,Unspecified,,,,van,box t
2016,2016-12-25,12:05,BRONX,10453,40.8504,-73.90697,0.0,0.0,0,0,0,0,0,0,Driver Inattention/Distraction,Unspecified,,,,Sedan,Sedan
2016,2016-12-26,18:00,BRONX,10475,40.868813,-73.82316,0.0,0.0,0,0,0,0,0,0,Unspecified,Unspecified,,,,Sedan,Sedan
2016,2016-12-27,20:15,,,40.842503,-73.92797,0.0,0.0,0,0,0,0,0,0,Driver Inattention/Distraction,Unspecified,,,,Tow Truck / Wrecker,Station Wagon/Sport Utility Vehicle
2016,2016-12-27,9:05,QUEENS,11101,40.74198,-73.94643,1.0,0.0,1,0,0,0,0,0,View Obstructed/Limited,,,,,Pick-up Truck,
2016,2016-12-27,21:00,MANHATTAN,10020,40.758976,-73.981094,0.0,0.0,0,0,0,0,0,0,Reaction to Uninvolved Vehicle,Passing Too Closely,,,,Station Wagon/Sport Utility Vehicle,Sedan
2016,2016-12-27,19:00,MANHATTAN,10007,40.71523,-74.01334,1.0,0.0,0,0,0,0,1,0,Driver Inattention/Distraction,Unspecified,,,,Sedan,Taxi
2016,2016-12-30,12:15,,,40.679653,-73.77724,0.0,0.0,0,0,0,0,0,0,Driver Inattention/Distraction,Driver Inattention/Distraction,,,,Station Wagon/Sport Utility Vehicle,Station Wagon/Sport Utility Vehicle
2016,2016-12-30,19:16,BROOKLYN,11226,40.64477,-73.954735,1.0,0.0,0,0,0,0,1,0,Turning Improperly,Unspecified,,,,Sedan,Sedan
2016,2016-12-31,13:00,,,40.769993,-73.915825,1.0,0.0,0,0,0,0,1,0,Following Too Closely,Unspecified,Unspecified,,,Station Wagon/Sport Utility Vehicle,Sedan
2016,2016-12-31,17:40,,,40.74629,-73.766945,0.0,0.0,0,0,0,0,0,0,Following Too Closely,Unspecified,,,,Station Wagon/Sport Utility Vehicle,waste
2017,2017-01-02,14:55,QUEENS,11413,40.682514,-73.75665,1.0,0.0,0,0,0,0,1,0,Unspecified,Unspecified,,,,Sedan,Sedan
2017,2017-01-05,11:40,BROOKLYN,11219,40.636494,-73.98701,0.0,0.0,0,0,0,0,0,0,Following Too Closely,Backing Unsafely,,,,Sedan,Taxi
2017,2017-01-06,9:58,BRONX,10458,40.864227,-73.89578,1.0,0.0,1,0,0,0,0,0,Driver Inexperience,,,,,Station Wagon/Sport Utility Vehicle,
2017,2017-01-06,19:00,BRONX,10475,40.885952,-73.8279,0.0,0.0,0,0,0,0,0,0,Failure to Yield Right-of-Way,Unspecified,Unspecified,,,Station Wagon/Sport Utility Vehicle,Station Wagon/Sport Utility Vehicle
2017,2017-01-07,14:30,,,40.682667,-73.86814,0.0,0.0,0,0,0,0,0,0,Following Too Closely,Unspecified,,,,Sedan,Sedan
2017,2017-01-07,19:19,BRONX,10457,40.83846,-73.90175,0.0,0.0,0,0,0,0,0,0,Failure to Yield Right-of-Way,Unspecified,,,,Station Wagon/Sport Utility Vehicle,Sedan
2017,2017-01-07,16:00,,,40.831924,-73.85104,0.0,0.0,0,0,0,0,0,0,Unsafe Speed,Unspecified,,,,Sedan,Station Wagon/Sport Utility Vehicle
2017,2017-01-08,16:47,,,40.608757,-74.038086,0.0,0.0,0,0,0,0,0,0,Reaction to Uninvolved Vehicle,Reaction to Uninvolved Vehicle,,,,Sedan,Station Wagon/Sport Utility Vehicle
2017,2017-01-09,18:30,,,,,0.0,0.0,0,0,0,0,0,0,Unspecified,Unspecified,,,,Station Wagon/Sport Utility Vehicle,Station Wagon/Sport Utility Vehicle
2017,2017-01-09,10:30,QUEENS,11001,40.73097,-73.7109,0.0,0.0,0,0,0,0,0,0,Driver Inattention/Distraction,Unspecified,,,,Sedan,Station Wagon/Sport Utility Vehicle
2017,2017-01-10,9:08,,,40.8047,-73.91243,0.0,0.0,0,0,0,0,0,0,Driver Inattention/Distraction,Unspecified,,,,Sedan,Van
2017,2017-01-10,9:58,MANHATTAN,10019,40.763023,-73.97815,0.0,0.0,0,0,0,0,0,0,Other Vehicular,Other Vehicular,,,,Sedan,Taxi
2017,2017-01-11,18:35,BROOKLYN,11225,40.66063,-73.95062,0.0,0.0,0,0,0,0,0,0,Pedestrian/Bicyclist/Other Pedestrian Error/Confusion,Unspecified,,,,Station Wagon/Sport Utility Vehicle,Bike
2017,2017-01-13,19:32,STATEN ISLAND,10301,40.6259,-74.08873,1.0,0.0,0,0,0,0,1,0,Unspecified,Unspecified,,,,Sedan,Sedan
2017,2017-01-13,19:20,,,40.683544,-74.00176,0.0,0.0,0,0,0,0,0,0,Driver Inattention/Distraction,Unspecified,,,,Sedan,Sedan
2017,2017-01-14,1:03,QUEENS,11368,40.75532,-73.86996,0.0,0.0,0,0,0,0,0,0,Alcohol Involvement,Unspecified,,,,Station Wagon/Sport Utility Vehicle,Station Wagon/Sport Utility Vehicle
2017,2017-01-15,13:00,,,40.67476,-73.79884,0.0,0.0,0,0,0,0,0,0,Unspecified,Unspecified,,,,Sedan,Sedan
2017,2017-01-15,11:10,BROOKLYN,11228,40.621635,-74.009636,0.0,0.0,0,0,0,0,0,0,Following Too Closely,Turning Improperly,,,,Station Wagon/Sport Utility Vehicle,Sedan
2017,2017-01-15,16:00,BRONX,10455,40.81632,-73.903015,0.0,0.0,0,0,0,0,0,0,Unspecified,Unspecified,,,,Sedan,
2017,2017-01-16,7:57,BROOKLYN,11249,40.708347,-73.96724,1.0,0.0,1,0,0,0,0,0,Driver Inattention/Distraction,,,,,Sedan,
2017,2017-01-17,19:32,,,40.64507,-73.95803,0.0,0.0,0,0,0,0,0,0,Unsafe Lane Changing,Unspecified,,,,Sedan,Station Wagon/Sport Utility Vehicle
2017,2017-01-23,16:00,BROOKLYN,11232,40.65207,-74.00676,0.0,0.0,0,0,0,0,0,0,Reaction to Uninvolved Vehicle,Unspecified,,,,Station Wagon/Sport Utility Vehicle,Station Wagon/Sport Utility Vehicle
2017,2017-01-23,7:40,MANHATTAN,10034,40.865795,-73.920006,1.0,0.0,1,0,0,0,0,0,Unspecified,,,,,,
2017,2017-01-23,8:25,QUEENS,11417,40.681175,-73.83455,2.0,0.0,0,0,0,0,2,0,Traffic Control Disregarded,Unspecified,Unspecified,,,Sedan,Sedan
2017,2017-01-23,19:50,BROOKLYN,11231,40.67468,-74.016045,0.0,0.0,0,0,0,0,0,0,Unspecified,Unspecified,,,,Sedan,Station Wagon/Sport Utility Vehicle
2017,2017-01-23,11:00,,,40.785374,-73.840294,0.0,0.0,0,0,0,0,0,0,Unspecified,,,,,Station Wagon/Sport Utility Vehicle,
2017,2017-01-24,8:39,,,40.744923,-73.83709,0.0,0.0,0,0,0,0,0,0,Driver Inattention/Distraction,Unspecified,,,,Sedan,Sedan
2017,2017-01-25,8:00,BRONX,10451,40.824463,-73.91371,0.0,0.0,0,0,0,0,0,0,Unspecified,Unspecified,,,,Sedan,
2017,2017-01-27,11:25,BRONX,10454,40.806965,-73.911674,1.0,0.0,1,0,0,0,0,0,Driver Inattention/Distraction,,,,,Station Wagon/Sport Utility Vehicle,
2017,2017-01-27,7:40,QUEENS,11412,40.688812,-73.764015,0.0,0.0,0,0,0,0,0,0,Unspecified,Unspecified,,,,Sedan,Station Wagon/Sport Utility Vehicle
2017,2017-01-30,21:30,MANHATTAN,10023,40.769478,-73.98089,0.0,0.0,0,0,0,0,0,0,Driver Inattention/Distraction,Unspecified,,,,Taxi,Sedan
2017,2017-01-30,19:18,,,40.77656,-73.95271,0.0,0.0,0,0,0,0,0,0,Driver Inexperience,Unspecified,,,,Sedan,Taxi
2017,2017-01-31,23:30,MANHATTAN,10011,40.74702,-74.00466,0.0,0.0,0,0,0,0,0,0,Backing Unsafely,Unspecified,,,,Taxi,Box Truck
2017,2017-01-31,14:25,QUEENS,11422,40.667763,-73.739944,0.0,0.0,0,0,0,0,0,0,Unspecified,,,,,Sedan,Sedan
2017,2017-02-01,18:00,QUEENS,11428,40.720554,-73.73604,0.0,0.0,0,0,0,0,0,0,Failure to Yield Right-of-Way,Following Too Closely,Unspecified,,,Sedan,Sedan
2017,2017-02-01,9:00,MANHATTAN,10128,40.781387,-73.95213,0.0,0.0,0,0,0,0,0,0,Backing Unsafely,Unspecified,,,,Pick-up Truck,Sedan
2017,2017-02-01,7:30,,,40.859444,-73.915985,0.0,0.0,0,0,0,0,0,0,Unspecified,Unspecified,,,,Sedan,Station Wagon/Sport Utility Vehicle
2017,2017-02-02,15:02,,,40.66475,-73.89405,0.0,0.0,0,0,0,0,0,0,Following Too Closely,Unspecified,,,,Station Wagon/Sport Utility Vehicle,Station Wagon/Sport Utility Vehicle
2017,2017-02-02,14:51,QUEENS,11422,40.65741,-73.72839,0.0,0.0,0,0,0,0,0,0,Unspecified,Unspecified,,,,Sedan,Pick-up Truck
2017,2017-02-03,18:45,STATEN ISLAND,10312,40.560474,-74.16689,0.0,0.0,0,0,0,0,0,0,Following Too Closely,Unspecified,,,,Sedan,Station Wagon/Sport Utility Vehicle
2017,2017-02-04,1:33,,,40.654915,-73.93752,1.0,0.0,0,0,0,0,1,0,Unsafe Speed,Unspecified,Unspecified,Unspecified,Unspecified,Station Wagon/Sport Utility Vehicle,Station Wagon/Sport Utility Vehicle
2017,2017-02-04,10:00,,,40.72653,-73.72852,0.0,0.0,0,0,0,0,0,0,Other Vehicular,Unspecified,,,,Station Wagon/Sport Utility Vehicle,Pick-up Truck
2017,2017-02-07,9:30,MANHATTAN,10023,40.771595,-73.98843,1.0,0.0,0,0,0,0,1,0,Unspecified,Unspecified,,,,Station Wagon/Sport Utility Vehicle,Sedan
2017,2017-02-08,12:00,BRONX,10460,40.84481,-73.8871,0.0,0.0,0,0,0,0,0,0,Driver Inexperience,Unspecified,,,,Sedan,
2017,2017-02-08,15:20,BRONX,10455,40.812473,-73.90542,0.0,0.0,0,0,0,0,0,0,Driver Inattention/Distraction,Unspecified,,,,Sedan,Van
2017,2017-02-08,14:00,,,40.829365,-73.90249,1.0,0.0,0,0,0,0,1,0,Driver Inattention/Distraction,Unspecified,,,,Convertible,Convertible
2017,2017-02-08,8:30,,,40.72707,-73.75457,0.0,0.0,0,0,0,0,0,0,Following Too Closely,Unspecified,,,,Station Wagon/Sport Utility Vehicle,Pick-up Truck
2017,2017-02-08,14:35,MANHATTAN,10022,40.756985,-73.97161,0.0,0.0,0,0,0,0,0,0,Following Too Closely,Unspecified,,,,Sedan,Van
2017,2017-02-09,12:00,MANHATTAN,10025,,,0.0,0.0,0,0,0,0,0,0,Passing Too Closely,Unspecified,,,,Station Wagon/Sport Utility Vehicle,Station Wagon/Sport Utility Vehicle
2017,2017-02-10,16:39,MANHATTAN,10033,,,0.0,0.0,0,0,0,0,0,0,Following Too Closely,Unspecified,,,,Station Wagon/Sport Utility Vehicle,Station Wagon/Sport Utility Vehicle
2017,2017-02-13,0:15,QUEENS,11423,40.720837,-73.76932,1.0,0.0,0,0,0,0,1,0,Unspecified,Unspecified,Unspecified,,,Sedan,Sedan
2017,2017-02-13,19:30,,,40.594616,-73.99743,0.0,0.0,0,0,0,0,0,0,Following Too Closely,Unspecified,,,,Station Wagon/Sport Utility Vehicle,Sedan
2017,2017-02-13,20:30,MANHATTAN,10010,40.741615,-73.993744,1.0,0.0,0,0,1,0,0,0,Failure to Yield Right-of-Way,Following Too Closely,,,,Taxi,Bike
2017,2017-02-13,11:50,BROOKLYN,11220,40.63396,-74.01476,0.0,0.0,0,0,0,0,0,0,Failure to Keep Right,Unspecified,,,,Station Wagon/Sport Utility Vehicle,Sedan
2017,2017-02-14,19:00,,,40.73361,-73.92385,0.0,0.0,0,0,0,0,0,0,Driver Inattention/Distraction,Unspecified,,,,Sedan,
2017,2017-02-14,17:16,,,40.64461,-73.9267,0.0,0.0,0,0,0,0,0,0,Unsafe Speed,Unspecified,,,,Station Wagon/Sport Utility Vehicle,Station Wagon/Sport Utility Vehicle
2017,2017-02-15,17:30,BROOKLYN,11218,40.64356,-73.98993,3.0,0.0,0,0,0,0,3,0,Lost Consciousness,Unspecified,Unspecified,,,Sedan,Station Wagon/Sport Utility Vehicle
2017,2017-02-16,14:20,MANHATTAN,10007,40.711018,-74.0108,0.0,0.0,0,0,0,0,0,0,Following Too Closely,Unspecified,Unspecified,,,Taxi,Sedan
2017,2017-02-16,17:00,MANHATTAN,10016,40.747684,-73.97879,1.0,0.0,1,0,0,0,0,0,Driver Inattention/Distraction,,,,,Sedan,
2017,2017-02-16,8:50,QUEENS,11432,40.70664,-73.79804,0.0,0.0,0,0,0,0,0,0,Passing or Lane Usage Improper,Unspecified,,,,Station Wagon/Sport Utility Vehicle,Sedan
2017,2017-02-17,14:33,,,40.82299,-73.86777,0.0,0.0,0,0,0,0,0,0,Following Too Closely,Unspecified,,,,Station Wagon/Sport Utility Vehicle,Sedan
2017,2017-02-18,14:10,BRONX,10452,40.844418,-73.91491,0.0,0.0,0,0,0,0,0,0,Turning Improperly,Unspecified,,,,Sedan,Station Wagon/Sport Utility Vehicle
2017,2017-02-18,19:05,,,40.844883,-73.907295,0.0,0.0,0,0,0,0,0,0,Other Vehicular,Driver Inattention/Distraction,,,,Station Wagon/Sport Utility Vehicle,Sedan
2017,2017-02-19,4:45,MANHATTAN,10012,40.727352,-73.99517,1.0,0.0,0,0,0,0,1,0,Driver Inattention/Distraction,Driver Inattention/Distraction,Driver Inattention/Distraction,,,Sedan,Sedan
2017,2017-02-21,17:30,QUEENS,11423,40.720657,-73.76031,0.0,0.0,0,0,0,0,0,0,Failure to Yield Right-of-Way,Passing Too Closely,,,,Sedan,Sedan
2017,2017-02-21,14:30,STATEN ISLAND,10310,40.63422,-74.12123,0.0,0.0,0,0,0,0,0,0,Unspecified,Unspecified,Unspecified,Unspecified,,Sedan,Sedan
2017,2017-02-21,16:08,MANHATTAN,10003,40.73064,-73.98618,0.0,0.0,0,0,0,0,0,0,Reaction to Uninvolved Vehicle,Following Too Closely,,,,Station Wagon/Sport Utility Vehicle,Station Wagon/Sport Utility Vehicle
2017,2017-02-22,6:20,STATEN ISLAND,10305,40.603024,-74.06953,0.0,0.0,0,0,0,0,0,0,Reaction to Uninvolved Vehicle,,,,,Pick-up Truck,
2017,2017-02-22,17:30,QUEENS,11372,40.74872,-73.87371,1.0,0.0,1,0,0,0,0,0,Driver Inattention/Distraction,,,,,Station Wagon/Sport Utility Vehicle,
2017,2017-02-23,16:40,,,40.57437,-74.10584,0.0,0.0,0,0,0,0,0,0,Failure to Yield Right-of-Way,Unspecified,,,,Sedan,Station Wagon/Sport Utility Vehicle
2017,2017-02-24,18:30,,,40.641987,-74.01724,0.0,0.0,0,0,0,0,0,0,Tire Failure/Inadequate,Unspecified,,,,Fire,Station Wagon/Sport Utility Vehicle
2017,2017-02-25,2:10,,,40.712673,-73.96937,0.0,0.0,0,0,0,0,0,0,Passing Too Closely,Unspecified,,,,Sedan,
2017,2017-02-25,22:10,QUEENS,11422,40.663372,-73.73,2.0,0.0,0,0,0,0,2,0,Unspecified,Unspecified,,,,Sedan,Sedan
2017,2017-02-26,15:09,BRONX,10457,40.854904,-73.89645,0.0,0.0,0,0,0,0,0,0,Passing Too Closely,Unspecified,,,,Station Wagon/Sport Utility Vehicle,Station Wagon/Sport Utility Vehicle
2017,2017-02-26,6:15,BROOKLYN,11210,40.62573,-73.9564,1.0,0.0,0,0,0,0,1,0,Driver Inattention/Distraction,Unspecified,,,,Station Wagon/Sport Utility Vehicle,Sedan
2017,2017-02-27,21:00,BROOKLYN,11210,40.633682,-73.941956,0.0,0.0,0,0,0,0,0,0,Backing Unsafely,Unspecified,,,,Sedan,Sedan
2017,2017-02-27,4:00,QUEENS,11419,40.695396,-73.81656,1.0,0.0,0,0,0,0,1,0,Driver Inattention/Distraction,Unspecified,,,,Taxi,Station Wagon/Sport Utility Vehicle
2017,2017-02-28,11:30,BROOKLYN,11230,40.627777,-73.95996,0.0,0.0,0,0,0,0,0,0,Other Vehicular,Unspecified,,,,Garbage or Refuse,Station Wagon/Sport Utility Vehicle
2017,2017-02-28,13:00,BROOKLYN,11222,40.73186,-73.951904,0.0,0.0,0,0,0,0,0,0,Reaction to Uninvolved Vehicle,Unspecified,,,,Station Wagon/Sport Utility Vehicle,Station Wagon/Sport Utility Vehicle
2017,2017-03-01,5:00,BRONX,10456,40.83359,-73.90563,0.0,0.0,0,0,0,0,0,0,Fell Asleep,Unspecified,Unspecified,Unspecified,Unspecified,Sedan,Station Wagon/Sport Utility Vehicle
2017,2017-03-02,13:04,BRONX,10468,40.8617,-73.90712,0.0,0.0,0,0,0,0,0,0,Driver Inattention/Distraction,Driver Inattention/Distraction,Unspecified,,,Sedan,Sedan
2017,2017-03-04,9:40,BRONX,10469,40.87544,-73.836685,0.0,0.0,0,0,0,0,0,0,Backing Unsafely,Driver Inattention/Distraction,,,,Station Wagon/Sport Utility Vehicle,Sedan
2017,2017-03-04,15:30,BROOKLYN,11234,40.58993,-73.90059,0.0,0.0,0,0,0,0,0,0,Driver Inattention/Distraction,,,,,Sedan,
2017,2017-03-05,1:25,BROOKLYN,11217,40.683464,-73.97569,1.0,0.0,1,0,0,0,0,0,Aggressive Driving/Road Rage,,,,,Sedan,
2017,2017-03-05,18:41,BRONX,10462,40.847515,-73.86679,1.0,0.0,1,0,0,0,0,0,View Obstructed/Limited,,,,,Station Wagon/Sport Utility Vehicle,
2017,2017-03-06,12:30,BROOKLYN,11214,40.59727,-73.99868,0.0,0.0,0,0,0,0,0,0,Failure to Yield Right-of-Way,Unspecified,,,,Sedan,Sedan
2017,2017-03-07,11:30,,,40.750988,-73.99063,0.0,0.0,0,0,0,0,0,0,View Obstructed/Limited,View Obstructed/Limited,,,,Van,Taxi
2017,2017-03-08,17:55,,,40.72227,-73.9411,0.0,0.0,0,0,0,0,0,0,Unsafe Lane Changing,Unspecified,,,,Sedan,Station Wagon/Sport Utility Vehicle
2017,2017-03-10,16:30,,,,,0.0,0.0,0,0,0,0,0,0,Driver Inattention/Distraction,Unspecified,,,,Bus,Sedan
2017,2017-03-12,16:00,,,40.857838,-73.932045,0.0,0.0,0,0,0,0,0,0,Following Too Closely,Unspecified,,,,Station Wagon/Sport Utility Vehicle,
2017,2017-03-15,0:00,,,40.552,-74.1679,0.0,0.0,0,0,0,0,0,0,Pavement Slippery,Unspecified,,,,Sedan,Sedan
2017,2017-03-16,8:00,QUEENS,11375,40.719673,-73.85748,0.0,0.0,0,0,0,0,0,0,Backing Unsafely,Unspecified,,,,Sedan,Pick-up Truck
2017,2017-03-16,19:50,MANHATTAN,10002,40.716965,-73.99443,1.0,0.0,1,0,0,0,0,0,Unspecified,,,,,Sedan,
2017,2017-03-16,14:30,MANHATTAN,10009,40.726185,-73.98388,0.0,0.0,0,0,0,0,0,0,Driver Inattention/Distraction,Unspecified,,,,Sedan,Pick-up Truck
2017,2017-03-17,12:41,BRONX,10457,40.838196,-73.901184,1.0,0.0,1,0,0,0,0,0,View Obstructed/Limited,,,,,Station Wagon/Sport Utility Vehicle,
2017,2017-03-18,1:37,MANHATTAN,10013,40.723118,-74.00624,0.0,0.0,0,0,0,0,0,0,Failure to Yield Right-of-Way,Passing Too Closely,,,,Sedan,Sedan
2017,2017-03-20,0:00,MANHATTAN,10034,40.867012,-73.92312,1.0,0.0,1,0,0,0,0,0,Failure to Yield Right-of-Way,,,,,Pick-up Truck,
2017,2017-03-20,8:45,BRONX,10467,40.881073,-73.878494,0.0,0.0,0,0,0,0,0,0,Failure to Yield Right-of-Way,Unspecified,,,,Garbage or Refuse,Sedan
2017,2017-03-20,16:45,BROOKLYN,11208,40.664856,-73.88023,0.0,0.0,0,0,0,0,0,0,Failure to Yield Right-of-Way,Unspecified,,,,Sedan,Sedan
2017,2017-03-22,16:15,,,40.666603,-73.95655,1.0,0.0,0,0,0,0,1,0,Following Too Closely,Unspecified,,,,Station Wagon/Sport Utility Vehicle,Sedan
2017,2017-03-23,9:16,QUEENS,11436,40.67419,-73.800575,0.0,0.0,0,0,0,0,0,0,Driver Inattention/Distraction,Unspecified,,,,Station Wagon/Sport Utility Vehicle,Station Wagon/Sport Utility Vehicle
2017,2017-03-23,8:10,BROOKLYN,11207,40.660168,-73.88695,1.0,0.0,1,0,0,0,0,0,Fell Asleep,,,,,Station Wagon/Sport Utility Vehicle,
2017,2017-03-23,15:25,MANHATTAN,10032,40.83468,-73.944435,0.0,0.0,0,0,0,0,0,0,Other Vehicular,Turning Improperly,,,,Sedan,Station Wagon/Sport Utility Vehicle
2017,2017-03-25,14:50,BRONX,10466,,,0.0,0.0,0,0,0,0,0,0,Unspecified,Unspecified,,,,Sedan,Sedan
2017,2017-03-25,11:00,,,40.736275,-73.95852,0.0,0.0,0,0,0,0,0,0,Unspecified,,,,,Station Wagon/Sport Utility Vehicle,
2017,2017-03-26,14:47,,,40.826153,-73.920265,0.0,0.0,0,0,0,0,0,0,Unsafe Lane Changing,Unspecified,,,,Taxi,Sedan
2017,2017-03-27,10:33,,,40.691536,-73.99912,0.0,0.0,0,0,0,0,0,0,Other Vehicular,Following Too Closely,,,,Sedan,Station Wagon/Sport Utility Vehicle
2017,2017-03-28,19:30,BRONX,10472,40.834045,-73.86674,0.0,0.0,0,0,0,0,0,0,Unspecified,,,,,Sedan,
2017,2017-03-28,8:30,MANHATTAN,10029,40.797943,-73.94003,1.0,0.0,1,0,0,0,0,0,Following Too Closely,Following Too Closely,Unspecified,,,Taxi,Sedan
2017,2017-03-30,10:00,,,40.688656,-73.79562,0.0,0.0,0,0,0,0,0,0,Driver Inattention/Distraction,Unspecified,,,,FORD,Sedan
2017,2017-03-30,19:30,BROOKLYN,11214,40.608162,-74.0053,0.0,0.0,0,0,0,0,0,0,Driver Inattention/Distraction,Unspecified,,,,Sedan,Station Wagon/Sport Utility Vehicle
2017,2017-03-31,7:45,QUEENS,11428,40.716858,-73.75191,0.0,0.0,0,0,0,0,0,0,Failure to Yield Right-of-Way,Unspecified,,,,Station Wagon/Sport Utility Vehicle,Station Wagon/Sport Utility Vehicle
2017,2017-04-03,23:24,BROOKLYN,11203,40.65011,-73.930214,3.0,0.0,0,0,0,0,3,0,Pavement Slippery,Unspecified,,,,Station Wagon/Sport Utility Vehicle,Sedan
2017,2017-04-04,8:30,BROOKLYN,11205,40.692062,-73.95191,0.0,0.0,0,0,0,0,0,0,Unspecified,Unspecified,,,,Station Wagon/Sport Utility Vehicle,Station Wagon/Sport Utility Vehicle
2017,2017-04-04,10:30,,,40.709305,-73.99167,0.0,0.0,0,0,0,0,0,0,Unsafe Lane Changing,Unspecified,,,,Station Wagon/Sport Utility Vehicle,Sedan
2017,2017-04-06,10:24,MANHATTAN,10022,40.762962,-73.97188,0.0,0.0,0,0,0,0,0,0,Other Vehicular,Other Vehicular,,,,Sedan,Sedan
2017,2017-04-08,8:00,,,40.710316,-73.75247,0.0,0.0,0,0,0,0,0,0,Reaction to Uninvolved Vehicle,Passing Too Closely,,,,Sedan,Sedan
2017,2017-04-10,10:00,,,40.62404,-74.15192,0.0,0.0,0,0,0,0,0,0,Unspecified,Unspecified,,,,Sedan,
2017,2017-04-11,13:05,MANHATTAN,10029,40.793766,-73.93411,0.0,0.0,0,0,0,0,0,0,Turning Improperly,Unspecified,,,,Station Wagon/Sport Utility Vehicle,Station Wagon/Sport Utility Vehicle
2017,2017-04-12,5:30,BROOKLYN,11222,40.731422,-73.94641,0.0,0.0,0,0,0,0,0,0,Passing or Lane Usage Improper,Unspecified,,,,Taxi,Sedan
2017,2017-04-12,0:20,MANHATTAN,10022,40.75924,-73.96721,0.0,0.0,0,0,0,0,0,0,Failure to Keep Right,Unspecified,,,,Tractor Truck Diesel,Station Wagon/Sport Utility Vehicle
2017,2017-04-13,18:00,,,40.85535,-73.91836,0.0,0.0,0,0,0,0,0,0,Other Vehicular,Other Vehicular,,,,Sedan,Sedan
2017,2017-04-14,12:00,QUEENS,11358,40.76354,-73.7868,0.0,0.0,0,0,0,0,0,0,Backing Unsafely,Backing Unsafely,,,,Station Wagon/Sport Utility Vehicle,Station Wagon/Sport Utility Vehicle
2017,2017-04-14,13:26,MANHATTAN,10128,40.78169,-73.94897,0.0,0.0,0,0,0,0,0,0,Unspecified,Unspecified,,,,REPAI,PK
2017,2017-04-19,13:55,,,40.67134,-73.88195,0.0,0.0,0,0,0,0,0,0,Backing Unsafely,Unspecified,,,,Sedan,Station Wagon/Sport Utility Vehicle
2017,2017-04-19,14:12,MANHATTAN,10001,,,1.0,0.0,0,0,0,0,1,0,Following Too Closely,Unspecified,,,,Station Wagon/Sport Utility Vehicle,Taxi
2017,2017-04-19,8:50,,,,,0.0,0.0,0,0,0,0,0,0,Passing or Lane Usage Improper,Unspecified,,,,Sedan,Sedan
2017,2017-04-19,18:00,BROOKLYN,11232,40.646927,-74.00126,0.0,0.0,0,0,0,0,0,0,Unspecified,,,,,Sedan,
2017,2017-04-20,20:30,BROOKLYN,11203,40.66059,-73.931335,0.0,0.0,0,0,0,0,0,0,Unspecified,Unspecified,,,,Station Wagon/Sport Utility Vehicle,Sedan
2017,2017-04-20,7:40,BRONX,10457,40.845642,-73.90211,0.0,0.0,0,0,0,0,0,0,Unspecified,Unspecified,,,,Station Wagon/Sport Utility Vehicle,Station Wagon/Sport Utility Vehicle
2017,2017-04-20,10:30,BROOKLYN,11209,40.61367,-74.03536,0.0,0.0,0,0,0,0,0,0,Driver Inattention/Distraction,Unspecified,,,,Sedan,
2017,2017-04-21,14:45,BROOKLYN,11233,40.672497,-73.91686,0.0,0.0,0,0,0,0,0,0,Unspecified,Unspecified,,,,Carry All,Sedan
2017,2017-04-21,9:52,BRONX,10460,40.840473,-73.87311,0.0,0.0,0,0,0,0,0,0,Driver Inattention/Distraction,Driver Inattention/Distraction,,,,Sedan,Sedan
2017,2017-04-23,15:30,MANHATTAN,10002,40.718792,-73.98902,5.0,0.0,0,0,0,0,5,0,Driver Inattention/Distraction,Unspecified,,,,Sedan,Sedan
2017,2017-04-23,9:00,BROOKLYN,11208,40.669224,-73.88309,0.0,0.0,0,0,0,0,0,0,Unspecified,,,,,Sedan,
2017,2017-04-24,21:50,BROOKLYN,11238,40.677326,-73.95821,0.0,0.0,0,0,0,0,0,0,Driver Inattention/Distraction,Unspecified,,,,Station Wagon/Sport Utility Vehicle,Bus
2017,2017-04-25,8:35,BROOKLYN,11203,40.662575,-73.93448,0.0,0.0,0,0,0,0,0,0,Following Too Closely,Unspecified,,,,Sedan,Bus
2017,2017-04-26,10:42,MANHATTAN,10001,40.747086,-73.99346,0.0,0.0,0,0,0,0,0,0,Driver Inattention/Distraction,Unspecified,,,,Station Wagon/Sport Utility Vehicle,Bike
2017,2017-04-26,11:02,MANHATTAN,10075,40.777016,-73.96372,0.0,0.0,0,0,0,0,0,0,Unspecified,,,,,Taxi,
2017,2017-04-27,19:15,BRONX,10473,40.822144,-73.86956,0.0,0.0,0,0,0,0,0,0,Driver Inattention/Distraction,Driver Inattention/Distraction,,,,Taxi,Sedan
2017,2017-04-27,21:43,BRONX,10468,40.870373,-73.90279,1.0,0.0,1,0,0,0,0,0,Failure to Yield Right-of-Way,,,,,Sedan,
2017,2017-04-27,0:00,,,40.888577,-73.82814,0.0,0.0,0,0,0,0,0,0,Driver Inattention/Distraction,Unspecified,,,,Sedan,Station Wagon/Sport Utility Vehicle
2017,2017-04-28,20:50,QUEENS,11001,40.732735,-73.71037,0.0,0.0,0,0,0,0,0,0,Unspecified,Unspecified,,,,Motorcycle,Sedan
2017,2017-04-28,21:50,BROOKLYN,11206,40.69885,-73.938576,1.0,0.0,0,0,1,0,0,0,View Obstructed/Limited,Unsafe Speed,,,,Taxi,Bike
2017,2017-04-28,23:00,,,40.747334,-73.955055,0.0,0.0,0,0,0,0,0,0,Driver Inattention/Distraction,Unspecified,,,,Sedan,
2017,2017-04-29,22:40,,,40.59891,-73.776955,0.0,0.0,0,0,0,0,0,0,Driver Inattention/Distraction,Unspecified,,,,Station Wagon/Sport Utility Vehicle,Station Wagon/Sport Utility Vehicle
2017,2017-04-29,3:30,QUEENS,11691,40.599243,-73.752495,0.0,0.0,0,0,0,0,0,0,Unspecified,Unspecified,Unspecified,,,Sedan,Sedan
2017,2017-04-30,21:50,BROOKLYN,11216,40.68075,-73.95386,0.0,0.0,0,0,0,0,0,0,Turning Improperly,Unspecified,,,,Sedan,Taxi
2017,2017-04-30,18:20,MANHATTAN,10025,40.79346,-73.971085,0.0,0.0,0,0,0,0,0,0,Unspecified,Unspecified,,,,Sedan,Sedan
2017,2017-05-01,14:47,,,40.844975,-73.91877,0.0,0.0,0,0,0,0,0,0,Unsafe Speed,Unspecified,,,,Sedan,Sedan
2017,2017-05-03,7:30,,,,,0.0,0.0,0,0,0,0,0,0,Unsafe Lane Changing,Unspecified,,,,Sedan,Station Wagon/Sport Utility Vehicle
2017,2017-05-04,9:27,BRONX,10473,40.8224,-73.86715,0.0,0.0,0,0,0,0,0,0,Driver Inattention/Distraction,Driver Inattention/Distraction,,,,Station Wagon/Sport Utility Vehicle,Sedan
2017,2017-05-05,14:30,,,40.65881,-73.98172,0.0,0.0,0,0,0,0,0,0,Unspecified,Unspecified,,,,Box Truck,Sedan
2017,2017-05-05,6:54,,,40.74937,-73.739494,1.0,0.0,0,0,0,0,1,0,Driver Inattention/Distraction,Unspecified,,,,Sedan,Sedan
2017,2017-05-05,11:35,,,,,0.0,0.0,0,0,0,0,0,0,Unsafe Lane Changing,Unspecified,,,,Box Truck,Sedan
2017,2017-05-06,17:25,MANHATTAN,10013,40.716812,-73.99777,0.0,0.0,0,0,0,0,0,0,Failure to Yield Right-of-Way,Unspecified,,,,Sedan,Station Wagon/Sport Utility Vehicle
2017,2017-05-06,18:50,,,40.67816,-73.897484,1.0,0.0,0,0,0,0,1,0,Driver Inattention/Distraction,Unspecified,,,,Sedan,Station Wagon/Sport Utility Vehicle
2017,2017-05-06,21:43,,,40.855362,-73.89878,0.0,0.0,0,0,0,0,0,0,Driver Inattention/Distraction,Unspecified,,,,Sedan,Station Wagon/Sport Utility Vehicle
2017,2017-05-07,22:00,,,,,0.0,0.0,0,0,0,0,0,0,Driver Inattention/Distraction,Unspecified,,,,Station Wagon/Sport Utility Vehicle,Sedan
2017,2017-05-09,16:19,,,40.870987,-73.84726,0.0,0.0,0,0,0,0,0,0,Following Too Closely,Unspecified,,,,Sedan,4 dr sedan
2017,2017-05-10,15:14,,,40.585346,-73.98754,0.0,0.0,0,0,0,0,0,0,Unspecified,Unspecified,,,,Sedan,Pick-up Truck
2017,2017-05-11,23:30,MANHATTAN,10065,40.764362,-73.96162,0.0,0.0,0,0,0,0,0,0,Unsafe Lane Changing,Unsafe Lane Changing,,,,Sedan,Pick-up Truck
2017,2017-05-12,15:00,,,40.67578,-74.0014,0.0,0.0,0,0,0,0,0,0,Driver Inattention/Distraction,Driver Inattention/Distraction,,,,Station Wagon/Sport Utility Vehicle,Station Wagon/Sport Utility Vehicle
2017,2017-05-12,14:31,BRONX,10456,40.82876,-73.91781,0.0,0.0,0,0,0,0,0,0,Passing Too Closely,Unspecified,,,,Station Wagon/Sport Utility Vehicle,Sedan
2017,2017-05-14,21:25,BRONX,10454,40.810253,-73.91434,0.0,0.0,0,0,0,0,0,0,Unspecified,Unspecified,,,,Sedan,
2017,2017-05-14,12:45,BROOKLYN,11217,40.678535,-73.972984,0.0,0.0,0,0,0,0,0,0,Failure to Yield Right-of-Way,Unspecified,,,,Sedan,Station Wagon/Sport Utility Vehicle
2017,2017-05-14,22:20,,,40.769318,-73.8666,0.0,0.0,0,0,0,0,0,0,Driver Inattention/Distraction,Unspecified,,,,Station Wagon/Sport Utility Vehicle,Sedan
2017,2017-05-15,15:50,,,40.84215,-73.94228,0.0,0.0,0,0,0,0,0,0,Driver Inexperience,Unspecified,,,,Sedan,Sedan
2017,2017-05-15,19:00,,,40.693867,-73.99921,1.0,0.0,1,0,0,0,0,0,Driver Inattention/Distraction,,,,,Bike,
2017,2017-05-17,22:00,,,40.666534,-73.80995,0.0,0.0,0,0,0,0,0,0,Following Too Closely,Driver Inattention/Distraction,Driver Inattention/Distraction,,,Station Wagon/Sport Utility Vehicle,Pick-up Truck
2017,2017-05-18,11:00,BRONX,10475,40.880535,-73.83212,0.0,0.0,0,0,0,0,0,0,Failure to Yield Right-of-Way,Other Vehicular,,,,Box Truck,AMBU
2017,2017-05-18,10:35,MANHATTAN,10001,40.75458,-73.99915,0.0,0.0,0,0,0,0,0,0,Passing or Lane Usage Improper,Passing or Lane Usage Improper,,,,Taxi,Taxi
2017,2017-05-18,11:53,BRONX,10461,40.8394,-73.85049,0.0,0.0,0,0,0,0,0,0,Driver Inattention/Distraction,Unspecified,,,,Sedan,Pick-up Truck
2017,2017-05-18,14:00,,,40.828293,-73.83972,0.0,0.0,0,0,0,0,0,0,Unspecified,Unspecified,,,,Pick-up Truck,Refrigerated Van
2017,2017-05-18,16:15,MANHATTAN,10038,40.710144,-74.002556,1.0,0.0,1,0,0,0,0,0,,,,,,,
2017,2017-05-20,0:50,,,40.62156,-74.16849,1.0,0.0,0,0,0,0,1,0,Driver Inattention/Distraction,Alcohol Involvement,Unspecified,,,Sedan,Sedan
2017,2017-05-20,5:30,MANHATTAN,10002,40.718006,-73.9866,0.0,0.0,0,0,0,0,0,0,Unspecified,,,,,Sedan,
2017,2017-05-21,21:10,MANHATTAN,10019,40.75961,-73.98173,0.0,0.0,0,0,0,0,0,0,Unsafe Lane Changing,Passing or Lane Usage Improper,,,,Sedan,Sedan
2017,2017-05-21,0:00,MANHATTAN,10019,40.76325,-73.99032,0.0,0.0,0,0,0,0,0,0,Backing Unsafely,Unspecified,,,,Sedan,Taxi
2017,2017-05-21,18:30,,,40.778812,-73.95609,0.0,0.0,0,0,0,0,0,0,Unspecified,,,,,Motorcycle,
2017,2017-05-21,13:30,,,,,0.0,0.0,0,0,0,0,0,0,Driver Inattention/Distraction,Unspecified,,,,Sedan,Station Wagon/Sport Utility Vehicle
2017,2017-05-22,12:25,BROOKLYN,11213,40.675186,-73.933304,2.0,0.0,0,0,0,0,2,0,Other Vehicular,Unspecified,Unspecified,,,Dump,Sedan
2017,2017-05-24,14:00,,,40.690933,-73.82746,0.0,0.0,0,0,0,0,0,0,Passing or Lane Usage Improper,Unspecified,,,,Sedan,
2017,2017-05-25,14:20,BROOKLYN,11238,40.68212,-73.96931,2.0,0.0,0,0,0,0,2,0,Following Too Closely,Unspecified,,,,Sedan,Sedan
2017,2017-05-26,19:35,,,40.77855,-73.925674,0.0,0.0,0,0,0,0,0,0,Passing or Lane Usage Improper,Unspecified,,,,Sedan,Taxi
2017,2017-05-28,13:27,,,40.84009,-73.88036,0.0,0.0,0,0,0,0,0,0,Passing Too Closely,Unspecified,,,,Van,Bus
2017,2017-05-29,0:45,BRONX,10454,40.811867,-73.915115,0.0,0.0,0,0,0,0,0,0,Unspecified,Unspecified,,,,Sedan,Sedan
2017,2017-05-31,10:44,BROOKLYN,11233,40.683464,-73.91592,0.0,0.0,0,0,0,0,0,0,Driver Inattention/Distraction,Unspecified,,,,Station Wagon/Sport Utility Vehicle,Pick-up Truck
2017,2017-05-31,18:30,BROOKLYN,11233,40.67619,-73.9081,0.0,0.0,0,0,0,0,0,0,Driver Inattention/Distraction,Unspecified,,,,Station Wagon/Sport Utility Vehicle,SCHOO
2017,2017-05-31,16:19,BRONX,10452,40.839813,-73.91315,0.0,0.0,0,0,0,0,0,0,Following Too Closely,Following Too Closely,Unspecified,,,Sedan,Sedan
2017,2017-06-01,21:15,,,40.73204,-73.87034,0.0,0.0,0,0,0,0,0,0,Following Too Closely,Unspecified,,,,Station Wagon/Sport Utility Vehicle,Sedan
2017,2017-06-01,15:00,,,40.670574,-73.794235,0.0,0.0,0,0,0,0,0,0,Unspecified,,,,,Sedan,
2017,2017-06-02,7:20,MANHATTAN,10030,40.822834,-73.941925,0.0,0.0,0,0,0,0,0,0,Unspecified,Unspecified,,,,Sedan,Sedan
2017,2017-06-02,1:00,,,40.841328,-73.88748,0.0,0.0,0,0,0,0,0,0,Driver Inattention/Distraction,Unspecified,,,,Sedan,Tractor Truck Diesel
2017,2017-06-02,0:00,,,40.73032,-74.00469,0.0,0.0,0,0,0,0,0,0,Unspecified,,,,,Sedan,
2017,2017-06-05,17:00,BROOKLYN,11237,40.705864,-73.91884,1.0,0.0,0,0,0,0,1,0,Traffic Control Disregarded,Traffic Control Disregarded,,,,Station Wagon/Sport Utility Vehicle,Sedan
2017,2017-06-06,8:15,MANHATTAN,10001,40.753918,-73.99964,0.0,0.0,0,0,0,0,0,0,Passing Too Closely,Passing Too Closely,,,,Bus,Taxi
2017,2017-06-06,12:00,BROOKLYN,11234,40.60981,-73.92251,0.0,0.0,0,0,0,0,0,0,Turning Improperly,Unspecified,,,,Sedan,Station Wagon/Sport Utility Vehicle
2017,2017-06-06,11:00,,,40.82755,-73.91847,0.0,0.0,0,0,0,0,0,0,Unspecified,,,,,Sedan,
2017,2017-06-07,21:30,BRONX,10454,40.801,-73.91371,0.0,0.0,0,0,0,0,0,0,Driver Inattention/Distraction,Unspecified,,,,Station Wagon/Sport Utility Vehicle,Station Wagon/Sport Utility Vehicle
2017,2017-06-08,13:30,QUEENS,11362,40.755478,-73.729744,0.0,0.0,0,0,0,0,0,0,Following Too Closely,Unspecified,,,,Station Wagon/Sport Utility Vehicle,Station Wagon/Sport Utility Vehicle
2017,2017-06-09,13:45,STATEN ISLAND,10310,40.62458,-74.11408,0.0,0.0,0,0,0,0,0,0,Unspecified,Unspecified,,,,Sedan,Station Wagon/Sport Utility Vehicle
2017,2017-06-09,23:00,,,40.574905,-74.121735,1.0,0.0,0,0,0,0,1,0,Driver Inattention/Distraction,Unspecified,,,,Sedan,Sedan
2017,2017-06-09,16:30,MANHATTAN,10035,40.803024,-73.93632,0.0,0.0,0,0,0,0,0,0,Failure to Yield Right-of-Way,Unspecified,,,,Sedan,Station Wagon/Sport Utility Vehicle
2017,2017-06-10,20:53,BRONX,10453,40.848637,-73.91169,2.0,0.0,0,0,0,0,2,0,Alcohol Involvement,Unspecified,,,,Sedan,Station Wagon/Sport Utility Vehicle
2017,2017-06-10,14:56,MANHATTAN,10036,40.75603,-73.98634,0.0,0.0,0,0,0,0,0,0,Unspecified,Unspecified,,,,Sedan,Bus
2017,2017-06-11,11:00,,,40.704494,-73.81743,0.0,0.0,0,0,0,0,0,0,Following Too Closely,Unspecified,,,,Sedan,Station Wagon/Sport Utility Vehicle
2017,2017-06-13,13:00,MANHATTAN,10018,40.7521,-73.98547,0.0,0.0,0,0,0,0,0,0,Unspecified,Unspecified,,,,Sedan,
2017,2017-06-13,9:00,,,40.74515,-73.73432,0.0,0.0,0,0,0,0,0,0,Other Vehicular,Following Too Closely,Other Vehicular,,,Station Wagon/Sport Utility Vehicle,Station Wagon/Sport Utility Vehicle
2017,2017-06-13,16:30,MANHATTAN,10019,40.764626,-73.99555,0.0,0.0,0,0,0,0,0,0,Passing or Lane Usage Improper,Passing or Lane Usage Improper,,,,Station Wagon/Sport Utility Vehicle,Taxi
2017,2017-06-14,17:25,,,40.77161,-73.99046,0.0,0.0,0,0,0,0,0,0,Passing Too Closely,Other Vehicular,,,,Taxi,Van
2017,2017-06-14,20:45,MANHATTAN,10035,40.79957,-73.93017,0.0,0.0,0,0,0,0,0,0,Aggressive Driving/Road Rage,Aggressive Driving/Road Rage,,,,Sedan,Sedan
2017,2017-06-15,8:30,MANHATTAN,10036,40.756714,-73.984566,0.0,0.0,0,0,0,0,0,0,Backing Unsafely,Unspecified,,,,Station Wagon/Sport Utility Vehicle,Box Truck
2017,2017-06-15,15:00,,,40.68714,-73.80801,0.0,0.0,0,0,0,0,0,0,Following Too Closely,Unspecified,,,,Taxi,Sedan
2017,2017-06-17,9:45,QUEENS,11373,40.733536,-73.87035,0.0,0.0,0,0,0,0,0,0,Other Vehicular,Driver Inattention/Distraction,,,,Bus,Sedan
2017,2017-06-17,11:00,,,40.679485,-73.87929,0.0,0.0,0,0,0,0,0,0,Driver Inattention/Distraction,Unspecified,,,,Armored Truck,Station Wagon/Sport Utility Vehicle
2017,2017-06-17,14:00,QUEENS,11432,40.715134,-73.80661,0.0,0.0,0,0,0,0,0,0,Unspecified,Unspecified,,,,Sedan,
2017,2017-06-18,15:30,QUEENS,11369,40.768726,-73.87056,0.0,0.0,0,0,0,0,0,0,Driver Inattention/Distraction,Driver Inattention/Distraction,,,,Station Wagon/Sport Utility Vehicle,Sedan
2017,2017-06-19,8:00,BROOKLYN,11236,40.64366,-73.90067,0.0,0.0,0,0,0,0,0,0,Following Too Closely,Unspecified,,,,Sedan,Sedan
2017,2017-06-21,8:00,QUEENS,11415,40.71241,-73.826454,1.0,0.0,0,0,0,0,1,0,Driver Inattention/Distraction,Unspecified,,,,Station Wagon/Sport Utility Vehicle,Station Wagon/Sport Utility Vehicle
2017,2017-06-21,17:15,,,40.7606,-73.96434,0.0,0.0,0,0,0,0,0,0,Driver Inattention/Distraction,Driver Inattention/Distraction,,,,Taxi,Van
2017,2017-06-22,11:00,BROOKLYN,11221,40.695927,-73.91731,0.0,0.0,0,0,0,0,0,0,Unspecified,Unspecified,,,,Station Wagon/Sport Utility Vehicle,
2017,2017-06-22,16:10,,,40.74137,-73.97252,0.0,0.0,0,0,0,0,0,0,Fatigued/Drowsy,Unspecified,Unspecified,,,Station Wagon/Sport Utility Vehicle,Station Wagon/Sport Utility Vehicle
2017,2017-06-22,18:35,QUEENS,11432,40.708138,-73.80303,2.0,0.0,2,0,0,0,0,0,Unspecified,,,,,Sedan,
2017,2017-06-23,13:00,,,40.77323,-73.76513,0.0,0.0,0,0,0,0,0,0,Following Too Closely,Unspecified,,,,Station Wagon/Sport Utility Vehicle,Sedan
2017,2017-06-23,22:00,,,40.900387,-73.906395,0.0,0.0,0,0,0,0,0,0,Driver Inattention/Distraction,,,,,Sedan,
2017,2017-06-24,0:00,,,40.728855,-73.92782,0.0,0.0,0,0,0,0,0,0,Driver Inattention/Distraction,Driver Inattention/Distraction,,,,Sedan,Pick-up Truck
2017,2017-06-26,17:00,,,40.723976,-74.00831,0.0,0.0,0,0,0,0,0,0,Following Too Closely,Unspecified,,,,Sedan,Sedan
2017,2017-06-26,14:45,MANHATTAN,10034,40.866432,-73.92834,0.0,0.0,0,0,0,0,0,0,Driver Inattention/Distraction,Unspecified,,,,Sedan,Station Wagon/Sport Utility Vehicle
2017,2017-06-26,7:30,BROOKLYN,11201,40.694687,-73.98174,0.0,0.0,0,0,0,0,0,0,Unspecified,Unspecified,,,,Box Truck,Box Truck
2017,2017-06-27,12:00,,,40.683765,-73.987,0.0,0.0,0,0,0,0,0,0,Passing or Lane Usage Improper,Unspecified,,,,Sedan,Pick-up Truck
2017,2017-06-27,15:50,BROOKLYN,11235,40.58655,-73.96617,0.0,0.0,0,0,0,0,0,0,Unspecified,Unspecified,,,,Station Wagon/Sport Utility Vehicle,Sedan
2017,2017-06-27,13:55,BROOKLYN,11205,40.69279,-73.95482,0.0,0.0,0,0,0,0,0,0,Passing Too Closely,Unspecified,,,,Sedan,Box Truck
2017,2017-06-28,9:37,QUEENS,11378,40.724205,-73.895454,0.0,0.0,0,0,0,0,0,0,Other Vehicular,Failure to Yield Right-of-Way,Unspecified,,,Bus,Sedan
2017,2017-06-28,10:35,MANHATTAN,10019,,,0.0,0.0,0,0,0,0,0,0,Other Vehicular,Other Vehicular,,,,Sedan,Bike
2017,2017-06-29,14:10,STATEN ISLAND,10305,40.59589,-74.085884,0.0,0.0,0,0,0,0,0,0,Passing or Lane Usage Improper,Unspecified,,,,Sedan,Sedan
2017,2017-06-29,12:50,MANHATTAN,10002,40.72125,-73.99224,1.0,0.0,1,0,0,0,0,0,Unspecified,,,,,Concrete Mixer,
2017,2017-06-30,4:15,BROOKLYN,11207,40.66685,-73.8907,0.0,0.0,0,0,0,0,0,0,Following Too Closely,Unspecified,,,,Sedan,Station Wagon/Sport Utility Vehicle
2017,2017-06-30,14:30,BROOKLYN,11237,40.706573,-73.922874,0.0,0.0,0,0,0,0,0,0,Other Vehicular,Unspecified,,,,Station Wagon/Sport Utility Vehicle,Ambulance
2017,2017-07-01,8:45,BROOKLYN,11226,40.650528,-73.95583,0.0,0.0,0,0,0,0,0,0,Alcohol Involvement,Unspecified,,,,Sedan,Sedan
2017,2017-07-01,13:00,QUEENS,11414,40.654694,-73.83489,2.0,0.0,0,0,0,0,2,0,Failure to Yield Right-of-Way,Unspecified,,,,Sedan,Station Wagon/Sport Utility Vehicle
2017,2017-07-02,13:52,QUEENS,11370,40.764797,-73.885864,0.0,0.0,0,0,0,0,0,0,Unspecified,Unspecified,,,,Station Wagon/Sport Utility Vehicle,Station Wagon/Sport Utility Vehicle
2017,2017-07-02,19:30,STATEN ISLAND,10301,,,0.0,0.0,0,0,0,0,0,0,Following Too Closely,Unspecified,,,,Sedan,Sedan
2017,2017-07-03,22:15,,,40.666435,-73.83478,1.0,0.0,0,0,0,0,1,0,Following Too Closely,Unspecified,,,,Sedan,Station Wagon/Sport Utility Vehicle
2017,2017-07-05,6:15,QUEENS,11413,40.680202,-73.754105,1.0,0.0,0,0,0,0,1,0,Reaction to Uninvolved Vehicle,Unspecified,Unspecified,,,Station Wagon/Sport Utility Vehicle,Station Wagon/Sport Utility Vehicle
2017,2017-07-05,14:05,STATEN ISLAND,10306,40.572422,-74.14111,0.0,0.0,0,0,0,0,0,0,Driver Inattention/Distraction,Unspecified,,,,Sedan,Sedan
2017,2017-07-05,4:40,QUEENS,11367,40.717335,-73.825424,0.0,0.0,0,0,0,0,0,0,Alcohol Involvement,,,,,Sedan,
2017,2017-07-05,18:55,BROOKLYN,11210,40.632885,-73.94771,0.0,0.0,0,0,0,0,0,0,Unspecified,Unspecified,,,,Bus,Sedan
2017,2017-07-06,16:27,,,40.829754,-73.87374,0.0,0.0,0,0,0,0,0,0,Pedestrian/Bicyclist/Other Pedestrian Error/Confusion,Unspecified,,,,Station Wagon/Sport Utility Vehicle,Bike
2017,2017-07-06,8:45,QUEENS,11385,40.695396,-73.9007,0.0,0.0,0,0,0,0,0,0,View Obstructed/Limited,Unspecified,,,,Station Wagon/Sport Utility Vehicle,Sedan
2017,2017-07-07,12:30,MANHATTAN,10001,,,0.0,0.0,0,0,0,0,0,0,Following Too Closely,Unspecified,Unspecified,,,Station Wagon/Sport Utility Vehicle,Sedan
2017,2017-07-07,12:00,QUEENS,11435,40.71541,-73.82076,0.0,0.0,0,0,0,0,0,0,Unspecified,,,,,Sedan,
2017,2017-07-07,15:19,STATEN ISLAND,10304,40.61293,-74.087494,0.0,0.0,0,0,0,0,0,0,Turning Improperly,Unspecified,,,,Sedan,Sedan
2017,2017-07-08,20:30,MANHATTAN,10034,40.86446,-73.91895,0.0,0.0,0,0,0,0,0,0,Driver Inattention/Distraction,Driver Inattention/Distraction,,,,Sedan,Station Wagon/Sport Utility Vehicle
2017,2017-07-09,21:45,MANHATTAN,10035,40.801723,-73.93938,0.0,0.0,0,0,0,0,0,0,Unspecified,,,,,Station Wagon/Sport Utility Vehicle,
2017,2017-07-10,15:30,BROOKLYN,11206,40.70321,-73.94626,1.0,0.0,0,0,1,0,0,0,Traffic Control Disregarded,Unspecified,,,,Bike,
2017,2017-07-12,21:02,BROOKLYN,11236,40.6481,-73.91474,1.0,0.0,0,0,0,0,1,0,Driver Inattention/Distraction,Driver Inattention/Distraction,,,,Sedan,Sedan
2017,2017-07-13,11:45,,,,,0.0,0.0,0,0,0,0,0,0,Failure to Yield Right-of-Way,Unspecified,,,,Box Truck,Station Wagon/Sport Utility Vehicle
2017,2017-07-13,13:00,,,,,0.0,0.0,0,0,0,0,0,0,Driver Inattention/Distraction,Unspecified,,,,Station Wagon/Sport Utility Vehicle,Sedan
2017,2017-07-13,18:50,QUEENS,11378,40.720306,-73.891846,0.0,0.0,0,0,0,0,0,0,Driver Inattention/Distraction,Unspecified,,,,Station Wagon/Sport Utility Vehicle,Station Wagon/Sport Utility Vehicle
2017,2017-07-14,23:55,QUEENS,11370,40.7672,-73.887825,0.0,0.0,0,0,0,0,0,0,Failure to Yield Right-of-Way,Unspecified,,,,Sedan,Sedan
2017,2017-07-14,12:46,BROOKLYN,11215,40.67146,-73.99103,0.0,0.0,0,0,0,0,0,0,Driver Inattention/Distraction,Unspecified,,,,Tractor Truck Diesel,Station Wagon/Sport Utility Vehicle
2017,2017-07-16,16:28,BROOKLYN,11207,40.655563,-73.87974,1.0,0.0,0,0,0,0,1,0,Driver Inattention/Distraction,Unspecified,,,,Station Wagon/Sport Utility Vehicle,Station Wagon/Sport Utility Vehicle
2017,2017-07-16,22:01,BRONX,10469,40.878475,-73.851395,0.0,0.0,0,0,0,0,0,0,Unspecified,,,,,Pick-up Truck,
2017,2017-07-16,2:30,BROOKLYN,11218,,,0.0,0.0,0,0,0,0,0,0,Following Too Closely,Unspecified,,,,Carry All,Station Wagon/Sport Utility Vehicle
2017,2017-07-17,15:20,BROOKLYN,11226,40.640522,-73.96139,4.0,0.0,0,0,0,0,4,0,Unspecified,Unspecified,Unspecified,,,Sedan,Sedan
2017,2017-07-18,16:00,MANHATTAN,10011,40.742252,-74.00071,0.0,0.0,0,0,0,0,0,0,Passing Too Closely,Unsafe Lane Changing,,,,Pick-up Truck,Taxi
2017,2017-07-19,17:30,,,40.74496,-73.935425,1.0,0.0,0,0,0,0,1,0,Following Too Closely,Unspecified,,,,Sedan,Taxi
2017,2017-07-20,2:00,MANHATTAN,10026,40.797478,-73.9488,0.0,0.0,0,0,0,0,0,0,Unspecified,Unspecified,,,,Station Wagon/Sport Utility Vehicle,UNK T
2017,2017-07-20,10:50,QUEENS,11101,40.743084,-73.9358,0.0,0.0,0,0,0,0,0,0,Driver Inattention/Distraction,Unspecified,,,,Taxi,Taxi
2017,2017-07-21,9:00,BROOKLYN,11218,40.652634,-73.9813,0.0,0.0,0,0,0,0,0,0,Unspecified,,,,,Sedan,
2017,2017-07-21,12:20,,,40.58676,-74.16381,1.0,0.0,0,0,0,0,1,0,View Obstructed/Limited,,,,,Sedan,
2017,2017-07-22,16:45,,,40.760925,-73.96705,0.0,0.0,0,0,0,0,0,0,Unsafe Lane Changing,Unspecified,,,,Taxi,Sedan
2017,2017-07-22,4:15,BRONX,10470,40.901768,-73.85413,0.0,0.0,0,0,0,0,0,0,Unspecified,Unspecified,,,,Sedan,Sedan
2017,2017-07-22,19:05,,,40.780693,-73.9466,1.0,0.0,0,0,0,0,1,0,Driver Inattention/Distraction,Unspecified,,,,Motorcycle,Sedan
2017,2017-07-23,9:20,BROOKLYN,11220,40.642445,-74.00592,0.0,0.0,0,0,0,0,0,0,Other Vehicular,Other Vehicular,,,,Station Wagon/Sport Utility Vehicle,Station Wagon/Sport Utility Vehicle
2017,2017-07-24,9:15,,,40.753304,-73.912575,0.0,0.0,0,0,0,0,0,0,Turning Improperly,Unsafe Lane Changing,,,,Station Wagon/Sport Utility Vehicle,Sedan
2017,2017-07-25,23:50,,,40.69385,-73.76643,1.0,0.0,0,0,0,0,1,0,Unspecified,Unspecified,,,,Station Wagon/Sport Utility Vehicle,Sedan
2017,2017-07-25,8:54,BROOKLYN,11205,40.692425,-73.96075,0.0,0.0,0,0,0,0,0,0,Backing Unsafely,Unspecified,,,,Sedan,Sedan
2017,2017-07-25,18:30,BROOKLYN,11237,40.701504,-73.927124,0.0,0.0,0,0,0,0,0,0,Driver Inattention/Distraction,Unspecified,,,,Sedan,
2017,2017-07-27,13:10,QUEENS,11432,40.707058,-73.79691,0.0,0.0,0,0,0,0,0,0,Oversized Vehicle,Passing or Lane Usage Improper,,,,Box Truck,Sedan
2017,2017-07-27,17:43,BRONX,10455,40.810085,-73.90803,0.0,0.0,0,0,0,0,0,0,Unspecified,Unspecified,,,,Sedan,Station Wagon/Sport Utility Vehicle
2017,2017-07-27,0:50,MANHATTAN,10023,40.768562,-73.981575,0.0,0.0,0,0,0,0,0,0,Backing Unsafely,Unspecified,,,,Pick-up Truck,Sedan
2017,2017-07-28,9:55,MANHATTAN,10021,40.771103,-73.96383,0.0,0.0,0,0,0,0,0,0,Failure to Yield Right-of-Way,Unspecified,,,,Sedan,Sedan
2017,2017-07-28,20:15,MANHATTAN,10065,40.76609,-73.96959,0.0,0.0,0,0,0,0,0,0,Driver Inattention/Distraction,Unspecified,,,,Taxi,Sedan
2017,2017-07-28,19:00,BROOKLYN,11222,40.72313,-73.95041,0.0,0.0,0,0,0,0,0,0,Backing Unsafely,Unspecified,,,,Motorcycle,Station Wagon/Sport Utility Vehicle
2017,2017-07-28,16:30,MANHATTAN,10003,40.73416,-73.98863,0.0,0.0,0,0,0,0,0,0,Backing Unsafely,Unspecified,,,,Station Wagon/Sport Utility Vehicle,Station Wagon/Sport Utility Vehicle
2017,2017-07-30,1:00,,,40.853714,-73.92681,1.0,0.0,0,0,0,0,1,0,Failure to Yield Right-of-Way,Unspecified,,,,Sedan,Motorcycle
2017,2017-08-01,21:40,,,40.827244,-73.92406,0.0,0.0,0,0,0,0,0,0,Passing Too Closely,Unspecified,,,,Station Wagon/Sport Utility Vehicle,Station Wagon/Sport Utility Vehicle
2017,2017-08-02,22:58,QUEENS,11375,40.72136,-73.837036,3.0,0.0,0,0,0,0,3,0,Following Too Closely,Unspecified,,,,Sedan,Taxi
2017,2017-08-02,16:08,BRONX,10455,40.80988,-73.90308,0.0,0.0,0,0,0,0,0,0,Other Vehicular,Other Vehicular,,,,Station Wagon/Sport Utility Vehicle,Sedan
2017,2017-08-03,14:50,QUEENS,11377,40.760143,-73.907005,2.0,0.0,0,0,0,0,2,0,Driver Inattention/Distraction,Unspecified,,,,Taxi,Station Wagon/Sport Utility Vehicle
2017,2017-08-03,23:26,,,40.6217,-74.12403,0.0,0.0,0,0,0,0,0,0,Following Too Closely,Unspecified,,,,Sedan,Sedan
2017,2017-08-03,18:00,,,40.71523,-74.01334,0.0,0.0,0,0,0,0,0,0,Unsafe Lane Changing,Unspecified,,,,Sedan,Station Wagon/Sport Utility Vehicle
2017,2017-08-04,15:30,,,40.64592,-74.02384,0.0,0.0,0,0,0,0,0,0,Unspecified,Unspecified,,,,Box Truck,Van
2017,2017-08-04,21:50,BROOKLYN,11221,40.68909,-73.923965,0.0,0.0,0,0,0,0,0,0,Driver Inattention/Distraction,Unspecified,,,,Sedan,Sedan
2017,2017-08-04,15:17,,,40.77786,-73.945724,0.0,0.0,0,0,0,0,0,0,Unsafe Lane Changing,Unspecified,,,,Station Wagon/Sport Utility Vehicle,Sedan
2017,2017-08-05,17:31,BROOKLYN,11219,40.637737,-74.00264,0.0,0.0,0,0,0,0,0,0,Unspecified,Unspecified,,,,Sedan,Station Wagon/Sport Utility Vehicle
2017,2017-08-08,13:15,,,40.67147,-73.869995,0.0,0.0,0,0,0,0,0,0,Driver Inattention/Distraction,Unspecified,,,,Station Wagon/Sport Utility Vehicle,Sedan
2017,2017-08-09,6:35,MANHATTAN,10036,,,0.0,0.0,0,0,0,0,0,0,Unsafe Lane Changing,Following Too Closely,,,,Station Wagon/Sport Utility Vehicle,Station Wagon/Sport Utility Vehicle
2017,2017-08-09,14:00,STATEN ISLAND,10304,40.631744,-74.07611,0.0,0.0,0,0,0,0,0,0,Following Too Closely,Unspecified,,,,Sedan,Sedan
2017,2017-08-10,18:30,BRONX,10457,40.84497,-73.90247,0.0,0.0,0,0,0,0,0,0,Unspecified,Unspecified,,,,Station Wagon/Sport Utility Vehicle,Station Wagon/Sport Utility Vehicle
2017,2017-08-11,9:40,MANHATTAN,10036,40.759624,-73.99548,0.0,0.0,0,0,0,0,0,0,Oversized Vehicle,Unspecified,,,,Box Truck,Sedan
2017,2017-08-11,19:00,BRONX,10461,40.84063,-73.8383,0.0,0.0,0,0,0,0,0,0,Unspecified,Unspecified,,,,Station Wagon/Sport Utility Vehicle,Sedan
2017,2017-08-12,3:00,,,40.643787,-74.018845,0.0,0.0,0,0,0,0,0,0,Unspecified,Unspecified,,,,Sedan,Taxi
2017,2017-08-13,19:21,QUEENS,11367,40.726604,-73.81425,0.0,0.0,0,0,0,0,0,0,Turning Improperly,Failure to Yield Right-of-Way,,,,Sedan,Sedan
2017,2017-08-15,11:20,QUEENS,11426,40.739914,-73.72469,0.0,0.0,0,0,0,0,0,0,Unspecified,Unspecified,,,,Station Wagon/Sport Utility Vehicle,Sedan
2017,2017-08-16,12:15,,,,,0.0,0.0,0,0,0,0,0,0,Driver Inattention/Distraction,Driver Inattention/Distraction,,,,Sedan,Sedan
2017,2017-08-16,19:40,BROOKLYN,11213,40.668797,-73.93113,0.0,0.0,0,0,0,0,0,0,Unsafe Lane Changing,Unspecified,,,,Sedan,Bus
2017,2017-08-17,0:30,BROOKLYN,11238,40.688023,-73.961,0.0,0.0,0,0,0,0,0,0,Unspecified,,,,,Sedan,
2017,2017-08-17,15:30,BROOKLYN,11201,40.69142,-73.9908,0.0,0.0,0,0,0,0,0,0,Passenger Distraction,Unspecified,,,,Sedan,Sedan
2017,2017-08-19,11:40,MANHATTAN,10036,40.757233,-73.9898,0.0,0.0,0,0,0,0,0,0,Following Too Closely,Unspecified,,,,Sedan,Taxi
2017,2017-08-21,16:30,,,,,0.0,0.0,0,0,0,0,0,0,Driver Inattention/Distraction,Driver Inattention/Distraction,,,,Sedan,Taxi
2017,2017-08-22,1:00,,,40.675945,-73.94715,0.0,0.0,0,0,0,0,0,0,Other Vehicular,,,,,Convertible,
2017,2017-08-24,19:00,QUEENS,11101,40.74776,-73.94062,0.0,0.0,0,0,0,0,0,0,Unspecified,,,,,Station Wagon/Sport Utility Vehicle,
2017,2017-08-24,10:20,QUEENS,11412,40.703865,-73.75144,2.0,0.0,0,0,0,0,2,0,Driver Inattention/Distraction,Unspecified,,,,Convertible,Station Wagon/Sport Utility Vehicle
2017,2017-08-24,17:00,MANHATTAN,10014,40.73337,-74.00258,0.0,0.0,0,0,0,0,0,0,Unsafe Lane Changing,Unspecified,,,,Taxi,Pick-up Truck
2017,2017-08-25,11:30,MANHATTAN,10012,40.72526,-73.99518,0.0,0.0,0,0,0,0,0,0,Driver Inattention/Distraction,Driver Inattention/Distraction,,,,Box Truck,Sedan
2017,2017-08-26,21:38,BRONX,10453,40.848606,-73.91397,0.0,0.0,0,0,0,0,0,0,Backing Unsafely,Unspecified,,,,Sedan,Pick-up Truck
2017,2017-08-26,12:30,,,40.75352,-73.93448,0.0,0.0,0,0,0,0,0,0,Backing Unsafely,Unspecified,,,,Sedan,Sedan
2017,2017-08-26,21:00,,,40.68384,-73.802574,0.0,0.0,0,0,0,0,0,0,Driver Inattention/Distraction,Unspecified,,,,Station Wagon/Sport Utility Vehicle,Sedan
2017,2017-08-27,20:15,,,40.7092,-73.9919,0.0,0.0,0,0,0,0,0,0,Driver Inattention/Distraction,Unspecified,,,,Sedan,
2017,2017-08-27,12:49,BRONX,10459,40.818558,-73.89265,1.0,0.0,0,0,0,0,1,0,Following Too Closely,Unspecified,,,,Station Wagon/Sport Utility Vehicle,Station Wagon/Sport Utility Vehicle
2017,2017-08-27,7:20,BRONX,10460,40.83647,-73.88928,1.0,0.0,0,0,0,0,1,0,Following Too Closely,Unspecified,,,,Station Wagon/Sport Utility Vehicle,Sedan
2017,2017-08-28,19:40,QUEENS,11430,40.66615,-73.80575,0.0,0.0,0,0,0,0,0,0,Following Too Closely,Unspecified,,,,Station Wagon/Sport Utility Vehicle,Station Wagon/Sport Utility Vehicle
2017,2017-08-28,11:05,MANHATTAN,10016,40.745995,-73.98424,0.0,0.0,0,0,0,0,0,0,Driver Inattention/Distraction,Unspecified,,,,Bus,Sedan
2017,2017-08-28,0:40,,,40.674934,-73.80186,0.0,0.0,0,0,0,0,0,0,Passing or Lane Usage Improper,Unspecified,,,,Sedan,Station Wagon/Sport Utility Vehicle
2017,2017-08-29,17:54,MANHATTAN,10001,40.74672,-73.986374,0.0,0.0,0,0,0,0,0,0,Driver Inattention/Distraction,Driver Inattention/Distraction,,,,Sedan,PK
2017,2017-08-29,7:00,BROOKLYN,11236,40.638577,-73.90414,0.0,0.0,0,0,0,0,0,0,Fell Asleep,Unspecified,Unspecified,,,Sedan,Sedan
2017,2017-08-30,12:00,BROOKLYN,11220,40.641422,-74.01782,0.0,0.0,0,0,0,0,0,0,Unspecified,,,,,Station Wagon/Sport Utility Vehicle,
2017,2017-08-31,17:40,,,40.764435,-73.72269,0.0,0.0,0,0,0,0,0,0,Following Too Closely,Unspecified,,,,Sedan,Station Wagon/Sport Utility Vehicle
2017,2017-08-31,4:00,,,,,1.0,0.0,1,0,0,0,0,0,Failure to Yield Right-of-Way,,,,,,
2017,2017-09-02,21:45,,,40.658577,-73.89063,4.0,0.0,0,0,0,0,4,0,Pavement Slippery,Other Vehicular,,,,Sedan,Station Wagon/Sport Utility Vehicle
2017,2017-09-02,0:00,BRONX,10469,40.87939,-73.85742,0.0,0.0,0,0,0,0,0,0,Driver Inattention/Distraction,,,,,Station Wagon/Sport Utility Vehicle,
2017,2017-09-04,4:30,MANHATTAN,10011,40.74406,-74.00682,0.0,0.0,0,0,0,0,0,0,Passing or Lane Usage Improper,Passing or Lane Usage Improper,,,,Taxi,Sedan
2017,2017-09-04,1:15,BROOKLYN,11203,40.646385,-73.92858,0.0,0.0,0,0,0,0,0,0,Unspecified,Unspecified,Unspecified,,,Station Wagon/Sport Utility Vehicle,Sedan
2017,2017-09-04,18:45,QUEENS,11414,40.660595,-73.84025,0.0,0.0,0,0,0,0,0,0,Backing Unsafely,Unspecified,,,,Sedan,Sedan
2017,2017-09-04,15:40,BROOKLYN,11238,40.67536,-73.969696,1.0,0.0,1,0,0,0,0,0,Driver Inattention/Distraction,,,,,Motorcycle,
2017,2017-09-05,10:30,,,40.766304,-73.89286,0.0,0.0,0,0,0,0,0,0,Driver Inexperience,Unspecified,,,,Sedan,Sedan
2017,2017-09-06,22:45,,,40.736965,-74.009796,0.0,0.0,0,0,0,0,0,0,Driver Inattention/Distraction,Passing Too Closely,,,,Sedan,Taxi
2017,2017-09-06,6:30,,,40.673008,-73.78809,0.0,0.0,0,0,0,0,0,0,Driver Inattention/Distraction,Driver Inattention/Distraction,,,,Sedan,Sedan
2017,2017-09-08,6:40,,,40.60459,-74.02212,0.0,0.0,0,0,0,0,0,0,Backing Unsafely,Unspecified,,,,Sedan,Sedan
2017,2017-09-08,18:15,MANHATTAN,10003,40.731853,-73.983734,1.0,0.0,0,0,1,0,0,0,Unsafe Lane Changing,Unspecified,,,,Sedan,Bike
2017,2017-09-09,19:50,MANHATTAN,10011,40.7464,-74.00511,0.0,0.0,0,0,0,0,0,0,Unsafe Lane Changing,Unspecified,,,,Taxi,Taxi
2017,2017-09-09,0:00,,,40.776543,-73.98317,0.0,0.0,0,0,0,0,0,0,Driver Inattention/Distraction,Driver Inattention/Distraction,,,,Sedan,Box Truck
2017,2017-09-10,19:03,,,40.718555,-73.988205,0.0,0.0,0,0,0,0,0,0,Passing Too Closely,Unspecified,,,,Station Wagon/Sport Utility Vehicle,
2017,2017-09-10,15:58,BROOKLYN,11219,40.63055,-74.00937,0.0,0.0,0,0,0,0,0,0,Unspecified,,,,,Sedan,
2017,2017-09-11,1:47,MANHATTAN,10022,40.76113,-73.965614,0.0,0.0,0,0,0,0,0,0,Unsafe Lane Changing,Unspecified,,,,Station Wagon/Sport Utility Vehicle,Sedan
2017,2017-09-11,16:00,QUEENS,11691,40.60174,-73.74905,0.0,0.0,0,0,0,0,0,0,Passing Too Closely,Unspecified,,,,Station Wagon/Sport Utility Vehicle,
2017,2017-09-11,16:44,,,40.856045,-73.90079,0.0,0.0,0,0,0,0,0,0,Failure to Yield Right-of-Way,Unspecified,,,,Station Wagon/Sport Utility Vehicle,Sedan
2017,2017-09-12,5:35,MANHATTAN,10002,40.72161,-73.98904,0.0,0.0,0,0,0,0,0,0,Driver Inattention/Distraction,Unspecified,,,,Taxi,Taxi
2017,2017-09-12,11:30,,,40.73493,-73.983055,1.0,0.0,0,0,1,0,0,0,Driver Inattention/Distraction,Unspecified,,,,Station Wagon/Sport Utility Vehicle,Bike
2017,2017-09-13,8:33,,,40.798256,-73.82744,0.0,0.0,0,0,0,0,0,0,Following Too Closely,Unspecified,Unspecified,,,Sedan,Bus
2017,2017-09-15,0:30,MANHATTAN,10002,40.713295,-73.99128,0.0,0.0,0,0,0,0,0,0,Driver Inexperience,Unspecified,,,,Station Wagon/Sport Utility Vehicle,Pick-up Truck
2017,2017-09-16,16:00,,,40.710682,-73.98471,0.0,0.0,0,0,0,0,0,0,Following Too Closely,Unspecified,,,,Sedan,Sedan
2017,2017-09-17,13:49,MANHATTAN,10019,40.765675,-73.97624,0.0,0.0,0,0,0,0,0,0,Driver Inattention/Distraction,Unspecified,,,,Station Wagon/Sport Utility Vehicle,
2017,2017-09-17,16:30,,,40.58407,-73.92344,4.0,0.0,0,0,0,0,4,0,Following Too Closely,Unspecified,,,,Sedan,Sedan
2017,2017-09-18,10:15,MANHATTAN,10033,40.853687,-73.93397,1.0,0.0,1,0,0,0,0,0,Unspecified,,,,,Station Wagon/Sport Utility Vehicle,
2017,2017-09-19,15:14,BROOKLYN,11230,40.624447,-73.97595,0.0,0.0,0,0,0,0,0,0,Unspecified,Unspecified,,,,Sedan,Sedan
2017,2017-09-19,6:35,,,40.591755,-73.9083,0.0,0.0,0,0,0,0,0,0,Passing Too Closely,Unspecified,,,,Sedan,Sedan
2017,2017-09-20,18:50,MANHATTAN,10022,40.756004,-73.969284,1.0,0.0,1,0,0,0,0,0,Unspecified,,,,,Station Wagon/Sport Utility Vehicle,
2017,2017-09-20,15:30,QUEENS,11417,40.681763,-73.83759,0.0,0.0,0,0,0,0,0,0,Backing Unsafely,Unspecified,,,,Sedan,Van
2017,2017-09-20,18:10,BRONX,10456,40.836487,-73.91435,1.0,0.0,1,0,0,0,0,0,Driver Inattention/Distraction,,,,,Sedan,
2017,2017-09-21,12:00,BROOKLYN,11214,40.608494,-73.99251,0.0,0.0,0,0,0,0,0,0,Unspecified,,,,,Station Wagon/Sport Utility Vehicle,
2017,2017-09-22,12:50,STATEN ISLAND,10306,40.573208,-74.120056,0.0,0.0,0,0,0,0,0,0,Backing Unsafely,Unspecified,,,,Station Wagon/Sport Utility Vehicle,Sedan
2017,2017-09-22,13:48,BROOKLYN,11204,40.62051,-73.99248,1.0,0.0,1,0,0,0,0,0,Driver Inattention/Distraction,,,,,Station Wagon/Sport Utility Vehicle,
2017,2017-09-22,18:35,,,,,0.0,0.0,0,0,0,0,0,0,Driver Inattention/Distraction,Unspecified,,,,Pick-up Truck,Sedan
2017,2017-09-22,21:02,,,40.682568,-73.79266,0.0,0.0,0,0,0,0,0,0,Driver Inattention/Distraction,Unspecified,,,,Station Wagon/Sport Utility Vehicle,Station Wagon/Sport Utility Vehicle
2017,2017-09-22,13:30,BRONX,10475,40.889194,-73.81896,0.0,0.0,0,0,0,0,0,0,Driver Inattention/Distraction,Driver Inattention/Distraction,,,,Sedan,Station Wagon/Sport Utility Vehicle
2017,2017-09-23,19:30,,,40.848118,-73.93089,1.0,0.0,0,0,1,0,0,0,Unspecified,Unspecified,,,,Bike,
2017,2017-09-24,19:00,,,40.6857,-73.77872,0.0,0.0,0,0,0,0,0,0,Unsafe Speed,Unspecified,,,,Sedan,Sedan
2017,2017-09-26,12:30,BRONX,10475,40.880272,-73.83404,0.0,0.0,0,0,0,0,0,0,Driver Inattention/Distraction,Unspecified,,,,Pick-up Truck,Station Wagon/Sport Utility Vehicle
2017,2017-09-26,23:03,BRONX,10461,40.842533,-73.85284,0.0,0.0,0,0,0,0,0,0,Driver Inattention/Distraction,Unspecified,,,,Station Wagon/Sport Utility Vehicle,Sedan
2017,2017-09-27,7:00,,,,,0.0,0.0,0,0,0,0,0,0,Passing Too Closely,Unspecified,,,,Sedan,Pick-up Truck
2017,2017-09-28,18:30,QUEENS,11375,40.71958,-73.83978,1.0,0.0,1,0,0,0,0,0,Traffic Control Disregarded,,,,,Bike,
2017,2017-09-28,13:00,,,,,0.0,0.0,0,0,0,0,0,0,Passing Too Closely,Unspecified,,,,Sedan,Sedan
2017,2017-09-28,0:00,,,40.68591,-73.9714,1.0,0.0,0,0,1,0,0,0,Traffic Control Disregarded,Unspecified,,,,Bike,Sedan
2017,2017-09-28,12:22,BROOKLYN,11222,40.733135,-73.953575,0.0,0.0,0,0,0,0,0,0,Failure to Yield Right-of-Way,Unspecified,,,,Station Wagon/Sport Utility Vehicle,Station Wagon/Sport Utility Vehicle
2017,2017-09-29,15:25,MANHATTAN,10019,40.763485,-73.98895,0.0,0.0,0,0,0,0,0,0,Other Vehicular,Other Vehicular,,,,Taxi,Station Wagon/Sport Utility Vehicle
2017,2017-09-29,15:05,MANHATTAN,10018,40.75529,-73.99493,0.0,0.0,0,0,0,0,0,0,Driver Inattention/Distraction,Driver Inattention/Distraction,,,,Sedan,Sedan
2017,2017-09-29,7:30,,,40.734978,-73.8614,0.0,0.0,0,0,0,0,0,0,Unsafe Lane Changing,,,,,Station Wagon/Sport Utility Vehicle,
2017,2017-09-29,16:28,BROOKLYN,11217,40.674335,-73.97238,0.0,0.0,0,0,0,0,0,0,Driver Inattention/Distraction,Unspecified,,,,Station Wagon/Sport Utility Vehicle,
2017,2017-10-01,21:53,,,40.77642,-73.97583,0.0,0.0,0,0,0,0,0,0,Driver Inattention/Distraction,Unspecified,,,,Bus,Taxi
2017,2017-10-01,16:42,BROOKLYN,11206,40.696354,-73.94071,0.0,0.0,0,0,0,0,0,0,Outside Car Distraction,Unspecified,,,,Station Wagon/Sport Utility Vehicle,
2017,2017-10-01,20:10,QUEENS,11357,40.776646,-73.819664,0.0,0.0,0,0,0,0,0,0,Following Too Closely,Unspecified,,,,Sedan,Sedan
2017,2017-10-03,8:36,,,,,0.0,0.0,0,0,0,0,0,0,Driver Inattention/Distraction,Unspecified,,,,Box Truck,PK
2017,2017-10-04,8:00,,,40.72114,-73.942825,1.0,0.0,1,0,0,0,0,0,Glare,,,,,Station Wagon/Sport Utility Vehicle,
2017,2017-10-05,9:52,STATEN ISLAND,10304,,,0.0,0.0,0,0,0,0,0,0,Driver Inattention/Distraction,Unspecified,,,,Station Wagon/Sport Utility Vehicle,Sedan
2017,2017-10-05,11:00,,,,,0.0,0.0,0,0,0,0,0,0,Following Too Closely,Unspecified,,,,Station Wagon/Sport Utility Vehicle,Station Wagon/Sport Utility Vehicle
2017,2017-10-06,14:53,,,40.774227,-73.91304,0.0,0.0,0,0,0,0,0,0,Driver Inattention/Distraction,Unspecified,,,,Sedan,Station Wagon/Sport Utility Vehicle
2017,2017-10-06,11:00,,,40.75689,-73.97419,0.0,0.0,0,0,0,0,0,0,Driver Inattention/Distraction,Unspecified,,,,Taxi,Station Wagon/Sport Utility Vehicle
2017,2017-10-06,19:58,,,40.69832,-73.962265,0.0,0.0,0,0,0,0,0,0,Following Too Closely,Reaction to Uninvolved Vehicle,,,,Station Wagon/Sport Utility Vehicle,Station Wagon/Sport Utility Vehicle
2017,2017-10-07,4:20,BRONX,10458,40.873753,-73.88337,0.0,0.0,0,0,0,0,0,0,Passing Too Closely,Unspecified,Unspecified,,,Station Wagon/Sport Utility Vehicle,Sedan
2017,2017-10-08,19:15,BROOKLYN,11216,40.68951,-73.948044,1.0,0.0,0,0,0,0,1,0,Driver Inattention/Distraction,Driver Inattention/Distraction,,,,Motorcycle,Sedan
2017,2017-10-09,2:20,STATEN ISLAND,10304,40.60895,-74.083664,0.0,0.0,0,0,0,0,0,0,Alcohol Involvement,Unspecified,Unspecified,,,Sedan,Sedan
2017,2017-10-10,21:40,BRONX,10461,,,0.0,0.0,0,0,0,0,0,0,Unspecified,,,,,Station Wagon/Sport Utility Vehicle,
2017,2017-10-11,17:24,,,40.735477,-73.99239,1.0,0.0,0,0,1,0,0,0,Driver Inattention/Distraction,Unspecified,,,,Bike,Sedan
2017,2017-10-12,17:00,BROOKLYN,11218,40.645107,-73.97989,1.0,0.0,0,0,0,0,1,0,Unspecified,Unspecified,,,,Sedan,Motorcycle
2017,2017-10-12,18:20,,,40.765068,-73.88427,1.0,0.0,0,0,0,0,1,0,Driver Inattention/Distraction,Unspecified,,,,Sedan,Sedan
2017,2017-10-12,22:30,,,40.752693,-73.97305,0.0,0.0,0,0,0,0,0,0,Following Too Closely,Unspecified,,,,Station Wagon/Sport Utility Vehicle,Sedan
2017,2017-10-12,0:00,BROOKLYN,11201,40.70206,-73.99262,0.0,0.0,0,0,0,0,0,0,Passing or Lane Usage Improper,Unspecified,,,,Station Wagon/Sport Utility Vehicle,Sedan
2017,2017-10-14,14:30,QUEENS,11426,40.734596,-73.72106,0.0,0.0,0,0,0,0,0,0,Unspecified,Unspecified,,,,Sedan,Sedan
2017,2017-10-15,15:45,QUEENS,11102,40.76987,-73.92409,0.0,0.0,0,0,0,0,0,0,Following Too Closely,Unspecified,,,,Station Wagon/Sport Utility Vehicle,Sedan
2017,2017-10-15,9:29,,,40.69623,-73.9213,3.0,0.0,0,0,0,0,3,0,Traffic Control Disregarded,Traffic Control Disregarded,,,,Sedan,Sedan
2017,2017-10-16,19:20,BROOKLYN,11201,40.69925,-73.98787,0.0,0.0,0,0,0,0,0,0,Oversized Vehicle,Unspecified,Unspecified,,,Sedan,Box Truck
2017,2017-10-16,6:40,,,40.717827,-73.8724,1.0,0.0,0,0,0,0,1,0,Turning Improperly,Unspecified,,,,Sedan,Sedan
2017,2017-10-17,15:00,,,,,0.0,0.0,0,0,0,0,0,0,Following Too Closely,Unspecified,,,,Station Wagon/Sport Utility Vehicle,Station Wagon/Sport Utility Vehicle
2017,2017-10-17,13:00,,,40.831856,-73.90228,1.0,0.0,0,0,0,0,1,0,View Obstructed/Limited,,,,,Ambulance,
2017,2017-10-17,16:22,BROOKLYN,11223,40.590996,-73.96607,0.0,0.0,0,0,0,0,0,0,Unspecified,Unspecified,,,,Station Wagon/Sport Utility Vehicle,Sedan
2017,2017-10-17,9:15,BROOKLYN,11210,40.62769,-73.935555,1.0,0.0,1,0,0,0,0,0,Backing Unsafely,Unspecified,,,,Station Wagon/Sport Utility Vehicle,Sedan
2017,2017-10-18,7:15,BROOKLYN,11225,40.66336,-73.95975,0.0,0.0,0,0,0,0,0,0,Driver Inattention/Distraction,Driver Inattention/Distraction,,,,Station Wagon/Sport Utility Vehicle,Station Wagon/Sport Utility Vehicle
2017,2017-10-18,15:15,,,40.790367,-73.949776,0.0,0.0,0,0,0,0,0,0,Passing Too Closely,Unspecified,,,,Bus,Sedan
2017,2017-10-19,13:00,QUEENS,11413,40.68123,-73.736404,0.0,0.0,0,0,0,0,0,0,Unsafe Lane Changing,Unspecified,,,,Station Wagon/Sport Utility Vehicle,Sedan
2017,2017-10-19,15:15,,,40.70331,-73.99255,0.0,0.0,0,0,0,0,0,0,Following Too Closely,Unspecified,,,,Sedan,Station Wagon/Sport Utility Vehicle
2017,2017-10-19,22:00,,,40.82764,-73.84791,0.0,0.0,0,0,0,0,0,0,Following Too Closely,Unspecified,Unspecified,,,Station Wagon/Sport Utility Vehicle,Station Wagon/Sport Utility Vehicle
2017,2017-10-20,15:00,,,40.67269,-73.97956,0.0,0.0,0,0,0,0,0,0,Backing Unsafely,Unspecified,,,,Station Wagon/Sport Utility Vehicle,Sedan
2017,2017-10-22,9:55,MANHATTAN,10017,,,0.0,0.0,0,0,0,0,0,0,Passing or Lane Usage Improper,Passing or Lane Usage Improper,,,,Station Wagon/Sport Utility Vehicle,Sedan
2017,2017-10-22,10:45,QUEENS,11367,40.731274,-73.81926,0.0,0.0,0,0,0,0,0,0,Driver Inattention/Distraction,Unspecified,Unspecified,,,Sedan,Sedan
2017,2017-10-23,12:10,,,40.661724,-74.0001,0.0,0.0,0,0,0,0,0,0,Backing Unsafely,Unspecified,,,,Sedan,Station Wagon/Sport Utility Vehicle
2017,2017-10-25,11:30,BROOKLYN,11212,40.664097,-73.90932,1.0,0.0,0,0,1,0,0,0,Driver Inattention/Distraction,Driver Inattention/Distraction,,,,Station Wagon/Sport Utility Vehicle,Bike
2017,2017-10-25,12:15,BRONX,10455,40.817722,-73.91792,0.0,0.0,0,0,0,0,0,0,Passing Too Closely,Unspecified,,,,Sedan,
2017,2017-10-25,21:22,MANHATTAN,10016,40.750427,-73.98311,0.0,0.0,0,0,0,0,0,0,Passenger Distraction,Unspecified,,,,Taxi,Taxi
2017,2017-10-26,0:30,,,40.639645,-74.008835,0.0,0.0,0,0,0,0,0,0,Alcohol Involvement,Unspecified,,,,Sedan,Sedan
2017,2017-10-26,7:22,,,40.798256,-73.92402,0.0,0.0,0,0,0,0,0,0,Following Too Closely,Unspecified,,,,Bus,Station Wagon/Sport Utility Vehicle
2017,2017-10-27,12:16,,,40.826138,-73.901085,0.0,0.0,0,0,0,0,0,0,Traffic Control Disregarded,Unspecified,,,,Sedan,Station Wagon/Sport Utility Vehicle
2017,2017-10-27,20:30,MANHATTAN,10011,40.742863,-74.003975,0.0,0.0,0,0,0,0,0,0,Passing or Lane Usage Improper,Unspecified,,,,Sedan,
2017,2017-10-27,9:30,BROOKLYN,11208,40.65993,-73.87225,0.0,0.0,0,0,0,0,0,0,Unspecified,Unspecified,Unspecified,,,Sedan,Tractor Truck Diesel
2017,2017-10-27,16:27,BROOKLYN,11211,40.71532,-73.95371,0.0,0.0,0,0,0,0,0,0,Unspecified,,,,,Station Wagon/Sport Utility Vehicle,
2017,2017-10-27,1:00,,,40.69168,-73.999344,0.0,0.0,0,0,0,0,0,0,Following Too Closely,Unspecified,,,,Sedan,
2017,2017-10-27,8:40,,,40.58425,-73.9638,0.0,0.0,0,0,0,0,0,0,Following Too Closely,Unspecified,,,,Sedan,Sedan
2017,2017-10-30,14:45,,,40.75986,-73.78448,0.0,0.0,0,0,0,0,0,0,Driver Inattention/Distraction,Unspecified,,,,Sedan,Sedan
2017,2017-10-31,17:00,BRONX,10475,40.869118,-73.83048,0.0,0.0,0,0,0,0,0,0,Unspecified,,,,,Sedan,
2017,2017-11-01,16:10,BROOKLYN,11219,40.628036,-74.00656,0.0,0.0,0,0,0,0,0,0,Unspecified,Unspecified,,,,Sedan,Sedan
2017,2017-11-01,7:06,BROOKLYN,11216,40.6775,-73.94701,1.0,0.0,1,0,0,0,0,0,Unspecified,,,,,Station Wagon/Sport Utility Vehicle,
2017,2017-11-02,16:35,BRONX,10451,40.817894,-73.930565,0.0,0.0,0,0,0,0,0,0,Failure to Yield Right-of-Way,Other Vehicular,,,,Station Wagon/Sport Utility Vehicle,Sedan
2017,2017-11-02,8:50,,,40.612488,-73.89707,0.0,0.0,0,0,0,0,1,0,Unspecified,Unspecified,Unspecified,,,Sedan,Sedan
2017,2017-11-04,5:24,BRONX,10462,40.84226,-73.8552,0.0,0.0,0,0,0,0,0,0,Following Too Closely,Unspecified,,,,Station Wagon/Sport Utility Vehicle,Station Wagon/Sport Utility Vehicle
2017,2017-11-05,20:55,,,40.611942,-74.15944,1.0,0.0,1,0,0,0,0,0,Unspecified,,,,,Station Wagon/Sport Utility Vehicle,
2017,2017-11-07,15:20,,,,,0.0,0.0,0,0,0,0,0,0,Turning Improperly,Unspecified,,,,Station Wagon/Sport Utility Vehicle,Station Wagon/Sport Utility Vehicle
2017,2017-11-08,17:20,QUEENS,11412,40.69802,-73.7623,0.0,0.0,0,0,0,0,0,0,Driver Inattention/Distraction,Unspecified,,,,Station Wagon/Sport Utility Vehicle,Station Wagon/Sport Utility Vehicle
2017,2017-11-12,9:50,,,40.652554,-73.92078,1.0,0.0,0,0,0,0,1,0,Unspecified,Unspecified,,,,Bus,Station Wagon/Sport Utility Vehicle
2017,2017-11-12,8:20,BROOKLYN,11208,40.67129,-73.882225,0.0,0.0,0,0,0,0,0,0,Driver Inattention/Distraction,Unspecified,,,,Sedan,Station Wagon/Sport Utility Vehicle
2017,2017-11-13,23:00,QUEENS,11372,40.75487,-73.891884,0.0,0.0,0,0,0,0,0,0,Unspecified,Unspecified,,,,Station Wagon/Sport Utility Vehicle,Station Wagon/Sport Utility Vehicle
2017,2017-11-14,8:09,QUEENS,11355,40.740463,-73.81507,1.0,0.0,0,0,0,0,1,0,Following Too Closely,Unspecified,,,,Station Wagon/Sport Utility Vehicle,Station Wagon/Sport Utility Vehicle
2017,2017-11-14,12:20,BROOKLYN,11203,40.6416,-73.93802,0.0,0.0,0,0,0,0,0,0,Unspecified,,,,,Sedan,
2017,2017-11-15,11:05,,,40.752686,-74.000534,0.0,0.0,0,0,0,0,0,0,Passing Too Closely,Unspecified,Unspecified,,,Sedan,Taxi
2017,2017-11-15,15:00,BROOKLYN,11249,40.70166,-73.961464,0.0,0.0,0,0,0,0,0,0,Driver Inattention/Distraction,Unspecified,,,,Station Wagon/Sport Utility Vehicle,Sedan
2017,2017-11-16,7:49,BRONX,10457,40.84772,-73.89668,0.0,0.0,0,0,0,0,0,0,Passing Too Closely,Unspecified,,,,Station Wagon/Sport Utility Vehicle,Station Wagon/Sport Utility Vehicle
2017,2017-11-17,4:45,,,40.839294,-73.88418,0.0,0.0,0,0,0,0,0,0,View Obstructed/Limited,Unspecified,,,,Tractor Truck Diesel,Taxi
2017,2017-11-17,13:25,BROOKLYN,11203,40.65618,-73.93767,0.0,0.0,0,0,0,0,0,0,Unspecified,Unspecified,,,,Sedan,Sedan
2017,2017-11-17,14:12,BRONX,10469,40.875492,-73.86052,1.0,0.0,1,0,0,0,0,0,Failure to Yield Right-of-Way,,,,,Station Wagon/Sport Utility Vehicle,
2017,2017-11-18,14:30,BROOKLYN,11216,40.68669,-73.94653,0.0,0.0,0,0,0,0,0,0,Driver Inattention/Distraction,Unspecified,,,,Sedan,
2017,2017-11-20,20:50,,,40.74023,-73.81957,2.0,0.0,0,0,0,0,2,0,Following Too Closely,Following Too Closely,Following Too Closely,Unspecified,,Sedan,Sedan
2017,2017-11-20,7:40,BROOKLYN,11210,40.624382,-73.94643,3.0,0.0,0,0,0,0,3,0,Failure to Yield Right-of-Way,Unspecified,,,,Sedan,Sedan
2017,2017-11-21,21:05,QUEENS,11413,40.657635,-73.74903,1.0,0.0,1,0,0,0,0,0,Failure to Yield Right-of-Way,,,,,Sedan,
2017,2017-11-21,12:15,QUEENS,11422,40.665558,-73.72985,1.0,0.0,0,0,0,0,1,0,Following Too Closely,Unspecified,,,,Sedan,Station Wagon/Sport Utility Vehicle
2017,2017-11-22,9:40,BROOKLYN,11235,40.580547,-73.958435,0.0,0.0,0,0,0,0,0,0,Backing Unsafely,Unspecified,,,,Sedan,Box Truck
2017,2017-11-22,17:45,QUEENS,11420,40.677498,-73.8276,0.0,0.0,0,0,0,0,0,0,Passing or Lane Usage Improper,Following Too Closely,,,,Sedan,Station Wagon/Sport Utility Vehicle
2017,2017-11-22,9:50,QUEENS,11370,40.7666,-73.89117,0.0,0.0,0,0,0,0,0,0,Driver Inattention/Distraction,Unspecified,,,,Pick-up Truck,Sedan
2017,2017-11-23,11:10,QUEENS,11419,40.68795,-73.82502,0.0,0.0,0,0,0,0,0,0,Aggressive Driving/Road Rage,Unspecified,Unspecified,,,Sedan,Sedan
2017,2017-11-25,19:30,,,40.682194,-74.00239,0.0,0.0,0,0,0,0,0,0,Unspecified,Unspecified,,,,Sedan,Sedan
2017,2017-11-25,4:45,,,40.747974,-73.75999,1.0,0.0,0,0,0,0,1,0,Fell Asleep,,,,,Station Wagon/Sport Utility Vehicle,
2017,2017-11-25,22:00,,,40.774155,-73.984886,0.0,0.0,0,0,0,0,0,0,Driver Inattention/Distraction,Unspecified,,,,Taxi,Sedan
2017,2017-11-25,21:20,MANHATTAN,10033,40.84691,-73.93824,0.0,0.0,0,0,0,0,0,0,Turning Improperly,Unspecified,,,,Taxi,Sedan
2017,2017-11-26,16:52,BROOKLYN,11207,40.691277,-73.909134,0.0,0.0,0,0,0,0,0,0,Backing Unsafely,Unspecified,,,,Sedan,Station Wagon/Sport Utility Vehicle
2017,2017-11-27,10:15,MANHATTAN,10024,40.785027,-73.980675,0.0,0.0,0,0,0,0,0,0,Driver Inexperience,Unspecified,,,,Concrete Mixer,Station Wagon/Sport Utility Vehicle
2017,2017-11-28,13:15,MANHATTAN,10036,40.756622,-73.98628,0.0,0.0,0,0,0,0,0,0,Unspecified,Unspecified,,,,Sedan,Bus
2017,2017-11-29,17:00,MANHATTAN,10038,40.708183,-74.0078,0.0,0.0,0,0,0,0,0,0,Driver Inattention/Distraction,Unspecified,,,,Sedan,Sedan
2017,2017-12-01,22:24,,,40.695995,-73.96742,1.0,0.0,0,0,0,0,1,0,Failure to Yield Right-of-Way,Unspecified,,,,Taxi,Sedan
2017,2017-12-03,19:48,MANHATTAN,10023,40.776684,-73.983055,0.0,0.0,0,0,0,0,0,0,Driver Inexperience,Driver Inexperience,,,,Station Wagon/Sport Utility Vehicle,Sedan
2017,2017-12-03,17:00,,,40.81417,-73.93431,0.0,0.0,0,0,0,0,0,0,Pedestrian/Bicyclist/Other Pedestrian Error/Confusion,Driver Inattention/Distraction,,,,Sedan,Sedan
2017,2017-12-04,0:00,,,40.89463,-73.88229,0.0,0.0,0,0,0,0,0,0,Passing or Lane Usage Improper,Passing or Lane Usage Improper,,,,Sedan,Box Truck
2017,2017-12-05,20:00,,,40.75858,-73.82562,0.0,0.0,0,0,0,0,0,0,Backing Unsafely,Unspecified,,,,Station Wagon/Sport Utility Vehicle,Station Wagon/Sport Utility Vehicle
2017,2017-12-05,22:10,STATEN ISLAND,10304,40.61427,-74.08232,0.0,0.0,0,0,0,0,0,0,Alcohol Involvement,Unspecified,,,,Pick-up Truck,Sedan
2017,2017-12-06,22:11,BROOKLYN,11231,40.6766,-73.99459,0.0,0.0,0,0,0,0,0,0,Unspecified,Unspecified,,,,Station Wagon/Sport Utility Vehicle,
2017,2017-12-07,19:30,,,40.60145,-74.01164,0.0,0.0,0,0,0,0,0,0,Following Too Closely,Unspecified,Unspecified,,,Station Wagon/Sport Utility Vehicle,Sedan
2017,2017-12-07,16:30,,,,,0.0,0.0,0,0,0,0,0,0,Unspecified,Unspecified,Unspecified,Unspecified,,Station Wagon/Sport Utility Vehicle,Station Wagon/Sport Utility Vehicle
2017,2017-12-08,8:12,QUEENS,11420,40.677006,-73.81261,1.0,0.0,0,0,0,0,1,0,Driver Inattention/Distraction,Unspecified,,,,Sedan,Sedan
2017,2017-12-09,13:50,,,40.66919,-73.99682,0.0,0.0,0,0,0,0,0,0,Other Vehicular,,,,,Station Wagon/Sport Utility Vehicle,
2017,2017-12-10,1:00,BROOKLYN,11204,40.621433,-73.987854,1.0,0.0,0,0,0,0,1,0,Alcohol Involvement,Unspecified,Unspecified,Unspecified,,Station Wagon/Sport Utility Vehicle,Station Wagon/Sport Utility Vehicle
2017,2017-12-12,16:58,MANHATTAN,10018,40.753475,-73.99254,0.0,0.0,0,0,0,0,0,0,Driver Inattention/Distraction,,,,,Taxi,
2017,2017-12-14,16:30,MANHATTAN,10013,40.723625,-74.00479,0.0,0.0,0,0,0,0,0,0,Unspecified,Unspecified,,,,Sedan,Sedan
2017,2017-12-14,11:15,BRONX,10474,40.81156,-73.88186,0.0,0.0,0,0,0,0,0,0,Unspecified,Unspecified,,,,Sedan,Station Wagon/Sport Utility Vehicle
2017,2017-12-15,17:25,BROOKLYN,11224,40.58123,-73.98232,0.0,0.0,0,0,0,0,0,0,Unspecified,Unspecified,,,,Bus,Sedan
2017,2017-12-15,18:55,,,40.755795,-73.93581,0.0,0.0,0,0,0,0,0,0,Driver Inattention/Distraction,Unspecified,,,,Sedan,Sedan
2017,2017-12-16,22:50,QUEENS,11369,40.759075,-73.86985,3.0,0.0,0,0,0,0,3,0,Driver Inattention/Distraction,Unspecified,Unspecified,,,Station Wagon/Sport Utility Vehicle,Sedan
2017,2017-12-18,10:44,QUEENS,11377,40.75361,-73.90393,0.0,0.0,0,0,0,0,0,0,Unsafe Lane Changing,Unspecified,,,,Sedan,Sedan
2017,2017-12-18,7:30,BROOKLYN,11203,40.659344,-73.94757,0.0,0.0,0,0,0,0,0,0,Driver Inattention/Distraction,Driver Inattention/Distraction,,,,Station Wagon/Sport Utility Vehicle,Station Wagon/Sport Utility Vehicle
2017,2017-12-18,18:49,BRONX,10463,40.882595,-73.89796,0.0,0.0,0,0,0,0,0,0,Unspecified,Unspecified,,,,Station Wagon/Sport Utility Vehicle,Sedan
2017,2017-12-18,14:07,BROOKLYN,11228,40.620304,-74.00743,0.0,0.0,0,0,0,0,0,0,Driver Inattention/Distraction,Unspecified,,,,Sedan,Sedan
2017,2017-12-19,8:55,BRONX,10469,40.86171,-73.8433,0.0,0.0,0,0,0,0,0,0,Driver Inattention/Distraction,Unspecified,,,,Station Wagon/Sport Utility Vehicle,Station Wagon/Sport Utility Vehicle
2017,2017-12-19,10:45,,,40.88736,-73.89426,1.0,0.0,0,0,0,0,1,0,Driver Inattention/Distraction,Unspecified,,,,Station Wagon/Sport Utility Vehicle,Box Truck
2017,2017-12-20,17:50,QUEENS,11433,40.69182,-73.78779,0.0,0.0,0,0,0,0,0,0,Following Too Closely,Unspecified,,,,Sedan,Sedan
2017,2017-12-20,17:34,,,40.761856,-73.96343,0.0,0.0,0,0,0,0,0,0,Driver Inattention/Distraction,Unspecified,,,,Taxi,Station Wagon/Sport Utility Vehicle
2017,2017-12-20,10:20,QUEENS,11433,40.704582,-73.78486,0.0,0.0,0,0,0,0,0,0,Following Too Closely,Unspecified,,,,Station Wagon/Sport Utility Vehicle,Station Wagon/Sport Utility Vehicle
2017,2017-12-21,15:20,BROOKLYN,11228,40.623146,-74.004486,1.0,0.0,1,0,0,0,0,0,Failure to Yield Right-of-Way,,,,,Station Wagon/Sport Utility Vehicle,
2017,2017-12-21,14:00,BROOKLYN,11234,40.61207,-73.93645,0.0,0.0,0,0,0,0,0,0,Driver Inattention/Distraction,Unspecified,,,,Station Wagon/Sport Utility Vehicle,Sedan
2017,2017-12-22,15:20,,,40.75747,-73.902794,1.0,0.0,0,0,0,0,1,0,Passing or Lane Usage Improper,Passing or Lane Usage Improper,,,,Pick-up Truck,Station Wagon/Sport Utility Vehicle
2017,2017-12-22,9:36,BRONX,10466,40.89487,-73.85657,0.0,0.0,0,0,0,0,0,0,Following Too Closely,Unspecified,,,,Station Wagon/Sport Utility Vehicle,Van
2017,2017-12-23,10:13,MANHATTAN,10033,40.844246,-73.93372,0.0,0.0,0,0,0,0,0,0,Driver Inattention/Distraction,Unspecified,,,,Station Wagon/Sport Utility Vehicle,
2017,2017-12-24,18:15,QUEENS,11354,40.762424,-73.831665,0.0,0.0,0,0,0,0,0,0,Passing or Lane Usage Improper,Unspecified,,,,Station Wagon/Sport Utility Vehicle,Sedan
2017,2017-12-24,22:00,,,40.785984,-73.98302,0.0,0.0,0,0,0,0,0,0,Driver Inattention/Distraction,Driver Inattention/Distraction,,,,Sedan,Sedan
2017,2017-12-26,13:00,,,,,0.0,0.0,0,0,0,0,0,0,Unsafe Speed,,,,,Sedan,
2017,2017-12-27,23:54,MANHATTAN,10019,40.762394,-73.97861,0.0,0.0,0,0,0,0,0,0,Unspecified,Unspecified,,,,Sedan,Sedan
2017,2017-12-30,18:10,BROOKLYN,11201,40.69589,-73.9831,0.0,0.0,0,0,0,0,0,0,Unspecified,Unspecified,,,,Sedan,Flat Bed
2017,2017-12-30,5:20,QUEENS,11373,40.73691,-73.88038,0.0,0.0,0,0,0,0,0,0,Driver Inattention/Distraction,Unspecified,Unspecified,,,Station Wagon/Sport Utility Vehicle,Sedan
2017,2017-12-30,7:30,,,40.70675,-73.80224,0.0,0.0,0,0,0,0,0,0,Turning Improperly,Unspecified,,,,Station Wagon/Sport Utility Vehicle,Station Wagon/Sport Utility Vehicle
2018,2018-01-01,17:00,,,40.58695,-74.16416,0.0,0.0,0,0,0,0,0,0,Driver Inattention/Distraction,Unspecified,,,,Sedan,Station Wagon/Sport Utility Vehicle
2018,2018-01-01,6:48,,,40.681076,-73.8811,2.0,0.0,0,0,0,0,2,0,Alcohol Involvement,Unspecified,,,,Station Wagon/Sport Utility Vehicle,Station Wagon/Sport Utility Vehicle
2018,2018-01-01,5:30,,,40.8431,-73.91796,0.0,0.0,0,0,0,0,0,0,Unsafe Speed,Unspecified,,,,Sedan,Sedan
2018,2018-01-01,14:00,BROOKLYN,11231,40.673298,-74.00835,0.0,0.0,0,0,0,0,0,0,Passing or Lane Usage Improper,Unspecified,,,,Sedan,Sedan
2018,2018-01-01,5:30,BRONX,10467,40.86327,-73.87047,0.0,0.0,0,0,0,0,0,0,Driver Inattention/Distraction,Unspecified,Unspecified,Unspecified,Unspecified,Station Wagon/Sport Utility Vehicle,Station Wagon/Sport Utility Vehicle
2018,2018-01-02,17:25,QUEENS,11417,40.680687,-73.84459,0.0,0.0,0,0,0,0,0,0,Following Too Closely,Unspecified,,,,Sedan,Station Wagon/Sport Utility Vehicle
2018,2018-01-02,23:45,MANHATTAN,10128,40.784714,-73.9581,0.0,0.0,0,0,0,0,0,0,Unspecified,Unspecified,,,,Taxi,Taxi
2018,2018-01-02,0:00,,,40.603832,-74.06895,0.0,0.0,0,0,0,0,0,0,Following Too Closely,Unspecified,,,,Sedan,Sedan
2018,2018-01-03,7:40,MANHATTAN,10032,40.832237,-73.942505,1.0,0.0,1,0,0,0,0,0,Failure to Yield Right-of-Way,,,,,Station Wagon/Sport Utility Vehicle,
2018,2018-01-03,17:00,BROOKLYN,11218,40.637295,-73.96823,0.0,0.0,0,0,0,0,0,0,Driver Inattention/Distraction,Unspecified,,,,Sedan,Station Wagon/Sport Utility Vehicle
2018,2018-01-03,13:15,,,,,0.0,0.0,0,0,0,0,0,0,Passing or Lane Usage Improper,Unspecified,,,,Box Truck,Sedan
2018,2018-01-03,8:00,BROOKLYN,11236,40.642002,-73.898834,1.0,0.0,1,0,0,0,0,0,Driver Inattention/Distraction,,,,,Sedan,
2018,2018-01-03,15:40,,,,,0.0,0.0,0,0,0,0,0,0,Driver Inattention/Distraction,Lost Consciousness,,,,Sedan,Convertible
2018,2018-01-04,11:05,BROOKLYN,11204,40.62757,-73.976585,0.0,0.0,0,0,0,0,0,0,Pavement Slippery,Unspecified,,,,Station Wagon/Sport Utility Vehicle,Sedan
2018,2018-01-06,18:47,QUEENS,11004,40.747055,-73.71194,0.0,0.0,0,0,0,0,0,0,Unspecified,Unspecified,,,,Sedan,Sedan
2018,2018-01-07,11:57,QUEENS,11378,40.7143,-73.90949,0.0,0.0,0,0,0,0,0,0,Unspecified,,,,,Sedan,
2018,2018-01-07,19:55,,,40.68142,-73.83368,0.0,0.0,0,0,0,0,0,0,Driver Inattention/Distraction,Unspecified,,,,Sedan,
2018,2018-01-08,7:30,STATEN ISLAND,10305,40.57925,-74.07781,0.0,0.0,0,0,0,0,0,0,Pavement Slippery,Unspecified,,,,Sedan,Station Wagon/Sport Utility Vehicle
2018,2018-01-08,21:50,BROOKLYN,11203,40.652462,-73.92285,0.0,0.0,0,0,0,0,0,0,Unspecified,,,,,Sedan,
2018,2018-01-09,10:29,QUEENS,11377,40.75399,-73.90031,0.0,0.0,0,0,0,0,0,0,Driver Inexperience,Driver Inexperience,,,,Sedan,Sedan
2018,2018-01-10,15:45,,,40.811108,-73.92734,0.0,0.0,0,0,0,0,0,0,Unspecified,Unspecified,,,,Sedan,Sedan
2018,2018-01-11,19:15,,,40.625313,-74.17835,0.0,0.0,0,0,0,0,0,0,Driver Inattention/Distraction,Unspecified,Unspecified,,,Station Wagon/Sport Utility Vehicle,Station Wagon/Sport Utility Vehicle
2018,2018-01-12,13:53,,,40.764874,-73.88707,0.0,0.0,0,0,0,0,0,0,Driver Inattention/Distraction,Unspecified,Unspecified,Unspecified,,Taxi,Taxi
2018,2018-01-13,19:45,,,40.626217,-74.15783,1.0,0.0,0,0,0,0,1,0,Driver Inattention/Distraction,Unspecified,,,,Pick-up Truck,Sedan
2018,2018-01-16,17:15,MANHATTAN,10034,40.86406,-73.91922,0.0,0.0,0,0,0,0,0,0,Driver Inattention/Distraction,Driver Inattention/Distraction,,,,Station Wagon/Sport Utility Vehicle,Station Wagon/Sport Utility Vehicle
2018,2018-01-16,10:30,QUEENS,11377,40.740337,-73.89389,0.0,0.0,0,0,0,0,0,0,Driver Inattention/Distraction,Driver Inattention/Distraction,,,,Station Wagon/Sport Utility Vehicle,Pick-up Truck
2018,2018-01-16,17:00,BROOKLYN,11217,40.678684,-73.98219,0.0,0.0,0,0,0,0,0,0,Driver Inattention/Distraction,Driver Inattention/Distraction,,,,Sedan,Sedan
2018,2018-01-16,2:15,BROOKLYN,11207,40.679768,-73.894005,2.0,0.0,0,0,0,0,2,0,Drugs (illegal),Unspecified,,,,Sedan,Sedan
2018,2018-01-16,8:30,BRONX,10456,40.832733,-73.89802,0.0,0.0,0,0,0,0,0,0,Traffic Control Disregarded,,,,,Station Wagon/Sport Utility Vehicle,
2018,2018-01-17,11:55,,,40.67342,-73.95017,0.0,0.0,0,0,0,0,0,0,Unsafe Lane Changing,Unspecified,,,,Sedan,Box Truck
2018,2018-01-18,14:30,,,40.659817,-73.98785,0.0,0.0,0,0,0,0,0,0,Backing Unsafely,Unspecified,,,,Pick-up Truck,Station Wagon/Sport Utility Vehicle
2018,2018-01-18,17:40,,,40.662575,-73.93448,0.0,0.0,0,0,0,0,0,0,Driver Inattention/Distraction,Unspecified,,,,Station Wagon/Sport Utility Vehicle,Station Wagon/Sport Utility Vehicle
2018,2018-01-18,18:40,,,40.87626,-73.90395,0.0,0.0,0,0,0,0,0,0,Unspecified,Unspecified,,,,Sedan,Station Wagon/Sport Utility Vehicle
2018,2018-01-18,17:50,,,40.635014,-74.13263,3.0,0.0,0,0,0,0,3,0,Driver Inattention/Distraction,Unspecified,,,,Station Wagon/Sport Utility Vehicle,Sedan
2018,2018-01-18,17:30,BROOKLYN,11203,40.662445,-73.936386,0.0,0.0,0,0,0,0,0,0,Driver Inattention/Distraction,Unspecified,,,,Station Wagon/Sport Utility Vehicle,
2018,2018-01-19,8:30,QUEENS,11429,40.714863,-73.73316,0.0,0.0,0,0,0,0,0,0,Unspecified,,,,,Station Wagon/Sport Utility Vehicle,
2018,2018-01-20,15:45,,,,,0.0,0.0,0,0,0,0,0,0,Unspecified,Unspecified,,,,Station Wagon/Sport Utility Vehicle,Sedan
2018,2018-01-21,3:50,QUEENS,11368,40.755398,-73.86918,2.0,0.0,0,0,0,0,2,0,Driver Inexperience,Unspecified,,,,Sedan,Motorcycle
2018,2018-01-22,18:18,STATEN ISLAND,10314,40.616,-74.12329,0.0,0.0,0,0,0,0,0,0,Steering Failure,Unspecified,,,,Sedan,Sedan
2018,2018-01-23,7:40,,,40.848118,-73.93089,1.0,0.0,1,0,0,0,0,0,Failure to Yield Right-of-Way,,,,,Taxi,
2018,2018-01-23,7:15,,,40.6374,-74.01116,2.0,0.0,1,0,0,0,1,0,Pedestrian/Bicyclist/Other Pedestrian Error/Confusion,,,,,Motorcycle,
2018,2018-01-24,8:45,,,40.817875,-73.89333,1.0,0.0,0,0,0,0,1,0,Driver Inattention/Distraction,Driver Inattention/Distraction,,,,Pick-up Truck,Sedan
2018,2018-01-24,20:00,BROOKLYN,11208,40.67082,-73.8603,0.0,0.0,0,0,0,0,0,0,Turning Improperly,Unspecified,,,,Sedan,
2018,2018-01-25,15:00,BROOKLYN,11206,40.695213,-73.940475,1.0,0.0,0,0,0,0,1,0,Following Too Closely,Unspecified,,,,Sedan,Station Wagon/Sport Utility Vehicle
2018,2018-01-26,14:30,MANHATTAN,10022,40.76287,-73.97373,0.0,0.0,0,0,0,0,0,0,Other Vehicular,Unsafe Lane Changing,,,,Station Wagon/Sport Utility Vehicle,Box Truck
2018,2018-01-29,19:20,BROOKLYN,11208,40.681625,-73.88414,0.0,0.0,0,0,0,0,0,0,Failure to Yield Right-of-Way,Unspecified,,,,Station Wagon/Sport Utility Vehicle,Sedan
2018,2018-01-29,11:43,MANHATTAN,10029,40.79569,-73.94458,0.0,0.0,0,0,0,0,0,0,Passing Too Closely,Unspecified,,,,Sedan,Sedan
2018,2018-01-30,15:35,BROOKLYN,11216,40.686478,-73.948265,0.0,0.0,0,0,0,0,0,0,Driver Inattention/Distraction,Unspecified,,,,Sedan,Sedan
2018,2018-01-31,15:25,QUEENS,11105,40.777958,-73.90847,1.0,0.0,1,0,0,0,0,0,Driver Inattention/Distraction,,,,,Sedan,
2018,2018-02-01,23:25,,,40.85512,-73.872215,0.0,0.0,0,0,0,0,0,0,Driver Inattention/Distraction,Unspecified,,,,Station Wagon/Sport Utility Vehicle,Sedan
2018,2018-02-01,23:00,QUEENS,11357,40.78309,-73.818794,0.0,0.0,0,0,0,0,0,0,Driver Inattention/Distraction,Unspecified,Unspecified,Unspecified,Unspecified,Station Wagon/Sport Utility Vehicle,Sedan
2018,2018-02-01,20:30,,,40.653633,-74.008224,0.0,0.0,0,0,0,0,0,0,Unspecified,,,,,Sedan,Box Truck
2018,2018-02-02,17:15,MANHATTAN,10019,40.761093,-73.98327,0.0,0.0,0,0,0,0,0,0,Turning Improperly,Unspecified,,,,Sedan,Box Truck
2018,2018-02-02,20:28,,,40.737682,-73.85206,0.0,0.0,0,0,0,0,0,0,Driver Inattention/Distraction,Driver Inattention/Distraction,,,,Sedan,Sedan
2018,2018-02-02,22:20,,,40.898876,-73.85539,0.0,0.0,0,0,0,0,0,0,Turning Improperly,Unspecified,,,,Sedan,Sedan
2018,2018-02-03,16:20,QUEENS,11357,40.797142,-73.82001,0.0,0.0,0,0,0,0,0,0,Following Too Closely,Unspecified,,,,Pick-up Truck,Station Wagon/Sport Utility Vehicle
2018,2018-02-03,0:00,MANHATTAN,10040,40.857838,-73.932045,0.0,0.0,0,0,0,0,0,0,Unspecified,Unspecified,,,,Station Wagon/Sport Utility Vehicle,Sedan
2018,2018-02-04,17:20,,,,,0.0,0.0,0,0,0,0,0,0,Turning Improperly,Unspecified,,,,Sedan,Station Wagon/Sport Utility Vehicle
2018,2018-02-05,12:10,BRONX,10460,40.835503,-73.88818,0.0,0.0,0,0,0,0,0,0,Unspecified,Unspecified,,,,Station Wagon/Sport Utility Vehicle,Station Wagon/Sport Utility Vehicle
2018,2018-02-05,22:40,,,40.844177,-73.90292,0.0,0.0,0,0,0,0,0,0,Following Too Closely,Unspecified,,,,Sedan,Sedan
2018,2018-02-05,18:16,,,,,0.0,0.0,0,0,0,0,0,0,Traffic Control Disregarded,Unspecified,,,,Sedan,Bus
2018,2018-02-05,15:21,BRONX,10468,40.861263,-73.91242,0.0,0.0,0,0,0,0,0,0,Passing Too Closely,Unspecified,,,,Sedan,Bus
2018,2018-02-07,17:58,BROOKLYN,11230,40.628117,-73.956856,0.0,0.0,0,0,0,0,0,0,Passing Too Closely,Unspecified,,,,Sedan,Sedan
2018,2018-02-07,13:42,MANHATTAN,10016,40.748245,-73.976295,0.0,0.0,0,0,0,0,0,0,Unspecified,,,,,Taxi,
2018,2018-02-07,15:40,,,40.7406,-73.879326,0.0,0.0,0,0,0,0,0,0,Driver Inattention/Distraction,Unspecified,,,,Station Wagon/Sport Utility Vehicle,Station Wagon/Sport Utility Vehicle
2018,2018-02-09,20:34,,,,,1.0,0.0,0,0,0,0,1,0,Driver Inattention/Distraction,Unspecified,,,,Sedan,Pick-up Truck
2018,2018-02-09,6:45,QUEENS,11373,40.731277,-73.871574,0.0,0.0,0,0,0,0,0,0,Unsafe Lane Changing,Unspecified,,,,Station Wagon/Sport Utility Vehicle,Bus
2018,2018-02-10,1:30,MANHATTAN,10014,40.728523,-74.004425,0.0,0.0,0,0,0,0,0,0,Passing or Lane Usage Improper,Backing Unsafely,,,,Taxi,Station Wagon/Sport Utility Vehicle
2018,2018-02-11,15:40,,,40.688763,-73.80833,1.0,0.0,0,0,0,0,1,0,Following Too Closely,Unspecified,,,,Sedan,
2018,2018-02-12,15:35,BRONX,10469,40.85893,-73.857,0.0,0.0,0,0,0,0,0,0,Other Vehicular,Following Too Closely,,,,Station Wagon/Sport Utility Vehicle,Bus
2018,2018-02-12,17:09,BROOKLYN,11230,40.61211,-73.96679,0.0,0.0,0,0,0,0,0,0,Unspecified,,,,,Station Wagon/Sport Utility Vehicle,
2018,2018-02-12,15:35,,,40.58902,-74.13867,0.0,0.0,0,0,0,0,0,0,Passing Too Closely,Unspecified,,,,Bus,Sedan
2018,2018-02-16,12:40,BRONX,10468,40.861668,-73.91106,1.0,0.0,0,0,0,0,1,0,Unspecified,Unspecified,,,,Sedan,Sedan
2018,2018-02-16,16:55,QUEENS,11436,40.67931,-73.79172,1.0,0.0,1,0,0,0,0,0,Driver Inattention/Distraction,,,,,Station Wagon/Sport Utility Vehicle,
2018,2018-02-17,21:50,BROOKLYN,11219,40.629974,-74.00813,0.0,0.0,0,0,0,0,0,0,Following Too Closely,Unspecified,,,,Sedan,Sedan
2018,2018-02-18,13:15,BRONX,10458,40.85819,-73.88435,0.0,0.0,0,0,0,0,0,0,Driver Inattention/Distraction,Driver Inattention/Distraction,,,,Sedan,Box Truck
2018,2018-02-19,14:30,BRONX,10473,40.816635,-73.84958,0.0,0.0,0,0,0,0,0,0,Passing or Lane Usage Improper,Unspecified,,,,Sedan,
2018,2018-02-19,9:00,QUEENS,11693,40.586746,-73.81712,0.0,0.0,0,0,0,0,0,0,Other Vehicular,Other Vehicular,,,,Sedan,Station Wagon/Sport Utility Vehicle
2018,2018-02-20,12:50,MANHATTAN,10003,40.734375,-73.99391,0.0,0.0,0,0,0,0,0,0,Following Too Closely,Unspecified,,,,Taxi,Taxi
2018,2018-02-20,8:10,,,40.771023,-73.95365,0.0,0.0,0,0,0,0,0,0,Unspecified,,,,,Motorcycle,
2018,2018-02-20,16:28,,,40.7092,-73.9919,0.0,0.0,0,0,0,0,0,0,Driver Inattention/Distraction,Unspecified,,,,Taxi,Station Wagon/Sport Utility Vehicle
2018,2018-02-20,18:20,QUEENS,11105,40.780457,-73.91684,1.0,0.0,0,0,1,0,0,0,Driver Inattention/Distraction,Driver Inattention/Distraction,,,,Station Wagon/Sport Utility Vehicle,Bike
2018,2018-02-21,11:20,,,40.782642,-73.804146,0.0,0.0,0,0,0,0,0,0,Passing Too Closely,Unspecified,,,,Station Wagon/Sport Utility Vehicle,
2018,2018-02-22,23:00,BROOKLYN,11226,40.648643,-73.96075,0.0,0.0,0,0,0,0,0,0,Turning Improperly,Unspecified,,,,Sedan,Station Wagon/Sport Utility Vehicle
2018,2018-02-23,14:44,BROOKLYN,11230,40.61255,-73.96287,1.0,0.0,0,0,0,0,1,0,Backing Unsafely,Unspecified,,,,Bus,Station Wagon/Sport Utility Vehicle
2018,2018-02-23,11:40,MANHATTAN,10128,40.779495,-73.9535,0.0,0.0,0,0,0,0,0,0,Driver Inattention/Distraction,Unspecified,,,,Sedan,Box Truck
2018,2018-02-23,20:14,MANHATTAN,10036,40.76024,-73.98762,0.0,0.0,0,0,0,0,0,0,Passing or Lane Usage Improper,Unspecified,,,,Taxi,Sedan
2018,2018-02-24,21:55,,,40.720318,-73.96173,0.0,0.0,0,0,0,0,0,0,Following Too Closely,Unspecified,,,,Sedan,
2018,2018-02-24,8:46,MANHATTAN,10028,40.77425,-73.945274,0.0,0.0,0,0,0,0,0,0,Driver Inattention/Distraction,Unspecified,Unspecified,,,Pick-up Truck,Ambulance
2018,2018-02-24,8:30,,,,,0.0,0.0,0,0,0,0,0,0,Unspecified,Unspecified,,,,Sedan,Sedan
2018,2018-02-24,0:25,,,40.814075,-73.79548,0.0,0.0,0,0,0,0,0,0,Following Too Closely,Unspecified,,,,Station Wagon/Sport Utility Vehicle,Sedan
2018,2018-02-28,9:45,,,40.691208,-73.813545,0.0,0.0,0,0,0,0,0,0,Traffic Control Disregarded,Following Too Closely,,,,Station Wagon/Sport Utility Vehicle,Sedan
2018,2018-02-28,19:45,,,40.770332,-73.87608,0.0,0.0,0,0,0,0,0,0,Unspecified,Unspecified,,,,Station Wagon/Sport Utility Vehicle,Station Wagon/Sport Utility Vehicle
2018,2018-03-01,12:30,QUEENS,11106,40.764866,-73.93849,0.0,0.0,0,0,0,0,0,0,Unspecified,Unspecified,,,,Tow Truck / Wrecker,Sedan
2018,2018-03-02,22:20,,,40.669476,-73.919975,0.0,0.0,0,0,0,0,0,0,Unspecified,Unspecified,,,,Sedan,Sedan
2018,2018-03-02,14:28,BROOKLYN,11206,40.701077,-73.94043,2.0,0.0,0,0,0,0,2,0,Following Too Closely,Unspecified,,,,Sedan,Sedan
2018,2018-03-02,15:00,,,40.7024,-73.9605,0.0,0.0,0,0,0,0,0,0,Following Too Closely,Unspecified,,,,Station Wagon/Sport Utility Vehicle,Station Wagon/Sport Utility Vehicle
2018,2018-03-02,21:30,,,40.75455,-73.96252,0.0,0.0,0,0,0,0,0,0,Following Too Closely,Unspecified,,,,Sedan,Sedan
2018,2018-03-02,16:00,MANHATTAN,10002,40.71649,-73.98484,0.0,0.0,0,0,0,0,0,0,Unspecified,Unspecified,Unspecified,Unspecified,,Station Wagon/Sport Utility Vehicle,Sedan
2018,2018-03-05,15:00,BROOKLYN,11220,40.64311,-74.016075,0.0,0.0,0,0,0,0,0,0,Unspecified,Unspecified,,,,Pick-up Truck,Pick-up Truck
2018,2018-03-06,9:30,QUEENS,11435,40.71543,-73.820915,0.0,0.0,0,0,0,0,0,0,Driver Inattention/Distraction,Unspecified,,,,Sedan,Station Wagon/Sport Utility Vehicle
2018,2018-03-06,7:30,MANHATTAN,10022,40.761234,-73.96389,1.0,0.0,1,0,0,0,0,0,Driver Inexperience,,,,,Taxi,
2018,2018-03-07,19:37,QUEENS,11432,40.715496,-73.79214,0.0,0.0,0,0,0,0,0,0,Backing Unsafely,Unspecified,,,,Sedan,Sedan
2018,2018-03-07,18:03,BROOKLYN,11218,,,0.0,0.0,0,0,0,0,0,0,Unspecified,Unspecified,,,,Station Wagon/Sport Utility Vehicle,Station Wagon/Sport Utility Vehicle
2018,2018-03-08,13:28,MANHATTAN,10036,,,0.0,0.0,0,0,0,0,0,0,Unsafe Lane Changing,Unspecified,,,,Station Wagon/Sport Utility Vehicle,Box Truck
2018,2018-03-09,22:00,MANHATTAN,10016,40.746403,-73.97973,0.0,0.0,0,0,0,0,0,0,Unsafe Lane Changing,Driver Inattention/Distraction,,,,Sedan,Taxi
2018,2018-03-09,17:30,,,40.84107,-73.93605,1.0,0.0,0,0,0,0,1,0,Following Too Closely,Unspecified,,,,Station Wagon/Sport Utility Vehicle,Taxi
2018,2018-03-10,13:45,,,40.582287,-74.16907,0.0,0.0,0,0,0,0,0,0,Driver Inattention/Distraction,Unspecified,,,,Station Wagon/Sport Utility Vehicle,Station Wagon/Sport Utility Vehicle
2018,2018-03-12,22:24,MANHATTAN,10017,40.75217,-73.97778,0.0,0.0,0,0,0,0,0,0,Driver Inattention/Distraction,Unspecified,,,,Sedan,Taxi
2018,2018-03-13,18:25,BROOKLYN,11219,40.636494,-73.98701,0.0,0.0,0,0,0,0,0,0,Unspecified,Unspecified,,,,Station Wagon/Sport Utility Vehicle,Station Wagon/Sport Utility Vehicle
2018,2018-03-14,8:25,,,40.77039,-73.91771,0.0,0.0,0,0,0,0,0,0,Driver Inattention/Distraction,Driver Inattention/Distraction,,,,Box Truck,Sedan
2018,2018-03-15,20:20,BROOKLYN,11218,40.631104,-73.976395,0.0,0.0,0,0,0,0,0,0,Unspecified,Unspecified,,,,Sedan,Station Wagon/Sport Utility Vehicle
2018,2018-03-15,23:37,,,40.83045,-73.8509,4.0,0.0,0,0,0,0,4,0,Unsafe Speed,Unspecified,Unspecified,,,Station Wagon/Sport Utility Vehicle,Station Wagon/Sport Utility Vehicle
2018,2018-03-16,17:49,BRONX,10451,40.81172,-73.92813,1.0,0.0,1,0,0,0,0,0,Driver Inattention/Distraction,,,,,Station Wagon/Sport Utility Vehicle,
2018,2018-03-16,15:20,,,40.759842,-73.984184,0.0,0.0,0,0,0,0,0,0,Following Too Closely,Unspecified,,,,Sedan,Station Wagon/Sport Utility Vehicle
2018,2018-03-16,17:22,,,40.855286,-73.89809,0.0,0.0,0,0,0,0,0,0,Unspecified,Unspecified,,,,Van,Station Wagon/Sport Utility Vehicle
2018,2018-03-16,12:30,,,40.762676,-73.954346,0.0,0.0,0,0,0,0,0,0,Driver Inattention/Distraction,Unspecified,,,,Sedan,Taxi
2018,2018-03-17,8:30,,,40.768276,-73.86524,0.0,0.0,0,0,0,0,0,0,Unspecified,Unspecified,,,,Station Wagon/Sport Utility Vehicle,Taxi
2018,2018-03-19,7:00,MANHATTAN,10035,40.803024,-73.93632,0.0,0.0,0,0,0,0,0,0,Unspecified,Unspecified,,,,Sedan,Taxi
2018,2018-03-20,9:15,BROOKLYN,11207,40.677433,-73.89889,0.0,0.0,0,0,0,0,0,0,Unsafe Lane Changing,Unspecified,,,,Station Wagon/Sport Utility Vehicle,Station Wagon/Sport Utility Vehicle
2018,2018-03-20,18:45,,,40.73283,-73.97415,0.0,0.0,0,0,0,0,0,0,Unsafe Speed,Unspecified,Unspecified,,,Sedan,Station Wagon/Sport Utility Vehicle
2018,2018-03-20,12:00,,,40.646515,-73.974655,0.0,0.0,0,0,0,0,0,0,Following Too Closely,Following Too Closely,Unspecified,,,Station Wagon/Sport Utility Vehicle,Station Wagon/Sport Utility Vehicle
2018,2018-03-22,15:09,BRONX,10457,40.843685,-73.90767,1.0,0.0,0,0,0,0,1,0,View Obstructed/Limited,Glare,,,,Sedan,Sedan
2018,2018-03-25,23:15,,,40.578995,-73.96491,2.0,0.0,0,0,0,0,2,0,Alcohol Involvement,Unspecified,Unspecified,Unspecified,Unspecified,Sedan,Sedan
2018,2018-03-26,19:00,,,40.726097,-73.76198,0.0,0.0,0,0,0,0,0,0,Driver Inattention/Distraction,Unspecified,,,,Station Wagon/Sport Utility Vehicle,Sedan
2018,2018-03-26,9:35,,,40.746883,-73.76348,0.0,0.0,0,0,0,0,0,0,Reaction to Uninvolved Vehicle,Driver Inattention/Distraction,,,,Station Wagon/Sport Utility Vehicle,Station Wagon/Sport Utility Vehicle
2018,2018-03-26,15:12,BROOKLYN,11204,40.62986,-73.97904,0.0,0.0,0,0,0,0,0,0,Driver Inattention/Distraction,Unspecified,,,,Sedan,Box Truck
2018,2018-03-28,22:54,,,40.646,-73.97175,0.0,0.0,0,0,0,0,0,0,Unspecified,Unspecified,,,,Sedan,Station Wagon/Sport Utility Vehicle
2018,2018-03-28,6:45,BROOKLYN,11219,40.629005,-73.99122,0.0,0.0,0,0,0,0,0,0,Unspecified,Unspecified,,,,Station Wagon/Sport Utility Vehicle,Station Wagon/Sport Utility Vehicle
2018,2018-03-29,17:15,BRONX,10466,40.88799,-73.86035,0.0,0.0,0,0,0,0,0,0,Passing Too Closely,Unspecified,,,,Sedan,Box Truck
2018,2018-03-29,0:39,,,40.85169,-73.95238,0.0,0.0,0,0,0,0,0,0,Passing Too Closely,Passing Too Closely,,,,Box Truck,Sedan
2018,2018-03-30,19:45,,,40.82403,-73.94476,0.0,0.0,0,0,0,0,0,0,Unsafe Lane Changing,Unspecified,Unspecified,,,Sedan,Sedan
2018,2018-03-31,8:00,MANHATTAN,10036,,,0.0,0.0,0,0,0,0,0,0,Unspecified,Unspecified,,,,Taxi,Taxi
2018,2018-04-02,12:00,BRONX,10456,40.838108,-73.914246,1.0,0.0,1,0,0,0,0,0,Failure to Yield Right-of-Way,,,,,Sedan,
2018,2018-04-03,9:35,BROOKLYN,11208,40.680016,-73.87743,0.0,0.0,0,0,0,0,0,0,Following Too Closely,Unspecified,,,,Sedan,Station Wagon/Sport Utility Vehicle
2018,2018-04-03,11:50,,,40.76428,-73.97302,0.0,0.0,0,0,0,0,0,0,Unsafe Lane Changing,Following Too Closely,,,,Sedan,Station Wagon/Sport Utility Vehicle
2018,2018-04-05,17:10,MANHATTAN,10019,40.759388,-73.97726,0.0,0.0,0,0,0,0,0,0,Other Vehicular,Passing or Lane Usage Improper,,,,Taxi,Sedan
2018,2018-04-08,9:15,,,40.696033,-73.98453,0.0,0.0,0,0,0,0,0,0,Traffic Control Disregarded,Unspecified,,,,Sedan,Station Wagon/Sport Utility Vehicle
2018,2018-04-08,15:03,BROOKLYN,11204,40.614563,-73.994804,0.0,0.0,0,0,0,0,0,0,Failure to Yield Right-of-Way,Unspecified,Unspecified,Unspecified,,Station Wagon/Sport Utility Vehicle,Sedan
2018,2018-04-09,12:20,QUEENS,11691,40.607777,-73.75245,0.0,0.0,0,0,0,0,0,0,Driver Inattention/Distraction,Driver Inattention/Distraction,,,,Van,Station Wagon/Sport Utility Vehicle
2018,2018-04-10,12:00,,,40.768024,-73.97029,0.0,0.0,0,0,0,0,0,0,Failure to Yield Right-of-Way,Unspecified,,,,Station Wagon/Sport Utility Vehicle,Station Wagon/Sport Utility Vehicle
2018,2018-04-10,8:05,,,40.736412,-74.00195,1.0,0.0,0,0,0,0,1,0,Other Vehicular,Unsafe Speed,,,,Sedan,Sedan
2018,2018-04-11,6:50,BROOKLYN,11216,40.68693,-73.95089,0.0,0.0,0,0,0,0,0,0,Traffic Control Disregarded,Unspecified,,,,Pick-up Truck,
2018,2018-04-12,15:00,MANHATTAN,10002,40.720425,-73.98634,0.0,0.0,0,0,0,0,0,0,Unspecified,Unspecified,,,,Pick-up Truck,Station Wagon/Sport Utility Vehicle
2018,2018-04-12,6:48,,,40.758327,-73.957825,0.0,0.0,0,0,0,0,0,0,Driver Inattention/Distraction,Driver Inattention/Distraction,,,,Flat Bed,Sedan
2018,2018-04-13,16:20,BROOKLYN,11208,40.67567,-73.87008,0.0,0.0,0,0,0,0,0,0,Backing Unsafely,Unspecified,,,,Station Wagon/Sport Utility Vehicle,Station Wagon/Sport Utility Vehicle
2018,2018-04-13,16:00,,,40.85144,-73.88896,1.0,0.0,0,0,0,0,1,0,Driver Inattention/Distraction,Driver Inattention/Distraction,,,,Sedan,Station Wagon/Sport Utility Vehicle
2018,2018-04-15,16:40,BROOKLYN,11212,40.66567,-73.91751,0.0,0.0,0,0,0,0,0,0,Unspecified,,,,,Station Wagon/Sport Utility Vehicle,
2018,2018-04-18,14:39,BRONX,10461,40.85025,-73.8449,0.0,0.0,0,0,0,0,0,0,Other Vehicular,Unspecified,,,,Station Wagon/Sport Utility Vehicle,Station Wagon/Sport Utility Vehicle
2018,2018-04-18,16:42,BROOKLYN,11201,40.69249,-73.97904,0.0,0.0,0,0,0,0,0,0,Driver Inattention/Distraction,Unspecified,,,,Station Wagon/Sport Utility Vehicle,
2018,2018-04-19,11:30,BRONX,10472,40.83206,-73.86833,0.0,0.0,0,0,0,0,0,0,Passing or Lane Usage Improper,Unspecified,,,,Station Wagon/Sport Utility Vehicle,
2018,2018-04-20,18:00,BROOKLYN,11235,40.58512,-73.946,0.0,0.0,0,0,0,0,0,0,Unspecified,,,,,Sedan,
2018,2018-04-20,15:30,MANHATTAN,10128,40.78017,-73.9551,0.0,0.0,0,0,0,0,0,0,Unsafe Lane Changing,Unspecified,,,,Tanker,Taxi
2018,2018-04-21,10:10,QUEENS,11417,40.67663,-73.84516,0.0,0.0,0,0,0,0,0,0,Driver Inattention/Distraction,Unspecified,,,,Sedan,Station Wagon/Sport Utility Vehicle
2018,2018-04-21,22:15,BROOKLYN,11201,40.696033,-73.98453,0.0,0.0,0,0,0,0,0,0,Passing Too Closely,Passing Too Closely,,,,Sedan,Taxi
2018,2018-04-21,19:35,QUEENS,11354,40.76189,-73.82967,0.0,0.0,0,0,0,0,0,0,Passing Too Closely,Unspecified,,,,Sedan,Station Wagon/Sport Utility Vehicle
2018,2018-04-22,15:00,BROOKLYN,11212,40.671684,-73.912224,0.0,0.0,0,0,0,0,0,0,Other Vehicular,Unspecified,,,,Sedan,Sedan
2018,2018-04-22,11:30,BROOKLYN,11223,40.598312,-73.96119,0.0,0.0,0,0,0,0,0,0,Driver Inattention/Distraction,Unspecified,,,,Station Wagon/Sport Utility Vehicle,Station Wagon/Sport Utility Vehicle
2018,2018-04-23,9:10,,,40.83068,-73.92427,0.0,0.0,0,0,0,0,0,0,Driver Inattention/Distraction,Unspecified,,,,Sedan,Pick-up Truck
2018,2018-04-24,16:30,MANHATTAN,10153,40.76394,-73.97325,0.0,0.0,0,0,0,0,0,0,Driver Inattention/Distraction,Turning Improperly,,,,Convertible,Sedan
2018,2018-04-25,9:40,,,40.8492,-73.82716,0.0,0.0,0,0,0,0,0,0,Reaction to Uninvolved Vehicle,Unspecified,,,,Box Truck,Sedan
2018,2018-04-26,17:50,,,40.841293,-73.8828,0.0,0.0,0,0,0,0,0,0,Other Vehicular,Failure to Yield Right-of-Way,,,,Sedan,Pick-up Truck
2018,2018-04-26,11:30,,,40.671604,-73.86907,1.0,0.0,0,0,0,0,1,0,Traffic Control Disregarded,Unspecified,Unspecified,,,Sedan,Sedan
2018,2018-04-26,14:30,,,40.635258,-73.92745,0.0,0.0,0,0,0,0,0,0,Backing Unsafely,Passing or Lane Usage Improper,,,,Station Wagon/Sport Utility Vehicle,Sedan
2018,2018-04-27,13:20,,,40.67117,-73.92534,0.0,0.0,0,0,0,0,0,0,Unspecified,Unspecified,,,,AMABU,Sedan
2018,2018-04-28,16:45,,,40.689274,-73.99913,0.0,0.0,0,0,0,0,0,0,Driver Inattention/Distraction,Unspecified,,,,Sedan,Sedan
2018,2018-04-28,21:55,BROOKLYN,11231,40.683643,-74.00031,1.0,0.0,0,0,1,0,0,0,Drugs (illegal),Unspecified,,,,Sedan,Bike
2018,2018-04-29,17:03,QUEENS,11419,40.68645,-73.81583,0.0,0.0,0,0,0,0,0,0,Backing Unsafely,Unspecified,,,,Sedan,Station Wagon/Sport Utility Vehicle
2018,2018-04-29,9:30,BROOKLYN,11229,40.611885,-73.94508,0.0,0.0,0,0,0,0,0,0,Failure to Yield Right-of-Way,Unspecified,,,,Sedan,Sedan
2018,2018-04-30,13:15,,,40.75645,-73.97032,0.0,0.0,0,0,0,0,0,0,Driver Inattention/Distraction,Driver Inattention/Distraction,,,,Sedan,Concrete Mixer
2018,2018-04-30,10:25,BROOKLYN,11206,40.70008,-73.93613,0.0,0.0,0,0,0,0,0,0,View Obstructed/Limited,Unspecified,,,,Station Wagon/Sport Utility Vehicle,Station Wagon/Sport Utility Vehicle
2018,2018-04-30,16:30,,,40.837906,-73.82559,2.0,0.0,0,0,0,0,2,0,Unspecified,Unspecified,,,,Sedan,Pick-up Truck
2018,2018-05-02,12:00,QUEENS,11435,40.706055,-73.811584,0.0,0.0,0,0,0,0,0,0,Driver Inattention/Distraction,Unspecified,,,,Sedan,Sedan
2018,2018-05-03,16:45,QUEENS,11426,40.752842,-73.723946,0.0,0.0,0,0,0,0,0,0,Driver Inattention/Distraction,Unspecified,,,,Bus,Box Truck
2018,2018-05-03,22:30,,,40.673588,-73.73351,0.0,0.0,0,0,0,0,0,0,Driver Inattention/Distraction,Unspecified,,,,Station Wagon/Sport Utility Vehicle,
2018,2018-05-03,15:20,MANHATTAN,10013,40.720627,-74.00522,0.0,0.0,0,0,0,0,0,0,Passing or Lane Usage Improper,Passing or Lane Usage Improper,,,,Station Wagon/Sport Utility Vehicle,Station Wagon/Sport Utility Vehicle
2018,2018-05-03,8:05,,,40.76663,-73.88903,0.0,0.0,0,0,0,0,0,0,Driver Inattention/Distraction,Unspecified,,,,Sedan,Sedan
2018,2018-05-04,17:20,,,40.788795,-73.93755,0.0,0.0,0,0,0,0,0,0,Following Too Closely,Unspecified,,,,Station Wagon/Sport Utility Vehicle,Taxi
2018,2018-05-04,19:30,MANHATTAN,10027,40.809605,-73.94981,0.0,0.0,0,0,0,0,0,0,Reaction to Uninvolved Vehicle,Unspecified,,,,Bus,Sedan
2018,2018-05-04,9:10,,,40.618504,-74.15578,0.0,0.0,0,0,0,0,0,0,Driver Inattention/Distraction,Unspecified,,,,Sedan,Sedan
2018,2018-05-05,21:30,BRONX,10466,40.887257,-73.85872,2.0,0.0,0,0,0,0,2,0,Alcohol Involvement,Unspecified,Unspecified,Unspecified,Unspecified,Sedan,Station Wagon/Sport Utility Vehicle
2018,2018-05-05,16:00,,,40.83045,-73.8509,0.0,0.0,0,0,0,0,0,0,Reaction to Uninvolved Vehicle,Unspecified,Unspecified,,,TRAIL,Pick-up Truck
2018,2018-05-05,17:18,,,40.810856,-73.939026,0.0,0.0,0,0,0,0,0,0,Driver Inattention/Distraction,Driver Inattention/Distraction,,,,Bus,Sedan
2018,2018-05-05,20:22,QUEENS,11691,40.598557,-73.747116,0.0,0.0,0,0,0,0,0,0,Backing Unsafely,Unspecified,,,,Station Wagon/Sport Utility Vehicle,Station Wagon/Sport Utility Vehicle
2018,2018-05-06,21:00,QUEENS,11368,40.741997,-73.857605,0.0,0.0,0,0,0,0,0,0,Unsafe Speed,Unspecified,,,,Pick-up Truck,Station Wagon/Sport Utility Vehicle
2018,2018-05-06,23:46,BROOKLYN,11203,40.65661,-73.93091,1.0,0.0,0,0,0,0,1,0,Unspecified,Unspecified,,,,Ambulance,Sedan
2018,2018-05-07,8:00,,,40.74273,-73.91499,0.0,0.0,0,0,0,0,0,0,Driver Inattention/Distraction,Unspecified,,,,Station Wagon/Sport Utility Vehicle,Station Wagon/Sport Utility Vehicle
2018,2018-05-08,17:15,,,40.684395,-73.97835,0.0,0.0,0,0,0,0,0,0,Other Vehicular,Unsafe Speed,,,,Sedan,Station Wagon/Sport Utility Vehicle
2018,2018-05-08,18:30,QUEENS,11355,40.751,-73.82571,0.0,0.0,0,0,0,0,0,0,Driver Inattention/Distraction,Unspecified,,,,Station Wagon/Sport Utility Vehicle,Station Wagon/Sport Utility Vehicle
2018,2018-05-09,16:15,,,40.769318,-73.8666,0.0,0.0,0,0,0,0,0,0,Unspecified,Unspecified,,,,Sedan,Station Wagon/Sport Utility Vehicle
2018,2018-05-09,11:20,BROOKLYN,11237,40.710472,-73.92241,0.0,0.0,0,0,0,0,0,0,Other Vehicular,Unspecified,,,,Tractor Truck Diesel,Tractor Truck Diesel
2018,2018-05-09,15:30,,,40.67533,-73.93609,0.0,0.0,0,0,0,0,0,0,Driver Inattention/Distraction,Driver Inattention/Distraction,,,,Sedan,Bus
2018,2018-05-10,16:45,,,40.84506,-73.916855,0.0,0.0,0,0,0,0,0,0,Other Electronic Device,Unspecified,,,,Station Wagon/Sport Utility Vehicle,Ambulance
2018,2018-05-11,19:44,,,40.642796,-73.97945,0.0,0.0,0,0,0,0,0,0,Unspecified,Unspecified,,,,Sedan,Station Wagon/Sport Utility Vehicle
2018,2018-05-12,0:00,,,40.82403,-73.94476,1.0,0.0,1,0,0,0,0,0,Unspecified,,,,,Sedan,
2018,2018-05-12,20:45,BROOKLYN,11219,40.628845,-73.99855,1.0,0.0,1,0,0,0,0,0,,,,,,,
2018,2018-05-14,16:15,BRONX,10452,40.83694,-73.927124,0.0,0.0,0,0,0,0,0,0,Unspecified,Unspecified,,,,Sedan,DELIV
2018,2018-05-15,11:00,BROOKLYN,11207,40.65753,-73.89797,2.0,0.0,0,0,0,0,2,0,Unsafe Lane Changing,Unsafe Lane Changing,,,,Station Wagon/Sport Utility Vehicle,Sedan
2018,2018-05-15,17:30,BROOKLYN,11209,40.6843,-73.921555,0.0,0.0,0,0,0,0,0,0,Unspecified,,,,,Sedan,
2018,2018-05-15,17:00,QUEENS,11378,40.71735,-73.90733,0.0,0.0,0,0,0,0,0,0,Unspecified,,,,,Station Wagon/Sport Utility Vehicle,
2018,2018-05-16,23:14,MANHATTAN,10004,40.703598,-74.0144,0.0,0.0,0,0,0,0,0,0,Driver Inattention/Distraction,Driver Inattention/Distraction,,,,Sedan,Sedan
2018,2018-05-16,15:15,MANHATTAN,10016,40.74954,-73.97744,0.0,0.0,0,0,0,0,0,0,Driver Inattention/Distraction,Unspecified,,,,Station Wagon/Sport Utility Vehicle,Taxi
2018,2018-05-17,10:45,QUEENS,11356,40.785587,-73.83634,0.0,0.0,0,0,0,0,0,0,Other Vehicular,Unspecified,,,,Station Wagon/Sport Utility Vehicle,Station Wagon/Sport Utility Vehicle
2018,2018-05-18,6:30,,,40.732033,-73.91893,1.0,0.0,0,0,0,0,1,0,Driver Inattention/Distraction,Driver Inattention/Distraction,,,,Sedan,Sedan
2018,2018-05-20,17:10,BROOKLYN,11206,40.69618,-73.942154,1.0,0.0,1,0,0,0,0,0,Pedestrian/Bicyclist/Other Pedestrian Error/Confusion,,,,,Sedan,
2018,2018-05-23,10:45,QUEENS,11363,40.765358,-73.74429,0.0,0.0,0,0,0,0,0,0,Following Too Closely,Unspecified,,,,Sedan,Pick-up Truck
2018,2018-05-24,13:00,QUEENS,11385,40.69874,-73.90082,1.0,0.0,0,0,0,0,1,0,Failure to Yield Right-of-Way,Unspecified,,,,Sedan,Motorcycle
2018,2018-05-24,11:00,BROOKLYN,11224,40.579197,-73.98195,0.0,0.0,0,0,0,0,0,0,Unspecified,Unspecified,,,,Station Wagon/Sport Utility Vehicle,Sedan
2018,2018-05-25,1:15,BROOKLYN,11236,40.64366,-73.90067,0.0,0.0,0,0,0,0,0,0,Unspecified,Unspecified,,,,Sedan,Pick-up Truck
2018,2018-05-25,16:45,BROOKLYN,11236,40.632435,-73.88818,0.0,0.0,0,0,0,0,0,0,Passing or Lane Usage Improper,Unspecified,,,,Sedan,Station Wagon/Sport Utility Vehicle
2018,2018-05-26,16:01,,,40.663227,-73.93159,0.0,0.0,0,0,0,0,0,0,Driver Inexperience,Unspecified,,,,Sedan,Sedan
2018,2018-05-26,21:20,,,40.74209,-73.984985,0.0,0.0,0,0,0,0,0,0,Driver Inexperience,Unspecified,,,,Station Wagon/Sport Utility Vehicle,Station Wagon/Sport Utility Vehicle
2018,2018-05-28,18:05,STATEN ISLAND,10304,40.610317,-74.08795,1.0,0.0,0,0,0,0,1,0,Driver Inattention/Distraction,Unspecified,,,,Station Wagon/Sport Utility Vehicle,Station Wagon/Sport Utility Vehicle
2018,2018-05-28,11:50,BROOKLYN,11206,40.7091,-73.94009,1.0,0.0,0,0,0,0,1,0,Following Too Closely,Unspecified,,,,Sedan,Station Wagon/Sport Utility Vehicle
2018,2018-05-29,13:11,BRONX,10452,40.844234,-73.92363,2.0,0.0,0,0,0,0,2,0,Following Too Closely,Unspecified,,,,Station Wagon/Sport Utility Vehicle,Station Wagon/Sport Utility Vehicle
2018,2018-05-30,16:00,,,40.709442,-73.9607,0.0,0.0,0,0,0,0,0,0,Passing or Lane Usage Improper,Unspecified,,,,Sedan,Station Wagon/Sport Utility Vehicle
2018,2018-05-31,11:00,,,,,0.0,0.0,0,0,0,0,0,0,Driver Inattention/Distraction,Unspecified,,,,Station Wagon/Sport Utility Vehicle,Sedan
2018,2018-06-01,17:30,,,40.66437,-73.91815,0.0,0.0,0,0,0,0,0,0,Driver Inexperience,Unspecified,,,,Sedan,
2018,2018-06-01,17:50,QUEENS,11354,40.76996,-73.82658,0.0,0.0,0,0,0,0,0,0,Passing or Lane Usage Improper,Passing or Lane Usage Improper,,,,Bus,Station Wagon/Sport Utility Vehicle
2018,2018-06-02,12:00,,,40.756096,-73.74655,1.0,0.0,0,0,0,0,1,0,Following Too Closely,Unspecified,,,,Station Wagon/Sport Utility Vehicle,Sedan
2018,2018-06-03,11:10,BRONX,10462,40.855793,-73.86986,0.0,0.0,0,0,0,0,0,0,Driver Inattention/Distraction,Unspecified,,,,Sedan,Sedan
2018,2018-06-05,10:00,,,40.757065,-73.73904,2.0,0.0,0,0,0,0,2,0,Following Too Closely,Unspecified,,,,Station Wagon/Sport Utility Vehicle,Sedan
2018,2018-06-05,17:00,QUEENS,11374,40.711845,-73.859764,0.0,0.0,0,0,0,0,0,0,Driver Inattention/Distraction,Driver Inattention/Distraction,,,,Sedan,Station Wagon/Sport Utility Vehicle
2018,2018-06-08,10:00,QUEENS,11692,40.59244,-73.78603,1.0,0.0,0,0,0,0,1,0,Traffic Control Disregarded,Unspecified,,,,Station Wagon/Sport Utility Vehicle,Station Wagon/Sport Utility Vehicle
2018,2018-06-08,6:10,MANHATTAN,10021,40.77039,-73.954124,0.0,0.0,0,0,0,0,0,0,Unspecified,Unspecified,,,,Taxi,Taxi
2018,2018-06-09,0:00,BROOKLYN,11208,40.673008,-73.87038,2.0,0.0,0,0,0,0,2,0,Failure to Yield Right-of-Way,Unspecified,,,,Sedan,
2018,2018-06-09,23:38,,,40.608757,-74.038086,0.0,0.0,0,0,0,0,0,0,Following Too Closely,Unspecified,,,,Sedan,Sedan
2018,2018-06-11,12:40,,,40.61018,-74.03548,0.0,0.0,0,0,0,0,0,0,Driver Inattention/Distraction,Unspecified,,,,Sedan,Station Wagon/Sport Utility Vehicle
2018,2018-06-11,10:48,BROOKLYN,11201,,,0.0,0.0,0,0,0,0,0,0,Unsafe Speed,Unspecified,,,,Sedan,
2018,2018-06-11,12:30,,,40.6022,-74.06312,0.0,0.0,0,0,0,0,0,0,Reaction to Uninvolved Vehicle,Unspecified,,,,Van,Sedan
2018,2018-06-14,8:00,BRONX,10453,40.8499,-73.90919,0.0,0.0,0,0,0,0,0,0,Unspecified,Unspecified,,,,Station Wagon/Sport Utility Vehicle,
2018,2018-06-14,9:36,BROOKLYN,11204,40.628494,-73.97982,0.0,0.0,0,0,0,0,0,0,Unspecified,Unspecified,,,,Sedan,Sedan
2018,2018-06-14,9:00,,,40.730137,-73.92693,0.0,0.0,0,0,0,0,0,0,View Obstructed/Limited,Unspecified,,,,Sedan,Tractor Truck Diesel
2018,2018-06-15,7:49,,,40.66901,-73.99678,0.0,0.0,0,0,0,0,0,0,View Obstructed/Limited,Unspecified,,,,Sedan,Concrete Mixer
2018,2018-06-15,18:45,,,40.66696,-73.87533,0.0,0.0,0,0,0,0,0,0,Passing or Lane Usage Improper,Unspecified,Unspecified,,,Sedan,Station Wagon/Sport Utility Vehicle
2018,2018-06-15,10:34,BROOKLYN,11218,40.647594,-73.97351,0.0,0.0,0,0,0,0,0,0,Driver Inattention/Distraction,Driver Inattention/Distraction,,,,Station Wagon/Sport Utility Vehicle,Station Wagon/Sport Utility Vehicle
2018,2018-06-17,19:53,,,40.798256,-73.82744,0.0,0.0,0,0,0,0,0,0,Following Too Closely,Following Too Closely,Unspecified,,,Station Wagon/Sport Utility Vehicle,Sedan
2018,2018-06-18,18:22,STATEN ISLAND,10306,40.569973,-74.11025,0.0,0.0,0,0,0,0,0,0,Backing Unsafely,Unspecified,,,,Sedan,Sedan
2018,2018-06-19,2:15,MANHATTAN,10003,40.738895,-73.99151,0.0,0.0,0,0,0,0,0,0,Other Vehicular,Other Vehicular,Driver Inattention/Distraction,,,Taxi,Taxi
2018,2018-06-19,15:40,,,40.733166,-74.01014,0.0,0.0,0,0,0,0,0,0,Passing or Lane Usage Improper,Unspecified,,,,Pick-up Truck,Van
2018,2018-06-20,5:30,QUEENS,11411,,,1.0,0.0,0,0,0,0,1,0,Unspecified,,,,,Sedan,
2018,2018-06-21,7:13,MANHATTAN,10030,40.814342,-73.94141,1.0,0.0,0,0,0,0,1,0,Unspecified,Unspecified,Unspecified,,,Taxi,Station Wagon/Sport Utility Vehicle
2018,2018-06-21,15:15,BROOKLYN,11206,40.705666,-73.93341,1.0,0.0,0,0,0,0,1,0,Following Too Closely,Unspecified,,,,Station Wagon/Sport Utility Vehicle,Station Wagon/Sport Utility Vehicle
2018,2018-06-23,8:40,,,40.828278,-73.907036,0.0,0.0,0,0,0,0,0,0,Unspecified,Unspecified,,,,Taxi,Bike
2018,2018-06-24,19:45,,,40.828316,-73.93118,0.0,0.0,0,0,0,0,0,0,Driver Inattention/Distraction,Unspecified,,,,Sedan,Station Wagon/Sport Utility Vehicle
2018,2018-06-25,16:55,STATEN ISLAND,10310,40.631054,-74.12866,0.0,0.0,0,0,0,0,0,0,Unspecified,,,,,Sedan,
2018,2018-06-26,11:30,QUEENS,11411,40.695854,-73.74607,0.0,0.0,0,0,0,0,0,0,Unspecified,Unspecified,,,,Pick-up Truck,Sedan
2018,2018-06-28,17:45,QUEENS,11416,40.685352,-73.84218,3.0,0.0,0,0,0,0,3,0,Unspecified,Unspecified,Unspecified,,,Sedan,Sedan
2018,2018-06-29,18:20,MANHATTAN,10002,40.718143,-73.993835,0.0,0.0,0,0,0,0,0,0,Driver Inattention/Distraction,Unspecified,,,,Sedan,Bike
2018,2018-06-29,6:45,QUEENS,11368,40.75795,-73.85835,0.0,0.0,0,0,0,0,0,0,Unspecified,,,,,Sedan,
2018,2018-07-01,17:30,MANHATTAN,10007,40.71523,-74.01334,0.0,0.0,0,0,0,0,0,0,Following Too Closely,Following Too Closely,,,,Bus,Station Wagon/Sport Utility Vehicle
2018,2018-07-05,8:45,,,40.88437,-73.90105,0.0,0.0,0,0,0,0,0,0,Oversized Vehicle,,,,,Tractor Truck Diesel,
2018,2018-07-06,16:40,BRONX,10459,40.818825,-73.89861,0.0,0.0,0,0,0,0,0,0,Unspecified,,,,,Station Wagon/Sport Utility Vehicle,
2018,2018-07-07,14:55,,,40.649193,-73.88768,0.0,0.0,0,0,0,0,0,0,Following Too Closely,Unspecified,,,,Sedan,Sedan
2018,2018-07-07,18:22,,,40.608757,-74.038086,5.0,0.0,0,0,0,0,5,0,Unspecified,Unspecified,Unspecified,Unspecified,Unspecified,Sedan,Sedan
2018,2018-07-07,0:25,MANHATTAN,10003,40.738503,-73.991806,0.0,0.0,0,0,0,0,0,0,Driver Inattention/Distraction,Driver Inattention/Distraction,,,,Taxi,Taxi
2018,2018-07-08,18:54,,,40.559383,-74.15393,0.0,0.0,0,0,0,0,0,0,Backing Unsafely,Unspecified,,,,Station Wagon/Sport Utility Vehicle,Sedan
2018,2018-07-09,10:50,,,40.833813,-73.86275,1.0,0.0,0,0,0,0,1,0,Other Vehicular,Driver Inattention/Distraction,Other Vehicular,Unspecified,,Station Wagon/Sport Utility Vehicle,Station Wagon/Sport Utility Vehicle
2018,2018-07-10,21:40,BRONX,10461,40.856842,-73.85915,0.0,0.0,0,0,0,0,0,0,Unspecified,Unspecified,,,,Bus,Station Wagon/Sport Utility Vehicle
2018,2018-07-10,4:50,,,40.78956,-73.97737,0.0,0.0,0,0,0,0,0,0,Driver Inattention/Distraction,Unspecified,,,,Station Wagon/Sport Utility Vehicle,Station Wagon/Sport Utility Vehicle
2018,2018-07-12,16:21,,,40.813374,-73.956276,0.0,0.0,0,0,0,0,0,0,View Obstructed/Limited,Unspecified,,,,Taxi,
2018,2018-07-14,18:15,STATEN ISLAND,10305,40.581566,-74.07532,0.0,0.0,0,0,0,0,0,0,Backing Unsafely,Unspecified,,,,Station Wagon/Sport Utility Vehicle,Station Wagon/Sport Utility Vehicle
2018,2018-07-15,22:15,MANHATTAN,10020,40.757824,-73.97774,0.0,0.0,0,0,0,0,0,0,Passing or Lane Usage Improper,Unspecified,,,,Station Wagon/Sport Utility Vehicle,Sedan
2018,2018-07-16,21:24,BROOKLYN,11229,40.60648,-73.954956,0.0,0.0,0,0,0,0,0,0,Unspecified,,,,,Sedan,
2018,2018-07-16,14:55,,,40.69691,-73.85745,0.0,0.0,0,0,0,0,0,0,Driver Inattention/Distraction,Unspecified,Unspecified,,,Bus,Station Wagon/Sport Utility Vehicle
2018,2018-07-16,11:00,BRONX,10453,40.84919,-73.91729,0.0,0.0,0,0,0,0,0,0,Driver Inattention/Distraction,Unspecified,,,,Station Wagon/Sport Utility Vehicle,Station Wagon/Sport Utility Vehicle
2018,2018-07-17,10:20,BRONX,10472,40.827564,-73.867134,0.0,0.0,0,0,0,0,0,0,Unsafe Lane Changing,Unspecified,,,,Station Wagon/Sport Utility Vehicle,Sedan
2018,2018-07-17,22:50,,,40.584625,-73.94713,0.0,0.0,0,0,0,0,0,0,Driver Inattention/Distraction,Unspecified,Unspecified,,,Station Wagon/Sport Utility Vehicle,Station Wagon/Sport Utility Vehicle
2018,2018-07-19,14:30,BROOKLYN,11237,40.696957,-73.91707,0.0,0.0,0,0,0,0,0,0,Unspecified,,,,,Station Wagon/Sport Utility Vehicle,
2018,2018-07-21,16:40,,,40.65317,-73.866875,0.0,0.0,0,0,0,0,0,0,Other Vehicular,Unspecified,,,,Station Wagon/Sport Utility Vehicle,Station Wagon/Sport Utility Vehicle
2018,2018-07-22,18:35,MANHATTAN,10280,40.707462,-74.01713,0.0,0.0,0,0,0,0,0,0,Driver Inattention/Distraction,Unspecified,,,,Sedan,Station Wagon/Sport Utility Vehicle
2018,2018-07-23,18:00,BROOKLYN,11210,40.6323,-73.93702,0.0,0.0,0,0,0,0,0,0,Unspecified,Unspecified,,,,Station Wagon/Sport Utility Vehicle,Station Wagon/Sport Utility Vehicle
2018,2018-07-24,17:00,BRONX,10465,40.87831,-73.870155,0.0,0.0,0,0,0,0,0,0,Failure to Yield Right-of-Way,Driver Inattention/Distraction,,,,Station Wagon/Sport Utility Vehicle,Taxi
2018,2018-07-25,2:12,BROOKLYN,11207,40.655903,-73.89817,0.0,0.0,0,0,0,0,0,0,Unspecified,,,,,Station Wagon/Sport Utility Vehicle,
2018,2018-07-26,17:15,BROOKLYN,11205,40.691917,-73.95374,0.0,0.0,0,0,0,0,0,0,Other Vehicular,Unspecified,,,,Station Wagon/Sport Utility Vehicle,
2018,2018-07-26,21:38,QUEENS,11434,40.677353,-73.78096,3.0,0.0,0,0,0,0,3,0,Unspecified,,,,,Sedan,
2018,2018-07-27,10:00,,,40.75035,-73.900055,0.0,0.0,0,0,0,0,0,0,Driver Inattention/Distraction,Unspecified,,,,Sedan,Station Wagon/Sport Utility Vehicle
2018,2018-07-27,19:00,BROOKLYN,11236,40.649982,-73.91183,0.0,0.0,0,0,0,0,0,0,Driver Inattention/Distraction,Driver Inattention/Distraction,,,,Sedan,Station Wagon/Sport Utility Vehicle
2018,2018-07-28,1:00,,,40.66735,-73.76994,3.0,0.0,0,0,0,0,3,0,Unsafe Lane Changing,Unspecified,,,,Sedan,Sedan
2018,2018-07-29,13:09,MANHATTAN,10002,40.70999,-73.99056,2.0,0.0,0,0,0,0,2,0,Brakes Defective,Unspecified,,,,Sedan,Sedan
2018,2018-07-29,6:20,,,40.67693,-74.00211,1.0,0.0,0,0,0,0,1,0,Aggressive Driving/Road Rage,Unspecified,,,,Sedan,
2018,2018-07-30,6:45,,,40.645733,-74.020424,0.0,0.0,0,0,0,0,0,0,Unspecified,Unspecified,,,,Station Wagon/Sport Utility Vehicle,Station Wagon/Sport Utility Vehicle
2018,2018-07-31,11:30,STATEN ISLAND,10310,40.630463,-74.10691,0.0,0.0,0,0,0,0,0,0,Driver Inexperience,Unspecified,,,,Sedan,Sedan
2018,2018-08-01,23:53,,,40.804066,-73.93117,1.0,0.0,0,0,0,0,1,0,Other Vehicular,Unspecified,,,,Motorcycle,Sedan
2018,2018-08-02,12:15,QUEENS,11364,40.74849,-73.77821,0.0,0.0,0,0,0,0,0,0,Driver Inattention/Distraction,Unspecified,,,,Sedan,Taxi
2018,2018-08-02,14:20,BROOKLYN,11208,40.68503,-73.86735,0.0,0.0,0,0,0,0,0,0,Driver Inattention/Distraction,Unspecified,,,,Tractor Truck Diesel,Station Wagon/Sport Utility Vehicle
2018,2018-08-03,17:15,,,40.770332,-73.87608,1.0,0.0,0,0,0,0,1,0,Unspecified,,,,,Sedan,Sedan
2018,2018-08-04,23:00,BROOKLYN,11236,40.639812,-73.892395,0.0,0.0,0,0,0,0,0,0,Unspecified,,,,,Sedan,
2018,2018-08-06,18:39,,,40.669735,-73.93104,0.0,0.0,0,0,0,0,0,0,Passing or Lane Usage Improper,Following Too Closely,,,,Station Wagon/Sport Utility Vehicle,Station Wagon/Sport Utility Vehicle
2018,2018-08-06,7:50,,,40.693787,-73.81173,0.0,0.0,0,0,0,0,0,0,Passing or Lane Usage Improper,Unspecified,,,,Taxi,Taxi
2018,2018-08-06,8:30,,,40.720657,-73.76031,0.0,0.0,0,0,0,0,0,0,Failure to Yield Right-of-Way,Unspecified,,,,Station Wagon/Sport Utility Vehicle,Station Wagon/Sport Utility Vehicle
2018,2018-08-08,18:15,QUEENS,11102,40.77215,-73.929,0.0,0.0,0,0,0,0,0,0,Driver Inattention/Distraction,Unspecified,,,,Box Truck,Station Wagon/Sport Utility Vehicle
2018,2018-08-10,17:30,QUEENS,11378,40.726067,-73.9089,0.0,0.0,0,0,0,0,0,0,Driver Inattention/Distraction,Unspecified,,,,Station Wagon/Sport Utility Vehicle,Dump
2018,2018-08-11,1:00,BROOKLYN,11203,40.65619,-73.930855,0.0,0.0,0,0,0,0,0,0,Driver Inattention/Distraction,,,,,Sedan,
2018,2018-08-11,20:00,,,40.75092,-73.86224,0.0,0.0,0,0,0,0,0,0,Driver Inattention/Distraction,Unspecified,,,,Station Wagon/Sport Utility Vehicle,
2018,2018-08-12,9:30,BROOKLYN,11204,40.615772,-73.98308,1.0,0.0,0,0,0,0,1,0,Failure to Yield Right-of-Way,Unspecified,,,,Station Wagon/Sport Utility Vehicle,Station Wagon/Sport Utility Vehicle
2018,2018-08-12,21:30,,,40.798256,-73.82744,1.0,0.0,0,0,0,0,1,0,Unspecified,Unspecified,,,,Station Wagon/Sport Utility Vehicle,Tractor Truck Gasoline
2018,2018-08-13,16:45,BROOKLYN,11206,40.69999,-73.95475,0.0,0.0,0,0,0,0,0,0,Passing or Lane Usage Improper,Unspecified,,,,Station Wagon/Sport Utility Vehicle,
2018,2018-08-14,9:53,BROOKLYN,11205,40.696205,-73.96159,0.0,0.0,0,0,0,0,0,0,Unspecified,Unspecified,,,,Sedan,Pick-up Truck
2018,2018-08-14,14:15,,,40.789032,-73.78797,0.0,0.0,0,0,0,0,0,0,Following Too Closely,Unspecified,,,,Station Wagon/Sport Utility Vehicle,Sedan
2018,2018-08-15,23:30,BROOKLYN,11209,40.63258,-74.021385,1.0,0.0,0,0,1,0,0,0,Driver Inattention/Distraction,Unspecified,,,,Bike,Sedan
2018,2018-08-16,11:05,,,40.70909,-74.005516,0.0,0.0,0,0,0,0,0,0,Unspecified,Unspecified,,,,Sedan,Sedan
2018,2018-08-17,15:13,BROOKLYN,11216,40.68014,-73.94485,0.0,0.0,0,0,0,0,0,0,Driver Inexperience,Driver Inexperience,,,,Sedan,Bus
2018,2018-08-17,12:28,BROOKLYN,11205,40.698036,-73.962845,0.0,0.0,0,0,0,0,0,0,Unspecified,Unspecified,,,,Station Wagon/Sport Utility Vehicle,Station Wagon/Sport Utility Vehicle
2018,2018-08-17,17:54,MANHATTAN,10036,40.759205,-73.98464,0.0,0.0,0,0,0,0,0,0,Pedestrian/Bicyclist/Other Pedestrian Error/Confusion,Unspecified,,,,Taxi,Bus
2018,2018-08-18,17:55,BROOKLYN,11236,40.634453,-73.913445,0.0,0.0,0,0,0,0,0,0,Unspecified,Unspecified,,,,Station Wagon/Sport Utility Vehicle,Station Wagon/Sport Utility Vehicle
2018,2018-08-21,14:20,,,40.72245,-73.84626,0.0,0.0,0,0,0,0,0,0,Passing Too Closely,Unspecified,,,,Station Wagon/Sport Utility Vehicle,Box Truck
2018,2018-08-21,19:30,,,40.836502,-73.825165,0.0,0.0,0,0,0,0,0,0,Unsafe Lane Changing,Unspecified,,,,Station Wagon/Sport Utility Vehicle,Station Wagon/Sport Utility Vehicle
2018,2018-08-22,10:05,,,40.812862,-73.93458,0.0,0.0,0,0,0,0,0,0,Following Too Closely,Unspecified,,,,Sedan,
2018,2018-08-24,19:38,MANHATTAN,10025,40.80297,-73.96387,0.0,0.0,0,0,0,0,0,0,Driver Inattention/Distraction,Driver Inattention/Distraction,,,,Sedan,Bike
2018,2018-08-25,12:45,BROOKLYN,11222,40.720566,-73.93912,0.0,0.0,0,0,0,0,0,0,Turning Improperly,Unspecified,,,,Pick-up Truck,Pick-up Truck
2018,2018-08-26,11:00,BROOKLYN,11223,40.6001,-73.97365,0.0,0.0,0,0,0,0,0,0,Unspecified,,,,,Station Wagon/Sport Utility Vehicle,
2018,2018-08-26,11:00,QUEENS,11412,40.69849,-73.7605,0.0,0.0,0,0,0,0,0,0,Unspecified,,,,,Station Wagon/Sport Utility Vehicle,
2018,2018-08-27,19:41,BRONX,10466,40.892532,-73.84927,2.0,0.0,0,0,0,0,2,0,Failure to Yield Right-of-Way,Unspecified,Unspecified,,,Sedan,Sedan
2018,2018-08-27,11:35,,,40.605743,-73.898674,0.0,0.0,0,0,0,0,0,0,Following Too Closely,Unspecified,,,,Sedan,Sedan
2018,2018-08-28,15:45,,,40.71906,-73.812126,0.0,0.0,0,0,0,0,0,0,Unspecified,Unspecified,,,,Station Wagon/Sport Utility Vehicle,Station Wagon/Sport Utility Vehicle
2018,2018-08-28,9:15,BROOKLYN,11230,40.6094,-73.967674,0.0,0.0,0,0,0,0,0,0,Driver Inattention/Distraction,Driver Inattention/Distraction,,,,Sedan,Dump
2018,2018-08-29,20:51,,,40.771374,-73.877144,0.0,0.0,0,0,0,0,0,0,Driver Inattention/Distraction,Unspecified,,,,Sedan,Sedan
2018,2018-08-29,11:27,,,40.58382,-74.16879,0.0,0.0,0,0,0,0,0,0,Following Too Closely,Unspecified,,,,Pick-up Truck,Sedan
2018,2018-08-30,8:00,QUEENS,11373,,,0.0,0.0,0,0,0,0,0,0,Failure to Yield Right-of-Way,Unspecified,,,,Tractor Truck Diesel,Station Wagon/Sport Utility Vehicle
2018,2018-08-30,17:00,BRONX,10463,40.87664,-73.90139,2.0,0.0,2,0,0,0,0,0,Failure to Yield Right-of-Way,,,,,Station Wagon/Sport Utility Vehicle,
2018,2018-08-31,9:50,MANHATTAN,10029,40.79094,-73.947235,0.0,0.0,0,0,0,0,0,0,Driver Inattention/Distraction,Driver Inattention/Distraction,,,,Station Wagon/Sport Utility Vehicle,Box Truck
2018,2018-08-31,20:48,BROOKLYN,11228,40.621,-74.0117,0.0,0.0,0,0,0,0,0,0,Driver Inattention/Distraction,Unspecified,,,,Sedan,Sedan
2018,2018-08-31,16:30,,,40.719864,-73.94486,0.0,0.0,0,0,0,0,0,0,Driver Inattention/Distraction,Unspecified,,,,Sedan,Sedan
2018,2018-09-02,18:15,,,40.650597,-73.97209,0.0,0.0,0,0,0,0,0,0,Unspecified,,,,,Taxi,
2018,2018-09-02,9:00,BRONX,10473,40.82517,-73.86389,0.0,0.0,0,0,0,0,0,0,Passing or Lane Usage Improper,Unspecified,,,,Sedan,
2018,2018-09-03,17:30,BROOKLYN,11201,40.70066,-73.98775,0.0,0.0,0,0,0,0,0,0,Passing Too Closely,Passing Too Closely,,,,Sedan,Sedan
2018,2018-09-03,5:12,,,40.878468,-73.82827,0.0,0.0,0,0,0,0,0,0,Turning Improperly,Unspecified,,,,Station Wagon/Sport Utility Vehicle,Sedan
2018,2018-09-04,21:45,,,40.804012,-73.93097,0.0,0.0,0,0,0,0,0,0,Unsafe Lane Changing,Unspecified,,,,Sedan,Sedan
2018,2018-09-04,14:25,STATEN ISLAND,10305,40.586494,-74.092125,0.0,0.0,0,0,0,0,0,0,Driver Inattention/Distraction,Passing Too Closely,,,,Sedan,Sedan
2018,2018-09-05,14:30,BROOKLYN,11234,40.600777,-73.9126,1.0,0.0,0,0,0,0,1,0,Brakes Defective,,,,,Station Wagon/Sport Utility Vehicle,
2018,2018-09-05,13:40,BROOKLYN,11209,40.622124,-74.02724,1.0,0.0,1,0,0,0,0,0,Unspecified,,,,,Tractor Truck Diesel,
2018,2018-09-06,19:50,BROOKLYN,11207,40.674397,-73.896515,0.0,0.0,0,0,0,0,0,0,Driver Inattention/Distraction,Unspecified,,,,Sedan,
2018,2018-09-07,14:05,BROOKLYN,11223,40.60276,-73.97245,0.0,0.0,0,0,0,0,0,0,Driver Inattention/Distraction,Unspecified,,,,Convertible,Sedan
2018,2018-09-08,10:45,MANHATTAN,10029,40.797943,-73.94003,1.0,0.0,0,0,1,0,0,0,Unspecified,Unspecified,,,,Station Wagon/Sport Utility Vehicle,Bike
2018,2018-09-08,14:29,,,40.6089,-74.03465,0.0,0.0,0,0,0,0,0,0,Unspecified,Unspecified,,,,Station Wagon/Sport Utility Vehicle,Sedan
2018,2018-09-08,8:45,QUEENS,11375,40.718887,-73.8416,0.0,0.0,0,0,0,0,0,0,Following Too Closely,Unspecified,,,,Station Wagon/Sport Utility Vehicle,Station Wagon/Sport Utility Vehicle
2018,2018-09-09,16:00,BROOKLYN,11207,,,0.0,0.0,0,0,0,0,0,0,Pavement Slippery,Unspecified,,,,Station Wagon/Sport Utility Vehicle,Station Wagon/Sport Utility Vehicle
2018,2018-09-09,13:36,MANHATTAN,10018,40.75469,-73.99536,0.0,0.0,0,0,0,0,0,0,Unsafe Lane Changing,Unspecified,,,,Station Wagon/Sport Utility Vehicle,Sedan
2018,2018-09-11,0:00,,,40.613052,-74.131615,0.0,0.0,0,0,0,0,0,0,Backing Unsafely,Unspecified,,,,Sedan,Pick-up Truck
2018,2018-09-11,12:48,BROOKLYN,11209,40.631504,-74.024796,1.0,0.0,0,0,0,0,1,0,Passing or Lane Usage Improper,Unspecified,,,,Sedan,Sedan
2018,2018-09-11,20:10,,,40.704422,-73.99491,0.0,0.0,0,0,0,0,0,0,Following Too Closely,Unspecified,,,,Station Wagon/Sport Utility Vehicle,Sedan
2018,2018-09-12,16:20,BROOKLYN,11230,40.62418,-73.97048,0.0,0.0,0,0,0,0,0,0,Driver Inattention/Distraction,Unspecified,,,,Sedan,PK
2018,2018-09-13,6:50,BROOKLYN,11219,40.635845,-73.99484,1.0,0.0,1,0,0,0,0,0,Unspecified,,,,,Station Wagon/Sport Utility Vehicle,
2018,2018-09-15,10:45,QUEENS,11413,40.688545,-73.74922,0.0,0.0,0,0,0,0,0,0,Unspecified,Unspecified,,,,Sedan,Sedan
2018,2018-09-16,5:00,QUEENS,11435,40.697308,-73.80983,0.0,0.0,0,0,0,0,0,0,Driver Inattention/Distraction,Unspecified,,,,Station Wagon/Sport Utility Vehicle,
2018,2018-09-17,12:50,,,40.8464,-73.89338,0.0,0.0,0,0,0,0,0,0,Passing Too Closely,Unspecified,,,,Station Wagon/Sport Utility Vehicle,Station Wagon/Sport Utility Vehicle
2018,2018-09-18,8:40,QUEENS,11357,40.793312,-73.82708,0.0,0.0,0,0,0,0,0,0,Failure to Yield Right-of-Way,Passing Too Closely,,,,Dump,Station Wagon/Sport Utility Vehicle
2018,2018-09-22,17:00,,,,,0.0,0.0,0,0,0,0,0,0,Passing or Lane Usage Improper,Unspecified,,,,Sedan,Station Wagon/Sport Utility Vehicle
2018,2018-09-22,12:35,,,40.610504,-74.15527,1.0,0.0,0,0,0,0,1,0,Driver Inexperience,,,,,Motorcycle,
2018,2018-09-23,17:07,,,40.862614,-73.890114,0.0,0.0,0,0,0,0,0,0,Turning Improperly,Passing or Lane Usage Improper,,,,Sedan,Sedan
2018,2018-09-23,14:15,BRONX,10472,40.829685,-73.86777,0.0,0.0,0,0,0,0,0,0,Failure to Yield Right-of-Way,Unspecified,,,,Sedan,Sedan
2018,2018-09-24,1:00,BRONX,10456,40.837322,-73.90674,0.0,0.0,0,0,0,0,0,0,Following Too Closely,Unspecified,,,,GARBA,Sedan
2018,2018-09-24,10:40,MANHATTAN,10010,40.74303,-73.98917,0.0,0.0,0,0,0,0,0,0,Unspecified,Unspecified,,,,Taxi,Sedan
2018,2018-09-25,13:30,,,40.842422,-73.928185,1.0,0.0,0,0,0,0,1,0,Unsafe Speed,,,,,Station Wagon/Sport Utility Vehicle,
2018,2018-09-25,14:30,BRONX,10466,40.897026,-73.8597,0.0,0.0,0,0,0,0,0,0,Driver Inattention/Distraction,,,,,Box Truck,
2018,2018-09-25,0:44,QUEENS,11356,40.78462,-73.85307,0.0,0.0,0,0,0,0,0,0,Unspecified,Unspecified,,,,Station Wagon/Sport Utility Vehicle,
2018,2018-09-27,15:40,QUEENS,11355,40.745304,-73.82595,1.0,0.0,1,0,0,0,0,0,Unspecified,,,,,Sedan,
2018,2018-09-30,12:30,BRONX,10451,40.816833,-73.92302,0.0,0.0,0,0,0,0,0,0,Unspecified,Unspecified,,,,Sedan,Sedan
2018,2018-10-01,10:00,QUEENS,11378,40.7169,-73.92177,0.0,0.0,0,0,0,0,0,0,View Obstructed/Limited,Unspecified,,,,Tractor Truck Diesel,Tractor Truck Diesel
2018,2018-10-01,15:00,,,40.777973,-73.98216,0.0,0.0,0,0,0,0,0,0,Unsafe Speed,Unspecified,,,,Van,Sedan
2018,2018-10-02,17:55,,,40.741135,-73.8986,0.0,0.0,0,0,0,0,0,0,Driver Inattention/Distraction,Unspecified,,,,Sedan,Station Wagon/Sport Utility Vehicle
2018,2018-10-03,8:40,MANHATTAN,10022,40.7606,-73.96434,0.0,0.0,0,0,0,0,0,0,Driver Inattention/Distraction,Driver Inattention/Distraction,,,,Sedan,Station Wagon/Sport Utility Vehicle
2018,2018-10-03,21:15,QUEENS,11415,40.70703,-73.831665,0.0,0.0,0,0,0,0,0,0,Driver Inattention/Distraction,Unspecified,Unspecified,,,Station Wagon/Sport Utility Vehicle,Sedan
2018,2018-10-04,11:30,MANHATTAN,10036,40.757935,-73.98557,0.0,0.0,0,0,0,0,0,0,Unspecified,Unspecified,,,,Sedan,Box Truck
2018,2018-10-04,20:13,MANHATTAN,10028,40.77719,-73.95225,1.0,0.0,1,0,0,0,0,0,Driver Inattention/Distraction,,,,,Sedan,
2018,2018-10-06,13:00,QUEENS,11377,40.741623,-73.9055,0.0,0.0,0,0,0,0,0,0,Unspecified,,,,,Station Wagon/Sport Utility Vehicle,
2018,2018-10-06,15:25,,,40.76211,-73.96016,1.0,0.0,0,0,0,0,1,0,Failure to Yield Right-of-Way,Unspecified,,,,Station Wagon/Sport Utility Vehicle,Taxi
2018,2018-10-06,21:04,MANHATTAN,10014,40.72766,-74.00316,0.0,0.0,0,0,0,0,0,0,Unspecified,Unspecified,,,,Station Wagon/Sport Utility Vehicle,Station Wagon/Sport Utility Vehicle
2018,2018-10-06,18:40,,,40.534813,-74.194115,0.0,0.0,0,0,0,0,0,0,Animals Action,,,,,Station Wagon/Sport Utility Vehicle,
2018,2018-10-07,0:33,,,40.77077,-73.91727,0.0,0.0,0,0,0,0,0,0,Unsafe Speed,,,,,Station Wagon/Sport Utility Vehicle,
2018,2018-10-08,18:31,BRONX,10467,40.87918,-73.88208,0.0,0.0,0,0,0,0,0,0,Unspecified,,,,,Sedan,
2018,2018-10-08,11:00,,,40.61732,-73.94408,0.0,0.0,0,0,0,0,0,0,Failure to Yield Right-of-Way,Unspecified,,,,Sedan,Sedan
2018,2018-10-10,19:15,,,40.59585,-74.183815,0.0,0.0,0,0,0,0,0,0,Failure to Yield Right-of-Way,Unspecified,,,,Sedan,Station Wagon/Sport Utility Vehicle
2018,2018-10-10,18:48,BROOKLYN,11215,40.67767,-73.98368,0.0,0.0,0,0,0,0,0,0,View Obstructed/Limited,Unspecified,,,,Bus,Sedan
2018,2018-10-10,11:00,MANHATTAN,10029,40.79466,-73.94404,0.0,0.0,0,0,0,0,0,0,Backing Unsafely,Unspecified,,,,Box Truck,Sedan
2018,2018-10-10,17:55,,,40.817898,-73.938095,0.0,0.0,0,0,0,0,0,0,Driver Inattention/Distraction,Unspecified,Unspecified,,,Taxi,Sedan
2018,2018-10-11,11:30,QUEENS,11423,40.719383,-73.7634,0.0,0.0,0,0,0,0,0,0,Driver Inattention/Distraction,Driver Inattention/Distraction,,,,Sedan,Sedan
2018,2018-10-11,14:30,BRONX,10465,40.82741,-73.81918,0.0,0.0,0,0,0,0,0,0,Backing Unsafely,Unspecified,,,,Bus,Station Wagon/Sport Utility Vehicle
2018,2018-10-13,22:30,,,,,0.0,0.0,0,0,0,0,0,0,Following Too Closely,Unspecified,,,,Station Wagon/Sport Utility Vehicle,Station Wagon/Sport Utility Vehicle
2018,2018-10-13,18:15,MANHATTAN,10038,40.713734,-73.99804,0.0,0.0,0,0,0,0,0,0,Driver Inattention/Distraction,Oversized Vehicle,,,,Station Wagon/Sport Utility Vehicle,Bus
2018,2018-10-13,18:03,BROOKLYN,11230,40.62155,-73.964584,0.0,0.0,0,0,0,0,0,0,Unspecified,,,,,Sedan,
2018,2018-10-14,15:10,BRONX,10460,40.835094,-73.88697,0.0,0.0,0,0,0,0,0,0,Passing Too Closely,Unspecified,,,,Station Wagon/Sport Utility Vehicle,
2018,2018-10-14,18:55,BRONX,10466,40.896687,-73.84511,0.0,0.0,0,0,0,0,0,0,Passing or Lane Usage Improper,Unspecified,,,,Pick-up Truck,Sedan
2018,2018-10-14,14:05,MANHATTAN,10075,40.777016,-73.96372,0.0,0.0,0,0,0,0,0,0,Unsafe Lane Changing,Unspecified,,,,Station Wagon/Sport Utility Vehicle,Station Wagon/Sport Utility Vehicle
2018,2018-10-14,2:00,QUEENS,11416,40.688915,-73.84039,0.0,0.0,0,0,0,0,0,0,Driver Inattention/Distraction,Unspecified,,,,Station Wagon/Sport Utility Vehicle,
2018,2018-10-15,15:04,,,40.821144,-73.8889,0.0,0.0,0,0,0,0,0,0,Unspecified,Unspecified,,,,Station Wagon/Sport Utility Vehicle,Sedan
2018,2018-10-16,18:40,BROOKLYN,11235,40.592514,-73.95231,1.0,0.0,0,0,0,0,1,0,Driver Inattention/Distraction,Unspecified,,,,Station Wagon/Sport Utility Vehicle,Sedan
2018,2018-10-16,6:44,,,40.700603,-73.727066,0.0,0.0,0,0,0,0,0,0,Driver Inattention/Distraction,Driver Inattention/Distraction,Driver Inattention/Distraction,Driver Inattention/Distraction,Reaction to Uninvolved Vehicle,Station Wagon/Sport Utility Vehicle,Station Wagon/Sport Utility Vehicle
2018,2018-10-17,8:51,BROOKLYN,11223,40.60115,-73.97839,1.0,0.0,1,0,0,0,0,0,Failure to Yield Right-of-Way,,,,,Station Wagon/Sport Utility Vehicle,
2018,2018-10-18,13:00,,,40.72417,-74.004585,0.0,0.0,0,0,0,0,0,0,Unspecified,Unspecified,,,,Box Truck,Station Wagon/Sport Utility Vehicle
2018,2018-10-19,7:45,QUEENS,11433,40.698547,-73.7954,2.0,0.0,0,0,0,0,2,0,Driver Inexperience,Unspecified,Unspecified,,,Sedan,Station Wagon/Sport Utility Vehicle
2018,2018-10-19,19:40,BROOKLYN,11234,40.627483,-73.92568,0.0,0.0,0,0,0,0,0,0,Backing Unsafely,Unspecified,,,,Sedan,
2018,2018-10-20,21:21,MANHATTAN,10023,40.7736,-73.98158,1.0,0.0,0,0,0,0,1,0,Driver Inattention/Distraction,Driver Inattention/Distraction,Driver Inattention/Distraction,,,Sedan,Sedan
2018,2018-10-20,18:48,BROOKLYN,11212,40.654137,-73.91234,0.0,0.0,0,0,0,0,0,0,Unspecified,Unspecified,,,,Station Wagon/Sport Utility Vehicle,Station Wagon/Sport Utility Vehicle
2018,2018-10-21,22:30,,,40.730064,-73.87157,0.0,0.0,0,0,0,0,0,0,Unsafe Lane Changing,Unspecified,,,,Sedan,Station Wagon/Sport Utility Vehicle
2018,2018-10-21,1:45,,,40.691933,-73.79829,0.0,0.0,0,0,0,0,0,0,Driver Inattention/Distraction,Driver Inattention/Distraction,,,,Station Wagon/Sport Utility Vehicle,Sedan
2018,2018-10-22,6:58,,,40.6094,-74.09011,2.0,0.0,0,0,0,0,2,0,Unspecified,Unspecified,,,,Station Wagon/Sport Utility Vehicle,Taxi
2018,2018-10-23,12:05,BROOKLYN,11207,40.679478,-73.893936,0.0,0.0,0,0,0,0,0,0,Unspecified,,,,,Sedan,
2018,2018-10-23,16:30,,,40.608852,-74.15334,0.0,0.0,0,0,0,0,0,0,Driver Inattention/Distraction,Unspecified,,,,Sedan,Sedan
2018,2018-10-23,8:20,BRONX,10469,40.86131,-73.84325,2.0,0.0,0,0,0,0,2,0,Unsafe Speed,Other Vehicular,,,,Station Wagon/Sport Utility Vehicle,Sedan
2018,2018-10-26,22:15,STATEN ISLAND,10304,40.61427,-74.08232,1.0,0.0,1,0,0,0,0,0,Backing Unsafely,,,,,,
2018,2018-10-27,12:30,,,40.819477,-73.92689,0.0,0.0,0,0,0,0,0,0,Pavement Slippery,Driver Inattention/Distraction,,,,Station Wagon/Sport Utility Vehicle,Station Wagon/Sport Utility Vehicle
2018,2018-10-27,16:18,QUEENS,11419,40.687706,-73.82588,0.0,0.0,0,0,0,0,0,0,Pavement Slippery,Unspecified,,,,Station Wagon/Sport Utility Vehicle,Sedan
2018,2018-10-28,0:30,BRONX,10456,40.822662,-73.90298,0.0,0.0,0,0,0,0,0,0,Driver Inattention/Distraction,Driver Inattention/Distraction,,,,Station Wagon/Sport Utility Vehicle,Sedan
2018,2018-10-28,16:50,MANHATTAN,10023,40.773872,-73.98223,0.0,0.0,0,0,0,0,0,0,Passing or Lane Usage Improper,Unspecified,,,,Box Truck,Sedan
2018,2018-10-29,6:20,BROOKLYN,11207,40.68109,-73.90338,1.0,0.0,0,0,0,0,1,0,Following Too Closely,Unspecified,,,,Sedan,Pick-up Truck
2018,2018-10-29,19:30,MANHATTAN,10026,40.80075,-73.95866,0.0,0.0,0,0,0,0,0,0,Driver Inattention/Distraction,Unspecified,,,,Taxi,Box Truck
2018,2018-10-29,21:46,,,40.740364,-73.89972,1.0,0.0,0,0,0,0,1,0,Following Too Closely,Unspecified,,,,Station Wagon/Sport Utility Vehicle,Station Wagon/Sport Utility Vehicle
2018,2018-10-29,6:30,BRONX,10451,40.82383,-73.91497,0.0,0.0,0,0,0,0,0,0,Driver Inattention/Distraction,Other Vehicular,,,,Taxi,Convertible
2018,2018-10-30,18:01,,,40.787224,-73.95417,0.0,0.0,0,0,0,0,0,0,Driver Inattention/Distraction,Driver Inattention/Distraction,,,,Taxi,Taxi
2018,2018-10-30,0:00,BRONX,10472,40.82966,-73.85366,0.0,0.0,0,0,0,0,0,0,Driver Inattention/Distraction,Unspecified,,,,Station Wagon/Sport Utility Vehicle,Van
2018,2018-10-31,16:45,MANHATTAN,10013,40.720318,-74.012184,0.0,0.0,0,0,0,0,0,0,Passing or Lane Usage Improper,Unspecified,,,,Station Wagon/Sport Utility Vehicle,Sedan
2018,2018-10-31,17:45,,,40.76975,-73.96061,1.0,0.0,0,0,1,0,0,0,Driver Inattention/Distraction,Unspecified,,,,Bike,Bus
2018,2018-10-31,8:50,BROOKLYN,11222,40.72015,-73.93783,1.0,0.0,0,0,0,0,1,0,Traffic Control Disregarded,Traffic Control Disregarded,,,,Station Wagon/Sport Utility Vehicle,Sedan
2018,2018-10-31,1:05,,,40.802074,-73.93407,0.0,0.0,0,0,0,0,0,0,Fell Asleep,Unspecified,,,,Station Wagon/Sport Utility Vehicle,Pick-up Truck
2018,2018-11-01,19:35,MANHATTAN,10005,40.706722,-74.00679,0.0,0.0,0,0,0,0,0,0,Driver Inattention/Distraction,Unspecified,,,,Taxi,Station Wagon/Sport Utility Vehicle
2018,2018-11-02,6:35,,,40.64507,-73.95803,1.0,0.0,0,0,0,0,1,0,Passing Too Closely,Passing or Lane Usage Improper,,,,Bus,Sedan
2018,2018-11-03,0:15,BROOKLYN,11233,40.683605,-73.91462,1.0,0.0,0,0,0,0,1,0,Unspecified,Unspecified,,,,Sedan,Station Wagon/Sport Utility Vehicle
2018,2018-11-05,18:10,,,40.78202,-73.97173,0.0,0.0,0,0,0,0,0,0,Passing or Lane Usage Improper,Unspecified,,,,Station Wagon/Sport Utility Vehicle,Station Wagon/Sport Utility Vehicle
2018,2018-11-06,18:50,BROOKLYN,11226,40.6392,-73.948326,0.0,0.0,0,0,0,0,0,0,Backing Unsafely,Driver Inattention/Distraction,,,,Sedan,Sedan
2018,2018-11-07,18:19,,,40.863476,-73.89017,0.0,0.0,0,0,0,0,0,0,Backing Unsafely,Unspecified,,,,Station Wagon/Sport Utility Vehicle,Motorcycle
2018,2018-11-08,20:30,,,40.76286,-73.98941,0.0,0.0,0,0,0,0,0,0,Unspecified,Unspecified,,,,Station Wagon/Sport Utility Vehicle,Sedan
2018,2018-11-08,8:19,BRONX,10467,40.868332,-73.8705,0.0,0.0,0,0,0,0,0,0,Other Vehicular,Unspecified,,,,Ambulance,
2018,2018-11-09,1:00,MANHATTAN,10017,40.75462,-73.97374,0.0,0.0,0,0,0,0,0,0,Driver Inattention/Distraction,Driver Inattention/Distraction,,,,Sedan,Taxi
2018,2018-11-09,7:15,,,40.708965,-73.95673,1.0,0.0,0,0,0,0,1,0,Fell Asleep,Unspecified,,,,Station Wagon/Sport Utility Vehicle,Station Wagon/Sport Utility Vehicle
2018,2018-11-10,15:00,QUEENS,11432,40.70523,-73.80358,0.0,0.0,0,0,0,0,0,0,Following Too Closely,Unspecified,Unspecified,,,Sedan,Station Wagon/Sport Utility Vehicle
2018,2018-11-10,7:30,BRONX,10473,40.815052,-73.86536,0.0,0.0,0,0,0,0,0,0,Unspecified,Unspecified,,,,Sedan,
2018,2018-11-10,16:57,,,40.80521,-73.94736,0.0,0.0,0,0,0,0,0,0,Unspecified,Unspecified,,,,Sedan,Station Wagon/Sport Utility Vehicle
2018,2018-11-10,13:04,,,,,0.0,0.0,0,0,0,0,0,0,Traffic Control Disregarded,Unspecified,,,,Motorcycle,Taxi
2018,2018-11-11,20:05,QUEENS,11373,40.743103,-73.879814,1.0,0.0,1,0,0,0,0,0,Failure to Yield Right-of-Way,,,,,Sedan,
2018,2018-11-12,18:00,BROOKLYN,11218,40.63559,-73.977745,0.0,0.0,0,0,0,0,0,0,Driver Inattention/Distraction,Unspecified,,,,Sedan,
2018,2018-11-12,8:15,,,40.688614,-73.999435,0.0,0.0,0,0,0,0,0,0,Alcohol Involvement,Oversized Vehicle,,,,Sedan,Pick-up Truck
2018,2018-11-14,16:00,,,,,0.0,0.0,0,0,0,0,0,0,Brakes Defective,Unspecified,,,,Sedan,Station Wagon/Sport Utility Vehicle
2018,2018-11-15,16:45,STATEN ISLAND,10304,40.60749,-74.08513,0.0,0.0,0,0,0,0,0,0,Unsafe Speed,,,,,Sedan,
2018,2018-11-15,17:45,BRONX,10465,40.832546,-73.827835,0.0,0.0,0,0,0,0,0,0,Pavement Slippery,Unspecified,,,,Station Wagon/Sport Utility Vehicle,Station Wagon/Sport Utility Vehicle
2018,2018-11-15,16:17,MANHATTAN,10023,40.77172,-73.984886,0.0,0.0,0,0,0,0,0,0,Pavement Slippery,Pavement Slippery,Unspecified,,,Station Wagon/Sport Utility Vehicle,Station Wagon/Sport Utility Vehicle
2018,2018-11-15,15:40,QUEENS,11433,40.704388,-73.77917,0.0,0.0,0,0,0,0,0,0,Pavement Slippery,Unspecified,Unspecified,,,Sedan,Sedan
2018,2018-11-17,20:50,,,40.71977,-73.96232,0.0,0.0,0,0,0,0,0,0,Following Too Closely,Unspecified,,,,Sedan,Station Wagon/Sport Utility Vehicle
2018,2018-11-19,9:00,MANHATTAN,10069,40.774864,-73.9881,0.0,0.0,0,0,0,0,0,0,Unspecified,,,,,Sedan,
2018,2018-11-19,9:15,BROOKLYN,11211,40.711422,-73.95954,1.0,0.0,1,0,0,0,0,0,Unspecified,,,,,Station Wagon/Sport Utility Vehicle,
2018,2018-11-20,15:11,,,40.82499,-73.91662,0.0,0.0,0,0,0,0,0,0,Driver Inexperience,Driver Inexperience,,,,Sedan,Station Wagon/Sport Utility Vehicle
2018,2018-11-21,15:54,,,,,0.0,0.0,0,0,0,0,0,0,Following Too Closely,Unspecified,,,,Station Wagon/Sport Utility Vehicle,Sedan
2018,2018-11-21,18:30,,,40.74703,-73.89536,0.0,0.0,0,0,0,0,0,0,Passing or Lane Usage Improper,Unspecified,,,,Taxi,Pick-up Truck
2018,2018-11-24,4:14,BROOKLYN,11203,40.64842,-73.926125,0.0,0.0,0,0,0,0,0,0,Unspecified,,,,,Sedan,
2018,2018-11-26,17:23,,,40.61462,-73.968666,1.0,0.0,1,0,0,0,0,0,Glare,,,,,Station Wagon/Sport Utility Vehicle,
2018,2018-11-26,18:50,BROOKLYN,11230,,,0.0,0.0,0,0,0,0,0,0,Backing Unsafely,Following Too Closely,,,,Sedan,Sedan
2018,2018-11-27,15:55,MANHATTAN,10030,40.82044,-73.93834,0.0,0.0,0,0,0,0,0,0,Other Vehicular,Unspecified,,,,Taxi,Station Wagon/Sport Utility Vehicle
2018,2018-11-28,20:54,BROOKLYN,11229,40.608383,-73.95917,0.0,0.0,0,0,0,0,0,0,Unspecified,Unspecified,,,,Sedan,Station Wagon/Sport Utility Vehicle
2018,2018-11-28,19:35,MANHATTAN,10128,40.781944,-73.94568,0.0,0.0,0,0,0,0,0,0,Unsafe Lane Changing,Unspecified,,,,Taxi,Box Truck
2018,2018-11-28,16:25,BROOKLYN,11216,40.68226,-73.94596,0.0,0.0,0,0,0,0,0,0,Passing Too Closely,Unspecified,,,,Bus,Garbage or Refuse
2018,2018-11-30,16:24,,,40.843136,-73.91097,0.0,0.0,0,0,0,0,0,0,Unspecified,,,,,Sedan,
2018,2018-11-30,8:55,,,40.693798,-73.81156,0.0,0.0,0,0,0,0,0,0,Following Too Closely,Unspecified,,,,Station Wagon/Sport Utility Vehicle,Station Wagon/Sport Utility Vehicle
2018,2018-12-01,0:00,BROOKLYN,11208,40.677563,-73.874985,0.0,0.0,0,0,0,0,0,0,Driver Inattention/Distraction,,,,,Sedan,
2018,2018-12-02,18:00,BRONX,10459,40.820305,-73.89083,1.0,0.0,0,0,0,0,1,0,Unspecified,,,,,Sedan,
2018,2018-12-02,12:00,BROOKLYN,11210,40.636208,-73.94899,0.0,0.0,0,0,0,0,0,0,Unspecified,Unspecified,,,,Station Wagon/Sport Utility Vehicle,Station Wagon/Sport Utility Vehicle
2018,2018-12-03,22:35,MANHATTAN,10017,40.751793,-73.97688,0.0,0.0,0,0,0,0,0,0,Passing or Lane Usage Improper,Driver Inattention/Distraction,,,,Taxi,Sedan
2018,2018-12-04,9:12,BROOKLYN,11207,40.65108,-73.89246,1.0,0.0,0,0,0,0,1,0,Driver Inattention/Distraction,Unspecified,,,,Van,Van
2018,2018-12-04,15:00,BROOKLYN,11225,40.657036,-73.951065,0.0,0.0,0,0,0,0,0,0,Reaction to Uninvolved Vehicle,Unspecified,,,,Sedan,Station Wagon/Sport Utility Vehicle
2018,2018-12-04,9:00,,,40.88742,-73.89449,0.0,0.0,0,0,0,0,0,0,Unspecified,Unspecified,,,,Sedan,PK
2018,2018-12-04,17:10,BROOKLYN,11233,40.684185,-73.92257,1.0,0.0,1,0,0,0,0,0,Unspecified,,,,,Sedan,
2018,2018-12-04,14:40,MANHATTAN,10017,40.75462,-73.97374,0.0,0.0,0,0,0,0,0,0,Driver Inattention/Distraction,Unspecified,,,,Box Truck,Station Wagon/Sport Utility Vehicle
2018,2018-12-04,16:00,MANHATTAN,10023,40.772163,-73.98791,0.0,0.0,0,0,0,0,0,0,Following Too Closely,Unspecified,,,,Pick-up Truck,Pick-up Truck
2018,2018-12-05,16:00,QUEENS,11418,40.698822,-73.84701,2.0,0.0,0,0,0,0,2,0,Traffic Control Disregarded,Driver Inattention/Distraction,,,,Station Wagon/Sport Utility Vehicle,Sedan
2018,2018-12-05,10:04,,,40.70509,-74.016464,0.0,0.0,0,0,0,0,0,0,Unspecified,Unspecified,,,,Sedan,Sedan
2018,2018-12-06,13:45,,,40.77987,-73.8144,2.0,0.0,0,0,0,0,2,0,Turning Improperly,Failure to Keep Right,,,,Station Wagon/Sport Utility Vehicle,Sedan
2018,2018-12-07,11:30,QUEENS,11373,40.74747,-73.88393,0.0,0.0,0,0,0,0,0,0,Unspecified,,,,,Box Truck,
2018,2018-12-07,19:00,,,,,0.0,0.0,0,0,0,0,0,0,Following Too Closely,Unspecified,,,,Station Wagon/Sport Utility Vehicle,Sedan
2018,2018-12-08,12:15,STATEN ISLAND,10306,40.576283,-74.12666,0.0,0.0,0,0,0,0,0,0,Failure to Yield Right-of-Way,Unspecified,,,,Station Wagon/Sport Utility Vehicle,Station Wagon/Sport Utility Vehicle
2018,2018-12-09,15:15,BRONX,10464,40.85914,-73.81824,0.0,0.0,0,0,0,0,0,0,Unspecified,Unspecified,,,,Station Wagon/Sport Utility Vehicle,Station Wagon/Sport Utility Vehicle
2018,2018-12-09,16:45,,,40.798832,-73.95203,0.0,0.0,0,0,0,0,0,0,Backing Unsafely,Unspecified,,,,Sedan,
2018,2018-12-10,12:00,MANHATTAN,10013,40.718777,-73.995705,0.0,0.0,0,0,0,0,0,0,Unspecified,Unspecified,,,,Bike,Station Wagon/Sport Utility Vehicle
2018,2018-12-11,10:30,BROOKLYN,11239,40.651234,-73.86991,0.0,0.0,0,0,0,0,0,0,Passing or Lane Usage Improper,Unspecified,,,,Station Wagon/Sport Utility Vehicle,Station Wagon/Sport Utility Vehicle
2018,2018-12-11,7:30,BRONX,10467,40.86536,-73.87043,0.0,0.0,0,0,0,0,0,0,Driver Inattention/Distraction,Driver Inattention/Distraction,,,,Station Wagon/Sport Utility Vehicle,Station Wagon/Sport Utility Vehicle
2018,2018-12-11,13:44,QUEENS,11377,40.74578,-73.911255,0.0,0.0,0,0,0,0,0,0,Driver Inattention/Distraction,Unspecified,,,,Station Wagon/Sport Utility Vehicle,Sedan
2018,2018-12-12,16:38,BROOKLYN,11201,,,0.0,0.0,0,0,0,0,0,0,View Obstructed/Limited,,,,,Sedan,
2018,2018-12-12,14:53,,,40.64794,-73.972305,0.0,0.0,0,0,0,0,0,0,Following Too Closely,Unspecified,,,,Sedan,Station Wagon/Sport Utility Vehicle
2018,2018-12-15,18:30,STATEN ISLAND,10304,40.6228,-74.08526,0.0,0.0,0,0,0,0,0,0,Failure to Yield Right-of-Way,Unspecified,,,,Sedan,Sedan
2018,2018-12-16,19:00,MANHATTAN,10003,40.73072,-73.98906,0.0,0.0,0,0,0,0,0,0,Passing or Lane Usage Improper,Failure to Yield Right-of-Way,,,,Sedan,Sedan
2018,2018-12-17,11:30,,,40.86235,-73.894066,0.0,0.0,0,0,0,0,0,0,Backing Unsafely,Unspecified,,,,Station Wagon/Sport Utility Vehicle,Station Wagon/Sport Utility Vehicle
2018,2018-12-17,16:00,QUEENS,11419,40.693127,-73.83134,0.0,0.0,0,0,0,0,0,0,Passing Too Closely,Other Vehicular,,,,Sedan,Flat Bed
2018,2018-12-18,12:55,BRONX,10475,40.881607,-73.83784,0.0,0.0,0,0,0,0,0,0,Following Too Closely,Unspecified,,,,Station Wagon/Sport Utility Vehicle,Station Wagon/Sport Utility Vehicle
2018,2018-12-19,17:48,MANHATTAN,10009,40.73376,-73.97709,1.0,0.0,1,0,0,0,0,0,Unspecified,,,,,Taxi,
2018,2018-12-20,16:54,MANHATTAN,10018,40.75469,-73.99536,0.0,0.0,0,0,0,0,0,0,Unspecified,Unspecified,,,,Sedan,Station Wagon/Sport Utility Vehicle
2018,2018-12-20,19:07,,,40.827595,-73.85004,0.0,0.0,0,0,0,0,0,0,Unspecified,Unspecified,,,,Sedan,Station Wagon/Sport Utility Vehicle
2018,2018-12-20,15:20,QUEENS,11417,40.6723,-73.84211,0.0,0.0,0,0,0,0,0,0,Following Too Closely,Unspecified,,,,Station Wagon/Sport Utility Vehicle,Station Wagon/Sport Utility Vehicle
2018,2018-12-21,20:30,QUEENS,11372,40.75432,-73.87946,0.0,0.0,0,0,0,0,0,0,Reaction to Uninvolved Vehicle,Unspecified,,,,Sedan,Station Wagon/Sport Utility Vehicle
2018,2018-12-22,17:50,BROOKLYN,11203,40.66169,-73.93144,0.0,0.0,0,0,0,0,0,0,Driver Inattention/Distraction,Unspecified,,,,Sedan,Pick-up Truck
2018,2018-12-22,3:40,QUEENS,11420,40.66609,-73.82809,0.0,0.0,0,0,0,0,0,0,Unspecified,,,,,Sedan,
2018,2018-12-23,18:05,QUEENS,11428,40.714428,-73.751976,0.0,0.0,0,0,0,0,0,0,Other Vehicular,Backing Unsafely,,,,Pick-up Truck,Station Wagon/Sport Utility Vehicle
2018,2018-12-24,10:00,MANHATTAN,10029,40.784943,-73.946594,1.0,0.0,0,0,1,0,0,0,Driver Inattention/Distraction,Unspecified,,,,Taxi,Bike
2018,2018-12-24,16:45,QUEENS,11435,40.701775,-73.80794,0.0,0.0,0,0,0,0,0,0,Following Too Closely,Unspecified,,,,Taxi,Sedan
2018,2018-12-27,5:30,QUEENS,11365,40.74779,-73.78263,0.0,0.0,0,0,0,0,0,0,Driver Inattention/Distraction,,,,,Taxi,
2018,2018-12-27,23:50,QUEENS,11435,40.702473,-73.81578,0.0,0.0,0,0,0,0,0,0,Driverless/Runaway Vehicle,Unspecified,,,,Pick-up Truck,Sedan
2018,2018-12-27,15:15,,,40.759842,-73.71534,0.0,0.0,0,0,0,0,0,0,Following Too Closely,Unspecified,Unspecified,Unspecified,,Station Wagon/Sport Utility Vehicle,Station Wagon/Sport Utility Vehicle
2018,2018-12-28,8:53,MANHATTAN,10019,40.76432,-73.9772,0.0,0.0,0,0,0,0,0,0,Unspecified,Unspecified,,,,van,Box Truck
2018,2018-12-29,6:50,,,40.748203,-73.84962,0.0,0.0,0,0,0,0,0,0,Pavement Slippery,Passing or Lane Usage Improper,,,,Station Wagon/Sport Utility Vehicle,Sedan
2018,2018-12-30,14:20,,,40.803566,-73.96715,0.0,0.0,0,0,0,0,0,0,Driver Inexperience,Driver Inexperience,,,,Sedan,Bus
2018,2018-12-30,12:45,STATEN ISLAND,10301,40.6193,-74.095955,1.0,0.0,0,0,0,0,1,0,Driver Inattention/Distraction,,,,,Sedan,
2018,2018-12-30,10:30,,,40.603012,-73.986465,0.0,0.0,0,0,0,0,0,0,Passing or Lane Usage Improper,Unspecified,,,,Sedan,Sedan
2018,2018-12-30,12:30,QUEENS,11691,40.59457,-73.76441,0.0,0.0,0,0,0,0,0,0,Alcohol Involvement,Unspecified,,,,Station Wagon/Sport Utility Vehicle,Sedan
2018,2018-12-30,13:20,QUEENS,11373,40.741684,-73.873055,0.0,0.0,0,0,0,0,0,0,Backing Unsafely,Unspecified,,,,Station Wagon/Sport Utility Vehicle,Sedan
2018,2018-12-31,8:15,,,40.737827,-73.8682,0.0,0.0,0,0,0,0,0,0,Failure to Yield Right-of-Way,Unspecified,,,,Sedan,Sedan
2019,2019-01-03,15:10,MANHATTAN,10017,40.75603,-73.979034,0.0,0.0,0,0,0,0,0,0,Driver Inattention/Distraction,Unsafe Lane Changing,,,,Taxi,Taxi
2019,2019-01-03,12:45,,,,,0.0,0.0,0,0,0,0,0,0,Unsafe Lane Changing,Unspecified,,,,Tractor Truck Diesel,Station Wagon/Sport Utility Vehicle
2019,2019-01-03,16:00,BRONX,10463,40.88482,-73.90273,0.0,0.0,0,0,0,0,0,0,Unspecified,Unspecified,Unspecified,,,Station Wagon/Sport Utility Vehicle,Sedan
2019,2019-01-06,22:32,BROOKLYN,11237,40.706123,-73.92214,2.0,0.0,0,0,0,0,2,0,Traffic Control Disregarded,Unspecified,,,,Station Wagon/Sport Utility Vehicle,Sedan
2019,2019-01-06,8:00,BROOKLYN,11231,40.6742,-73.99984,0.0,0.0,0,0,0,0,0,0,Passing or Lane Usage Improper,Unspecified,,,,Station Wagon/Sport Utility Vehicle,
2019,2019-01-06,12:11,BROOKLYN,11237,40.706123,-73.92214,0.0,0.0,0,0,0,0,0,0,Traffic Control Disregarded,Unsafe Speed,,,,Station Wagon/Sport Utility Vehicle,Station Wagon/Sport Utility Vehicle
2019,2019-01-07,12:30,,,40.637997,-74.02136,0.0,0.0,0,0,0,0,0,0,Driver Inattention/Distraction,Unspecified,,,,Pick-up Truck,Sedan
2019,2019-01-07,5:30,,,40.70481,-73.93932,0.0,0.0,0,0,0,0,0,0,Turning Improperly,Unspecified,,,,Station Wagon/Sport Utility Vehicle,Unkno
2019,2019-01-07,19:50,BRONX,10469,40.863033,-73.85781,0.0,0.0,0,0,0,0,0,0,Traffic Control Disregarded,Unspecified,,,,Station Wagon/Sport Utility Vehicle,Sedan
2019,2019-01-08,21:45,QUEENS,11101,40.74794,-73.94249,0.0,0.0,0,0,0,0,0,0,Backing Unsafely,Unspecified,,,,Sedan,Van
2019,2019-01-09,21:00,MANHATTAN,10014,40.728848,-74.00799,0.0,0.0,0,0,0,0,0,0,Failure to Yield Right-of-Way,Unspecified,,,,Sedan,Station Wagon/Sport Utility Vehicle
2019,2019-01-10,10:15,BROOKLYN,11232,40.650772,-74.01519,0.0,0.0,0,0,0,0,0,0,Unspecified,Unspecified,,,,Station Wagon/Sport Utility Vehicle,Tractor Truck Diesel
2019,2019-01-10,16:50,,,40.76155,-73.96659,0.0,0.0,0,0,0,0,0,0,Unspecified,Unspecified,,,,Sedan,Sedan
2019,2019-01-11,9:25,,,40.62448,-73.99593,0.0,0.0,0,0,0,0,0,0,Driver Inattention/Distraction,Unspecified,,,,Sedan,Taxi
2019,2019-01-12,0:00,QUEENS,,40.7201,-73.79038,1.0,0.0,0,0,0,0,1,0,Failure to Yield Right-of-Way,Unspecified,,,,Station Wagon/Sport Utility Vehicle,Sedan
2019,2019-01-12,4:20,MANHATTAN,10033,40.845947,-73.93782,0.0,0.0,0,0,0,0,0,0,,,,,,Sedan,
2019,2019-01-13,0:02,MANHATTAN,10027,40.80897,-73.94833,0.0,0.0,0,0,0,0,0,0,Reaction to Uninvolved Vehicle,,,,,Sedan,
2019,2019-01-14,18:56,BROOKLYN,11228,40.61847,-74.021225,1.0,0.0,1,0,0,0,0,0,Unspecified,,,,,Sedan,
2019,2019-01-15,12:20,BRONX,10460,40.837063,-73.886826,0.0,0.0,0,0,0,0,0,0,Other Vehicular,Unspecified,,,,Station Wagon/Sport Utility Vehicle,Sedan
2019,2019-01-15,21:18,BRONX,10454,40.809216,-73.925255,1.0,0.0,0,0,0,0,1,0,Unspecified,Unspecified,Unspecified,,,Station Wagon/Sport Utility Vehicle,Station Wagon/Sport Utility Vehicle
2019,2019-01-15,11:53,QUEENS,11432,40.706528,-73.79201,0.0,0.0,0,0,0,0,0,0,Driver Inattention/Distraction,Backing Unsafely,,,,Taxi,Sedan
2019,2019-01-17,7:15,QUEENS,11361,40.7636,-73.77098,0.0,0.0,0,0,0,0,0,0,Driver Inattention/Distraction,Unspecified,,,,Sedan,Station Wagon/Sport Utility Vehicle
2019,2019-01-17,17:29,BROOKLYN,11234,40.62356,-73.927376,1.0,0.0,0,0,0,0,1,0,Unspecified,Unspecified,,,,Sedan,Sedan
2019,2019-01-18,23:00,,,40.769966,-73.76893,0.0,0.0,0,0,0,0,0,0,Pavement Slippery,,,,,Sedan,
2019,2019-01-18,7:15,BROOKLYN,11219,40.635582,-73.99155,0.0,0.0,0,0,0,0,0,0,Unsafe Lane Changing,Unspecified,,,,Station Wagon/Sport Utility Vehicle,Box Truck
2019,2019-01-18,15:00,BRONX,10459,40.820305,-73.89083,0.0,0.0,0,0,0,0,0,0,Passing or Lane Usage Improper,Unspecified,,,,Sedan,Station Wagon/Sport Utility Vehicle
2019,2019-01-19,14:30,,,40.643158,-73.91796,0.0,0.0,0,0,0,0,0,0,Unspecified,Unspecified,,,,Station Wagon/Sport Utility Vehicle,Pick-up Truck
2019,2019-01-19,22:00,QUEENS,11385,40.691433,-73.89063,0.0,0.0,0,0,0,0,0,0,Passing or Lane Usage Improper,Passing or Lane Usage Improper,,,,Sedan,Station Wagon/Sport Utility Vehicle
2019,2019-01-19,3:00,BROOKLYN,11233,40.67279,-73.922226,1.0,0.0,0,0,0,0,1,0,Brakes Defective,Unspecified,,,,Sedan,Sedan
2019,2019-01-22,18:45,BROOKLYN,11210,40.61403,-73.94931,0.0,0.0,0,0,0,0,0,0,Unspecified,Unspecified,,,,Sedan,Station Wagon/Sport Utility Vehicle
2019,2019-01-23,13:30,,,,,0.0,0.0,0,0,0,0,0,0,Driver Inattention/Distraction,Traffic Control Disregarded,,,,Sedan,Box Truck
2019,2019-01-24,7:03,MANHATTAN,10002,40.71729,-73.975586,0.0,0.0,0,0,0,0,0,0,Driver Inattention/Distraction,,,,,Taxi,
2019,2019-01-24,10:30,,,,,0.0,0.0,0,0,0,0,0,0,Backing Unsafely,Unspecified,,,,Bus,Sedan
2019,2019-01-26,0:05,BROOKLYN,11249,40.701,-73.96319,1.0,0.0,1,0,0,0,0,0,Unspecified,,,,,Station Wagon/Sport Utility Vehicle,
2019,2019-01-27,3:00,MANHATTAN,10013,40.720318,-74.012184,0.0,0.0,0,0,0,0,0,0,Driver Inattention/Distraction,Unspecified,,,,Sedan,Sedan
2019,2019-01-27,19:00,QUEENS,11432,40.707714,-73.802795,0.0,0.0,0,0,0,0,0,0,Unsafe Lane Changing,Unspecified,,,,Station Wagon/Sport Utility Vehicle,Sedan
2019,2019-01-29,18:00,BRONX,10474,40.822533,-73.88509,0.0,0.0,0,0,0,0,0,0,Unspecified,Unspecified,,,,Station Wagon/Sport Utility Vehicle,Station Wagon/Sport Utility Vehicle
2019,2019-01-29,7:20,BROOKLYN,11203,40.663227,-73.93159,0.0,0.0,0,0,0,0,0,0,Driver Inattention/Distraction,Driver Inattention/Distraction,,,,Station Wagon/Sport Utility Vehicle,Station Wagon/Sport Utility Vehicle
2019,2019-01-31,23:50,BRONX,10453,40.856403,-73.9073,1.0,0.0,0,0,0,0,1,0,Unspecified,Unspecified,,,,Sedan,Sedan
2019,2019-02-02,19:31,,,40.60809,-74.14093,0.0,0.0,0,0,0,0,0,0,Driver Inattention/Distraction,Unspecified,,,,Sedan,
2019,2019-02-02,9:50,BRONX,10471,40.904022,-73.89837,0.0,0.0,0,0,0,0,0,0,Unspecified,,,,,Sedan,
2019,2019-02-03,10:00,QUEENS,11355,40.760624,-73.81769,0.0,0.0,0,0,0,0,0,0,Failure to Yield Right-of-Way,Unspecified,,,,Sedan,Station Wagon/Sport Utility Vehicle
2019,2019-02-04,20:20,BROOKLYN,11221,40.692196,-73.92488,2.0,0.0,0,0,0,0,2,0,Aggressive Driving/Road Rage,,,,,Taxi,
2019,2019-02-04,16:57,BROOKLYN,11236,40.636196,-73.89236,0.0,0.0,0,0,0,0,0,0,Driver Inattention/Distraction,Other Vehicular,Unspecified,,,Sedan,Station Wagon/Sport Utility Vehicle
2019,2019-02-04,6:30,,,40.611095,-74.11467,0.0,0.0,0,0,0,0,0,0,Driver Inattention/Distraction,Unspecified,,,,Station Wagon/Sport Utility Vehicle,Sedan
2019,2019-02-05,12:05,BROOKLYN,11201,40.68969,-73.99237,0.0,0.0,0,0,0,0,0,0,Driver Inattention/Distraction,Unspecified,,,,Sedan,Flat Bed
2019,2019-02-05,21:44,QUEENS,11426,40.73537,-73.71745,0.0,0.0,0,0,0,0,0,0,Driver Inattention/Distraction,Unspecified,,,,Sedan,Sedan
2019,2019-02-05,12:30,,,40.80119,-73.93003,0.0,0.0,0,0,0,0,0,0,Driver Inattention/Distraction,Unspecified,,,,Station Wagon/Sport Utility Vehicle,Station Wagon/Sport Utility Vehicle
2019,2019-02-05,16:50,MANHATTAN,10001,40.746002,-73.99427,0.0,0.0,0,0,0,0,0,0,Other Vehicular,Unspecified,,,,Van,Taxi
2019,2019-02-06,9:31,BRONX,10469,40.867046,-73.86036,0.0,0.0,0,0,0,0,0,0,Driver Inattention/Distraction,Unspecified,,,,Taxi,Station Wagon/Sport Utility Vehicle
2019,2019-02-06,17:43,,,40.726665,-73.98309,0.0,0.0,0,0,0,0,0,0,Failure to Yield Right-of-Way,,,,,Sedan,
2019,2019-02-07,20:03,MANHATTAN,10016,40.74388,-73.98157,1.0,0.0,0,0,1,0,0,0,Traffic Control Disregarded,Unspecified,,,,Taxi,Bike
2019,2019-02-07,20:21,,,40.85797,-73.87272,0.0,0.0,0,0,0,0,0,0,Passenger Distraction,Unspecified,,,,Sedan,Sedan
2019,2019-02-09,19:10,MANHATTAN,10011,40.738777,-73.99248,0.0,0.0,0,0,0,0,0,0,Unspecified,Unspecified,,,,Sedan,Sedan
2019,2019-02-09,8:30,MANHATTAN,10016,40.747627,-73.976746,0.0,0.0,0,0,0,0,0,0,Driver Inattention/Distraction,Driver Inattention/Distraction,,,,Taxi,Station Wagon/Sport Utility Vehicle
2019,2019-02-11,6:10,,,,,1.0,0.0,0,0,0,0,1,0,Unspecified,,,,,Station Wagon/Sport Utility Vehicle,
2019,2019-02-13,22:10,QUEENS,11428,40.723602,-73.731766,0.0,0.0,0,0,0,0,0,0,Unspecified,Unspecified,,,,Sedan,Station Wagon/Sport Utility Vehicle
2019,2019-02-13,10:30,,,40.73877,-73.80564,1.0,0.0,0,0,0,0,1,0,Backing Unsafely,Unspecified,Unspecified,,,Sedan,Sedan
2019,2019-02-14,16:05,MANHATTAN,10120,40.750114,-73.98859,0.0,0.0,0,0,0,0,0,0,Pedestrian/Bicyclist/Other Pedestrian Error/Confusion,Other Vehicular,,,,Taxi,Bus
2019,2019-02-15,9:15,,,40.67268,-73.953026,0.0,0.0,0,0,0,0,0,0,Following Too Closely,Turning Improperly,,,,Station Wagon/Sport Utility Vehicle,Station Wagon/Sport Utility Vehicle
2019,2019-02-15,21:34,MANHATTAN,10012,40.726143,-73.99616,1.0,0.0,1,0,0,0,0,0,Driver Inattention/Distraction,,,,,Sedan,
2019,2019-02-19,14:55,BROOKLYN,11226,40.654068,-73.96177,1.0,0.0,1,0,0,0,0,0,Failure to Yield Right-of-Way,,,,,Station Wagon/Sport Utility Vehicle,
2019,2019-02-19,12:30,,,40.721676,-73.98061,0.0,0.0,0,0,0,0,0,0,Driver Inattention/Distraction,Unspecified,,,,Station Wagon/Sport Utility Vehicle,Sedan
2019,2019-02-19,11:00,BROOKLYN,11223,40.59931,-73.972916,0.0,0.0,0,0,0,0,0,0,Failure to Yield Right-of-Way,Unspecified,,,,Sedan,Station Wagon/Sport Utility Vehicle
2019,2019-02-20,8:40,BRONX,10458,40.854065,-73.88253,0.0,0.0,0,0,0,0,0,0,Backing Unsafely,Unspecified,,,,Sedan,Sedan
2019,2019-02-21,13:40,BRONX,10453,40.861862,-73.91282,0.0,0.0,0,0,0,0,0,0,Brakes Defective,Unspecified,Unspecified,,,Sedan,Sedan
2019,2019-02-21,17:15,BROOKLYN,11230,40.63529,-73.958206,0.0,0.0,0,0,0,0,0,0,Driver Inattention/Distraction,Unspecified,,,,Sedan,Taxi
2019,2019-02-21,4:40,,,,,0.0,0.0,0,0,0,0,0,0,Fell Asleep,,,,,Sedan,
2019,2019-02-21,15:40,BROOKLYN,11204,40.61384,-73.981445,0.0,0.0,0,0,0,0,0,0,Passing or Lane Usage Improper,Unspecified,,,,Station Wagon/Sport Utility Vehicle,Station Wagon/Sport Utility Vehicle
2019,2019-02-22,2:35,QUEENS,11429,40.70992,-73.72824,0.0,0.0,0,0,0,0,0,0,Unsafe Speed,,,,,Sedan,
2019,2019-02-23,10:50,BROOKLYN,11225,40.66976,-73.94893,0.0,0.0,0,0,0,0,0,0,Passing or Lane Usage Improper,Unspecified,,,,Sedan,
2019,2019-02-24,23:25,BROOKLYN,11201,,,1.0,0.0,0,0,0,0,1,0,Following Too Closely,Unspecified,,,,Sedan,Taxi
2019,2019-02-25,14:30,QUEENS,11377,40.74447,-73.91464,0.0,0.0,0,0,0,0,0,0,Passenger Distraction,Unspecified,,,,Station Wagon/Sport Utility Vehicle,Taxi
2019,2019-02-26,11:00,MANHATTAN,10017,40.752117,-73.97556,0.0,0.0,0,0,0,0,0,0,Unspecified,Unspecified,,,,Box Truck,Sedan
2019,2019-02-26,18:00,QUEENS,11373,40.73664,-73.86584,0.0,0.0,0,0,0,0,0,0,Turning Improperly,Unspecified,,,,Station Wagon/Sport Utility Vehicle,Sedan
2019,2019-02-27,17:30,BRONX,10461,40.845673,-73.835266,0.0,0.0,0,0,0,0,0,0,Driver Inattention/Distraction,Unspecified,Unspecified,Unspecified,,Station Wagon/Sport Utility Vehicle,Sedan
2019,2019-02-27,20:44,,,40.650948,-73.94668,1.0,0.0,1,0,0,0,0,0,Unspecified,,,,,Sedan,
2019,2019-03-02,9:20,QUEENS,11361,40.756657,-73.768715,0.0,0.0,0,0,0,0,0,0,Turning Improperly,Unspecified,,,,Station Wagon/Sport Utility Vehicle,Snow Plow
2019,2019-03-02,5:00,QUEENS,11385,40.712757,-73.90225,0.0,0.0,0,0,0,0,0,0,Unspecified,Unspecified,,,,Sedan,Sedan
2019,2019-03-02,1:30,BROOKLYN,11203,40.658283,-73.92719,0.0,0.0,0,0,0,0,0,0,Unspecified,Unspecified,,,,Sedan,
2019,2019-03-02,20:00,MANHATTAN,10016,40.749546,-73.983185,0.0,0.0,0,0,0,0,0,0,Driver Inattention/Distraction,Driver Inattention/Distraction,,,,Station Wagon/Sport Utility Vehicle,Taxi
2019,2019-03-03,21:04,BRONX,10468,40.868282,-73.90107,0.0,0.0,0,0,0,0,0,0,Pavement Slippery,Driver Inattention/Distraction,,,,Station Wagon/Sport Utility Vehicle,Sedan
2019,2019-03-05,9:30,QUEENS,11418,40.697327,-73.82961,0.0,0.0,0,0,0,0,0,0,Following Too Closely,Unspecified,,,,Station Wagon/Sport Utility Vehicle,Station Wagon/Sport Utility Vehicle
2019,2019-03-05,16:41,QUEENS,11693,40.60145,-73.82029,0.0,0.0,0,0,0,0,0,0,Other Vehicular,Unspecified,,,,Sedan,Station Wagon/Sport Utility Vehicle
2019,2019-03-06,2:13,QUEENS,11432,40.71404,-73.78281,0.0,0.0,0,0,0,0,0,0,Driver Inattention/Distraction,Unspecified,,,,Station Wagon/Sport Utility Vehicle,Taxi
2019,2019-03-06,8:17,,,40.63943,-74.1377,0.0,0.0,0,0,0,0,0,0,Driver Inattention/Distraction,Unspecified,,,,Pick-up Truck,Bus
2019,2019-03-06,13:37,QUEENS,11377,40.737057,-73.90185,0.0,0.0,0,0,0,0,0,0,Driver Inattention/Distraction,Unspecified,Unspecified,,,Station Wagon/Sport Utility Vehicle,Station Wagon/Sport Utility Vehicle
2019,2019-03-06,18:30,,,40.66653,-73.806274,0.0,0.0,0,0,0,0,0,0,Unsafe Lane Changing,Unspecified,,,,Station Wagon/Sport Utility Vehicle,Sedan
2019,2019-03-09,14:19,BRONX,10475,40.877697,-73.82493,0.0,0.0,0,0,0,0,0,0,Unspecified,Unspecified,,,,Sedan,Sedan
2019,2019-03-09,16:36,BRONX,10462,40.852306,-73.86207,1.0,0.0,1,0,0,0,0,0,Failure to Yield Right-of-Way,,,,,Sedan,
2019,2019-03-11,23:40,BRONX,10463,40.87618,-73.90943,1.0,0.0,1,0,0,0,0,0,,,,,,Sedan,
2019,2019-03-11,10:00,QUEENS,11421,40.69448,-73.86663,1.0,0.0,0,0,0,0,1,0,Driver Inattention/Distraction,Unspecified,,,,Station Wagon/Sport Utility Vehicle,Station Wagon/Sport Utility Vehicle
2019,2019-03-11,16:00,,,40.70674,-73.92032,0.0,0.0,0,0,0,0,0,0,Following Too Closely,Unspecified,Unspecified,,,Sedan,Station Wagon/Sport Utility Vehicle
2019,2019-03-12,8:55,BROOKLYN,11206,40.70881,-73.93552,0.0,0.0,0,0,0,0,0,0,Backing Unsafely,Unspecified,,,,Box Truck,Sedan
2019,2019-03-12,20:30,MANHATTAN,10281,40.71498,-74.0167,0.0,0.0,0,0,0,0,0,0,Unspecified,Unspecified,,,,Taxi,Taxi
2019,2019-03-13,13:59,BROOKLYN,11223,40.60624,-73.9618,0.0,0.0,0,0,0,0,0,0,Unsafe Lane Changing,Unspecified,,,,Station Wagon/Sport Utility Vehicle,Station Wagon/Sport Utility Vehicle
2019,2019-03-13,20:30,BROOKLYN,11214,40.58848,-73.990005,0.0,0.0,0,0,0,0,0,0,Unspecified,Unspecified,,,,Sedan,
2019,2019-03-13,9:30,,,40.74355,-73.73246,0.0,0.0,0,0,0,0,0,0,Following Too Closely,Following Too Closely,Unspecified,,,Station Wagon/Sport Utility Vehicle,Sedan
2019,2019-03-13,12:53,BROOKLYN,11233,40.676933,-73.919975,0.0,0.0,0,0,0,0,0,0,Unspecified,Unspecified,,,,Sedan,Sedan
2019,2019-03-14,6:55,BRONX,10472,40.82926,-73.86108,5.0,0.0,0,0,0,0,5,0,Driver Inattention/Distraction,Unspecified,Unspecified,,,Sedan,Station Wagon/Sport Utility Vehicle
2019,2019-03-15,21:54,QUEENS,11372,40.747036,-73.88958,0.0,0.0,0,0,0,0,0,0,Driver Inattention/Distraction,Driver Inattention/Distraction,,,,Station Wagon/Sport Utility Vehicle,Station Wagon/Sport Utility Vehicle
2019,2019-03-15,8:20,QUEENS,11423,40.71471,-73.75471,0.0,0.0,0,0,0,0,0,0,Unspecified,Unspecified,,,,Box Truck,Station Wagon/Sport Utility Vehicle
2019,2019-03-15,14:19,,,40.681503,-73.904106,0.0,0.0,0,0,0,0,0,0,Passing or Lane Usage Improper,Unspecified,,,,Sedan,Station Wagon/Sport Utility Vehicle
2019,2019-03-16,14:15,QUEENS,11370,40.75933,-73.88511,1.0,0.0,0,0,0,0,1,0,Driver Inattention/Distraction,Driver Inattention/Distraction,,,,Sedan,MOPED
2019,2019-03-17,13:15,,,40.63457,-74.14182,0.0,0.0,0,0,0,0,0,0,Driver Inattention/Distraction,Unspecified,,,,Sedan,Bike
2019,2019-03-18,1:30,MANHATTAN,10016,40.745056,-73.978615,0.0,0.0,0,0,0,0,0,0,Driver Inattention/Distraction,Driver Inattention/Distraction,,,,Garbage or Refuse,Station Wagon/Sport Utility Vehicle
2019,2019-03-18,9:15,BRONX,10457,40.85325,-73.89308,0.0,0.0,0,0,0,0,0,0,Traffic Control Disregarded,Traffic Control Disregarded,,,,Sedan,Station Wagon/Sport Utility Vehicle
2019,2019-03-19,13:10,BROOKLYN,11221,40.68625,-73.92675,0.0,0.0,0,0,0,0,0,0,Turning Improperly,Unspecified,,,,Sedan,Sedan
2019,2019-03-19,9:45,,,40.763588,-73.97142,0.0,0.0,0,0,0,0,0,0,Driver Inattention/Distraction,Unspecified,,,,Taxi,Bus
2019,2019-03-21,2:05,BRONX,10454,40.81034,-73.92495,0.0,0.0,0,0,0,0,0,0,Driver Inexperience,Unspecified,,,,Station Wagon/Sport Utility Vehicle,Station Wagon/Sport Utility Vehicle
2019,2019-03-21,11:45,QUEENS,11420,40.677,-73.81965,0.0,0.0,0,0,0,0,0,0,Failure to Yield Right-of-Way,Unspecified,,,,Sedan,Sedan
2019,2019-03-21,9:15,MANHATTAN,10011,40.743427,-73.99613,0.0,0.0,0,0,0,0,0,0,Unsafe Lane Changing,Unspecified,,,,Sedan,Sedan
2019,2019-03-22,17:55,,,40.610508,-74.09576,0.0,0.0,0,0,0,0,0,0,Following Too Closely,Unspecified,Unspecified,,,Sedan,Sedan
2019,2019-03-22,21:48,MANHATTAN,10031,40.822174,-73.95211,1.0,0.0,0,0,0,0,1,0,Drugs (illegal),Unspecified,,,,Station Wagon/Sport Utility Vehicle,Station Wagon/Sport Utility Vehicle
2019,2019-03-24,1:31,,,,,0.0,0.0,0,0,0,0,0,0,Reaction to Uninvolved Vehicle,Following Too Closely,,,,Sedan,Sedan
2019,2019-03-25,23:50,BROOKLYN,11211,40.715256,-73.95212,0.0,0.0,0,0,0,0,0,0,Backing Unsafely,Unspecified,,,,Taxi,Taxi
2019,2019-03-28,9:30,,,,,0.0,0.0,0,0,0,0,0,0,Driver Inattention/Distraction,Unspecified,,,,Sedan,Bus
2019,2019-03-29,17:45,QUEENS,11427,40.72416,-73.754974,0.0,0.0,0,0,0,0,0,0,Unspecified,Unspecified,,,,Pick-up Truck,Sedan
2019,2019-03-31,18:46,BROOKLYN,11210,40.632484,-73.94663,0.0,0.0,0,0,0,0,0,0,Backing Unsafely,Unspecified,,,,Sedan,Station Wagon/Sport Utility Vehicle
2019,2019-04-01,14:32,BRONX,10457,40.842743,-73.90372,0.0,0.0,0,0,0,0,0,0,Unspecified,,,,,Sedan,Pick-up Truck
2019,2019-04-01,10:00,,,40.663555,-73.93162,0.0,0.0,0,0,0,0,0,0,Other Vehicular,Unsafe Lane Changing,,,,Taxi,
2019,2019-04-01,0:00,,,40.876804,-73.90639,0.0,0.0,0,0,0,0,0,0,Other Vehicular,Unspecified,,,,Sedan,Station Wagon/Sport Utility Vehicle
2019,2019-04-02,9:15,,,,,0.0,0.0,0,0,0,0,0,0,Following Too Closely,Unspecified,,,,Sedan,Sedan
2019,2019-04-02,22:30,,,,,0.0,0.0,0,0,0,0,0,0,Passing or Lane Usage Improper,Unspecified,,,,Sedan,Sedan
2019,2019-04-02,7:15,,,40.843372,-73.904945,0.0,0.0,0,0,0,0,0,0,Driver Inattention/Distraction,Driver Inattention/Distraction,,,,Sedan,Bus
2019,2019-04-03,8:07,,,40.86268,-73.90905,0.0,0.0,0,0,0,0,0,0,Following Too Closely,Unspecified,,,,Station Wagon/Sport Utility Vehicle,Station Wagon/Sport Utility Vehicle
2019,2019-04-04,8:00,MANHATTAN,10009,40.733055,-73.981255,0.0,0.0,0,0,0,0,0,0,Driver Inattention/Distraction,Unspecified,,,,Box Truck,Sedan
2019,2019-04-05,7:07,,,,,0.0,0.0,0,0,0,0,0,0,Passing Too Closely,Unspecified,,,,Station Wagon/Sport Utility Vehicle,Sedan
2019,2019-04-07,0:15,QUEENS,11373,40.73754,-73.87523,0.0,0.0,0,0,0,0,0,0,Unspecified,,,,,Station Wagon/Sport Utility Vehicle,
2019,2019-04-07,1:35,,,40.8115,-73.93481,0.0,0.0,0,0,0,0,0,0,Failure to Yield Right-of-Way,Unspecified,,,,Station Wagon/Sport Utility Vehicle,Station Wagon/Sport Utility Vehicle
2019,2019-04-08,11:13,MANHATTAN,10019,,,0.0,0.0,0,0,0,0,0,0,Other Vehicular,Other Vehicular,,,,Sedan,Box Truck
2019,2019-04-10,17:50,MANHATTAN,10034,40.8662,-73.92807,0.0,0.0,0,0,0,0,0,0,Following Too Closely,,,,,Taxi,
2019,2019-04-11,4:23,,,40.862392,-73.91802,0.0,0.0,0,0,0,0,0,0,Alcohol Involvement,Unspecified,Unspecified,,,Station Wagon/Sport Utility Vehicle,Station Wagon/Sport Utility Vehicle
2019,2019-04-11,14:50,BROOKLYN,11201,40.696033,-73.98453,0.0,0.0,0,0,0,0,0,0,Passing or Lane Usage Improper,Unspecified,,,,Box Truck,Taxi
2019,2019-04-11,15:50,BRONX,10469,40.86087,-73.841835,0.0,0.0,0,0,0,0,0,0,Unspecified,Unspecified,,,,Sedan,Sedan
2019,2019-04-12,14:00,,,40.76925,-73.90912,0.0,0.0,0,0,0,0,0,0,Passing Too Closely,Unspecified,,,,Box Truck,
2019,2019-04-14,1:45,BRONX,10460,,,1.0,0.0,1,0,0,0,0,0,Failure to Yield Right-of-Way,,,,,Station Wagon/Sport Utility Vehicle,
2019,2019-04-16,3:30,BROOKLYN,11219,40.630512,-74.01071,0.0,0.0,0,0,0,0,0,0,Alcohol Involvement,Unspecified,,,,Station Wagon/Sport Utility Vehicle,Station Wagon/Sport Utility Vehicle
2019,2019-04-17,14:30,BRONX,10455,40.820393,-73.91397,0.0,0.0,0,0,0,0,0,0,Unsafe Lane Changing,Unspecified,,,,Sedan,Sedan
2019,2019-04-18,19:15,MANHATTAN,10014,40.74062,-74.006744,0.0,0.0,0,0,0,0,0,0,Other Vehicular,Unspecified,,,,Station Wagon/Sport Utility Vehicle,Station Wagon/Sport Utility Vehicle
2019,2019-04-18,18:54,QUEENS,11377,40.741863,-73.90751,0.0,0.0,0,0,0,0,0,0,Driver Inattention/Distraction,Unspecified,,,,Station Wagon/Sport Utility Vehicle,Sedan
2019,2019-04-19,18:00,BROOKLYN,11234,40.628387,-73.92431,1.0,0.0,0,0,0,0,1,0,Failure to Yield Right-of-Way,Unspecified,,,,Sedan,Station Wagon/Sport Utility Vehicle
2019,2019-04-19,8:56,MANHATTAN,10002,40.715046,-73.992386,0.0,0.0,0,0,0,0,0,0,Unspecified,Unspecified,,,,Sedan,Pick-up Truck
2019,2019-04-21,11:00,QUEENS,11433,40.693394,-73.78894,0.0,0.0,0,0,0,0,0,0,Failure to Yield Right-of-Way,Unspecified,,,,Sedan,Sedan
2019,2019-04-21,2:06,BRONX,10462,40.840733,-73.85304,0.0,0.0,0,0,0,0,0,0,Traffic Control Disregarded,Unspecified,,,,Taxi,Sedan
2019,2019-04-22,10:30,,,,,0.0,0.0,0,0,0,0,0,0,Following Too Closely,Unspecified,,,,Sedan,Sedan
2019,2019-04-22,16:45,BROOKLYN,11222,40.72083,-73.93814,0.0,0.0,0,0,0,0,0,0,Traffic Control Disregarded,Unspecified,,,,Sedan,Station Wagon/Sport Utility Vehicle
2019,2019-04-23,0:05,,,40.728516,-73.88428,2.0,0.0,0,0,0,0,2,0,Driver Inattention/Distraction,,,,,Station Wagon/Sport Utility Vehicle,
2019,2019-04-23,8:22,,,,,1.0,0.0,0,0,0,0,1,0,Following Too Closely,Following Too Closely,Unspecified,,,Sedan,Sedan
2019,2019-04-25,7:00,MANHATTAN,10034,40.866806,-73.93101,0.0,0.0,0,0,0,0,0,0,Driver Inattention/Distraction,Unspecified,,,,Sedan,Station Wagon/Sport Utility Vehicle
2019,2019-04-25,8:00,,,40.776905,-73.84623,0.0,0.0,0,0,0,0,0,0,Glare,Unspecified,,,,PK,Station Wagon/Sport Utility Vehicle
2019,2019-04-26,14:00,QUEENS,11368,40.74989,-73.86171,0.0,0.0,0,0,0,0,0,0,Backing Unsafely,Unspecified,,,,Sedan,Station Wagon/Sport Utility Vehicle
2019,2019-04-27,19:10,,,,,1.0,0.0,0,0,1,0,0,0,Driver Inattention/Distraction,Unspecified,,,,Station Wagon/Sport Utility Vehicle,Bike
2019,2019-04-27,21:30,,,40.593655,-74.0809,0.0,0.0,0,0,0,0,0,0,Alcohol Involvement,Unspecified,,,,Sedan,Sedan
2019,2019-04-28,17:10,QUEENS,11372,40.752754,-73.89434,1.0,0.0,0,0,0,0,1,0,Traffic Control Disregarded,Traffic Control Disregarded,Unspecified,,,Station Wagon/Sport Utility Vehicle,Station Wagon/Sport Utility Vehicle
2019,2019-04-28,16:00,BROOKLYN,11210,40.61691,-73.94775,0.0,0.0,0,0,0,0,0,0,Unspecified,,,,,Sedan,
2019,2019-04-28,5:30,QUEENS,11385,40.700268,-73.904884,0.0,0.0,0,0,0,0,0,0,Unspecified,,,,,Sedan,
2019,2019-04-29,10:45,QUEENS,11378,40.71965,-73.911194,0.0,0.0,0,0,0,0,0,0,Driver Inattention/Distraction,,,,,Carry All,
2019,2019-04-29,20:31,QUEENS,11385,40.698677,-73.90954,1.0,0.0,0,0,1,0,0,0,Pedestrian/Bicyclist/Other Pedestrian Error/Confusion,Unspecified,,,,Station Wagon/Sport Utility Vehicle,Bike
2019,2019-04-29,19:55,MANHATTAN,10011,,,0.0,0.0,0,0,0,0,0,0,Unsafe Lane Changing,Unspecified,,,,Sedan,Convertible
2019,2019-05-01,9:00,BRONX,10460,40.835796,-73.867966,0.0,0.0,0,0,0,0,0,0,Unspecified,,,,,Pick-up Truck,
2019,2019-05-02,6:30,,,40.681046,-73.849304,0.0,0.0,0,0,0,0,0,0,Other Vehicular,Passing Too Closely,,,,Sedan,Station Wagon/Sport Utility Vehicle
2019,2019-05-03,14:19,MANHATTAN,10011,40.732944,-73.99799,0.0,0.0,0,0,0,0,0,0,Passing Too Closely,Unspecified,,,,Sedan,Station Wagon/Sport Utility Vehicle
2019,2019-05-03,6:06,MANHATTAN,10065,40.76161,-73.96282,3.0,0.0,0,0,0,0,3,0,Driver Inattention/Distraction,Unspecified,,,,Station Wagon/Sport Utility Vehicle,Sedan
2019,2019-05-04,22:40,QUEENS,11369,40.75898,-73.87075,1.0,0.0,1,0,0,0,0,0,Driver Inattention/Distraction,,,,,Station Wagon/Sport Utility Vehicle,
2019,2019-05-04,20:16,BRONX,10457,40.849106,-73.89495,0.0,0.0,0,0,0,0,0,0,Driver Inattention/Distraction,Driver Inattention/Distraction,,,,Sedan,Station Wagon/Sport Utility Vehicle
2019,2019-05-04,21:35,BRONX,10459,40.81843,-73.896545,2.0,0.0,2,0,0,0,0,0,Failure to Yield Right-of-Way,,,,,Station Wagon/Sport Utility Vehicle,
2019,2019-05-05,11:23,BRONX,10466,40.89931,-73.84583,0.0,0.0,0,0,0,0,0,0,Driver Inattention/Distraction,Driver Inexperience,,,,Sedan,Sedan
2019,2019-05-06,11:50,,,40.68979,-73.90655,0.0,0.0,0,0,0,0,0,0,Oversized Vehicle,Unspecified,,,,Tractor Truck Diesel,Sedan
2019,2019-05-07,14:16,,,40.585976,-73.93791,1.0,0.0,0,0,0,0,1,0,Driver Inattention/Distraction,Unspecified,,,,Station Wagon/Sport Utility Vehicle,Sedan
2019,2019-05-08,12:15,,,40.642796,-74.00197,0.0,0.0,0,0,0,0,0,0,Unspecified,,,,,Sedan,
2019,2019-05-09,17:45,,,40.77656,-73.95271,1.0,0.0,0,0,1,0,0,0,Driver Inattention/Distraction,Driver Inattention/Distraction,,,,Station Wagon/Sport Utility Vehicle,Bike
2019,2019-05-10,16:03,QUEENS,11368,40.746284,-73.85987,0.0,0.0,0,0,0,0,0,0,Passing or Lane Usage Improper,Unspecified,,,,Sedan,Station Wagon/Sport Utility Vehicle
2019,2019-05-11,20:30,BRONX,10473,40.80859,-73.85406,1.0,0.0,0,0,0,0,1,0,View Obstructed/Limited,Turning Improperly,,,,Station Wagon/Sport Utility Vehicle,Sedan
2019,2019-05-12,9:05,QUEENS,11434,40.68315,-73.780304,0.0,0.0,0,0,0,0,0,0,Unspecified,Unspecified,,,,Station Wagon/Sport Utility Vehicle,Station Wagon/Sport Utility Vehicle
2019,2019-05-12,13:50,,,40.77936,-73.97737,0.0,0.0,0,0,0,0,0,0,Passing or Lane Usage Improper,Unspecified,,,,Taxi,Station Wagon/Sport Utility Vehicle
2019,2019-05-15,10:15,QUEENS,11378,40.71852,-73.90832,1.0,0.0,0,0,0,0,1,0,Other Vehicular,,,,,Station Wagon/Sport Utility Vehicle,
2019,2019-05-16,0:00,MANHATTAN,10022,40.759624,-73.970085,0.0,0.0,0,0,0,0,0,0,Failure to Yield Right-of-Way,Unspecified,Unspecified,,,Station Wagon/Sport Utility Vehicle,Station Wagon/Sport Utility Vehicle
2019,2019-05-16,18:25,BROOKLYN,11238,40.68256,-73.968765,0.0,0.0,0,0,0,0,0,0,Failure to Yield Right-of-Way,Unspecified,,,,Station Wagon/Sport Utility Vehicle,Sedan
2019,2019-05-16,21:30,MANHATTAN,10019,40.769005,-73.992355,0.0,0.0,0,0,0,0,0,0,Unspecified,Unspecified,,,,Motorcycle,Station Wagon/Sport Utility Vehicle
2019,2019-05-18,4:49,BRONX,10472,40.827377,-73.879845,1.0,0.0,0,0,0,0,1,0,Reaction to Uninvolved Vehicle,Unspecified,,,,Sedan,Station Wagon/Sport Utility Vehicle
2019,2019-05-23,10:31,QUEENS,11375,40.72657,-73.85265,0.0,0.0,0,0,0,0,0,0,Driver Inattention/Distraction,Driver Inattention/Distraction,,,,Station Wagon/Sport Utility Vehicle,Station Wagon/Sport Utility Vehicle
2019,2019-05-24,1:40,BROOKLYN,11209,40.627243,-74.02357,1.0,0.0,0,0,0,0,1,0,Following Too Closely,Unspecified,Unspecified,,,Sedan,Station Wagon/Sport Utility Vehicle
2019,2019-05-24,8:40,,,40.72114,-73.942825,2.0,0.0,0,0,0,0,2,0,Following Too Closely,Unspecified,Unspecified,Unspecified,,Sedan,Sedan
2019,2019-05-25,13:10,BRONX,10458,40.8617,-73.89139,0.0,0.0,0,0,0,0,0,0,Driver Inattention/Distraction,Unspecified,,,,Sedan,Sedan
2019,2019-05-26,8:45,,,40.8047,-73.91243,0.0,0.0,0,0,0,0,0,0,Driver Inattention/Distraction,Unspecified,,,,Station Wagon/Sport Utility Vehicle,Sedan
2019,2019-05-26,21:24,BROOKLYN,11237,40.69889,-73.91753,0.0,0.0,0,0,0,0,0,0,Driver Inattention/Distraction,Unspecified,Unspecified,,,Sedan,Sedan
2019,2019-05-28,16:15,,,40.7549,-73.74548,0.0,0.0,0,0,0,0,0,0,Following Too Closely,Unspecified,,,,Sedan,Station Wagon/Sport Utility Vehicle
2019,2019-05-28,18:30,,,,,0.0,0.0,0,0,0,0,0,0,Driver Inattention/Distraction,Unspecified,,,,Sedan,Station Wagon/Sport Utility Vehicle
2019,2019-05-28,13:20,MANHATTAN,10001,40.7509,-73.99812,0.0,0.0,0,0,0,0,0,0,Aggressive Driving/Road Rage,Unspecified,,,,Sedan,Station Wagon/Sport Utility Vehicle
2019,2019-05-28,8:15,BROOKLYN,11234,40.613297,-73.92238,0.0,0.0,0,0,0,0,0,0,Driver Inexperience,Unspecified,,,,Bike,Sedan
2019,2019-05-29,21:20,MANHATTAN,10019,40.76075,-73.97983,0.0,0.0,0,0,0,0,0,0,Driver Inattention/Distraction,Driver Inattention/Distraction,,,,Taxi,Sedan
2019,2019-06-01,18:30,QUEENS,11385,40.705235,-73.883316,0.0,0.0,0,0,0,0,0,0,Unsafe Speed,Unspecified,,,,Station Wagon/Sport Utility Vehicle,
2019,2019-06-02,23:00,BRONX,10473,40.8241,-73.85964,0.0,0.0,0,0,0,0,0,0,Unspecified,,,,,,
2019,2019-06-04,14:30,,,40.711365,-73.97897,0.0,0.0,0,0,0,0,0,0,Unsafe Lane Changing,Unspecified,,,,Station Wagon/Sport Utility Vehicle,Sedan
2019,2019-06-04,18:30,,,,,0.0,0.0,0,0,0,0,0,0,Passing or Lane Usage Improper,Unspecified,,,,Station Wagon/Sport Utility Vehicle,Sedan
2019,2019-06-05,22:38,BROOKLYN,11203,40.648182,-73.93001,0.0,0.0,0,0,0,0,0,0,Unspecified,,,,,Station Wagon/Sport Utility Vehicle,
2019,2019-06-07,13:40,,,40.84932,-73.945145,0.0,0.0,0,0,0,0,0,0,Unspecified,Unspecified,,,,Sedan,Sedan
2019,2019-06-07,8:30,QUEENS,11364,40.74733,-73.755806,0.0,0.0,0,0,0,0,0,0,Driver Inattention/Distraction,Unspecified,,,,Sedan,Station Wagon/Sport Utility Vehicle
2019,2019-06-07,14:30,BRONX,10462,40.834385,-73.84529,0.0,0.0,0,0,0,0,0,0,Unspecified,Unspecified,,,,Station Wagon/Sport Utility Vehicle,Station Wagon/Sport Utility Vehicle
2019,2019-06-07,11:42,BRONX,10454,40.81003,-73.92303,0.0,0.0,0,0,0,0,0,0,Following Too Closely,Unspecified,,,,Station Wagon/Sport Utility Vehicle,Station Wagon/Sport Utility Vehicle
2019,2019-06-08,11:45,BROOKLYN,11207,40.67677,-73.88949,0.0,0.0,0,0,0,0,0,0,Driver Inattention/Distraction,Unspecified,,,,Station Wagon/Sport Utility Vehicle,Station Wagon/Sport Utility Vehicle
2019,2019-06-08,13:32,BROOKLYN,11216,40.676872,-73.94985,0.0,0.0,0,0,0,0,0,0,Backing Unsafely,Unspecified,,,,Sedan,Sedan
2019,2019-06-08,14:30,BROOKLYN,11223,40.592846,-73.975586,0.0,0.0,0,0,0,0,0,0,Unspecified,Unspecified,,,,Station Wagon/Sport Utility Vehicle,Box Truck
2019,2019-06-10,12:00,MANHATTAN,10011,40.740704,-74.001854,0.0,0.0,0,0,0,0,0,0,Driver Inexperience,Unspecified,,,,Station Wagon/Sport Utility Vehicle,Station Wagon/Sport Utility Vehicle
2019,2019-06-11,2:00,QUEENS,11368,40.73856,-73.85524,0.0,0.0,0,0,0,0,0,0,Passing or Lane Usage Improper,Unspecified,Unspecified,,,Sedan,Sedan
2019,2019-06-11,9:37,QUEENS,11418,40.697685,-73.814255,0.0,0.0,0,0,0,0,0,0,Driver Inattention/Distraction,Driver Inattention/Distraction,,,,Pick-up Truck,Flat Bed
2019,2019-06-12,6:18,,,40.804993,-73.911354,0.0,0.0,0,0,0,0,0,0,Other Vehicular,Following Too Closely,,,,Sedan,Station Wagon/Sport Utility Vehicle
2019,2019-06-13,12:27,,,40.734577,-74.010025,1.0,0.0,0,0,0,0,1,0,Driver Inattention/Distraction,Driver Inattention/Distraction,,,,Van,Taxi
2019,2019-06-13,8:12,BRONX,10457,40.84664,-73.90469,0.0,0.0,0,0,0,0,0,0,Unspecified,Unspecified,,,,Bus,Station Wagon/Sport Utility Vehicle
2019,2019-06-13,8:30,BROOKLYN,11234,40.614372,-73.94406,0.0,0.0,0,0,0,0,0,0,Failure to Yield Right-of-Way,Unspecified,,,,Station Wagon/Sport Utility Vehicle,Sedan
2019,2019-06-14,8:22,QUEENS,11356,40.781693,-73.839615,3.0,0.0,0,0,0,0,3,0,Reaction to Uninvolved Vehicle,,,,,Station Wagon/Sport Utility Vehicle,
2019,2019-06-15,7:00,BRONX,10457,40.844143,-73.88921,0.0,0.0,0,0,0,0,0,0,Passing or Lane Usage Improper,Unspecified,,,,Station Wagon/Sport Utility Vehicle,
2019,2019-06-15,23:45,QUEENS,11101,40.757217,-73.93935,0.0,0.0,0,0,0,0,0,0,Driver Inattention/Distraction,Unspecified,,,,Station Wagon/Sport Utility Vehicle,Station Wagon/Sport Utility Vehicle
2019,2019-06-16,15:20,,,40.72245,-73.84626,1.0,0.0,0,0,0,0,1,0,Driver Inattention/Distraction,Unspecified,,,,Sedan,Sedan
2019,2019-06-17,1:00,,,40.828316,-73.93118,1.0,0.0,0,0,0,0,1,0,Unsafe Lane Changing,Unspecified,,,,Station Wagon/Sport Utility Vehicle,
2019,2019-06-17,10:13,BRONX,10467,40.87367,-73.879234,0.0,0.0,0,0,0,0,0,0,Following Too Closely,Unspecified,,,,Pick-up Truck,Station Wagon/Sport Utility Vehicle
2019,2019-06-17,16:28,,,40.624973,-74.14746,0.0,0.0,0,0,0,0,0,0,Backing Unsafely,Unspecified,,,,Station Wagon/Sport Utility Vehicle,
2019,2019-06-19,15:59,MANHATTAN,10010,40.740917,-73.9881,0.0,0.0,0,0,0,0,0,0,Passing Too Closely,Unspecified,,,,Station Wagon/Sport Utility Vehicle,
2019,2019-06-19,7:45,BRONX,10473,40.82201,-73.85827,5.0,0.0,0,0,0,0,5,0,Unspecified,Unspecified,,,,Station Wagon/Sport Utility Vehicle,Sedan
2019,2019-06-21,15:30,,,40.59455,-73.997574,1.0,0.0,0,0,0,0,1,0,Driver Inattention/Distraction,Unspecified,,,,Station Wagon/Sport Utility Vehicle,Station Wagon/Sport Utility Vehicle
2019,2019-06-22,22:50,,,40.77164,-73.871445,1.0,0.0,0,0,0,0,1,0,Driver Inattention/Distraction,Unspecified,,,,Station Wagon/Sport Utility Vehicle,Station Wagon/Sport Utility Vehicle
2019,2019-06-23,0:00,QUEENS,11101,40.746143,-73.94174,0.0,0.0,0,0,0,0,0,0,Unsafe Lane Changing,Unspecified,,,,Station Wagon/Sport Utility Vehicle,Station Wagon/Sport Utility Vehicle
2019,2019-06-24,16:20,MANHATTAN,10007,40.71523,-74.01334,0.0,0.0,0,0,0,0,0,0,Driver Inattention/Distraction,Unspecified,,,,Station Wagon/Sport Utility Vehicle,Station Wagon/Sport Utility Vehicle
2019,2019-06-24,8:17,QUEENS,11412,40.701122,-73.756195,2.0,0.0,0,0,0,0,2,0,Unspecified,Unspecified,,,,Sedan,Station Wagon/Sport Utility Vehicle
2019,2019-06-25,19:00,,,,,0.0,0.0,0,0,0,0,0,0,Steering Failure,Unspecified,,,,Sedan,Station Wagon/Sport Utility Vehicle
2019,2019-06-26,13:00,BROOKLYN,11236,40.648865,-73.914276,0.0,0.0,0,0,0,0,0,0,Unspecified,Unspecified,,,,Sedan,Station Wagon/Sport Utility Vehicle
2019,2019-06-26,19:40,,,40.61619,-74.13898,1.0,0.0,0,0,1,0,0,0,Failure to Yield Right-of-Way,Unspecified,,,,Sedan,Bike
2019,2019-06-26,20:35,BRONX,10463,40.87944,-73.9086,0.0,0.0,0,0,0,0,0,0,Unspecified,Unspecified,,,,Taxi,Station Wagon/Sport Utility Vehicle
2019,2019-06-26,14:00,QUEENS,11373,40.73664,-73.86584,0.0,0.0,0,0,0,0,0,0,Unspecified,Unspecified,,,,Sedan,Pick-up Truck
2019,2019-06-26,17:00,BROOKLYN,11230,40.631653,-73.957535,0.0,0.0,0,0,0,0,0,0,Unspecified,,,,,Station Wagon/Sport Utility Vehicle,
2019,2019-06-27,12:00,,,40.776398,-73.81765,0.0,0.0,0,0,0,0,0,0,Other Vehicular,Unspecified,,,,Station Wagon/Sport Utility Vehicle,Sedan
2019,2019-06-27,14:47,BRONX,10456,40.83312,-73.912155,0.0,0.0,0,0,0,0,0,0,Turning Improperly,Aggressive Driving/Road Rage,,,,Sedan,Station Wagon/Sport Utility Vehicle
2019,2019-06-27,20:55,BROOKLYN,11205,40.69571,-73.95636,0.0,0.0,0,0,0,0,0,0,Unspecified,Unspecified,,,,Station Wagon/Sport Utility Vehicle,
2019,2019-06-27,17:25,BROOKLYN,11222,40.725906,-73.9354,0.0,0.0,0,0,0,0,0,0,Following Too Closely,Following Too Closely,,,,Sedan,Box Truck
2019,2019-06-27,21:35,,,,,0.0,0.0,0,0,0,0,0,0,Unspecified,,,,,Station Wagon/Sport Utility Vehicle,
2019,2019-06-29,13:45,QUEENS,11691,40.59648,-73.75417,0.0,0.0,0,0,0,0,0,0,Driver Inattention/Distraction,Unspecified,,,,Station Wagon/Sport Utility Vehicle,Sedan
2019,2019-07-01,19:25,,,,,0.0,0.0,0,0,0,0,0,0,Following Too Closely,Unspecified,Unspecified,Unspecified,,Sedan,Sedan
2019,2019-07-01,12:40,,,,,0.0,0.0,0,0,0,0,0,0,Other Vehicular,Unsafe Lane Changing,,,,Tractor Truck Gasoline,Station Wagon/Sport Utility Vehicle
2019,2019-07-01,15:35,,,40.843678,-73.871956,0.0,0.0,0,0,0,0,0,0,Driver Inattention/Distraction,Unspecified,,,,Station Wagon/Sport Utility Vehicle,Station Wagon/Sport Utility Vehicle
2019,2019-07-02,1:20,BRONX,10451,40.824295,-73.90945,0.0,0.0,0,0,0,0,0,0,Unspecified,Unspecified,,,,Sedan,Sedan
2019,2019-07-05,14:10,,,40.75126,-73.94227,1.0,0.0,0,0,1,0,0,0,Driver Inattention/Distraction,Unspecified,,,,Sedan,Bike
2019,2019-07-05,9:10,,,40.694263,-73.95235,0.0,0.0,0,0,0,0,0,0,Unspecified,,,,,Sedan,
2019,2019-07-05,3:30,,,,,0.0,0.0,0,0,0,0,0,0,Passing or Lane Usage Improper,Unspecified,,,,Station Wagon/Sport Utility Vehicle,Taxi
2019,2019-07-07,3:00,MANHATTAN,10012,40.721046,-73.99482,0.0,0.0,0,0,0,0,0,0,Alcohol Involvement,Unspecified,Unspecified,Unspecified,Unspecified,Station Wagon/Sport Utility Vehicle,Sedan
2019,2019-07-08,17:30,BROOKLYN,11201,40.69119,-73.9978,0.0,0.0,0,0,0,0,0,0,Passing or Lane Usage Improper,Unspecified,,,,Station Wagon/Sport Utility Vehicle,Station Wagon/Sport Utility Vehicle
2019,2019-07-09,9:30,QUEENS,11354,40.77292,-73.845505,0.0,0.0,0,0,0,0,0,0,Failure to Yield Right-of-Way,Unspecified,,,,Sedan,Sedan
2019,2019-07-10,21:30,BROOKLYN,11211,40.702805,-73.9567,1.0,0.0,0,0,1,0,0,0,Pedestrian/Bicyclist/Other Pedestrian Error/Confusion,Unspecified,,,,Station Wagon/Sport Utility Vehicle,Bike
2019,2019-07-12,7:10,BRONX,10467,,,0.0,0.0,0,0,0,0,0,0,Unspecified,,,,,Station Wagon/Sport Utility Vehicle,
2019,2019-07-14,2:09,,,40.685234,-73.92654,0.0,0.0,0,0,0,0,0,0,Alcohol Involvement,Unspecified,,,,Sedan,Station Wagon/Sport Utility Vehicle
2019,2019-07-14,1:10,BROOKLYN,11219,40.632957,-73.99068,0.0,0.0,0,0,0,0,0,0,Driver Inattention/Distraction,Unspecified,,,,Station Wagon/Sport Utility Vehicle,Bike
2019,2019-07-16,9:50,,,40.777096,-73.76768,1.0,0.0,0,0,0,0,1,0,Outside Car Distraction,Unspecified,,,,Sedan,Station Wagon/Sport Utility Vehicle
2019,2019-07-19,14:30,BRONX,10460,40.834915,-73.894135,0.0,0.0,0,0,0,0,0,0,Reaction to Uninvolved Vehicle,Following Too Closely,,,,Taxi,Station Wagon/Sport Utility Vehicle
2019,2019-07-19,15:45,,,40.679745,-73.79188,0.0,0.0,0,0,0,0,0,0,Unspecified,Unspecified,,,,Sedan,Sedan
2019,2019-07-21,4:55,BROOKLYN,11237,40.69497,-73.908485,0.0,0.0,0,0,0,0,0,0,Passing Too Closely,Unspecified,Unspecified,,,Sedan,Sedan
2019,2019-07-22,9:18,,,,,3.0,0.0,0,0,0,0,3,0,Driver Inattention/Distraction,Unspecified,Unspecified,,,Sedan,Sedan
2019,2019-07-23,17:07,BRONX,10458,40.8617,-73.89139,0.0,0.0,0,0,0,0,0,0,Following Too Closely,Unspecified,,,,Sedan,Station Wagon/Sport Utility Vehicle
2019,2019-07-24,18:45,,,40.748783,-73.81279,0.0,0.0,0,0,0,0,0,0,Unspecified,,,,,Sedan,
2019,2019-07-25,17:35,QUEENS,11104,40.744686,-73.916504,1.0,0.0,0,0,1,0,0,0,Passing or Lane Usage Improper,Unspecified,,,,Station Wagon/Sport Utility Vehicle,Bike
2019,2019-07-26,6:50,BROOKLYN,11236,40.632954,-73.90416,7.0,0.0,0,0,0,0,7,0,Driver Inattention/Distraction,Unspecified,,,,Station Wagon/Sport Utility Vehicle,Sedan
2019,2019-07-26,20:10,,,40.704033,-73.81711,0.0,0.0,0,0,0,0,0,0,Unsafe Lane Changing,Unspecified,,,,Station Wagon/Sport Utility Vehicle,Sedan
2019,2019-07-28,14:40,BRONX,10470,40.89999,-73.85301,0.0,0.0,0,0,0,0,0,0,Unspecified,Unspecified,,,,Sedan,Sedan
2019,2019-07-29,14:20,QUEENS,11374,,,0.0,0.0,0,0,0,0,0,0,Driver Inattention/Distraction,Unspecified,,,,Sedan,Dump
2019,2019-07-29,20:55,MANHATTAN,10037,40.81666,-73.938995,1.0,0.0,0,0,1,0,0,0,Pedestrian/Bicyclist/Other Pedestrian Error/Confusion,Pedestrian/Bicyclist/Other Pedestrian Error/Confusion,,,,Sedan,Bike
2019,2019-07-29,14:20,,,40.702435,-73.99327,2.0,0.0,2,0,0,0,0,0,Passing or Lane Usage Improper,,,,,Van,
2019,2019-07-30,16:42,BRONX,10460,40.835716,-73.89205,0.0,0.0,0,0,0,0,0,0,Unspecified,Unspecified,,,,Station Wagon/Sport Utility Vehicle,Station Wagon/Sport Utility Vehicle
2019,2019-07-31,13:30,,,40.756317,-73.83369,0.0,0.0,0,0,0,0,0,0,Passing Too Closely,Passing Too Closely,,,,Station Wagon/Sport Utility Vehicle,Sedan
2019,2019-08-01,17:57,BRONX,10465,40.83087,-73.82639,0.0,0.0,0,0,0,0,0,0,Unspecified,Unspecified,,,,Sedan,Station Wagon/Sport Utility Vehicle
2019,2019-08-01,9:05,BROOKLYN,11236,40.64024,-73.91947,0.0,0.0,0,0,0,0,0,0,Unspecified,,,,,Sedan,
2019,2019-08-01,16:30,MANHATTAN,10065,40.764988,-73.96116,1.0,0.0,1,0,0,0,0,0,Unspecified,,,,,Station Wagon/Sport Utility Vehicle,
2019,2019-08-02,9:40,,,40.617275,-74.03359,0.0,0.0,0,0,0,0,0,0,Failure to Yield Right-of-Way,Unspecified,,,,Sedan,Sedan
2019,2019-08-03,17:00,,,,,1.0,0.0,0,0,0,0,1,0,Passing or Lane Usage Improper,,,,,Motorcycle,
2019,2019-08-07,9:25,QUEENS,11357,40.779922,-73.80601,0.0,0.0,0,0,0,0,0,0,Backing Unsafely,Unspecified,,,,Sedan,Station Wagon/Sport Utility Vehicle
2019,2019-08-07,8:47,,,,,2.0,0.0,0,0,0,0,2,0,Following Too Closely,Following Too Closely,Unspecified,,,Pick-up Truck,Station Wagon/Sport Utility Vehicle
2019,2019-08-08,17:22,BROOKLYN,11220,40.644455,-74.0183,0.0,0.0,0,0,0,0,0,0,Unsafe Lane Changing,Unspecified,,,,Station Wagon/Sport Utility Vehicle,Sedan
2019,2019-08-08,10:00,QUEENS,11427,40.72395,-73.760796,0.0,0.0,0,0,0,0,0,0,Driver Inattention/Distraction,Unspecified,,,,Sedan,Sedan
2019,2019-08-10,14:02,,,40.881935,-73.82304,0.0,0.0,0,0,0,0,0,0,Unspecified,Unspecified,,,,Station Wagon/Sport Utility Vehicle,Station Wagon/Sport Utility Vehicle
2019,2019-08-10,23:50,,,40.607445,-74.12105,1.0,0.0,0,0,0,0,1,0,Driver Inattention/Distraction,Unspecified,Unspecified,Unspecified,,Sedan,Sedan
2019,2019-08-12,18:35,,,,,0.0,0.0,0,0,0,0,0,0,Other Vehicular,Following Too Closely,,,,Taxi,Station Wagon/Sport Utility Vehicle
2019,2019-08-12,11:26,,,40.687344,-73.97985,0.0,0.0,0,0,0,0,0,0,Oversized Vehicle,Unspecified,,,,Bus,Sedan
2019,2019-08-13,14:00,MANHATTAN,10001,40.75458,-73.99915,0.0,0.0,0,0,0,0,0,0,Passing Too Closely,Unspecified,,,,Sedan,Sedan
2019,2019-08-14,1:30,,,40.82751,-73.92495,1.0,0.0,0,0,1,0,0,0,Following Too Closely,Unspecified,,,,Sedan,Bike
2019,2019-08-15,14:30,BROOKLYN,11217,40.685513,-73.97429,0.0,0.0,0,0,0,0,0,0,Unspecified,,,,,Station Wagon/Sport Utility Vehicle,
2019,2019-08-15,17:11,,,40.82538,-73.94006,0.0,0.0,0,0,0,0,0,0,Other Vehicular,Driver Inattention/Distraction,,,,Sedan,Sedan
2019,2019-08-16,1:15,MANHATTAN,10001,40.743797,-73.98902,1.0,0.0,0,0,1,0,0,0,Unspecified,,,,,Bike,
2019,2019-08-17,18:45,,,40.76155,-73.96659,0.0,0.0,0,0,0,0,0,0,Driver Inattention/Distraction,Unspecified,,,,Bus,Station Wagon/Sport Utility Vehicle
2019,2019-08-18,16:40,,,40.82325,-73.88277,0.0,0.0,0,0,0,0,0,0,Driver Inattention/Distraction,Driver Inattention/Distraction,,,,Sedan,Pick-up Truck
2019,2019-08-20,10:15,MANHATTAN,10119,40.750656,-73.99088,0.0,0.0,0,0,0,0,0,0,Passing or Lane Usage Improper,Unspecified,,,,Van,Box Truck
2019,2019-08-20,20:00,QUEENS,11419,40.68297,-73.82824,2.0,0.0,0,0,0,0,2,0,Driver Inattention/Distraction,Unspecified,Unspecified,,,Sedan,Station Wagon/Sport Utility Vehicle
2019,2019-08-21,0:10,QUEENS,11432,40.704327,-73.797714,0.0,0.0,0,0,0,0,0,0,Following Too Closely,Unspecified,,,,Sedan,Station Wagon/Sport Utility Vehicle
2019,2019-08-22,20:00,BROOKLYN,11215,40.664963,-73.98982,1.0,0.0,0,0,0,0,1,0,Passing or Lane Usage Improper,Unspecified,,,,Sedan,Station Wagon/Sport Utility Vehicle
2019,2019-08-23,15:10,BRONX,10462,,,0.0,0.0,0,0,0,0,0,0,Unspecified,Unspecified,,,,Station Wagon/Sport Utility Vehicle,Sedan
2019,2019-08-23,14:00,BRONX,10468,40.857418,-73.899956,0.0,0.0,0,0,0,0,0,0,Fatigued/Drowsy,Unspecified,,,,Sedan,Sedan
2019,2019-08-24,7:30,,,40.756985,-73.90737,0.0,0.0,0,0,0,0,0,0,Alcohol Involvement,Unspecified,,,,Station Wagon/Sport Utility Vehicle,Station Wagon/Sport Utility Vehicle
2019,2019-08-24,23:20,BRONX,10475,40.88455,-73.832344,0.0,0.0,0,0,0,0,0,0,Unsafe Speed,Failure to Yield Right-of-Way,,,,Station Wagon/Sport Utility Vehicle,Station Wagon/Sport Utility Vehicle
2019,2019-08-28,22:48,,,40.757935,-73.98557,1.0,0.0,0,0,1,0,0,0,Unspecified,Unspecified,,,,Station Wagon/Sport Utility Vehicle,E-Sco
2019,2019-08-28,17:13,BROOKLYN,11204,40.634396,-73.982025,4.0,0.0,0,0,0,0,4,0,Driver Inattention/Distraction,Driver Inattention/Distraction,,,,Station Wagon/Sport Utility Vehicle,Sedan
2019,2019-08-29,18:20,BROOKLYN,11222,40.72508,-73.9495,0.0,0.0,0,0,0,0,0,0,Passing Too Closely,Unspecified,,,,Sedan,Station Wagon/Sport Utility Vehicle
2019,2019-08-29,13:56,,,40.71795,-73.94769,0.0,0.0,0,0,0,0,0,0,Following Too Closely,Unspecified,,,,Box Truck,Box Truck
2019,2019-08-30,11:00,STATEN ISLAND,10301,40.636887,-74.086845,0.0,0.0,0,0,0,0,0,0,Backing Unsafely,Unspecified,,,,Pick-up Truck,Sedan
2019,2019-08-30,14:00,,,40.847168,-73.93394,1.0,0.0,0,0,0,0,1,0,Driver Inattention/Distraction,Following Too Closely,,,,Station Wagon/Sport Utility Vehicle,Station Wagon/Sport Utility Vehicle
2019,2019-08-31,12:50,QUEENS,11362,40.75563,-73.73907,0.0,0.0,0,0,0,0,0,0,Driver Inattention/Distraction,Unspecified,,,,Sedan,Sedan
2019,2019-09-01,23:00,MANHATTAN,10034,40.86769,-73.92122,0.0,0.0,0,0,0,0,0,0,Driver Inattention/Distraction,Driver Inattention/Distraction,,,,Sedan,Station Wagon/Sport Utility Vehicle
2019,2019-09-02,6:12,BROOKLYN,11204,40.627975,-73.97753,0.0,0.0,0,0,0,0,0,0,Alcohol Involvement,Unspecified,,,,Sedan,Sedan
2019,2019-09-03,19:48,BROOKLYN,11218,40.633152,-73.97762,0.0,0.0,0,0,0,0,0,0,Unspecified,Unspecified,,,,Sedan,Station Wagon/Sport Utility Vehicle
2019,2019-09-03,15:15,,,40.852673,-73.919106,0.0,0.0,0,0,0,0,0,0,Unspecified,Unspecified,,,,Station Wagon/Sport Utility Vehicle,Sedan
2019,2019-09-04,14:00,BROOKLYN,11219,40.62368,-73.99772,0.0,0.0,0,0,0,0,0,0,Driver Inattention/Distraction,Unspecified,,,,Station Wagon/Sport Utility Vehicle,Station Wagon/Sport Utility Vehicle
2019,2019-09-05,22:00,QUEENS,11413,40.66743,-73.74474,1.0,0.0,0,0,0,0,1,0,Unspecified,Unspecified,,,,Sedan,Motorcycle
2019,2019-09-05,16:30,QUEENS,11385,40.702557,-73.91033,1.0,0.0,0,0,0,0,1,0,Failure to Yield Right-of-Way,Unspecified,,,,Sedan,Sedan
2019,2019-09-07,15:52,,,40.81175,-73.93144,0.0,0.0,0,0,0,0,0,0,Unspecified,Unspecified,,,,Sedan,Sedan
2019,2019-09-07,16:15,MANHATTAN,10007,40.714928,-74.00795,0.0,0.0,0,0,0,0,0,0,Unspecified,Unspecified,,,,Station Wagon/Sport Utility Vehicle,Station Wagon/Sport Utility Vehicle
2019,2019-09-08,14:54,,,40.644142,-73.957924,1.0,0.0,0,0,0,0,1,0,Following Too Closely,Unspecified,,,,Sedan,Station Wagon/Sport Utility Vehicle
2019,2019-09-09,8:00,BRONX,10456,40.82839,-73.916916,0.0,0.0,0,0,0,0,0,0,Reaction to Uninvolved Vehicle,Unspecified,,,,Sedan,Garbage or Refuse
2019,2019-09-10,11:30,MANHATTAN,10031,40.82451,-73.95186,1.0,0.0,1,0,0,0,0,0,Backing Unsafely,,,,,Sedan,
2019,2019-09-11,9:00,,,40.83801,-73.87329,0.0,0.0,0,0,0,0,0,0,Driver Inattention/Distraction,Driver Inattention/Distraction,,,,Sedan,Station Wagon/Sport Utility Vehicle
2019,2019-09-12,1:45,,,40.877068,-73.906105,0.0,0.0,0,0,0,0,0,0,Passing or Lane Usage Improper,Unspecified,,,,Station Wagon/Sport Utility Vehicle,Sedan
2019,2019-09-12,8:55,,,40.66929,-73.842445,0.0,0.0,0,0,0,0,0,0,Driver Inattention/Distraction,Unspecified,,,,Station Wagon/Sport Utility Vehicle,Pick-up Truck
2019,2019-09-13,16:55,BRONX,10454,40.811653,-73.91685,0.0,0.0,0,0,0,0,0,0,Unspecified,Unspecified,,,,Sedan,Station Wagon/Sport Utility Vehicle
2019,2019-09-14,20:06,BROOKLYN,11203,40.646255,-73.93081,3.0,0.0,0,0,0,0,3,0,Traffic Control Disregarded,Unspecified,,,,Sedan,Station Wagon/Sport Utility Vehicle
2019,2019-09-15,7:52,,,,,1.0,0.0,1,0,0,0,0,0,Pedestrian/Bicyclist/Other Pedestrian Error/Confusion,,,,,Bike,
2019,2019-09-15,14:30,MANHATTAN,10036,40.75638,-73.983765,0.0,0.0,0,0,0,0,0,0,Driver Inattention/Distraction,Unspecified,,,,Sedan,Sedan
2019,2019-09-16,10:20,MANHATTAN,10012,40.72803,-74.00216,0.0,0.0,0,0,0,0,0,0,Driver Inattention/Distraction,Unspecified,,,,SANTI,Taxi
2019,2019-09-16,21:00,QUEENS,11385,40.69874,-73.90082,0.0,0.0,0,0,0,0,0,0,Failure to Yield Right-of-Way,Unspecified,,,,Station Wagon/Sport Utility Vehicle,Station Wagon/Sport Utility Vehicle
2019,2019-09-16,9:10,BROOKLYN,11203,40.654472,-73.945145,0.0,0.0,0,0,0,0,0,0,Passing or Lane Usage Improper,Unspecified,,,,Sedan,Dump
2019,2019-09-17,21:50,BROOKLYN,11228,40.6163,-74.01761,1.0,0.0,0,0,0,0,1,0,Driver Inattention/Distraction,Unspecified,,,,Moped,
2019,2019-09-17,13:10,MANHATTAN,10029,40.790558,-73.95382,0.0,0.0,0,0,0,0,0,0,Driver Inattention/Distraction,Unspecified,,,,Sedan,Sedan
2019,2019-09-20,22:00,,,40.63309,-74.16168,0.0,0.0,0,0,0,0,0,0,Alcohol Involvement,,,,,Sedan,
2019,2019-09-20,11:15,MANHATTAN,10037,40.814102,-73.940865,0.0,0.0,0,0,0,0,0,0,Unspecified,Unspecified,,,,Station Wagon/Sport Utility Vehicle,Sedan
2019,2019-09-23,8:10,MANHATTAN,10002,40.71649,-73.98484,0.0,0.0,0,0,0,0,0,0,Unspecified,Unspecified,,,,Station Wagon/Sport Utility Vehicle,Sedan
2019,2019-09-24,6:55,QUEENS,11370,40.7666,-73.89117,0.0,0.0,0,0,0,0,0,0,Passing or Lane Usage Improper,Passing or Lane Usage Improper,,,,Station Wagon/Sport Utility Vehicle,Box Truck
2019,2019-09-24,17:26,,,40.693798,-73.81156,0.0,0.0,0,0,0,0,0,0,Unsafe Lane Changing,Unspecified,,,,Sedan,Tractor Truck Diesel
2019,2019-09-24,8:35,,,40.728695,-73.95158,1.0,0.0,0,0,1,0,0,0,Unspecified,Unspecified,,,,Sedan,Bike
2019,2019-09-25,14:30,,,40.813385,-73.94511,1.0,0.0,1,0,0,0,0,0,Driver Inattention/Distraction,,,,,Sedan,
2019,2019-09-25,8:15,,,40.86177,-73.91848,0.0,0.0,0,0,0,0,0,0,Unspecified,Unspecified,,,,Sedan,
2019,2019-09-25,8:00,QUEENS,11414,40.66363,-73.83575,0.0,0.0,0,0,0,0,0,0,Failure to Yield Right-of-Way,Unspecified,,,,Sedan,Sedan
2019,2019-09-27,14:45,MANHATTAN,10017,40.752377,-73.97035,0.0,0.0,0,0,0,0,0,0,Driver Inattention/Distraction,Driver Inattention/Distraction,,,,Sedan,Box Truck
2019,2019-09-27,14:45,,,40.77077,-73.91727,0.0,0.0,0,0,0,0,0,0,Unspecified,,,,,Sedan,
2019,2019-09-27,8:20,BROOKLYN,11230,40.626602,-73.970566,0.0,0.0,0,0,0,0,0,0,Unspecified,Unspecified,,,,Sedan,Station Wagon/Sport Utility Vehicle
2019,2019-09-28,8:45,,,40.631874,-74.13238,0.0,0.0,0,0,0,0,0,0,Driver Inattention/Distraction,Unspecified,,,,Bus,Pick-up Truck
2019,2019-09-28,3:00,,,40.830112,-73.850266,1.0,0.0,0,0,0,0,1,0,Following Too Closely,Unspecified,,,,Tanker,Sedan
2019,2019-09-28,11:00,BROOKLYN,11229,40.6104,-73.9586,1.0,0.0,1,0,0,0,0,0,Glare,,,,,Station Wagon/Sport Utility Vehicle,
2019,2019-09-29,8:00,QUEENS,11427,40.732864,-73.73219,0.0,0.0,0,0,0,0,0,0,Following Too Closely,Unspecified,,,,Sedan,Station Wagon/Sport Utility Vehicle
2019,2019-09-30,13:00,,,40.585228,-73.94155,0.0,0.0,0,0,0,0,0,0,Driver Inattention/Distraction,Unspecified,Unspecified,,,Pick-up Truck,Pick-up Truck
2019,2019-10-01,19:55,BROOKLYN,11225,40.662624,-73.962875,0.0,0.0,0,0,0,0,0,0,Passing or Lane Usage Improper,Unspecified,,,,Sedan,Sedan
2019,2019-10-02,19:48,BROOKLYN,11223,40.60566,-73.966965,0.0,0.0,0,0,0,0,0,0,Unspecified,Unspecified,,,,Station Wagon/Sport Utility Vehicle,Sedan
2019,2019-10-02,8:30,,,40.75451,-73.827156,0.0,0.0,0,0,0,0,0,0,Passing Too Closely,Unspecified,,,,Flat Bed,Station Wagon/Sport Utility Vehicle
2019,2019-10-02,8:00,QUEENS,11375,40.71891,-73.8466,0.0,0.0,0,0,0,0,0,0,Unspecified,,,,,Sedan,
2019,2019-10-03,17:07,MANHATTAN,10001,40.747204,-73.99711,0.0,0.0,0,0,0,0,0,0,Unsafe Lane Changing,Unspecified,,,,Pick-up Truck,Sedan
2019,2019-10-03,1:13,MANHATTAN,10007,40.713135,-74.00407,0.0,0.0,0,0,0,0,0,0,Following Too Closely,Unspecified,,,,Station Wagon/Sport Utility Vehicle,Station Wagon/Sport Utility Vehicle
2019,2019-10-03,17:00,,,40.61249,-74.15388,0.0,0.0,0,0,0,0,0,0,Unsafe Lane Changing,Unspecified,,,,Sedan,
2019,2019-10-06,9:30,MANHATTAN,10003,40.72483,-73.988075,0.0,0.0,0,0,0,0,0,0,Driver Inattention/Distraction,Unspecified,,,,Station Wagon/Sport Utility Vehicle,
2019,2019-10-07,17:55,,,40.752434,-73.92651,0.0,0.0,0,0,0,0,0,0,Driver Inattention/Distraction,Unspecified,,,,Sedan,Sedan
2019,2019-10-07,12:45,BROOKLYN,11220,40.636288,-74.005165,0.0,0.0,0,0,0,0,0,0,Backing Unsafely,Unspecified,Unspecified,,,Sedan,Station Wagon/Sport Utility Vehicle
2019,2019-10-07,11:50,BROOKLYN,11225,40.65965,-73.95343,0.0,0.0,0,0,0,0,0,0,Following Too Closely,Unspecified,,,,Station Wagon/Sport Utility Vehicle,Sedan
2019,2019-10-08,11:46,QUEENS,11373,40.738224,-73.87313,0.0,0.0,0,0,0,0,0,0,Driver Inattention/Distraction,Unspecified,,,,Sedan,
2019,2019-10-08,16:50,BROOKLYN,11249,40.70894,-73.96416,0.0,0.0,0,0,0,0,0,0,Passenger Distraction,Unspecified,,,,Sedan,Bike
2019,2019-10-08,9:46,,,,,0.0,0.0,0,0,0,0,0,0,Other Vehicular,Passing or Lane Usage Improper,,,,Bus,Sedan
2019,2019-10-11,18:18,,,40.761353,-73.935394,0.0,0.0,0,0,0,0,0,0,Following Too Closely,Unspecified,,,,Motorscooter,Station Wagon/Sport Utility Vehicle
2019,2019-10-11,19:30,,,,,0.0,0.0,0,0,0,0,0,0,Driver Inattention/Distraction,Driver Inattention/Distraction,,,,Sedan,Sedan
2019,2019-10-11,9:29,BROOKLYN,11236,40.64832,-73.907234,0.0,0.0,0,0,0,0,0,0,Passing or Lane Usage Improper,Passing Too Closely,,,,Bus,Box Truck
2019,2019-10-11,7:38,MANHATTAN,10018,40.755,-73.98848,0.0,0.0,0,0,0,0,0,0,Following Too Closely,Unspecified,,,,Taxi,Pick-up Truck
2019,2019-10-14,12:00,BRONX,10469,40.865406,-73.853836,2.0,0.0,0,0,0,0,2,0,Traffic Control Disregarded,Unspecified,,,,Sedan,Station Wagon/Sport Utility Vehicle
2019,2019-10-14,22:12,,,40.608913,-74.15308,5.0,0.0,0,0,0,0,5,0,Driver Inattention/Distraction,Unspecified,Unspecified,,,Sedan,Station Wagon/Sport Utility Vehicle
2019,2019-10-14,15:00,BROOKLYN,11201,40.70312,-73.994225,0.0,0.0,0,0,0,0,0,0,Passing Too Closely,Other Vehicular,,,,Moped,Sedan
2019,2019-10-15,23:48,BROOKLYN,11220,40.642864,-74.01266,1.0,0.0,1,0,0,0,0,0,Failure to Yield Right-of-Way,,,,,Sedan,
2019,2019-10-16,0:33,,,40.666935,-73.782715,0.0,1.0,0,0,0,0,0,1,Illnes,,,,,Station Wagon/Sport Utility Vehicle,
2019,2019-10-16,12:05,QUEENS,11418,40.697243,-73.813324,0.0,0.0,0,0,0,0,0,0,Driver Inattention/Distraction,Unspecified,,,,Station Wagon/Sport Utility Vehicle,Sedan
2019,2019-10-17,23:30,QUEENS,11104,40.742508,-73.91788,0.0,0.0,0,0,0,0,0,0,Driver Inattention/Distraction,Driver Inattention/Distraction,,,,PK,Box Truck
2019,2019-10-18,14:20,,,,,0.0,0.0,0,0,0,0,0,0,Pedestrian/Bicyclist/Other Pedestrian Error/Confusion,,,,,Bike,
2019,2019-10-18,6:28,QUEENS,11358,40.75852,-73.80708,0.0,0.0,0,0,0,0,0,0,Unspecified,Unspecified,,,,Station Wagon/Sport Utility Vehicle,
2019,2019-10-18,3:19,BRONX,10455,40.816406,-73.91573,0.0,0.0,0,0,0,0,0,0,Failure to Yield Right-of-Way,Unspecified,,,,Sedan,Sedan
2019,2019-10-18,8:58,,,,,0.0,0.0,0,0,0,0,0,0,Following Too Closely,Unspecified,Unspecified,,,Station Wagon/Sport Utility Vehicle,Sedan
2019,2019-10-21,9:40,,,40.70543,-73.9181,0.0,0.0,0,0,0,0,0,0,Unspecified,,,,,Sedan,
2019,2019-10-21,10:40,BROOKLYN,11201,40.699703,-73.98047,0.0,0.0,0,0,0,0,0,0,Passing or Lane Usage Improper,Unspecified,,,,Sedan,Bike
2019,2019-10-22,19:00,,,40.767372,-73.950066,0.0,0.0,0,0,0,0,0,0,Unsafe Lane Changing,Unspecified,,,,Sedan,Station Wagon/Sport Utility Vehicle
2019,2019-10-22,22:38,QUEENS,11368,40.74484,-73.85225,2.0,0.0,0,0,0,0,2,0,Failure to Yield Right-of-Way,Unspecified,,,,Station Wagon/Sport Utility Vehicle,Station Wagon/Sport Utility Vehicle
2019,2019-10-22,22:30,,,40.789307,-73.943405,0.0,0.0,0,0,0,0,0,0,Driver Inattention/Distraction,Unspecified,,,,Taxi,
2019,2019-10-22,22:50,,,40.749283,-73.756645,0.0,0.0,0,0,0,0,0,0,Unsafe Speed,,,,,Pick-up Truck,
2019,2019-10-23,7:19,BROOKLYN,11208,40.680946,-73.88398,0.0,0.0,0,0,0,0,0,0,Turning Improperly,Unspecified,,,,Refrigerated Van,Bus
2019,2019-10-23,6:45,BROOKLYN,11212,40.66255,-73.90893,1.0,0.0,0,0,1,0,0,0,Following Too Closely,Unspecified,,,,Sedan,E-Sco
2019,2019-10-23,13:00,QUEENS,11414,40.663944,-73.84105,0.0,0.0,0,0,0,0,0,0,Backing Unsafely,Unspecified,,,,Sedan,Sedan
2019,2019-10-24,21:45,MANHATTAN,10016,40.743206,-73.979965,1.0,0.0,0,0,1,0,0,0,Driver Inattention/Distraction,Unspecified,,,,Bike,
2019,2019-10-24,16:05,BROOKLYN,11224,40.574894,-73.98662,0.0,0.0,0,0,0,0,0,0,Driver Inattention/Distraction,Unspecified,,,,Pick-up Truck,Station Wagon/Sport Utility Vehicle
2019,2019-10-25,9:00,QUEENS,11423,40.730194,-73.77758,0.0,0.0,0,0,0,0,0,0,Outside Car Distraction,Unspecified,,,,Sedan,Sedan
2019,2019-10-25,20:00,,,40.76732,-73.92231,0.0,0.0,0,0,0,0,0,0,Driver Inattention/Distraction,Unspecified,,,,Sedan,Sedan
2019,2019-10-26,14:30,MANHATTAN,10005,40.70523,-74.00476,0.0,0.0,0,0,0,0,0,0,Turning Improperly,Unspecified,,,,Sedan,Taxi
2019,2019-10-27,0:35,,,40.857983,-73.8618,0.0,0.0,0,0,0,0,0,0,Following Too Closely,Other Vehicular,,,,Sedan,Sedan
2019,2019-10-28,19:31,MANHATTAN,10014,40.72983,-74.010666,0.0,0.0,0,0,0,0,0,0,Passing or Lane Usage Improper,Following Too Closely,,,,Taxi,Sedan
2019,2019-10-29,8:45,,,40.8047,-73.91243,0.0,0.0,0,0,0,0,0,0,Following Too Closely,Unspecified,,,,Sedan,Pick-up Truck
2019,2019-10-31,16:00,BROOKLYN,11219,40.638245,-73.99595,0.0,0.0,0,0,0,0,0,0,Unspecified,Unspecified,,,,Station Wagon/Sport Utility Vehicle,
2019,2019-11-01,20:30,MANHATTAN,10010,40.74073,-73.981766,0.0,0.0,0,0,0,0,0,0,Unsafe Lane Changing,Unspecified,,,,Taxi,Taxi
2019,2019-11-01,15:30,MANHATTAN,10022,40.76276,-73.973465,0.0,0.0,0,0,0,0,0,0,Driver Inattention/Distraction,Failure to Yield Right-of-Way,,,,Taxi,Van
2019,2019-11-02,12:00,BRONX,10468,,,0.0,0.0,0,0,0,0,0,0,Backing Unsafely,Unspecified,,,,Sedan,Station Wagon/Sport Utility Vehicle
2019,2019-11-02,12:00,,,40.716034,-73.80663,0.0,0.0,0,0,0,0,0,0,Failure to Yield Right-of-Way,Unspecified,,,,Concrete Mixer,Station Wagon/Sport Utility Vehicle
2019,2019-11-03,14:50,BROOKLYN,11215,40.669052,-73.993034,0.0,0.0,0,0,0,0,0,0,Following Too Closely,Unspecified,,,,Station Wagon/Sport Utility Vehicle,Sedan
2019,2019-11-03,15:00,,,40.667313,-73.73926,0.0,0.0,0,0,0,0,0,0,Following Too Closely,Unspecified,Unspecified,,,Sedan,Station Wagon/Sport Utility Vehicle
2019,2019-11-04,10:50,MANHATTAN,10001,40.7466,-73.99184,0.0,0.0,0,0,0,0,0,0,Backing Unsafely,Unspecified,,,,Station Wagon/Sport Utility Vehicle,Tractor Truck Diesel
2019,2019-11-05,9:40,,,40.673103,-73.92793,0.0,0.0,0,0,0,0,0,0,Driver Inattention/Distraction,Unspecified,,,,Sedan,Box Truck
2019,2019-11-06,15:50,BRONX,10465,40.832596,-73.81872,1.0,0.0,0,0,0,0,1,0,Failure to Yield Right-of-Way,Unspecified,,,,Sedan,Station Wagon/Sport Utility Vehicle
2019,2019-11-06,17:00,BRONX,10466,40.889057,-73.84383,0.0,0.0,0,0,0,0,0,0,Unsafe Speed,Unspecified,Unspecified,,,Sedan,Sedan
2019,2019-11-08,16:30,BRONX,10460,40.842815,-73.887276,0.0,0.0,0,0,0,0,0,0,Driver Inattention/Distraction,Unspecified,,,,Station Wagon/Sport Utility Vehicle,Sedan
2019,2019-11-08,22:10,QUEENS,11360,40.785442,-73.77869,0.0,0.0,0,0,0,0,0,0,Driverless/Runaway Vehicle,Unspecified,,,,Sedan,Sedan
2019,2019-11-11,15:50,MANHATTAN,10001,40.747894,-73.989174,0.0,0.0,0,0,0,0,0,0,Turning Improperly,Unspecified,,,,Taxi,Station Wagon/Sport Utility Vehicle
2019,2019-11-12,15:18,,,40.615673,-74.16171,0.0,0.0,0,0,0,0,0,0,Driver Inattention/Distraction,Unspecified,,,,Box Truck,Pick-up Truck
2019,2019-11-12,8:40,,,40.83163,-73.92252,0.0,0.0,0,0,0,0,0,0,Unspecified,,,,,Station Wagon/Sport Utility Vehicle,
2019,2019-11-13,19:34,BRONX,10457,40.84947,-73.889244,0.0,0.0,0,0,0,0,0,0,Driver Inattention/Distraction,Driver Inattention/Distraction,,,,Sedan,Sedan
2019,2019-11-13,16:25,MANHATTAN,10001,40.74458,-73.99278,0.0,0.0,0,0,0,0,0,0,Passing Too Closely,Backing Unsafely,,,,Box Truck,Station Wagon/Sport Utility Vehicle
2019,2019-11-13,23:15,,,40.865685,-73.823425,0.0,0.0,0,0,0,0,0,0,Traffic Control Disregarded,Unspecified,,,,Station Wagon/Sport Utility Vehicle,
2019,2019-11-14,17:30,BROOKLYN,11233,40.677822,-73.91636,1.0,0.0,0,0,0,0,1,0,Unspecified,Unspecified,,,,Station Wagon/Sport Utility Vehicle,Station Wagon/Sport Utility Vehicle
2019,2019-11-15,8:30,BRONX,10472,40.83204,-73.86121,1.0,0.0,1,0,0,0,0,0,Driver Inattention/Distraction,,,,,Pick-up Truck,
2019,2019-11-15,14:08,,,40.825794,-73.86124,0.0,0.0,0,0,0,0,0,0,View Obstructed/Limited,Unspecified,,,,Dump,Station Wagon/Sport Utility Vehicle
2019,2019-11-15,12:00,BROOKLYN,11236,40.643784,-73.90218,0.0,0.0,0,0,0,0,0,0,Driver Inattention/Distraction,Driver Inattention/Distraction,,,,Sedan,Pick-up Truck
2019,2019-11-15,11:15,QUEENS,11101,40.752403,-73.92442,0.0,0.0,0,0,0,0,0,0,Oversized Vehicle,Unspecified,,,,Sedan,Box Truck
2019,2019-11-17,13:55,,,40.76896,-73.81559,0.0,0.0,0,0,0,0,0,0,Failure to Yield Right-of-Way,Failure to Yield Right-of-Way,,,,Sedan,Sedan
2019,2019-11-17,16:52,MANHATTAN,10029,40.798622,-73.94163,1.0,0.0,0,0,1,0,0,0,Turning Improperly,Driver Inattention/Distraction,,,,Sedan,Bike
2019,2019-11-17,10:45,STATEN ISLAND,10301,40.636955,-74.08325,0.0,0.0,0,0,0,0,0,0,Driver Inattention/Distraction,Unspecified,,,,Station Wagon/Sport Utility Vehicle,Station Wagon/Sport Utility Vehicle
2019,2019-11-18,23:24,BROOKLYN,11208,40.67148,-73.86334,0.0,0.0,0,0,0,0,0,0,Driver Inattention/Distraction,Unspecified,,,,Sedan,Sedan
2019,2019-11-18,23:47,BRONX,10467,40.86536,-73.87043,0.0,0.0,0,0,0,0,0,0,Other Vehicular,Other Vehicular,,,,Sedan,Taxi
2019,2019-11-18,10:27,,,40.878643,-73.871605,0.0,0.0,0,0,0,0,0,0,View Obstructed/Limited,Unspecified,,,,Station Wagon/Sport Utility Vehicle,Sedan
2019,2019-11-19,22:30,,,,,1.0,0.0,0,0,0,0,1,0,Unspecified,Unspecified,,,,Station Wagon/Sport Utility Vehicle,Station Wagon/Sport Utility Vehicle
2019,2019-11-20,6:30,MANHATTAN,10013,40.72625,-74.00374,1.0,0.0,0,0,0,0,1,0,Following Too Closely,Unspecified,,,,Station Wagon/Sport Utility Vehicle,Pick-up Truck
2019,2019-11-20,21:35,BROOKLYN,11225,40.66978,-73.94932,2.0,0.0,0,0,0,0,2,0,Following Too Closely,Unspecified,,,,Station Wagon/Sport Utility Vehicle,Sedan
2019,2019-11-22,15:15,,,40.7712,-73.83345,0.0,0.0,0,0,0,0,0,0,Driver Inattention/Distraction,Unspecified,,,,Sedan,Station Wagon/Sport Utility Vehicle
2019,2019-11-23,9:50,BROOKLYN,11222,40.7281,-73.938194,0.0,0.0,0,0,0,0,0,0,Turning Improperly,Unspecified,,,,Sedan,
2019,2019-11-24,23:54,QUEENS,11419,40.686893,-73.82145,0.0,0.0,0,0,0,0,0,0,Alcohol Involvement,Unspecified,Unspecified,Unspecified,,Taxi,Sedan
2019,2019-11-24,2:00,BROOKLYN,11236,40.634995,-73.91273,0.0,0.0,0,0,0,0,0,0,Unsafe Speed,Unspecified,,,,Sedan,Station Wagon/Sport Utility Vehicle
2019,2019-11-24,13:13,MANHATTAN,10027,40.809402,-73.95725,0.0,0.0,0,0,0,0,0,0,Unsafe Lane Changing,Driver Inattention/Distraction,,,,Sedan,Station Wagon/Sport Utility Vehicle
2019,2019-11-25,6:30,MANHATTAN,10018,40.75066,-73.987785,0.0,0.0,0,0,0,0,0,0,Unsafe Lane Changing,Unspecified,,,,Armored Truck,Taxi
2019,2019-11-25,17:30,BRONX,10456,40.831768,-73.90803,0.0,0.0,0,0,0,0,0,0,Driver Inattention/Distraction,Unspecified,,,,Sedan,Station Wagon/Sport Utility Vehicle
2019,2019-11-26,9:00,BRONX,10457,40.846863,-73.90142,0.0,0.0,0,0,0,0,0,0,Passing Too Closely,Unspecified,,,,Station Wagon/Sport Utility Vehicle,Sedan
2019,2019-11-27,6:50,,,40.753468,-73.91355,1.0,0.0,0,0,1,0,0,0,Driver Inattention/Distraction,Unspecified,,,,Bike,
2019,2019-11-28,3:49,,,40.677917,-73.93861,1.0,0.0,0,0,1,0,0,0,Driver Inattention/Distraction,Unspecified,,,,E-Bike,Sedan
2019,2019-11-28,17:30,QUEENS,11432,40.706654,-73.79803,0.0,0.0,0,0,0,0,0,0,Driver Inattention/Distraction,Unspecified,,,,Sedan,Station Wagon/Sport Utility Vehicle
2019,2019-11-29,17:45,BROOKLYN,11212,40.658966,-73.9191,0.0,0.0,0,0,0,0,0,0,Failure to Yield Right-of-Way,Unspecified,,,,Station Wagon/Sport Utility Vehicle,Station Wagon/Sport Utility Vehicle
2019,2019-11-30,20:04,,,40.69773,-73.81409,0.0,0.0,0,0,0,0,0,0,Unspecified,Unspecified,Unspecified,,,Pick-up Truck,Sedan
2019,2019-12-01,4:00,BROOKLYN,11235,40.58345,-73.950386,0.0,0.0,0,0,0,0,0,0,Unspecified,,,,,Sedan,
2019,2019-12-01,18:50,MANHATTAN,10017,40.750763,-73.97446,0.0,0.0,0,0,0,0,0,0,Pavement Slippery,Pavement Slippery,,,,Sedan,Station Wagon/Sport Utility Vehicle
2019,2019-12-03,14:50,,,40.698048,-73.97579,0.0,0.0,0,0,0,0,0,0,View Obstructed/Limited,Unspecified,,,,Station Wagon/Sport Utility Vehicle,Sedan
2019,2019-12-03,17:00,,,40.707966,-73.99975,0.0,0.0,0,0,0,0,0,0,Driver Inattention/Distraction,Unspecified,,,,Station Wagon/Sport Utility Vehicle,Station Wagon/Sport Utility Vehicle
2019,2019-12-05,14:00,QUEENS,11433,40.687687,-73.792564,3.0,0.0,0,0,0,0,3,0,Unspecified,,,,,Station Wagon/Sport Utility Vehicle,Sedan
2019,2019-12-05,12:25,BRONX,10470,40.90452,-73.84975,1.0,0.0,1,0,0,0,0,0,Driver Inattention/Distraction,,,,,Sedan,
2019,2019-12-05,7:55,MANHATTAN,10010,40.74032,-73.982086,0.0,0.0,0,0,0,0,0,0,Unspecified,Unspecified,,,,Sedan,Box Truck
2019,2019-12-06,10:00,BROOKLYN,11222,40.72378,-73.94979,0.0,0.0,0,0,0,0,0,0,Passing or Lane Usage Improper,Unspecified,,,,Station Wagon/Sport Utility Vehicle,Box Truck
2019,2019-12-07,2:03,MANHATTAN,10022,40.761803,-73.96915,0.0,0.0,0,0,0,0,0,0,Driver Inattention/Distraction,Unspecified,,,,Station Wagon/Sport Utility Vehicle,Taxi
2019,2019-12-08,16:00,QUEENS,11414,40.673805,-73.85719,0.0,0.0,0,0,0,0,0,0,Driver Inattention/Distraction,Unspecified,,,,Pick-up Truck,Sedan
2019,2019-12-09,16:55,QUEENS,11432,40.71343,-73.780594,0.0,0.0,0,0,0,0,0,0,View Obstructed/Limited,Unspecified,,,,Sedan,Station Wagon/Sport Utility Vehicle
2019,2019-12-10,14:10,BROOKLYN,11212,40.672073,-73.91135,2.0,0.0,0,0,0,0,2,0,Brakes Defective,Unspecified,Unspecified,,,Station Wagon/Sport Utility Vehicle,Bus
2019,2019-12-11,8:00,,,40.802372,-73.96431,0.0,0.0,0,0,0,0,0,0,Unspecified,Unspecified,,,,Station Wagon/Sport Utility Vehicle,Sedan
2019,2019-12-11,11:08,MANHATTAN,10065,40.764202,-73.9554,0.0,0.0,0,0,0,0,0,0,Unspecified,Unspecified,,,,Sedan,Taxi
2019,2019-12-12,10:55,MANHATTAN,10019,40.766018,-73.97708,0.0,0.0,0,0,0,0,0,0,Passing Too Closely,Unspecified,,,,Station Wagon/Sport Utility Vehicle,Stake or Rack
2019,2019-12-13,18:05,QUEENS,11368,40.752766,-73.86319,1.0,0.0,1,0,0,0,0,0,View Obstructed/Limited,,,,,Station Wagon/Sport Utility Vehicle,
2019,2019-12-13,20:30,QUEENS,11426,40.733723,-73.72516,0.0,0.0,0,0,0,0,0,0,Unspecified,Unspecified,,,,Pick-up Truck,Sedan
2019,2019-12-15,12:45,QUEENS,11413,40.665634,-73.758156,0.0,0.0,0,0,0,0,0,0,Unspecified,Unspecified,,,,Sedan,Sedan
2019,2019-12-16,17:31,QUEENS,11413,40.666393,-73.75177,1.0,0.0,0,0,0,0,1,0,Driver Inattention/Distraction,Unspecified,,,,Station Wagon/Sport Utility Vehicle,Station Wagon/Sport Utility Vehicle
2019,2019-12-17,18:50,BROOKLYN,11201,40.69365,-73.98333,0.0,0.0,0,0,0,0,0,0,Failure to Yield Right-of-Way,Unspecified,,,,Taxi,Sedan
2019,2019-12-18,16:10,QUEENS,11367,,,0.0,0.0,0,0,0,0,0,0,Driver Inattention/Distraction,Unspecified,,,,Station Wagon/Sport Utility Vehicle,Station Wagon/Sport Utility Vehicle
2019,2019-12-19,9:55,BROOKLYN,11204,40.632717,-73.98377,0.0,0.0,0,0,0,0,0,0,Unspecified,Unspecified,,,,Bus,Station Wagon/Sport Utility Vehicle
2019,2019-12-20,20:17,,,,,3.0,0.0,0,0,0,0,3,0,Driver Inattention/Distraction,Unspecified,,,,Sedan,
2019,2019-12-20,10:00,QUEENS,11372,40.74897,-73.89162,0.0,0.0,0,0,0,0,0,0,Driver Inattention/Distraction,Unspecified,Unspecified,,,Station Wagon/Sport Utility Vehicle,Taxi
2019,2019-12-21,21:00,,,40.654625,-73.84744,0.0,0.0,0,0,0,0,0,0,Driver Inattention/Distraction,Driver Inattention/Distraction,,,,Sedan,Station Wagon/Sport Utility Vehicle
2019,2019-12-21,16:08,,,40.749306,-73.86141,0.0,0.0,0,0,0,0,0,0,Driver Inattention/Distraction,Driver Inattention/Distraction,,,,Pick-up Truck,Pick-up Truck
2019,2019-12-22,17:30,,,40.6251,-74.13577,0.0,0.0,0,0,0,0,0,0,Unspecified,,,,,Station Wagon/Sport Utility Vehicle,
2019,2019-12-22,14:00,BRONX,10454,40.806797,-73.920845,0.0,0.0,0,0,0,0,0,0,Unspecified,,,,,Station Wagon/Sport Utility Vehicle,
2019,2019-12-25,17:53,MANHATTAN,10013,40.715965,-73.99831,0.0,0.0,0,0,0,0,0,0,Driver Inattention/Distraction,Unspecified,,,,Sedan,Sedan
2019,2019-12-27,22:40,MANHATTAN,10023,40.769905,-73.98057,0.0,0.0,0,0,0,0,0,0,Turning Improperly,Unspecified,,,,Station Wagon/Sport Utility Vehicle,Sedan
2019,2019-12-29,21:00,QUEENS,11413,40.66763,-73.76098,0.0,0.0,0,0,0,0,0,0,Unspecified,Unspecified,,,,Sedan,Sedan
2019,2019-12-30,10:05,QUEENS,11101,40.744026,-73.92616,0.0,0.0,0,0,0,0,0,0,Passing or Lane Usage Improper,Unspecified,,,,Station Wagon/Sport Utility Vehicle,Station Wagon/Sport Utility Vehicle
2019,2019-12-30,16:30,,,40.78503,-73.94058,2.0,0.0,0,0,0,0,2,0,Unsafe Speed,Unspecified,,,,Station Wagon/Sport Utility Vehicle,Station Wagon/Sport Utility Vehicle
2019,2019-12-31,18:30,BROOKLYN,11234,40.620815,-73.92707,1.0,0.0,0,0,0,0,1,0,Driver Inattention/Distraction,Unspecified,,,,Sedan,Carry All
2020,2020-01-02,13:00,BROOKLYN,11208,40.670074,-73.86579,0.0,0.0,0,0,0,0,0,0,Unspecified,,,,,Station Wagon/Sport Utility Vehicle,
2020,2020-01-03,18:30,,,40.658527,-73.939575,0.0,0.0,0,0,0,0,0,0,Driver Inattention/Distraction,Unspecified,,,,Station Wagon/Sport Utility Vehicle,Sedan
2020,2020-01-03,12:50,,,40.711227,-73.72826,0.0,0.0,0,0,0,0,0,0,Unspecified,Unspecified,,,,Sedan,Sedan
2020,2020-01-04,9:08,QUEENS,11101,40.734314,-73.93803,0.0,0.0,0,0,0,0,0,0,Backing Unsafely,Unspecified,,,,Station Wagon/Sport Utility Vehicle,Tow Truck / Wrecker
2020,2020-01-07,7:44,BROOKLYN,11238,40.68134,-73.96549,0.0,0.0,0,0,0,0,0,0,Unspecified,Unspecified,,,,Pick-up Truck,Pick-up Truck
2020,2020-01-07,16:07,,,40.673683,-73.92214,0.0,0.0,0,0,0,0,0,0,Other Vehicular,Unspecified,,,,Sedan,Sedan
2020,2020-01-09,5:25,,,40.703163,-73.81662,0.0,0.0,0,0,0,0,0,0,Unsafe Lane Changing,Unspecified,,,,Taxi,Box Truck
2020,2020-01-10,19:13,QUEENS,11103,40.76373,-73.91073,0.0,0.0,0,0,0,0,0,0,Unspecified,Unspecified,,,,Station Wagon/Sport Utility Vehicle,Box Truck
2020,2020-01-11,15:00,BROOKLYN,11239,40.65047,-73.884575,0.0,0.0,0,0,0,0,0,0,Unsafe Lane Changing,Unspecified,,,,Station Wagon/Sport Utility Vehicle,Station Wagon/Sport Utility Vehicle
2020,2020-01-11,15:00,BROOKLYN,11228,40.622234,-74.00901,0.0,0.0,0,0,0,0,0,0,Failure to Yield Right-of-Way,Unspecified,,,,Sedan,Station Wagon/Sport Utility Vehicle
2020,2020-01-13,18:45,MANHATTAN,10013,40.71869,-74.00622,0.0,0.0,0,0,0,0,0,0,Unspecified,,,,,Sedan,
2020,2020-01-13,0:20,,,40.742836,-73.97214,0.0,0.0,0,0,0,0,0,0,Driver Inattention/Distraction,Unspecified,,,,Station Wagon/Sport Utility Vehicle,Station Wagon/Sport Utility Vehicle
2020,2020-01-14,14:51,QUEENS,11361,40.76879,-73.7747,0.0,0.0,0,0,0,0,0,0,Failure to Yield Right-of-Way,Unspecified,,,,Sedan,Station Wagon/Sport Utility Vehicle
2020,2020-01-15,16:00,BROOKLYN,11231,40.682957,-73.99788,1.0,0.0,0,0,0,0,1,0,Traffic Control Disregarded,Unspecified,,,,Taxi,Sedan
2020,2020-01-16,18:00,,,40.687943,-73.98141,0.0,0.0,0,0,0,0,0,0,Passing Too Closely,Unspecified,,,,Sedan,Bus
2020,2020-01-17,9:05,,,40.76791,-73.92542,1.0,0.0,1,0,0,0,0,0,Backing Unsafely,,,,,Station Wagon/Sport Utility Vehicle,
2020,2020-01-17,7:00,BROOKLYN,11234,40.619316,-73.92084,0.0,0.0,0,0,0,0,0,0,Unspecified,,,,,Station Wagon/Sport Utility Vehicle,
2020,2020-01-17,17:35,,,40.692158,-73.98529,0.0,0.0,0,0,0,0,0,0,Backing Unsafely,Passing or Lane Usage Improper,,,,Sedan,Station Wagon/Sport Utility Vehicle
2020,2020-01-20,12:22,,,40.764435,-73.72269,0.0,0.0,0,0,0,0,0,0,Following Too Closely,Unspecified,,,,Station Wagon/Sport Utility Vehicle,Station Wagon/Sport Utility Vehicle
2020,2020-01-21,17:59,BRONX,10468,40.861053,-73.90646,3.0,0.0,0,0,0,0,3,0,Unspecified,Unspecified,Unspecified,,,Taxi,Taxi
2020,2020-01-21,11:15,MANHATTAN,10025,40.804832,-73.96623,0.0,0.0,0,0,0,0,0,0,Passing Too Closely,Unspecified,,,,Station Wagon/Sport Utility Vehicle,
2020,2020-01-22,7:35,QUEENS,11693,40.613453,-73.82044,0.0,0.0,0,0,0,0,0,0,Backing Unsafely,Unspecified,,,,Sedan,HINO TANK
2020,2020-01-25,17:30,BROOKLYN,11208,40.689354,-73.870674,0.0,0.0,0,0,0,0,0,0,Driver Inattention/Distraction,Unspecified,,,,Sedan,
2020,2020-01-25,23:00,,,,,0.0,0.0,0,0,0,0,0,0,Failure to Yield Right-of-Way,Failure to Yield Right-of-Way,,,,Sedan,Station Wagon/Sport Utility Vehicle
2020,2020-01-29,8:40,BROOKLYN,11213,40.665676,-73.931435,0.0,0.0,0,0,0,0,0,0,Oversized Vehicle,Passing or Lane Usage Improper,,,,Dump,Sedan
2020,2020-02-01,8:04,,,,,2.0,0.0,0,0,0,0,2,0,Fell Asleep,Unspecified,,,,Sedan,Station Wagon/Sport Utility Vehicle
2020,2020-02-01,11:30,MANHATTAN,10036,40.758022,-73.981804,0.0,0.0,0,0,0,0,0,0,Failure to Yield Right-of-Way,Unsafe Speed,,,,Sedan,Taxi
2020,2020-02-01,1:00,,,40.828976,-73.9486,0.0,0.0,0,0,0,0,0,0,Unspecified,Unspecified,,,,FDNY,Sedan
2020,2020-02-03,1:05,,,40.91013,-73.90322,0.0,0.0,0,0,0,0,0,0,Unspecified,Unspecified,,,,Sedan,Sedan
2020,2020-02-05,9:15,,,,,0.0,0.0,0,0,0,0,0,0,Unsafe Lane Changing,Unspecified,,,,Station Wagon/Sport Utility Vehicle,Station Wagon/Sport Utility Vehicle
2020,2020-02-05,6:45,,,40.786133,-73.824356,0.0,0.0,0,0,0,0,0,0,Following Too Closely,Following Too Closely,Unspecified,,,Sedan,Sedan
2020,2020-02-07,22:30,,,40.7672,-73.887825,1.0,0.0,0,0,0,0,1,0,Driver Inattention/Distraction,Driver Inattention/Distraction,,,,Sedan,Sedan
2020,2020-02-08,13:30,,,40.7549,-73.74548,0.0,0.0,0,0,0,0,0,0,Following Too Closely,Unspecified,,,,Station Wagon/Sport Utility Vehicle,Station Wagon/Sport Utility Vehicle
2020,2020-02-10,19:30,MANHATTAN,10028,40.775814,-73.9549,0.0,0.0,0,0,0,0,0,0,Driver Inattention/Distraction,Unspecified,,,,Bike,Station Wagon/Sport Utility Vehicle
2020,2020-02-10,12:56,QUEENS,11434,40.678364,-73.77949,0.0,0.0,0,0,0,0,0,0,Backing Unsafely,Unspecified,,,,Sedan,Sedan
2020,2020-02-10,17:38,QUEENS,11436,40.686104,-73.794586,2.0,0.0,1,0,0,0,1,0,Driver Inattention/Distraction,Unspecified,,,,Sedan,
2020,2020-02-10,18:31,QUEENS,11375,40.719643,-73.857864,0.0,0.0,0,0,0,0,0,0,Driver Inattention/Distraction,Unspecified,,,,Pick-up Truck,Station Wagon/Sport Utility Vehicle
2020,2020-02-11,18:30,,,40.840836,-73.87258,0.0,0.0,0,0,0,0,0,0,Reaction to Uninvolved Vehicle,Following Too Closely,,,,Sedan,Station Wagon/Sport Utility Vehicle
2020,2020-02-12,8:20,BROOKLYN,11223,40.598606,-73.97893,0.0,0.0,0,0,0,0,0,0,Driver Inattention/Distraction,Driver Inattention/Distraction,,,,Sedan,Sedan
2020,2020-02-12,10:15,QUEENS,11106,40.764347,-73.92347,0.0,0.0,0,0,0,0,0,0,Traffic Control Disregarded,Unspecified,,,,Taxi,PK
2020,2020-02-13,12:30,,,40.723274,-73.94223,0.0,0.0,0,0,0,0,0,0,Turning Improperly,Unspecified,,,,Station Wagon/Sport Utility Vehicle,Bus
2020,2020-02-14,22:42,MANHATTAN,10004,40.70413,-74.01006,1.0,0.0,1,0,0,0,0,0,Unspecified,,,,,Sedan,
2020,2020-02-14,10:50,BRONX,10457,40.838333,-73.89678,0.0,0.0,0,0,0,0,0,0,Unspecified,Unspecified,,,,Station Wagon/Sport Utility Vehicle,Station Wagon/Sport Utility Vehicle
2020,2020-02-16,23:49,,,40.761856,-73.96343,0.0,0.0,0,0,0,0,0,0,Driver Inexperience,Driver Inexperience,,,,Station Wagon/Sport Utility Vehicle,Sedan
2020,2020-02-17,3:55,,,,,0.0,0.0,0,0,0,0,0,0,Following Too Closely,Unspecified,,,,Sedan,Sedan
2020,2020-02-18,10:40,,,40.69821,-73.92406,0.0,0.0,0,0,0,0,0,0,Backing Unsafely,Unspecified,,,,Sedan,
2020,2020-02-20,11:35,,,40.701763,-73.81618,0.0,0.0,0,0,0,0,0,0,Unsafe Lane Changing,Unspecified,,,,Flat Bed,Sedan
2020,2020-02-21,10:45,BROOKLYN,11234,40.622112,-73.93401,0.0,0.0,0,0,0,0,0,0,Driver Inexperience,Unspecified,,,,Sedan,Sedan
2020,2020-02-21,12:50,,,40.844883,-73.907295,0.0,0.0,0,0,0,0,0,0,Cell Phone (hand-Held),Unspecified,,,,Sedan,
2020,2020-02-24,20:00,BROOKLYN,11211,40.71578,-73.94631,0.0,0.0,0,0,0,0,0,0,Failure to Yield Right-of-Way,Unspecified,,,,Station Wagon/Sport Utility Vehicle,Sedan
2020,2020-02-25,16:00,QUEENS,11426,40.740623,-73.72135,0.0,0.0,0,0,0,0,0,0,Unsafe Speed,Driver Inattention/Distraction,,,,Sedan,Sedan
2020,2020-02-25,17:11,BRONX,10466,40.894035,-73.84411,0.0,0.0,0,0,0,0,0,0,Following Too Closely,Unspecified,,,,Station Wagon/Sport Utility Vehicle,Sedan
2020,2020-02-25,12:56,MANHATTAN,10019,40.76411,-73.9885,0.0,0.0,0,0,0,0,0,0,Driver Inattention/Distraction,Unspecified,,,,Station Wagon/Sport Utility Vehicle,Bus
2020,2020-02-26,16:15,,,40.61074,-74.09583,0.0,0.0,0,0,0,0,0,0,Following Too Closely,Unspecified,,,,Sedan,Pick-up Truck
2020,2020-02-26,6:30,MANHATTAN,10128,40.784237,-73.947075,0.0,0.0,0,0,0,0,0,0,Unspecified,Unspecified,,,,Sedan,Bike
2020,2020-02-27,2:50,QUEENS,11358,40.757324,-73.78317,0.0,0.0,0,0,0,0,0,0,Driver Inexperience,,,,,Station Wagon/Sport Utility Vehicle,
2020,2020-02-27,18:50,MANHATTAN,10036,40.75889,-73.98579,0.0,0.0,0,0,0,0,0,0,Driver Inattention/Distraction,Driver Inattention/Distraction,,,,Taxi,Station Wagon/Sport Utility Vehicle
2020,2020-02-28,16:15,,,40.718987,-73.94635,0.0,0.0,0,0,0,0,0,0,Failure to Yield Right-of-Way,Unspecified,,,,Sedan,Station Wagon/Sport Utility Vehicle
2020,2020-02-28,23:40,,,40.582863,-73.97485,0.0,0.0,0,0,0,0,0,0,Driver Inattention/Distraction,Unspecified,Unspecified,,,Sedan,Station Wagon/Sport Utility Vehicle
2020,2020-02-29,13:00,QUEENS,11691,40.595802,-73.764656,0.0,0.0,0,0,0,0,0,0,Driver Inattention/Distraction,Unspecified,,,,Pick-up Truck,Station Wagon/Sport Utility Vehicle
2020,2020-02-29,13:00,,,40.7699,-73.91608,0.0,0.0,0,0,0,0,0,0,Unsafe Lane Changing,Unspecified,,,,Station Wagon/Sport Utility Vehicle,
2020,2020-03-02,17:45,,,40.588577,-74.16359,0.0,0.0,0,0,0,0,0,0,Oversized Vehicle,Unspecified,,,,Pick-up Truck,Sedan
2020,2020-03-02,18:00,,,40.74045,-73.844376,0.0,0.0,0,0,0,0,0,0,Driver Inattention/Distraction,Driver Inattention/Distraction,,,,Sedan,Station Wagon/Sport Utility Vehicle
2020,2020-03-03,10:15,MANHATTAN,10035,40.80641,-73.94227,0.0,0.0,0,0,0,0,0,0,Unspecified,Unspecified,,,,Station Wagon/Sport Utility Vehicle,Station Wagon/Sport Utility Vehicle
2020,2020-03-04,10:00,BROOKLYN,11232,40.66284,-73.99894,2.0,0.0,0,0,0,0,2,0,Unspecified,Unspecified,,,,Sedan,Pick-up Truck
2020,2020-03-04,18:34,BROOKLYN,11211,40.71419,-73.959496,0.0,0.0,0,0,0,0,0,0,Passing or Lane Usage Improper,Other Vehicular,,,,Box Truck,TRAILER
2020,2020-03-06,18:37,BRONX,10452,40.839603,-73.918144,1.0,0.0,0,0,0,0,1,0,Pedestrian/Bicyclist/Other Pedestrian Error/Confusion,Following Too Closely,,,,Station Wagon/Sport Utility Vehicle,Station Wagon/Sport Utility Vehicle
2020,2020-03-06,19:00,,,40.743156,-73.97213,0.0,0.0,0,0,0,0,0,0,Following Too Closely,Unspecified,,,,Station Wagon/Sport Utility Vehicle,Pick-up Truck
2020,2020-03-09,13:00,BROOKLYN,11211,40.709717,-73.95237,0.0,0.0,0,0,0,0,0,0,Driver Inattention/Distraction,Driver Inattention/Distraction,,,,Taxi,Station Wagon/Sport Utility Vehicle
2020,2020-03-10,7:48,,,,,0.0,0.0,0,0,0,0,0,0,Driver Inattention/Distraction,Unspecified,,,,Sedan,Box Truck
2020,2020-03-11,9:30,QUEENS,11379,40.712482,-73.89547,0.0,0.0,0,0,0,0,0,0,Unspecified,Unspecified,,,,Sedan,Station Wagon/Sport Utility Vehicle
2020,2020-03-12,7:50,,,40.85797,-73.87272,0.0,0.0,0,0,0,0,0,0,Driver Inattention/Distraction,Unspecified,,,,Station Wagon/Sport Utility Vehicle,Sedan
2020,2020-03-12,14:22,,,40.738194,-73.8492,0.0,0.0,0,0,0,0,0,0,Following Too Closely,Unspecified,,,,Sedan,Station Wagon/Sport Utility Vehicle
2020,2020-03-12,18:19,,,40.868015,-73.89997,0.0,0.0,0,0,0,0,0,0,Backing Unsafely,Unspecified,,,,Taxi,Station Wagon/Sport Utility Vehicle
2020,2020-03-13,0:07,,,40.843994,-73.89752,0.0,0.0,0,0,0,0,0,0,Unsafe Speed,Unspecified,,,,Sedan,Sedan
2020,2020-03-13,15:00,,,40.84519,-73.9112,0.0,0.0,0,0,0,0,0,0,Driver Inattention/Distraction,Unspecified,,,,Station Wagon/Sport Utility Vehicle,Station Wagon/Sport Utility Vehicle
2020,2020-03-16,9:00,BROOKLYN,11230,40.63038,-73.97597,0.0,0.0,0,0,0,0,0,0,Unspecified,,,,,Sedan,
2020,2020-03-16,16:30,BRONX,10474,,,0.0,0.0,0,0,0,0,0,0,Unspecified,,,,,Sedan,
2020,2020-03-18,13:14,BROOKLYN,11238,40.674416,-73.96695,1.0,0.0,0,0,0,0,1,0,Backing Unsafely,Driver Inattention/Distraction,,,,Sedan,Station Wagon/Sport Utility Vehicle
2020,2020-03-19,15:00,BROOKLYN,11229,40.602573,-73.94332,0.0,0.0,0,0,0,0,0,0,Driver Inattention/Distraction,Unspecified,,,,Station Wagon/Sport Utility Vehicle,Sedan
2020,2020-03-20,9:00,,,40.698963,-73.91864,0.0,0.0,0,0,0,0,0,0,Unspecified,,,,,Sedan,
2020,2020-03-21,13:15,QUEENS,11422,40.66697,-73.73682,0.0,0.0,0,0,0,0,0,0,Unspecified,Unspecified,,,,Station Wagon/Sport Utility Vehicle,Station Wagon/Sport Utility Vehicle
2020,2020-03-26,15:49,BRONX,10454,40.805367,-73.9219,0.0,0.0,0,0,0,0,0,0,Backing Unsafely,Unspecified,,,,Station Wagon/Sport Utility Vehicle,Van
2020,2020-03-30,23:20,,,40.69246,-73.726875,1.0,0.0,0,0,0,0,1,0,Unspecified,,,,,Station Wagon/Sport Utility Vehicle,
2020,2020-04-01,15:49,,,40.724552,-73.72452,1.0,0.0,0,0,0,0,1,0,Reaction to Uninvolved Vehicle,,,,,Sedan,
2020,2020-04-05,11:00,BROOKLYN,11236,40.64509,-73.90637,0.0,0.0,0,0,0,0,0,0,Driver Inattention/Distraction,Unspecified,Unspecified,,,Sedan,Station Wagon/Sport Utility Vehicle
2020,2020-04-11,1:00,QUEENS,11370,40.772964,-73.89233,0.0,0.0,0,0,0,0,0,0,Backing Unsafely,Unspecified,Unspecified,,,Station Wagon/Sport Utility Vehicle,Sedan
2020,2020-04-13,10:00,,,40.76573,-73.926445,0.0,0.0,0,0,0,0,0,0,Unspecified,Unspecified,Unspecified,Unspecified,,Station Wagon/Sport Utility Vehicle,Sedan
2020,2020-04-14,11:20,BROOKLYN,11226,40.648922,-73.94938,0.0,0.0,0,0,0,0,0,0,View Obstructed/Limited,Other Vehicular,,,,FDNY FIRE,Sedan
2020,2020-04-26,12:30,QUEENS,11102,40.773956,-73.926994,0.0,0.0,0,0,0,0,0,0,Backing Unsafely,Unspecified,,,,Motorcycle,
2020,2020-04-26,14:50,BRONX,10466,40.898094,-73.8546,0.0,0.0,0,0,0,0,0,0,Turning Improperly,Unsafe Speed,,,,Sedan,Sedan
2020,2020-04-27,14:25,MANHATTAN,10003,40.736546,-73.98905,1.0,0.0,0,0,0,0,1,0,Unspecified,Unspecified,,,,Sedan,Motorcycle
2020,2020-05-01,14:30,STATEN ISLAND,10306,40.578957,-74.10132,0.0,0.0,0,0,0,0,0,0,Turning Improperly,,,,,Tow Truck / Wrecker,
2020,2020-05-05,18:56,,,40.6229,-74.14943,0.0,0.0,0,0,0,0,0,0,Driver Inattention/Distraction,Unspecified,,,,Sedan,van
2020,2020-05-06,10:18,BROOKLYN,11234,40.609577,-73.906586,0.0,0.0,0,0,0,0,0,0,Backing Unsafely,Unspecified,Unspecified,Unspecified,,Station Wagon/Sport Utility Vehicle,Sedan
2020,2020-05-13,14:22,,,,,0.0,0.0,0,0,0,0,0,0,Driver Inattention/Distraction,,,,,Station Wagon/Sport Utility Vehicle,
2020,2020-05-14,13:00,BROOKLYN,11210,40.629295,-73.94609,0.0,0.0,0,0,0,0,0,0,Driver Inattention/Distraction,Unspecified,,,,Pick-up Truck,Sedan
2020,2020-05-15,18:50,BROOKLYN,11236,40.6411,-73.919464,0.0,0.0,0,0,0,0,0,0,Unspecified,,,,,Station Wagon/Sport Utility Vehicle,
2020,2020-05-18,9:17,BROOKLYN,11237,40.706947,-73.93205,0.0,0.0,0,0,0,0,0,0,Backing Unsafely,Unspecified,,,,Pick-up Truck,Tractor Truck Diesel
2020,2020-05-23,20:11,BRONX,10465,40.830956,-73.81956,0.0,0.0,0,0,0,0,0,0,Unspecified,Unspecified,,,,Fire Truck,Station Wagon/Sport Utility Vehicle
2020,2020-05-23,7:14,BROOKLYN,11226,40.646744,-73.95269,2.0,0.0,0,0,0,0,2,0,View Obstructed/Limited,Unsafe Speed,Unspecified,,,Station Wagon/Sport Utility Vehicle,Sedan
2020,2020-05-26,15:50,QUEENS,11434,40.688988,-73.78064,0.0,0.0,0,0,0,0,0,0,Unspecified,Unspecified,,,,Sedan,Station Wagon/Sport Utility Vehicle
2020,2020-05-26,13:05,,,40.66173,-73.96078,1.0,0.0,0,0,0,0,1,0,Driver Inattention/Distraction,Driver Inattention/Distraction,,,,Sedan,Sedan
2020,2020-05-29,22:45,BRONX,10457,40.846733,-73.90649,0.0,0.0,0,0,0,0,0,0,Unspecified,,,,,Sedan,
2020,2020-05-30,16:34,QUEENS,11422,40.680164,-73.733154,1.0,0.0,0,0,0,0,1,0,Unspecified,Unspecified,,,,Station Wagon/Sport Utility Vehicle,Station Wagon/Sport Utility Vehicle
2020,2020-06-01,8:33,BRONX,10460,40.84532,-73.8792,0.0,0.0,0,0,0,0,0,0,Driver Inattention/Distraction,Unspecified,,,,Sedan,E-Scooter
2020,2020-06-03,1:30,,,40.754093,-73.99209,0.0,0.0,0,0,0,0,0,0,Passing or Lane Usage Improper,Unspecified,,,,Garbage or Refuse,Station Wagon/Sport Utility Vehicle
2020,2020-06-04,17:48,,,40.84519,-73.9112,0.0,0.0,0,0,0,0,0,0,Following Too Closely,Unspecified,,,,Sedan,Sedan
2020,2020-06-08,15:50,QUEENS,11413,40.68373,-73.75127,1.0,0.0,1,0,0,0,0,0,Driver Inattention/Distraction,,,,,Station Wagon/Sport Utility Vehicle,
2020,2020-06-09,20:05,QUEENS,11436,40.667797,-73.799805,0.0,0.0,0,0,0,0,0,0,Driver Inattention/Distraction,Unspecified,,,,Station Wagon/Sport Utility Vehicle,
2020,2020-06-15,6:45,,,40.66585,-73.88392,0.0,0.0,0,0,0,0,0,0,Unspecified,,,,,Station Wagon/Sport Utility Vehicle,
2020,2020-06-16,17:00,QUEENS,11694,40.57981,-73.837204,0.0,0.0,0,0,0,0,0,0,Driver Inattention/Distraction,Unspecified,,,,PK,
2020,2020-06-16,10:00,,,40.754105,-73.72321,0.0,0.0,0,0,0,0,0,0,Fatigued/Drowsy,Unspecified,,,,Station Wagon/Sport Utility Vehicle,Sedan
2020,2020-06-17,14:09,,,40.681126,-73.96446,0.0,0.0,0,0,0,0,0,0,Unsafe Lane Changing,Unspecified,,,,Dump,Station Wagon/Sport Utility Vehicle
2020,2020-06-17,17:23,BRONX,10463,40.877525,-73.902855,0.0,0.0,0,0,0,0,0,0,Unspecified,,,,,Station Wagon/Sport Utility Vehicle,
2020,2020-06-18,14:30,MANHATTAN,10001,40.75326,-74.00383,0.0,0.0,0,0,0,0,0,0,Driver Inattention/Distraction,Unspecified,,,,Box Truck,Sedan
2020,2020-06-18,14:00,BROOKLYN,11249,40.709488,-73.9657,0.0,0.0,0,0,0,0,0,0,Backing Unsafely,Unspecified,,,,Sedan,Sedan
2020,2020-06-19,11:30,QUEENS,11413,40.68463,-73.73361,0.0,0.0,0,0,0,0,0,0,Turning Improperly,Unspecified,,,,Sedan,Station Wagon/Sport Utility Vehicle
2020,2020-06-22,11:00,BROOKLYN,11207,40.672844,-73.88943,6.0,0.0,0,0,0,0,6,0,Driver Inattention/Distraction,Unspecified,Unspecified,,,FIRETRUCK,Station Wagon/Sport Utility Vehicle
2020,2020-06-23,12:54,,,40.804054,-73.91369,3.0,0.0,0,0,0,0,3,0,Other Vehicular,,,,,Flat Bed,
2020,2020-07-03,15:30,BRONX,10451,40.819786,-73.92803,1.0,0.0,0,0,1,0,0,0,Driver Inattention/Distraction,Unspecified,,,,Sedan,Bike
2020,2020-07-03,7:50,QUEENS,11428,40.71616,-73.744774,0.0,0.0,0,0,0,0,0,0,Failure to Yield Right-of-Way,Unsafe Speed,Unspecified,,,Sedan,Sedan
2020,2020-07-03,13:56,STATEN ISLAND,10305,40.60169,-74.07661,0.0,0.0,0,0,0,0,0,0,Following Too Closely,Unspecified,,,,Station Wagon/Sport Utility Vehicle,Sedan
2020,2020-07-05,22:30,QUEENS,11368,40.755505,-73.86816,0.0,0.0,0,0,0,0,0,0,Unspecified,Unspecified,Unspecified,,,Station Wagon/Sport Utility Vehicle,Station Wagon/Sport Utility Vehicle
2020,2020-07-08,16:30,BROOKLYN,11230,40.62987,-73.977005,1.0,0.0,1,0,0,0,0,0,Unspecified,,,,,,
2020,2020-07-09,15:55,QUEENS,11416,40.682564,-73.85199,0.0,0.0,0,0,0,0,0,0,Driver Inattention/Distraction,Unspecified,,,,Sedan,
2020,2020-07-09,21:15,BROOKLYN,11213,40.672703,-73.93635,1.0,0.0,1,0,0,0,0,0,Failure to Yield Right-of-Way,,,,,Sedan,
2020,2020-07-11,19:30,QUEENS,11364,40.739746,-73.74998,0.0,0.0,0,0,0,0,0,0,Unspecified,,,,,Sedan,
2020,2020-07-15,22:50,BROOKLYN,11234,40.622692,-73.933105,0.0,0.0,0,0,0,0,0,0,Unspecified,Unspecified,,,,Sedan,Sedan
2020,2020-07-16,4:14,,,40.5433,-74.16424,1.0,0.0,0,0,0,0,1,0,Driver Inexperience,,,,,Motorcycle,
2020,2020-07-18,17:50,BRONX,10467,40.876957,-73.86514,0.0,0.0,0,0,0,0,0,0,Unspecified,,,,,Sedan,
2020,2020-07-18,19:09,BROOKLYN,11236,40.642242,-73.910774,1.0,0.0,0,0,0,0,1,0,Driver Inexperience,Unspecified,Unspecified,,,Sedan,Sedan
2020,2020-07-18,22:20,,,40.66484,-73.82229,3.0,0.0,0,0,0,0,3,0,Reaction to Uninvolved Vehicle,Following Too Closely,View Obstructed/Limited,,,Station Wagon/Sport Utility Vehicle,Sedan
2020,2020-07-22,8:00,QUEENS,11366,40.729347,-73.793236,0.0,0.0,0,0,0,0,0,0,Driver Inattention/Distraction,Driver Inattention/Distraction,,,,Station Wagon/Sport Utility Vehicle,Station Wagon/Sport Utility Vehicle
2020,2020-07-26,4:55,BROOKLYN,11233,40.676697,-73.91694,0.0,0.0,0,0,0,0,0,0,Unspecified,Unspecified,,,,Box Truck,Sedan
2020,2020-07-27,3:00,QUEENS,11101,40.745235,-73.937706,0.0,0.0,0,0,0,0,0,0,Driver Inattention/Distraction,Driver Inattention/Distraction,,,,Station Wagon/Sport Utility Vehicle,Pick-up Truck
2020,2020-07-29,18:45,,,40.80202,-73.94969,1.0,0.0,0,0,1,0,0,0,Pedestrian/Bicyclist/Other Pedestrian Error/Confusion,Pedestrian/Bicyclist/Other Pedestrian Error/Confusion,,,,Station Wagon/Sport Utility Vehicle,Bike
2020,2020-08-03,21:30,BROOKLYN,11226,40.651363,-73.96345,0.0,0.0,0,0,0,0,0,0,Unspecified,Unspecified,,,,Sedan,Sedan
2020,2020-08-04,17:45,BROOKLYN,11210,40.635204,-73.945984,0.0,0.0,0,0,0,0,0,0,Unspecified,,,,,Station Wagon/Sport Utility Vehicle,
2020,2020-08-06,16:57,,,,,1.0,0.0,0,0,0,0,1,0,Unsafe Lane Changing,Unspecified,,,,Sedan,Sedan
2020,2020-08-07,12:00,QUEENS,11429,40.708668,-73.73471,1.0,0.0,0,0,0,0,1,0,Driver Inattention/Distraction,Unspecified,,,,Sedan,Sedan
2020,2020-08-08,11:10,,,40.663906,-73.95098,1.0,0.0,0,0,1,0,0,0,Driver Inattention/Distraction,Driver Inattention/Distraction,,,,Station Wagon/Sport Utility Vehicle,Bike
2020,2020-08-08,17:45,,,40.712006,-74.005775,0.0,0.0,0,0,0,0,0,0,Unspecified,Unspecified,,,,Station Wagon/Sport Utility Vehicle,Bike
2020,2020-08-14,21:00,QUEENS,11433,40.70083,-73.78066,1.0,0.0,0,0,0,0,1,0,Driver Inattention/Distraction,Unspecified,Unspecified,,,Station Wagon/Sport Utility Vehicle,Station Wagon/Sport Utility Vehicle
2020,2020-08-15,11:50,BROOKLYN,11215,40.672153,-73.99244,1.0,0.0,0,0,1,0,0,0,Passing Too Closely,Unspecified,,,,Station Wagon/Sport Utility Vehicle,Bike
2020,2020-08-15,12:15,MANHATTAN,10009,40.722305,-73.982124,0.0,0.0,0,0,0,0,0,0,Passing Too Closely,Unspecified,,,,Sedan,
2020,2020-08-16,7:00,BROOKLYN,11212,40.65417,-73.91375,0.0,0.0,0,0,0,0,0,0,Fell Asleep,Unspecified,,,,Sedan,Station Wagon/Sport Utility Vehicle
2020,2020-08-17,1:05,STATEN ISLAND,10304,40.60111,-74.08831,1.0,0.0,1,0,0,0,0,0,Failure to Yield Right-of-Way,,,,,Station Wagon/Sport Utility Vehicle,
2020,2020-08-17,18:23,QUEENS,11385,40.698746,-73.888466,1.0,0.0,0,0,0,0,1,0,Backing Unsafely,Unspecified,,,,Station Wagon/Sport Utility Vehicle,Sedan
2020,2020-08-17,10:30,MANHATTAN,10035,40.807087,-73.94178,1.0,0.0,0,0,0,0,1,0,Unspecified,Unspecified,,,,Station Wagon/Sport Utility Vehicle,Station Wagon/Sport Utility Vehicle
2020,2020-08-20,18:05,STATEN ISLAND,10306,40.57089,-74.1479,1.0,0.0,0,0,0,0,1,0,Passing or Lane Usage Improper,Unspecified,,,,PK,Station Wagon/Sport Utility Vehicle
2020,2020-08-21,14:15,BROOKLYN,11207,40.669125,-73.893196,0.0,0.0,0,0,0,0,0,0,Unspecified,,,,,Sedan,
2020,2020-08-22,13:53,,,,,0.0,0.0,0,0,0,0,0,0,Following Too Closely,Following Too Closely,Unspecified,Unspecified,,Sedan,Sedan
2020,2020-08-22,20:30,BROOKLYN,11223,40.600964,-73.97962,0.0,0.0,0,0,0,0,0,0,Driver Inattention/Distraction,Unspecified,Unspecified,,,Station Wagon/Sport Utility Vehicle,Station Wagon/Sport Utility Vehicle
2020,2020-08-24,12:05,QUEENS,11367,40.727978,-73.81419,0.0,0.0,0,0,0,0,0,0,Pedestrian/Bicyclist/Other Pedestrian Error/Confusion,,,,,Station Wagon/Sport Utility Vehicle,
2020,2020-08-25,9:45,,,40.73639,-73.90972,1.0,0.0,0,0,0,0,1,0,Fell Asleep,Unspecified,,,,Station Wagon/Sport Utility Vehicle,Tractor Truck Diesel
2020,2020-08-25,16:48,BROOKLYN,11233,40.675987,-73.91932,1.0,0.0,0,0,1,0,0,0,Unspecified,,,,,Bike,
2020,2020-08-25,14:40,,,40.668224,-73.953445,0.0,0.0,0,0,0,0,0,0,Driver Inexperience,Unspecified,,,,Station Wagon/Sport Utility Vehicle,
2020,2020-08-27,11:25,,,40.860954,-73.92651,0.0,0.0,0,0,0,0,0,0,Failure to Keep Right,Unspecified,,,,Station Wagon/Sport Utility Vehicle,
2020,2020-09-02,14:49,,,40.805782,-73.95066,0.0,0.0,0,0,0,0,0,0,Failure to Yield Right-of-Way,Unspecified,,,,Sedan,Taxi
2020,2020-09-04,0:06,BROOKLYN,11204,40.61384,-73.981445,1.0,0.0,0,0,0,0,1,0,Driver Inattention/Distraction,,,,,Taxi,
2020,2020-09-05,0:41,BROOKLYN,11207,40.661236,-73.89267,1.0,0.0,1,0,0,0,0,0,Unspecified,,,,,Station Wagon/Sport Utility Vehicle,
2020,2020-09-07,1:15,,,40.666405,-73.802635,2.0,0.0,0,0,0,0,2,0,Driver Inattention/Distraction,Unspecified,,,,Station Wagon/Sport Utility Vehicle,
2020,2020-09-09,18:30,,,40.695415,-73.90806,1.0,0.0,0,0,0,0,1,0,Traffic Control Disregarded,Unspecified,,,,Station Wagon/Sport Utility Vehicle,electric s
2020,2020-09-15,10:04,BROOKLYN,11214,40.601948,-73.99382,0.0,0.0,0,0,0,0,0,0,Following Too Closely,Unspecified,,,,Station Wagon/Sport Utility Vehicle,Pick-up Truck
2020,2020-09-16,8:15,BROOKLYN,11201,40.698246,-73.98055,0.0,0.0,0,0,0,0,0,0,Passing or Lane Usage Improper,Unspecified,,,,Sedan,Sedan
2020,2020-09-17,23:00,MANHATTAN,10009,40.73441,-73.980286,0.0,0.0,0,0,0,0,0,0,Following Too Closely,Unspecified,,,,Sedan,Station Wagon/Sport Utility Vehicle
2020,2020-09-20,14:05,,,40.83801,-73.87329,0.0,0.0,0,0,0,0,0,0,Driver Inattention/Distraction,Unspecified,Unspecified,Unspecified,,Sedan,Sedan
2020,2020-09-24,16:27,BROOKLYN,11234,40.609978,-73.92664,0.0,0.0,0,0,0,0,0,0,Failure to Yield Right-of-Way,Unspecified,Unspecified,Unspecified,,Pick-up Truck,Sedan
2020,2020-09-25,7:15,,,40.77052,-73.91978,0.0,0.0,0,0,0,0,0,0,Traffic Control Disregarded,Unspecified,,,,Sedan,Station Wagon/Sport Utility Vehicle
2020,2020-09-25,20:42,BRONX,10459,40.818348,-73.89413,0.0,0.0,0,0,0,0,0,0,Backing Unsafely,Unspecified,,,,Station Wagon/Sport Utility Vehicle,Station Wagon/Sport Utility Vehicle
2020,2020-09-27,8:00,MANHATTAN,10001,40.74731,-73.99928,0.0,0.0,0,0,0,0,0,0,Passing Too Closely,Unspecified,Unspecified,Unspecified,,Sedan,Station Wagon/Sport Utility Vehicle
2020,2020-09-27,14:45,BRONX,10453,40.851807,-73.90683,2.0,0.0,0,0,0,0,2,0,Unsafe Speed,Driver Inattention/Distraction,,,,Sedan,Sedan
2020,2020-09-29,8:00,QUEENS,11379,40.715866,-73.89861,0.0,0.0,0,0,0,0,0,0,View Obstructed/Limited,Unspecified,,,,Sedan,Station Wagon/Sport Utility Vehicle
2020,2020-09-30,17:35,BROOKLYN,11205,40.689674,-73.96614,0.0,0.0,0,0,0,0,0,0,Driver Inattention/Distraction,Unspecified,,,,Station Wagon/Sport Utility Vehicle,Garbage or Refuse
2020,2020-09-30,8:00,BRONX,10467,40.87028,-73.878395,0.0,0.0,0,0,0,0,0,0,Backing Unsafely,,,,,Bus,Sedan
2020,2020-09-30,8:58,,,40.667477,-73.95623,1.0,0.0,0,0,0,0,1,0,Driver Inattention/Distraction,Unspecified,,,,Station Wagon/Sport Utility Vehicle,Moped
2020,2020-10-01,11:00,,,40.74702,-74.00466,2.0,0.0,0,0,0,0,2,0,Following Too Closely,Unspecified,,,,Flat Bed,Sedan
2020,2020-10-03,3:50,QUEENS,11422,40.68153,-73.72583,0.0,0.0,0,0,0,0,0,0,Outside Car Distraction,,,,,Sedan,
2020,2020-10-03,14:38,MANHATTAN,10026,,,3.0,0.0,0,0,0,0,3,0,Turning Improperly,Driver Inattention/Distraction,Unspecified,,,Van,Station Wagon/Sport Utility Vehicle
2020,2020-10-04,12:00,BRONX,10465,40.87831,-73.870155,0.0,0.0,0,0,0,0,0,0,Unsafe Lane Changing,Following Too Closely,,,,Station Wagon/Sport Utility Vehicle,Sedan
2020,2020-10-04,17:10,BRONX,10454,40.803593,-73.919785,0.0,0.0,0,0,0,0,0,0,Unspecified,Unspecified,,,,Station Wagon/Sport Utility Vehicle,Station Wagon/Sport Utility Vehicle
2020,2020-10-05,8:20,QUEENS,11423,40.718353,-73.7654,1.0,0.0,1,0,0,0,0,0,Unspecified,,,,,Sedan,
2020,2020-10-05,4:40,BROOKLYN,11208,40.665874,-73.87122,0.0,0.0,0,0,0,0,0,0,Unsafe Speed,Unspecified,Unspecified,Unspecified,,Station Wagon/Sport Utility Vehicle,Sedan
2020,2020-10-06,23:00,,,40.74407,-73.73309,0.0,0.0,0,0,0,0,0,0,Passing or Lane Usage Improper,Unspecified,,,,Sedan,fire truck
2020,2020-10-07,8:30,MANHATTAN,10012,40.725082,-73.99534,0.0,0.0,0,0,0,0,0,0,Unspecified,Unspecified,,,,Sedan,Taxi
2020,2020-10-14,17:54,BROOKLYN,11225,40.663284,-73.96096,0.0,0.0,0,0,0,0,0,0,Driver Inattention/Distraction,Driver Inattention/Distraction,,,,Bus,Sedan
2020,2020-10-16,0:00,QUEENS,11434,40.676926,-73.781525,0.0,0.0,0,0,0,0,0,0,Unspecified,,,,,Station Wagon/Sport Utility Vehicle,
2020,2020-10-16,17:30,,,40.58524,-74.093414,0.0,0.0,0,0,0,0,0,0,Unsafe Lane Changing,Unspecified,,,,Station Wagon/Sport Utility Vehicle,Station Wagon/Sport Utility Vehicle
2020,2020-10-18,14:51,BROOKLYN,11211,40.715225,-73.9445,0.0,0.0,0,0,0,0,0,0,Passing Too Closely,Passing or Lane Usage Improper,,,,Station Wagon/Sport Utility Vehicle,Bike
2020,2020-10-21,14:15,,,,,1.0,0.0,0,0,0,0,1,0,Following Too Closely,Following Too Closely,Unspecified,,,Sedan,Sedan
2020,2020-10-23,23:20,QUEENS,11411,40.693497,-73.73491,2.0,0.0,0,0,0,0,2,0,View Obstructed/Limited,Unspecified,,,,Sedan,Sedan
2020,2020-10-24,4:10,,,40.66706,-73.7392,0.0,0.0,0,0,0,0,0,0,Unsafe Speed,Unspecified,,,,Station Wagon/Sport Utility Vehicle,Sedan
2020,2020-10-26,12:00,,,40.70022,-73.96219,0.0,0.0,0,0,0,0,0,0,Following Too Closely,Unspecified,,,,Station Wagon/Sport Utility Vehicle,Station Wagon/Sport Utility Vehicle
2020,2020-10-31,23:38,,,40.677822,-73.91636,0.0,0.0,0,0,0,0,0,0,Unsafe Lane Changing,Unspecified,,,,Sedan,
2020,2020-10-31,20:21,BRONX,10452,40.843204,-73.91196,0.0,0.0,0,0,0,0,0,0,Driver Inattention/Distraction,,,,,Sedan,
2020,2020-11-01,14:12,BROOKLYN,11229,40.59487,-73.95056,1.0,0.0,0,0,0,0,1,0,Pavement Slippery,Unspecified,Unspecified,,,Station Wagon/Sport Utility Vehicle,Station Wagon/Sport Utility Vehicle
2020,2020-11-02,1:00,QUEENS,11385,40.702705,-73.87152,0.0,0.0,0,0,0,0,0,0,Unspecified,,,,,Sedan,
2020,2020-11-06,15:40,BRONX,10463,40.884716,-73.90087,0.0,0.0,0,0,0,0,0,0,Unspecified,Unspecified,,,,Station Wagon/Sport Utility Vehicle,Moped
2020,2020-11-09,13:40,BROOKLYN,11206,40.69852,-73.93382,0.0,0.0,0,0,0,0,0,0,Backing Unsafely,Unspecified,,,,Station Wagon/Sport Utility Vehicle,Station Wagon/Sport Utility Vehicle
2020,2020-11-10,18:55,BROOKLYN,11215,40.672012,-73.983955,0.0,0.0,0,0,0,0,0,0,Driver Inattention/Distraction,Driver Inattention/Distraction,,,,Sedan,E-Bike
2020,2020-11-10,0:00,BRONX,10454,40.812893,-73.92013,0.0,0.0,0,0,0,0,0,0,Failure to Yield Right-of-Way,View Obstructed/Limited,,,,Sedan,AMBULANCE
2020,2020-11-11,13:16,,,40.676445,-73.92762,1.0,0.0,0,0,1,0,0,0,Driver Inattention/Distraction,Unspecified,,,,Station Wagon/Sport Utility Vehicle,Bike
2020,2020-11-11,12:30,QUEENS,11435,40.68747,-73.794785,0.0,0.0,0,0,0,0,0,0,Driver Inattention/Distraction,Unspecified,,,,Station Wagon/Sport Utility Vehicle,Sedan
2020,2020-11-13,14:25,,,40.69578,-73.917076,0.0,0.0,0,0,0,0,0,0,Driver Inattention/Distraction,Unspecified,,,,Station Wagon/Sport Utility Vehicle,Station Wagon/Sport Utility Vehicle
2020,2020-11-15,0:15,BROOKLYN,11208,40.658173,-73.875305,1.0,0.0,1,0,0,0,0,0,Failure to Yield Right-of-Way,,,,,Sedan,
2020,2020-11-16,14:45,QUEENS,11356,40.785732,-73.853294,0.0,0.0,0,0,0,0,0,0,Passing Too Closely,Unspecified,Unspecified,,,Tractor Truck Diesel,Sedan
2020,2020-11-16,7:27,BROOKLYN,11207,40.672043,-73.89487,0.0,0.0,0,0,0,0,0,0,Driver Inattention/Distraction,Unspecified,,,,Sedan,Sedan
2020,2020-11-16,12:45,,,40.75117,-73.9152,0.0,0.0,0,0,0,0,0,0,Driver Inattention/Distraction,Unspecified,,,,Sedan,Station Wagon/Sport Utility Vehicle
2020,2020-11-17,13:20,,,40.71728,-73.95833,0.0,0.0,0,0,0,0,0,0,Reaction to Uninvolved Vehicle,Unspecified,,,,Box Truck,Sedan
2020,2020-11-17,15:55,BRONX,10475,40.8797,-73.83575,1.0,0.0,1,0,0,0,0,0,Driver Inattention/Distraction,,,,,Station Wagon/Sport Utility Vehicle,
2020,2020-11-17,11:35,BRONX,10452,40.830143,-73.92858,1.0,0.0,0,0,0,0,1,0,Turning Improperly,Unspecified,,,,Sedan,Sedan
2020,2020-11-22,16:50,BROOKLYN,11201,40.691532,-73.993744,0.0,0.0,0,0,0,0,0,0,Turning Improperly,Unspecified,Unspecified,,,Station Wagon/Sport Utility Vehicle,Sedan
2020,2020-11-24,17:22,BROOKLYN,11211,40.70576,-73.950264,0.0,0.0,0,0,0,0,0,0,Driver Inattention/Distraction,Unspecified,,,,Sedan,
2020,2020-11-25,1:00,QUEENS,11413,40.679573,-73.747734,0.0,0.0,0,0,0,0,0,0,Unspecified,,,,,Sedan,
2020,2020-11-28,11:52,BROOKLYN,11223,40.607246,-73.97375,1.0,0.0,1,0,0,0,0,0,View Obstructed/Limited,,,,,Station Wagon/Sport Utility Vehicle,
2020,2020-12-01,21:25,BROOKLYN,11201,40.692123,-73.98465,0.0,0.0,0,0,0,0,0,0,Unspecified,,,,,Sedan,
2020,2020-12-02,10:45,MANHATTAN,10017,40.753242,-73.96662,0.0,0.0,0,0,0,0,0,0,Unspecified,Unspecified,,,,Sedan,Sedan
2020,2020-12-04,19:31,BROOKLYN,11237,40.706097,-73.92902,0.0,0.0,0,0,0,0,0,0,Other Vehicular,Other Vehicular,Other Vehicular,,,Sedan,Sedan
2020,2020-12-04,19:49,,,40.66169,-73.88757,1.0,0.0,0,0,0,0,1,0,Driver Inattention/Distraction,Unspecified,,,,Station Wagon/Sport Utility Vehicle,Sedan
2020,2020-12-08,0:44,BROOKLYN,11234,40.623528,-73.91035,0.0,0.0,0,0,0,0,0,0,Unspecified,Unspecified,,,,Sedan,Sedan
2020,2020-12-12,18:30,BROOKLYN,11212,40.658966,-73.9191,0.0,0.0,0,0,0,0,0,0,Unspecified,,,,,Sedan,Sedan
2020,2020-12-13,19:18,,,40.711864,-73.955536,1.0,0.0,0,0,0,0,1,0,Other Vehicular,Following Too Closely,,,,Station Wagon/Sport Utility Vehicle,Station Wagon/Sport Utility Vehicle
2020,2020-12-13,6:56,STATEN ISLAND,10306,40.57089,-74.1479,1.0,0.0,0,0,0,0,1,0,Traffic Control Disregarded,Traffic Control Disregarded,,,,Sedan,Sedan
2020,2020-12-14,9:52,,,40.726463,-73.9771,1.0,0.0,0,0,0,0,1,0,Other Vehicular,Turning Improperly,,,,Bus,Van
2020,2020-12-15,13:54,MANHATTAN,10013,40.71654,-73.996994,0.0,0.0,0,0,0,0,0,0,Driver Inattention/Distraction,Unspecified,,,,Van,Station Wagon/Sport Utility Vehicle
2020,2020-12-15,12:42,,,40.672607,-73.89992,1.0,0.0,0,0,0,0,1,0,Unspecified,,,,,LIMO,
2020,2020-12-15,17:44,,,,,1.0,0.0,1,0,0,0,0,0,Failure to Yield Right-of-Way,,,,,Taxi,
2020,2020-12-17,0:00,BRONX,10451,40.824005,-73.917366,0.0,0.0,0,0,0,0,0,0,Following Too Closely,Unspecified,,,,Ambulance,Sedan
2020,2020-12-17,12:25,,,40.733887,-73.85268,0.0,0.0,0,0,0,0,0,0,Passing Too Closely,Unspecified,,,,Sedan,
2020,2020-12-17,9:00,,,40.709442,-73.9607,0.0,0.0,0,0,0,0,0,0,Pavement Slippery,Unspecified,,,,Station Wagon/Sport Utility Vehicle,Station Wagon/Sport Utility Vehicle
2020,2020-12-17,12:30,STATEN ISLAND,10301,40.638397,-74.08824,0.0,0.0,0,0,0,0,0,0,Pavement Slippery,Unspecified,,,,Snow Plow,Station Wagon/Sport Utility Vehicle
2020,2020-12-17,19:00,,,40.82164,-73.81668,0.0,0.0,0,0,0,0,0,0,Pavement Slippery,,,,,Station Wagon/Sport Utility Vehicle,
2020,2020-12-18,23:56,QUEENS,11434,40.681656,-73.76238,0.0,0.0,0,0,0,0,0,0,Driver Inattention/Distraction,Unspecified,Unspecified,,,Station Wagon/Sport Utility Vehicle,Station Wagon/Sport Utility Vehicle
2020,2020-12-19,8:10,,,40.8281,-73.92021,0.0,0.0,0,0,0,0,0,0,Unsafe Speed,Unspecified,,,,Sedan,
2020,2020-12-20,18:52,,,40.666306,-73.79171,0.0,0.0,0,0,0,0,0,0,Unspecified,Unspecified,,,,Sedan,Sedan
2020,2020-12-21,22:19,,,40.711033,-73.7281,0.0,0.0,0,0,0,0,0,0,Passing Too Closely,Unspecified,,,,Sedan,Sedan
2020,2020-12-22,15:00,BROOKLYN,11207,40.65775,-73.88999,1.0,0.0,1,0,0,0,0,0,Backing Unsafely,,,,,Sedan,
2020,2020-12-24,23:00,QUEENS,11422,40.66343,-73.74079,0.0,0.0,0,0,0,0,0,0,Unspecified,,,,,Sedan,Station Wagon/Sport Utility Vehicle
2020,2020-12-24,23:15,MANHATTAN,10002,40.715836,-73.9949,2.0,0.0,0,0,0,0,2,0,Driver Inattention/Distraction,Unspecified,Unspecified,,,Sedan,Sedan
2020,2020-12-25,12:01,,,40.84036,-73.91807,1.0,0.0,1,0,0,0,0,0,Unspecified,,,,,Taxi,
2020,2020-12-26,6:45,,,,,0.0,0.0,0,0,0,0,0,0,Unsafe Speed,Unspecified,,,,Station Wagon/Sport Utility Vehicle,Sedan
2020,2020-12-31,21:30,BROOKLYN,11201,40.692234,-73.987305,0.0,0.0,0,0,0,0,0,0,Unspecified,Unspecified,,,,Station Wagon/Sport Utility Vehicle,Bike
2020,2020-12-31,16:30,MANHATTAN,10003,40.735855,-73.99325,1.0,0.0,1,0,0,0,0,0,Driver Inattention/Distraction,,,,,USPS TRUCK,
2021,2021-01-07,21:22,BROOKLYN,11218,40.65391,-73.97305,4.0,0.0,0,0,0,0,4,0,Unspecified,Unspecified,,,,Sedan,Sedan
2021,2021-01-12,13:24,QUEENS,11434,40.65965,-73.773834,0.0,0.0,0,0,0,0,0,0,Following Too Closely,Unspecified,,,,Station Wagon/Sport Utility Vehicle,Station Wagon/Sport Utility Vehicle
2021,2021-01-13,7:00,QUEENS,11422,40.659714,-73.739815,0.0,0.0,0,0,0,0,0,0,Unspecified,Unspecified,,,,Sedan,Sedan
2021,2021-01-14,0:00,,,40.844105,-73.898,0.0,0.0,0,0,0,0,0,0,Following Too Closely,Backing Unsafely,,,,Sedan,Tractor Truck Diesel
2021,2021-01-14,15:23,BRONX,10456,40.826794,-73.90939,0.0,0.0,0,0,0,0,0,0,Unsafe Speed,Driver Inattention/Distraction,Unspecified,Unspecified,,Station Wagon/Sport Utility Vehicle,Sedan
2021,2021-01-17,10:15,MANHATTAN,10026,40.803753,-73.94972,0.0,0.0,0,0,0,0,0,0,Unspecified,,,,,Station Wagon/Sport Utility Vehicle,
2021,2021-01-18,15:25,,,40.73769,-73.76858,1.0,0.0,0,0,0,0,1,0,Passing or Lane Usage Improper,Unspecified,,,,Sedan,Station Wagon/Sport Utility Vehicle
2021,2021-01-19,14:25,,,40.810093,-73.95309,1.0,0.0,0,0,0,0,1,0,Driver Inattention/Distraction,Driver Inattention/Distraction,,,,Taxi,Sedan
2021,2021-01-20,19:15,BROOKLYN,11207,40.66513,-73.89991,0.0,0.0,0,0,0,0,0,0,Unsafe Speed,Unspecified,,,,Sedan,
2021,2021-01-21,21:15,BROOKLYN,11226,40.642887,-73.95454,2.0,0.0,0,0,0,0,2,0,Unspecified,Unspecified,,,,Sedan,Station Wagon/Sport Utility Vehicle
2021,2021-01-22,19:15,,,40.892128,-73.84719,1.0,0.0,0,0,0,0,1,0,Driver Inattention/Distraction,Unspecified,,,,Taxi,Sedan
2021,2021-01-24,16:24,,,,,0.0,0.0,0,0,0,0,0,0,Following Too Closely,Unspecified,,,,Station Wagon/Sport Utility Vehicle,Station Wagon/Sport Utility Vehicle
2021,2021-01-25,16:15,BRONX,10466,40.89225,-73.861404,0.0,0.0,0,0,0,0,0,0,Unspecified,,,,,Sedan,
2021,2021-01-25,12:30,BROOKLYN,11203,40.65692,-73.92596,0.0,0.0,0,0,0,0,0,0,Unspecified,Unspecified,,,,Station Wagon/Sport Utility Vehicle,
2021,2021-01-26,23:40,BROOKLYN,11214,40.605328,-73.990295,0.0,0.0,0,0,0,0,0,0,Alcohol Involvement,Unspecified,Unspecified,Unspecified,,Station Wagon/Sport Utility Vehicle,Station Wagon/Sport Utility Vehicle
2021,2021-01-26,9:09,BROOKLYN,11235,40.582027,-73.96566,0.0,0.0,0,0,0,0,0,0,Backing Unsafely,Unspecified,,,,Sedan,Box Truck
2021,2021-01-30,21:53,QUEENS,11385,40.711918,-73.91934,0.0,0.0,0,0,0,0,0,0,Steering Failure,Unspecified,Unspecified,,,Station Wagon/Sport Utility Vehicle,Station Wagon/Sport Utility Vehicle
2021,2021-02-03,10:10,QUEENS,11354,40.76316,-73.8164,0.0,0.0,0,0,0,0,0,0,Reaction to Uninvolved Vehicle,Following Too Closely,,,,Station Wagon/Sport Utility Vehicle,Station Wagon/Sport Utility Vehicle
2021,2021-02-10,22:35,BROOKLYN,11208,40.675365,-73.872246,0.0,0.0,0,0,0,0,0,0,Other Vehicular,Other Vehicular,Other Vehicular,,,Station Wagon/Sport Utility Vehicle,Sedan
2021,2021-02-11,22:45,,,40.73715,-73.930824,0.0,0.0,0,0,0,0,0,0,Driver Inattention/Distraction,Unspecified,,,,Sedan,Sedan
2021,2021-02-11,15:16,STATEN ISLAND,10305,40.611153,-74.072556,0.0,0.0,0,0,0,0,0,0,Driver Inattention/Distraction,Unspecified,,,,Sedan,Sedan
2021,2021-02-12,10:30,BRONX,10475,40.877445,-73.83338,0.0,0.0,0,0,0,0,0,0,Unspecified,,,,,Sedan,
2021,2021-02-12,0:00,,,40.586117,-73.93604,1.0,0.0,0,0,0,0,1,0,Driver Inattention/Distraction,Unspecified,,,,Station Wagon/Sport Utility Vehicle,
2021,2021-02-12,2:00,,,40.83335,-73.93524,4.0,0.0,0,0,0,0,4,0,Passing or Lane Usage Improper,Unspecified,,,,Station Wagon/Sport Utility Vehicle,Station Wagon/Sport Utility Vehicle
2021,2021-02-13,15:30,BROOKLYN,11208,40.680504,-73.8829,2.0,0.0,0,0,0,0,2,0,Unspecified,Unspecified,,,,Taxi,
2021,2021-02-14,14:50,BROOKLYN,11208,40.67468,-73.87998,0.0,0.0,0,0,0,0,0,0,Other Vehicular,Other Vehicular,,,,Station Wagon/Sport Utility Vehicle,Box Truck
2021,2021-02-14,0:35,,,40.844753,-73.90539,0.0,0.0,0,0,0,0,0,0,Following Too Closely,Unspecified,Unspecified,,,Station Wagon/Sport Utility Vehicle,Sedan
2021,2021-02-18,9:00,,,,,0.0,0.0,0,0,0,0,0,0,Unspecified,,,,,Sedan,
2021,2021-02-18,15:00,QUEENS,11101,40.74525,-73.95575,0.0,0.0,0,0,0,0,0,0,Driver Inattention/Distraction,Unspecified,,,,Sedan,
2021,2021-02-20,18:08,BROOKLYN,11206,40.70196,-73.944016,1.0,0.0,1,0,0,0,0,0,Driver Inattention/Distraction,,,,,Sedan,
2021,2021-02-20,9:45,QUEENS,11412,40.701164,-73.75023,0.0,0.0,0,0,0,0,0,0,Unspecified,Unspecified,,,,Sedan,Sedan
2021,2021-02-25,8:20,MANHATTAN,10023,40.7736,-73.98158,0.0,0.0,0,0,0,0,0,0,Other Vehicular,Driver Inattention/Distraction,,,,Station Wagon/Sport Utility Vehicle,Sedan
2021,2021-03-01,18:00,,,,,0.0,0.0,0,0,0,0,0,0,Unspecified,,,,,Sedan,
2021,2021-03-02,16:36,,,40.858986,-73.8676,1.0,0.0,0,0,0,0,1,0,Passing Too Closely,Passing Too Closely,,,,Tanker,Sedan
2021,2021-03-14,11:02,BRONX,10457,40.854313,-73.893105,0.0,0.0,0,0,0,0,0,0,Driver Inattention/Distraction,Unspecified,,,,Station Wagon/Sport Utility Vehicle,Sedan
2021,2021-03-17,22:15,STATEN ISLAND,10314,40.613525,-74.11685,0.0,0.0,0,0,0,0,0,0,Passing or Lane Usage Improper,Unspecified,,,,Sedan,Sedan
2021,2021-03-18,0:00,,,40.81172,-73.92813,0.0,0.0,0,0,0,0,0,0,Unspecified,Unspecified,,,,Taxi,Van
2021,2021-03-18,21:10,BROOKLYN,11210,0.0,0.0,0.0,0.0,0,0,0,0,0,0,Driver Inattention/Distraction,Unspecified,,,,Station Wagon/Sport Utility Vehicle,Sedan
2021,2021-03-18,11:45,BROOKLYN,11237,40.708363,-73.92401,1.0,0.0,0,0,0,0,1,0,Driver Inattention/Distraction,Unspecified,,,,Pick-up Truck,Station Wagon/Sport Utility Vehicle
2021,2021-03-22,19:00,STATEN ISLAND,10312,40.5516,-74.190155,0.0,0.0,0,0,0,0,0,0,Passing or Lane Usage Improper,Unspecified,,,,Sedan,
2021,2021-03-22,20:45,BROOKLYN,11224,40.57507,-73.98587,0.0,0.0,0,0,0,0,0,0,Drugs (illegal),Unspecified,Unspecified,Unspecified,,Sedan,Sedan
2021,2021-03-23,19:08,,,,,1.0,0.0,0,0,0,0,1,0,Driver Inattention/Distraction,Unspecified,,,,Station Wagon/Sport Utility Vehicle,Station Wagon/Sport Utility Vehicle
2021,2021-03-23,12:00,BRONX,10469,40.86766,-73.85518,0.0,0.0,0,0,0,0,0,0,Unspecified,,,,,Station Wagon/Sport Utility Vehicle,
2021,2021-03-24,1:30,MANHATTAN,10003,40.73584,-73.98189,0.0,0.0,0,0,0,0,0,0,Other Vehicular,,,,,Sedan,
2021,2021-03-26,23:50,,,,,0.0,0.0,0,0,0,0,0,0,Driver Inattention/Distraction,Unspecified,,,,Station Wagon/Sport Utility Vehicle,Sedan
2021,2021-03-26,15:18,BRONX,10458,40.851997,-73.88555,4.0,0.0,0,0,0,0,4,0,Traffic Control Disregarded,Unspecified,,,,Sedan,Sedan
2021,2021-03-26,14:00,BROOKLYN,11234,40.620865,-73.935,1.0,0.0,1,0,0,0,0,0,Driver Inattention/Distraction,,,,,Station Wagon/Sport Utility Vehicle,
2021,2021-03-27,11:00,,,40.667313,-73.73926,0.0,0.0,0,0,0,0,0,0,Unspecified,Unspecified,Unspecified,,,Station Wagon/Sport Utility Vehicle,Station Wagon/Sport Utility Vehicle
2021,2021-03-30,17:30,BROOKLYN,11236,40.646255,-73.908905,1.0,0.0,1,0,0,0,0,0,Failure to Yield Right-of-Way,,,,,Sedan,
2021,2021-03-30,18:00,,,40.6967,-73.91031,0.0,0.0,0,0,0,0,0,0,Driver Inexperience,Unspecified,,,,Station Wagon/Sport Utility Vehicle,
2021,2021-04-02,20:05,QUEENS,11432,40.713295,-73.785286,0.0,0.0,0,0,0,0,0,0,Following Too Closely,Unspecified,,,,Sedan,Sedan
2021,2021-04-03,22:04,BROOKLYN,11213,40.667755,-73.93016,0.0,0.0,0,0,0,0,0,0,Driver Inattention/Distraction,Unspecified,Unspecified,Unspecified,Unspecified,Station Wagon/Sport Utility Vehicle,Sedan
2021,2021-04-06,21:04,QUEENS,11375,40.710625,-73.8519,0.0,0.0,0,0,0,0,0,0,Physical Disability,Unspecified,,,,Station Wagon/Sport Utility Vehicle,Sedan
2021,2021-04-08,19:23,MANHATTAN,10035,40.804375,-73.93742,0.0,0.0,0,0,0,0,0,0,Other Vehicular,Unspecified,,,,AMBULANCE,Sedan
2021,2021-04-09,17:44,QUEENS,11367,40.718227,-73.81515,0.0,0.0,0,0,0,0,0,0,Driver Inattention/Distraction,Unspecified,,,,Sedan,
2021,2021-04-09,0:40,,,40.5832,-73.97304,0.0,0.0,0,0,0,0,0,0,Unsafe Speed,Unspecified,,,,Station Wagon/Sport Utility Vehicle,
2021,2021-04-09,12:05,,,40.671535,-73.957664,0.0,0.0,0,0,0,0,0,0,Driver Inattention/Distraction,Unspecified,,,,Sedan,Box Truck
2021,2021-04-10,21:00,,,40.81662,-73.86571,0.0,0.0,0,0,0,0,0,0,Unspecified,,,,,Sedan,
2021,2021-04-10,1:10,,,40.728474,-73.882614,3.0,0.0,0,0,0,0,3,0,Outside Car Distraction,Unspecified,,,,Sedan,Taxi
2021,2021-04-11,19:20,,,40.608215,-73.99809,2.0,0.0,0,0,0,0,2,0,Unsafe Speed,Unspecified,,,,Station Wagon/Sport Utility Vehicle,Sedan
2021,2021-04-13,18:30,,,40.598553,-73.997345,0.0,0.0,0,0,0,0,0,0,Driver Inattention/Distraction,Unspecified,,,,Station Wagon/Sport Utility Vehicle,
2021,2021-04-19,8:55,,,40.81766,-73.93076,0.0,0.0,0,0,0,0,0,0,Driver Inattention/Distraction,Unspecified,Unspecified,,,Sedan,Sedan
2021,2021-04-20,8:55,QUEENS,11420,40.67447,-73.8027,0.0,0.0,0,0,0,0,0,0,Following Too Closely,Unspecified,,,,Sedan,
2021,2021-04-22,17:47,,,40.826427,-73.950455,1.0,0.0,1,0,0,0,0,0,Unspecified,,,,,Station Wagon/Sport Utility Vehicle,
2021,2021-04-24,10:00,MANHATTAN,10031,40.82943,-73.94196,0.0,0.0,0,0,0,0,0,0,Passing Too Closely,Unspecified,,,,Sedan,Sedan
2021,2021-04-25,22:27,,,40.770256,-73.91586,0.0,0.0,0,0,0,0,0,0,Turning Improperly,Unspecified,,,,Station Wagon/Sport Utility Vehicle,Taxi
2021,2021-04-28,9:10,,,40.707027,-73.9236,0.0,0.0,0,0,0,0,0,0,Backing Unsafely,Unspecified,,,,Sedan,Station Wagon/Sport Utility Vehicle
2021,2021-04-28,11:30,BROOKLYN,11201,40.692024,-73.9818,1.0,0.0,0,0,1,0,0,0,Unspecified,Unspecified,,,,Station Wagon/Sport Utility Vehicle,Bike
2021,2021-04-29,9:00,BRONX,10461,40.847332,-73.831375,1.0,0.0,1,0,0,0,0,0,,,,,,,
2021,2021-05-01,20:30,QUEENS,11385,40.7122,-73.86208,1.0,0.0,0,0,0,0,1,0,Failure to Yield Right-of-Way,Unspecified,,,,Sedan,Station Wagon/Sport Utility Vehicle
2021,2021-05-02,2:10,,,,,0.0,0.0,0,0,0,0,0,0,Other Vehicular,,,,,Sedan,
2021,2021-05-03,12:15,BROOKLYN,11234,40.615795,-73.93937,2.0,0.0,0,0,0,0,2,0,Traffic Control Disregarded,Unspecified,,,,Sedan,Sedan
2021,2021-05-04,10:11,,,40.684395,-73.97835,1.0,0.0,1,0,0,0,0,0,View Obstructed/Limited,,,,,Box Truck,
2021,2021-05-06,16:45,BROOKLYN,11219,40.63216,-73.9874,2.0,0.0,0,0,0,0,2,0,Unspecified,Unspecified,,,,Station Wagon/Sport Utility Vehicle,Station Wagon/Sport Utility Vehicle
2021,2021-05-08,20:47,STATEN ISLAND,10305,,,1.0,0.0,0,0,0,0,1,0,Unsafe Lane Changing,Unspecified,Unspecified,,,Station Wagon/Sport Utility Vehicle,Sedan
2021,2021-05-11,9:42,,,,,0.0,0.0,0,0,0,0,0,0,Unspecified,,,,,Sedan,
2021,2021-05-13,15:00,,,40.854084,-73.94109,0.0,0.0,0,0,0,0,0,0,Following Too Closely,Unspecified,,,,Sedan,Station Wagon/Sport Utility Vehicle
2021,2021-05-13,20:35,BROOKLYN,11225,40.66422,-73.95846,0.0,0.0,0,0,0,0,0,0,Driver Inexperience,Unspecified,,,,Sedan,
2021,2021-05-15,12:45,,,40.767185,-73.98997,1.0,0.0,0,0,0,0,1,0,Passing or Lane Usage Improper,Unspecified,,,,Station Wagon/Sport Utility Vehicle,Box Truck
2021,2021-05-16,12:00,,,40.615692,-73.99366,0.0,0.0,0,0,0,0,0,0,Passing Too Closely,Unspecified,,,,Sedan,
2021,2021-05-17,9:00,QUEENS,11102,40.770416,-73.92553,0.0,0.0,0,0,0,0,0,0,Passing Too Closely,Unspecified,,,,Sedan,
2021,2021-05-17,12:14,MANHATTAN,10013,40.718018,-73.99996,0.0,0.0,0,0,0,0,0,0,Following Too Closely,Unspecified,,,,Sedan,
2021,2021-05-17,13:00,QUEENS,11422,40.654804,-73.726364,0.0,0.0,0,0,0,0,0,0,Unspecified,,,,,Station Wagon/Sport Utility Vehicle,
2021,2021-05-17,17:18,,,40.741074,-73.7258,0.0,0.0,0,0,0,0,0,0,Unspecified,,,,,Station Wagon/Sport Utility Vehicle,Sedan
2021,2021-05-20,6:00,BRONX,10462,40.855324,-73.86572,0.0,0.0,0,0,0,0,0,0,Driver Inattention/Distraction,Unspecified,Unspecified,,,Station Wagon/Sport Utility Vehicle,Van
2021,2021-05-21,16:20,BROOKLYN,11213,40.679523,-73.93382,3.0,0.0,0,0,0,0,3,0,Driver Inattention/Distraction,Unspecified,Unspecified,,,Sedan,Station Wagon/Sport Utility Vehicle
2021,2021-05-21,14:59,,,40.840675,-73.838394,1.0,0.0,1,0,0,0,0,0,Driver Inattention/Distraction,,,,,Sedan,
2021,2021-05-25,10:00,QUEENS,11102,40.773273,-73.92512,3.0,0.0,0,0,0,0,3,0,Backing Unsafely,Unspecified,Unspecified,,,Station Wagon/Sport Utility Vehicle,Station Wagon/Sport Utility Vehicle
2021,2021-05-25,19:40,,,40.83008,-73.85377,1.0,0.0,0,0,0,0,1,0,Unspecified,Unspecified,Unspecified,Unspecified,,Sedan,Sedan
2021,2021-05-28,20:17,,,40.715927,-73.80889,0.0,0.0,0,0,0,0,0,0,Driver Inattention/Distraction,Unspecified,,,,Station Wagon/Sport Utility Vehicle,Station Wagon/Sport Utility Vehicle
2021,2021-05-31,14:00,QUEENS,11369,40.769836,-73.87181,0.0,0.0,0,0,0,0,0,0,Driver Inattention/Distraction,Following Too Closely,Unspecified,,,Sedan,Sedan
2021,2021-06-02,0:00,BRONX,10463,40.885918,-73.91144,0.0,0.0,0,0,0,0,0,0,Unspecified,,,,,Station Wagon/Sport Utility Vehicle,
2021,2021-06-03,21:00,QUEENS,11365,40.731304,-73.8032,0.0,0.0,0,0,0,0,0,0,Driver Inattention/Distraction,Unspecified,,,,Station Wagon/Sport Utility Vehicle,
2021,2021-06-04,19:38,,,,,0.0,0.0,0,0,0,0,0,0,Unsafe Lane Changing,Unspecified,,,,Sedan,Sedan
2021,2021-06-05,18:50,BROOKLYN,11231,40.676834,-74.0108,1.0,0.0,0,0,0,0,1,0,Unsafe Speed,Unspecified,,,,Sedan,Motorcycle
2021,2021-06-08,19:30,BRONX,10463,,,0.0,0.0,0,0,0,0,0,0,Passing Too Closely,Unspecified,,,,Station Wagon/Sport Utility Vehicle,
2021,2021-06-12,20:00,,,40.691914,-73.88332,0.0,0.0,0,0,0,0,0,0,Unsafe Speed,Unspecified,,,,Sedan,Sedan
2021,2021-06-13,7:40,,,40.844173,-73.91746,1.0,0.0,0,0,0,0,1,0,Unsafe Speed,Unspecified,Unspecified,,,Sedan,Sedan
2021,2021-06-15,10:20,BROOKLYN,11207,40.675735,-73.89686,0.0,0.0,0,0,0,0,0,0,Unspecified,Unspecified,,,,Station Wagon/Sport Utility Vehicle,Station Wagon/Sport Utility Vehicle
2021,2021-06-15,9:00,MANHATTAN,10128,40.783245,-73.94473,1.0,0.0,0,0,1,0,0,0,Traffic Control Disregarded,Unspecified,,,,Sedan,Bike
2021,2021-06-15,3:04,,,40.675735,-73.89686,1.0,0.0,1,0,0,0,0,0,Unspecified,,,,,Ambulance,
2021,2021-06-16,16:25,BRONX,10466,40.89696,-73.854355,0.0,0.0,0,0,0,0,0,0,Driver Inattention/Distraction,Driver Inattention/Distraction,,,,Pick-up Truck,Sedan
2021,2021-06-17,14:47,BRONX,10451,40.826855,-73.922676,1.0,0.0,0,0,0,0,1,0,Fatigued/Drowsy,Unspecified,,,,Sedan,Sedan
2021,2021-06-21,10:38,,,40.682915,-73.94674,2.0,0.0,0,0,0,0,2,0,Lost Consciousness,Unspecified,Unspecified,Unspecified,,Station Wagon/Sport Utility Vehicle,Sedan
2021,2021-06-22,13:00,QUEENS,11373,40.73648,-73.874275,1.0,0.0,0,0,1,0,0,0,Unspecified,Unspecified,,,,Sedan,Bike
2021,2021-06-22,17:00,BROOKLYN,11220,40.637756,-74.00721,0.0,0.0,0,0,0,0,0,0,Unspecified,,,,,Station Wagon/Sport Utility Vehicle,
2021,2021-06-22,5:12,QUEENS,11105,40.776062,-73.90876,0.0,0.0,0,0,0,0,0,0,Driver Inexperience,Unspecified,Unspecified,Unspecified,,Sedan,Pick-up Truck
2021,2021-06-22,0:30,,,40.54638,-74.14727,0.0,0.0,0,0,0,0,0,0,Unsafe Speed,Unspecified,Unspecified,,,Station Wagon/Sport Utility Vehicle,Sedan
2021,2021-06-23,10:00,QUEENS,11435,40.704132,-73.815895,0.0,0.0,0,0,0,0,0,0,Unspecified,,,,,Sedan,
2021,2021-06-23,23:20,,,40.826427,-73.950455,1.0,0.0,0,0,1,0,0,0,Turning Improperly,Unspecified,,,,Station Wagon/Sport Utility Vehicle,Bike
2021,2021-06-23,19:41,,,,,3.0,0.0,0,0,0,0,3,0,Reaction to Uninvolved Vehicle,Following Too Closely,Unsafe Lane Changing,,,Sedan,Sedan
2021,2021-06-23,12:47,BROOKLYN,11217,40.674244,-73.97149,0.0,0.0,0,0,0,0,0,0,Unsafe Lane Changing,Unspecified,,,,Pick-up Truck,Sedan
2021,2021-06-24,23:20,BROOKLYN,11207,40.666294,-73.89445,1.0,0.0,1,0,0,0,0,0,Unspecified,,,,,Station Wagon/Sport Utility Vehicle,
2021,2021-06-25,10:40,BRONX,10473,40.816284,-73.8453,0.0,0.0,0,0,0,0,0,0,Unspecified,Unspecified,,,,Sedan,
2021,2021-06-26,16:15,BROOKLYN,11233,40.68061,-73.90814,1.0,0.0,1,0,0,0,0,0,Unspecified,,,,,Sedan,
2021,2021-06-27,5:15,,,40.80934,-73.91248,1.0,0.0,0,0,0,0,1,0,Alcohol Involvement,,,,,Sedan,
2021,2021-06-28,10:06,,,40.84543,-73.91399,0.0,0.0,0,0,0,0,0,0,Unsafe Speed,Other Vehicular,,,,Sedan,Ambulance
2021,2021-06-28,8:28,MANHATTAN,10075,40.77071,-73.95094,0.0,0.0,0,0,0,0,0,0,Driver Inattention/Distraction,Unspecified,Unspecified,,,Box Truck,Sedan
2021,2021-06-29,14:08,BROOKLYN,11222,40.721794,-73.94804,0.0,0.0,0,0,0,0,0,0,Unspecified,,,,,Sedan,
2021,2021-06-29,21:00,BROOKLYN,11201,40.694813,-73.98327,0.0,0.0,0,0,0,0,0,0,Passing Too Closely,Unspecified,,,,Station Wagon/Sport Utility Vehicle,
2021,2021-06-30,8:15,,,40.62147,-73.95072,0.0,0.0,0,0,0,0,0,0,Unspecified,Unspecified,,,,Sedan,Station Wagon/Sport Utility Vehicle
2021,2021-06-30,18:00,STATEN ISLAND,10308,40.56146,-74.16097,2.0,0.0,0,0,0,0,2,0,Driver Inattention/Distraction,Unspecified,,,,Sedan,Bus
2021,2021-07-01,14:30,MANHATTAN,10002,,,1.0,0.0,1,0,0,0,0,0,Unspecified,,,,,Station Wagon/Sport Utility Vehicle,
2021,2021-07-01,13:24,BROOKLYN,11222,40.72169,-73.9429,0.0,0.0,0,0,0,0,0,0,Backing Unsafely,Unspecified,,,,Station Wagon/Sport Utility Vehicle,Van
2021,2021-07-07,11:30,,,40.783245,-73.94473,4.0,0.0,0,0,0,0,4,0,Unsafe Lane Changing,Driver Inattention/Distraction,,,,Station Wagon/Sport Utility Vehicle,Sedan
2021,2021-07-07,11:10,,,40.740982,-73.946304,0.0,0.0,0,0,0,0,0,0,Driver Inattention/Distraction,Unspecified,,,,Station Wagon/Sport Utility Vehicle,Station Wagon/Sport Utility Vehicle
2021,2021-07-07,17:55,BRONX,10459,40.820515,-73.89998,1.0,0.0,0,0,1,0,0,0,Unspecified,Unspecified,,,,Station Wagon/Sport Utility Vehicle,Bike
2021,2021-07-08,2:05,BROOKLYN,11203,40.662575,-73.93448,0.0,0.0,0,0,0,0,0,0,Driver Inattention/Distraction,Driver Inattention/Distraction,,,,Sedan,Station Wagon/Sport Utility Vehicle
2021,2021-07-09,15:55,,,,,0.0,0.0,0,0,0,0,0,0,Following Too Closely,Unspecified,,,,Sedan,E-Scooter
2021,2021-07-10,11:57,QUEENS,11420,40.669243,-73.80679,0.0,0.0,0,0,0,0,0,0,Passing or Lane Usage Improper,Unspecified,,,,Sedan,
2021,2021-07-11,21:00,,,40.678364,-73.77949,0.0,0.0,0,0,0,0,0,0,Driver Inexperience,Driver Inexperience,,,,Sedan,Sedan
2021,2021-07-13,18:00,BROOKLYN,11212,40.673042,-73.909096,0.0,0.0,0,0,0,0,0,0,Unspecified,Unspecified,Unspecified,,,Sedan,Sedan
2021,2021-07-14,20:47,,,,,0.0,0.0,0,0,0,0,0,0,Driver Inattention/Distraction,Unspecified,,,,Station Wagon/Sport Utility Vehicle,Station Wagon/Sport Utility Vehicle
2021,2021-07-17,12:00,,,40.8077723,-73.9454833,0.0,0.0,0,0,0,0,0,0,Unspecified,Unspecified,,,,Sedan,Sedan
2021,2021-07-21,12:40,BROOKLYN,11214,40.607258,-74.00265,1.0,0.0,0,0,0,0,0,0,Driver Inattention/Distraction,,,,,E-Scooter,
2021,2021-07-21,17:05,,,,,0.0,0.0,0,0,0,0,0,0,Passing or Lane Usage Improper,Unspecified,,,,Pick-up Truck,
2021,2021-07-22,10:40,,,40.729355,-73.86023,1.0,0.0,1,0,0,0,0,0,Driver Inattention/Distraction,,,,,Station Wagon/Sport Utility Vehicle,
2021,2021-07-23,14:51,STATEN ISLAND,10309,40.519623,-74.220146,1.0,0.0,0,0,0,0,1,0,Passing or Lane Usage Improper,Unspecified,Unspecified,,,Station Wagon/Sport Utility Vehicle,Sedan
2021,2021-07-25,16:40,,,40.610214,-74.1202,0.0,0.0,0,0,0,0,0,0,Driver Inexperience,,,,,Motorcycle,
2021,2021-07-26,6:03,BRONX,10460,40.835938,-73.86697,0.0,0.0,0,0,0,0,0,0,Unspecified,,,,,Sedan,
2021,2021-07-27,14:26,MANHATTAN,10002,40.718002,-73.98659,0.0,0.0,0,0,0,0,0,0,Traffic Control Disregarded,,,,,Van,
2021,2021-07-28,8:44,,,,,0.0,0.0,0,0,0,0,0,0,Unspecified,,,,,Sedan,
2021,2021-07-28,14:40,,,40.679035,-73.938515,0.0,0.0,0,0,0,0,0,0,Driver Inattention/Distraction,Driver Inattention/Distraction,,,,Box Truck,Sedan
2021,2021-07-29,21:00,QUEENS,11432,40.71071,-73.793045,1.0,0.0,1,0,0,0,0,0,Pedestrian/Bicyclist/Other Pedestrian Error/Confusion,,,,,Sedan,
2021,2021-07-30,16:00,BROOKLYN,11236,40.647068,-73.91492,0.0,0.0,0,0,0,0,0,0,Unspecified,,,,,Sedan,
2021,2021-07-30,22:00,STATEN ISLAND,10301,40.644756,-74.099724,1.0,0.0,0,0,1,0,0,0,Unspecified,Unspecified,,,,Pick-up Truck,E-Bike
2021,2021-08-01,19:20,,,,,1.0,0.0,0,0,1,0,0,0,Failure to Yield Right-of-Way,Unspecified,,,,Station Wagon/Sport Utility Vehicle,Bike
2021,2021-08-03,17:30,MANHATTAN,10036,40.7591,-73.99214,0.0,0.0,0,0,0,0,0,0,Unspecified,Unspecified,,,,Sedan,Sedan
2021,2021-08-04,6:30,,,40.845005,-73.90741,1.0,0.0,0,0,0,0,1,0,Unsafe Lane Changing,Unspecified,,,,Sedan,Sedan
2021,2021-08-04,14:19,BROOKLYN,11220,40.641113,-74.003716,0.0,0.0,0,0,0,0,0,0,Unspecified,Unspecified,,,,Station Wagon/Sport Utility Vehicle,Sedan
2021,2021-08-04,21:15,,,40.66735,-73.76994,0.0,0.0,0,0,0,0,0,0,Unspecified,Unspecified,,,,Station Wagon/Sport Utility Vehicle,Sedan
2021,2021-08-05,9:30,BROOKLYN,11222,40.723774,-73.93754,0.0,0.0,0,0,0,0,0,0,Turning Improperly,Turning Improperly,,,,Van,Box Truck
2021,2021-08-06,15:30,,,,,2.0,0.0,0,0,0,0,2,0,Driver Inattention/Distraction,Unspecified,,,,Bus,
2021,2021-08-08,16:10,STATEN ISLAND,10306,40.577946,-74.102325,4.0,0.0,0,0,0,0,4,0,Failure to Yield Right-of-Way,Unspecified,,,,Sedan,Sedan
2021,2021-08-11,16:00,QUEENS,11426,40.724495,-73.72775,0.0,0.0,0,0,0,0,0,0,Unspecified,Unspecified,,,,Sedan,Station Wagon/Sport Utility Vehicle
2021,2021-08-13,23:30,QUEENS,11373,40.73599,-73.86551,0.0,0.0,0,0,0,0,0,0,Driver Inattention/Distraction,Unspecified,,,,Sedan,E-Scooter
2021,2021-08-13,14:26,BRONX,10463,40.875057,-73.91234,0.0,0.0,0,0,0,0,0,0,Unspecified,Unspecified,,,,Sedan,
2021,2021-08-15,20:24,QUEENS,11357,0.0,0.0,1.0,0.0,0,0,0,0,1,0,Failure to Yield Right-of-Way,Unspecified,,,,Sedan,Sedan
2021,2021-08-15,21:34,BROOKLYN,11230,40.632988,-73.97214,1.0,0.0,0,0,0,0,1,0,Backing Unsafely,Unspecified,,,,Station Wagon/Sport Utility Vehicle,Station Wagon/Sport Utility Vehicle
2021,2021-08-16,7:54,BROOKLYN,11238,40.682816,-73.96578,0.0,0.0,0,0,0,0,0,0,Unspecified,,,,,Sedan,
2021,2021-08-16,19:00,QUEENS,11377,40.740852,-73.91632,0.0,0.0,0,0,0,0,0,0,Driver Inattention/Distraction,Backing Unsafely,,,,Station Wagon/Sport Utility Vehicle,Sedan
2021,2021-08-18,16:30,BROOKLYN,11206,40.6997,-73.94425,1.0,0.0,0,0,0,0,0,0,Unspecified,,,,,E-Bike,
2021,2021-08-19,8:22,BROOKLYN,11222,40.722652,-73.94817,0.0,0.0,0,0,0,0,0,0,Failure to Yield Right-of-Way,Unspecified,,,,Sedan,Pick-up Truck
2021,2021-08-20,15:48,MANHATTAN,10035,40.797924,-73.9296,0.0,0.0,0,0,0,0,0,0,Driver Inattention/Distraction,Unspecified,,,,Sedan,Sedan
2021,2021-08-23,18:35,,,40.60455,-73.94752,2.0,0.0,0,0,0,0,2,0,Unspecified,Unspecified,,,,Sedan,Sedan
2021,2021-08-25,9:20,,,40.71738,-73.99131,1.0,0.0,1,0,0,0,0,0,Failure to Yield Right-of-Way,,,,,Station Wagon/Sport Utility Vehicle,
2021,2021-08-25,9:35,BROOKLYN,11207,40.6576,-73.889885,0.0,0.0,0,0,0,0,0,0,Unspecified,Unspecified,,,,Station Wagon/Sport Utility Vehicle,Station Wagon/Sport Utility Vehicle
2021,2021-08-27,20:30,BROOKLYN,11207,40.65906,-73.88459,0.0,0.0,0,0,0,0,0,0,Unspecified,,,,,Station Wagon/Sport Utility Vehicle,
2021,2021-08-27,13:00,,,40.64094,-73.96051,0.0,0.0,0,0,0,0,0,0,Unspecified,Unspecified,,,,Sedan,
2021,2021-08-28,16:53,,,40.80467,-73.93219,3.0,0.0,0,0,0,0,3,0,Driver Inattention/Distraction,Unspecified,Unspecified,,,Sedan,Station Wagon/Sport Utility Vehicle
2021,2021-08-29,15:01,BROOKLYN,11230,40.63311,-73.97217,1.0,0.0,0,0,0,0,1,0,Unsafe Lane Changing,Unspecified,,,,Sedan,Station Wagon/Sport Utility Vehicle
2021,2021-08-29,3:00,BROOKLYN,11208,40.681293,-73.87768,0.0,0.0,0,0,0,0,0,0,Aggressive Driving/Road Rage,Unspecified,,,,Station Wagon/Sport Utility Vehicle,Sedan
2021,2021-08-31,19:05,BROOKLYN,11235,40.583374,-73.95126,0.0,0.0,0,0,0,0,0,0,Unspecified,Unspecified,,,,Sedan,Station Wagon/Sport Utility Vehicle
2021,2021-08-31,5:30,BROOKLYN,11225,40.664513,-73.9538,0.0,0.0,0,0,0,0,0,0,Driver Inattention/Distraction,Unspecified,,,,Box Truck,Sedan
2021,2021-09-01,9:50,MANHATTAN,10016,40.74074,-73.97601,0.0,0.0,0,0,0,0,0,0,Unspecified,Unspecified,,,,Station Wagon/Sport Utility Vehicle,Station Wagon/Sport Utility Vehicle
2021,2021-09-01,19:02,BROOKLYN,11205,40.694214,-73.95932,1.0,0.0,1,0,0,0,0,0,Failure to Yield Right-of-Way,,,,,Station Wagon/Sport Utility Vehicle,
2021,2021-09-01,21:15,BROOKLYN,11217,,,1.0,0.0,1,0,0,0,0,0,Failure to Yield Right-of-Way,,,,,Sedan,
2021,2021-09-03,20:37,QUEENS,11434,40.66743,-73.76676,0.0,0.0,0,0,0,0,0,0,Following Too Closely,Unspecified,,,,Sedan,Sedan
2021,2021-09-06,18:00,,,40.700123,-73.91632,0.0,0.0,0,0,0,0,0,0,Driver Inattention/Distraction,Unspecified,Unspecified,Unspecified,,Sedan,Sedan
2021,2021-09-07,18:10,,,40.737682,-73.85206,0.0,0.0,0,0,0,0,0,0,Following Too Closely,Unspecified,,,,Station Wagon/Sport Utility Vehicle,Sedan
2021,2021-09-10,12:30,BROOKLYN,11207,40.66819,-73.88454,1.0,0.0,0,0,0,0,1,0,Unspecified,Unspecified,,,,Sedan,Station Wagon/Sport Utility Vehicle
2021,2021-09-11,18:35,QUEENS,11421,40.696987,-73.85283,0.0,0.0,0,0,0,0,0,0,Alcohol Involvement,Unspecified,,,,Station Wagon/Sport Utility Vehicle,Station Wagon/Sport Utility Vehicle
2021,2021-09-14,11:30,BROOKLYN,11222,40.729153,-73.94224,0.0,0.0,0,0,0,0,0,0,Failure to Yield Right-of-Way,Unspecified,,,,Taxi,Sedan
2021,2021-09-15,19:36,,,40.687637,-73.97077,1.0,0.0,0,0,1,0,0,0,Failure to Yield Right-of-Way,Pedestrian/Bicyclist/Other Pedestrian Error/Confusion,Reaction to Uninvolved Vehicle,,,Station Wagon/Sport Utility Vehicle,Sedan
2021,2021-09-15,12:45,BROOKLYN,11211,40.714066,-73.94938,0.0,0.0,0,0,0,0,0,0,Unspecified,Unspecified,,,,Pick-up Truck,Bus
2021,2021-09-19,11:00,BROOKLYN,11205,40.691563,-73.96953,0.0,0.0,0,0,0,0,0,0,Unspecified,Unspecified,,,,Station Wagon/Sport Utility Vehicle,Station Wagon/Sport Utility Vehicle
2021,2021-09-20,11:43,BROOKLYN,11228,40.61493,-74.00471,0.0,0.0,0,0,0,0,0,0,Driver Inattention/Distraction,Unspecified,,,,Station Wagon/Sport Utility Vehicle,Station Wagon/Sport Utility Vehicle
2021,2021-09-21,19:09,,,40.8308903,-73.8272842,1.0,0.0,0,0,0,0,1,0,Unspecified,Unspecified,Unspecified,,,Station Wagon/Sport Utility Vehicle,Sedan
2021,2021-09-21,11:40,BROOKLYN,11213,40.66772,-73.93678,0.0,0.0,0,0,0,0,0,0,Unspecified,,,,,Sedan,
2021,2021-09-23,12:10,MANHATTAN,10011,40.7441,-73.99565,1.0,0.0,0,0,1,0,0,0,Pedestrian/Bicyclist/Other Pedestrian Error/Confusion,Passing Too Closely,,,,Bike,Sedan
2021,2021-09-23,10:30,BRONX,10463,40.875145,-73.91216,0.0,0.0,0,0,0,0,0,0,Unspecified,Unspecified,,,,Dump,Station Wagon/Sport Utility Vehicle
2021,2021-09-24,19:12,BRONX,10466,40.888588,-73.849884,3.0,0.0,0,0,0,0,3,0,Traffic Control Disregarded,Unsafe Speed,Unspecified,,,AMBULANCE,Sedan
2021,2021-09-24,18:37,,,40.64059,-73.95429,1.0,0.0,0,0,0,0,1,0,Unspecified,Unspecified,,,,Sedan,Station Wagon/Sport Utility Vehicle
2021,2021-09-25,14:30,QUEENS,11377,40.740273,-73.89586,0.0,0.0,0,0,0,0,0,0,Unspecified,,,,,Station Wagon/Sport Utility Vehicle,
2021,2021-09-25,22:37,BROOKLYN,11233,40.67308,-73.91124,1.0,0.0,0,0,0,0,1,0,Unspecified,Unspecified,,,,Station Wagon/Sport Utility Vehicle,Sedan
2021,2021-09-27,18:00,,,40.70711,-73.95672,0.0,0.0,0,0,0,0,0,0,Passing or Lane Usage Improper,Unspecified,,,,Pick-up Truck,Station Wagon/Sport Utility Vehicle
2021,2021-09-29,22:55,MANHATTAN,10016,40.744255,-73.986275,0.0,0.0,0,0,0,0,0,0,Unspecified,,,,,Station Wagon/Sport Utility Vehicle,
2021,2021-10-01,15:00,,,40.719177,-73.79223,1.0,0.0,0,0,0,0,1,0,Driver Inattention/Distraction,Unspecified,,,,Station Wagon/Sport Utility Vehicle,Sedan
2021,2021-10-01,12:15,,,40.833397,-73.93538,2.0,0.0,0,0,0,0,2,0,View Obstructed/Limited,Unspecified,,,,Station Wagon/Sport Utility Vehicle,Sedan
2021,2021-10-02,0:25,,,,,0.0,0.0,0,0,0,0,0,0,Driver Inattention/Distraction,Driver Inattention/Distraction,,,,Sedan,Sedan
2021,2021-10-03,20:15,,,40.77731,-73.91239,1.0,0.0,0,0,0,0,0,0,Driver Inexperience,Unsafe Speed,,,,E-Bike,
2021,2021-10-04,20:43,,,40.59961,-74.00461,0.0,0.0,0,0,0,0,0,0,Backing Unsafely,Unspecified,,,,Station Wagon/Sport Utility Vehicle,Sedan
2021,2021-10-04,8:10,BROOKLYN,11218,40.632687,-73.97308,0.0,0.0,0,0,0,0,0,0,Unspecified,,,,,Sedan,
2021,2021-10-05,8:01,BRONX,10460,40.83854,-73.868256,0.0,0.0,0,0,0,0,0,0,Driver Inattention/Distraction,Unspecified,,,,Station Wagon/Sport Utility Vehicle,Station Wagon/Sport Utility Vehicle
2021,2021-10-08,0:41,MANHATTAN,10019,40.7647362,-73.988033,1.0,0.0,1,0,0,0,0,0,Driver Inattention/Distraction,,,,,Taxi,
2021,2021-10-09,11:00,BROOKLYN,11220,40.6373612,-74.0083069,0.0,0.0,0,0,0,0,0,0,Unspecified,Unspecified,,,,Station Wagon/Sport Utility Vehicle,Station Wagon/Sport Utility Vehicle
2021,2021-10-10,5:53,QUEENS,11417,40.674034,-73.85803,0.0,0.0,0,0,0,0,0,0,Animals Action,,,,,Station Wagon/Sport Utility Vehicle,
2021,2021-10-10,20:06,,,40.7968,-73.929375,1.0,0.0,0,0,0,0,1,0,Following Too Closely,Unspecified,,,,Station Wagon/Sport Utility Vehicle,Sedan
2021,2021-10-13,16:30,BROOKLYN,11232,40.6559547,-74.0085525,0.0,0.0,0,0,0,0,0,0,Backing Unsafely,Unspecified,,,,Sedan,Tractor Truck Diesel
2021,2021-10-13,8:15,QUEENS,11368,40.7492141,-73.8677042,0.0,0.0,0,0,0,0,0,0,Failure to Yield Right-of-Way,Unspecified,,,,Sedan,Station Wagon/Sport Utility Vehicle
2021,2021-10-13,12:00,BROOKLYN,11203,40.661948,-73.9354152,0.0,0.0,0,0,0,0,0,0,Driver Inattention/Distraction,Unspecified,,,,Sedan,Sedan
2021,2021-10-15,20:24,,,40.7840597,-73.97502,0.0,0.0,0,0,0,0,0,0,Driver Inattention/Distraction,Unspecified,,,,Sedan,
2021,2021-10-17,16:00,QUEENS,11377,40.7619571,-73.8970519,1.0,0.0,0,0,0,0,1,0,Reaction to Uninvolved Vehicle,,,,,Station Wagon/Sport Utility Vehicle,
2021,2021-10-18,11:30,QUEENS,11103,40.7620377,-73.9152504,0.0,0.0,0,0,0,0,0,0,Unspecified,Unspecified,,,,Box Truck,Sedan
2021,2021-10-18,19:44,BROOKLYN,11203,40.6470773,-73.9443425,1.0,0.0,0,0,0,0,1,0,Unspecified,Unspecified,,,,Taxi,Sedan
2021,2021-10-20,11:00,,,,,0.0,0.0,0,0,0,0,0,0,Driver Inattention/Distraction,Unspecified,,,,Station Wagon/Sport Utility Vehicle,
2021,2021-10-20,6:10,,,40.6650046,-73.8440537,0.0,0.0,0,0,0,0,0,0,Obstruction/Debris,Obstruction/Debris,,,,Sedan,Station Wagon/Sport Utility Vehicle
2021,2021-10-22,8:40,MANHATTAN,10128,40.7806906,-73.9465923,0.0,0.0,0,0,0,0,0,0,Turning Improperly,Driver Inattention/Distraction,,,,Sedan,E-Scooter
2021,2021-10-25,10:00,,,,,0.0,0.0,0,0,0,0,0,0,Unspecified,Unspecified,,,,Sedan,Station Wagon/Sport Utility Vehicle
2021,2021-10-26,9:14,BRONX,10454,,,1.0,0.0,0,0,0,0,1,0,Unspecified,Unspecified,,,,Sedan,Sedan
2021,2021-10-30,13:20,,,40.7118,-73.94224,1.0,0.0,0,0,1,0,0,0,Failure to Yield Right-of-Way,Unspecified,,,,Sedan,Bike
2021,2021-10-31,23:13,QUEENS,11691,40.604687,-73.756874,0.0,0.0,0,0,0,0,0,0,Alcohol Involvement,Unspecified,Unspecified,,,Station Wagon/Sport Utility Vehicle,Sedan
2021,2021-11-04,20:15,STATEN ISLAND,10305,40.58657,-74.090675,0.0,0.0,0,0,0,0,0,0,Unspecified,,,,,Sedan,
2021,2021-11-05,12:43,QUEENS,11368,40.740192,-73.85335,1.0,0.0,0,0,0,0,1,0,Driver Inattention/Distraction,Unspecified,Unspecified,,,Station Wagon/Sport Utility Vehicle,Station Wagon/Sport Utility Vehicle
2021,2021-11-08,13:21,BRONX,10451,40.816147,-73.91975,0.0,0.0,0,0,0,0,0,0,Unspecified,Unspecified,,,,Station Wagon/Sport Utility Vehicle,Sedan
2021,2021-11-08,17:03,MANHATTAN,10033,40.852726,-73.93443,1.0,0.0,0,0,0,0,0,0,Driver Inattention/Distraction,Unspecified,,,,Van,E-Scooter
2021,2021-11-09,19:11,BRONX,10451,40.821484,-73.91218,1.0,0.0,1,0,0,0,0,0,Failure to Yield Right-of-Way,,,,,Sedan,
2021,2021-11-09,5:50,,,40.55692,-74.205956,0.0,0.0,0,0,0,0,0,0,Unspecified,Unspecified,Unspecified,,,Pick-up Truck,Station Wagon/Sport Utility Vehicle
2021,2021-11-10,18:22,MANHATTAN,10019,40.766285,-73.98186,1.0,0.0,1,0,0,0,0,0,Traffic Control Disregarded,,,,,Sedan,
2021,2021-11-13,22:25,BROOKLYN,11212,40.66502,-73.90571,3.0,0.0,0,0,0,0,3,0,Aggressive Driving/Road Rage,Unspecified,,,,Sedan,
2021,2021-11-14,19:30,,,40.73245,-74.00987,0.0,0.0,0,0,0,0,0,0,Unspecified,,,,,Station Wagon/Sport Utility Vehicle,
2021,2021-11-15,8:00,QUEENS,11415,40.702484,-73.83199,0.0,0.0,0,0,0,0,0,0,Driver Inexperience,Unspecified,,,,Sedan,
2021,2021-11-15,17:40,QUEENS,11377,40.74566,-73.896194,1.0,0.0,0,0,0,0,1,0,Driver Inattention/Distraction,Unspecified,,,,Taxi,Sedan
2021,2021-11-16,20:00,MANHATTAN,10032,40.83406,-73.944885,0.0,0.0,0,0,0,0,0,0,Driver Inattention/Distraction,Unspecified,,,,Sedan,Station Wagon/Sport Utility Vehicle
2021,2021-11-17,18:00,,,40.675755,-73.95977,0.0,0.0,0,0,0,0,0,0,Driver Inattention/Distraction,Unspecified,,,,Station Wagon/Sport Utility Vehicle,
2021,2021-11-17,21:18,BROOKLYN,11205,40.694035,-73.968,0.0,0.0,0,0,0,0,0,0,Reaction to Uninvolved Vehicle,Unspecified,,,,Station Wagon/Sport Utility Vehicle,E-Scooter
2021,2021-11-19,17:38,,,40.692417,-73.902794,0.0,1.0,0,0,0,0,0,1,Unsafe Speed,Unspecified,Unspecified,,,Motorcycle,Sedan
2021,2021-11-22,16:30,MANHATTAN,10003,40.735867,-73.981895,0.0,0.0,0,0,0,0,0,0,Driver Inattention/Distraction,Unspecified,,,,Station Wagon/Sport Utility Vehicle,
2021,2021-11-22,11:30,,,40.524612,-74.230446,0.0,0.0,0,0,0,0,0,0,Driver Inattention/Distraction,Unspecified,,,,Station Wagon/Sport Utility Vehicle,Sedan
2021,2021-11-23,16:50,,,40.652786,-73.91997,1.0,0.0,1,0,0,0,0,0,Driver Inattention/Distraction,,,,,Sedan,
2021,2021-11-24,1:37,BROOKLYN,11203,40.641304,-73.94276,2.0,0.0,0,0,0,0,2,0,Traffic Control Disregarded,Unspecified,,,,Sedan,Sedan
2021,2021-11-25,2:20,,,40.767918,-73.985725,1.0,0.0,0,0,0,0,1,0,Fell Asleep,Unspecified,Unspecified,,,Pick-up Truck,Sedan
2021,2021-11-26,17:07,,,40.73204,-73.87034,2.0,0.0,0,0,0,0,2,0,Following Too Closely,Unspecified,,,,Sedan,Station Wagon/Sport Utility Vehicle
2021,2021-11-27,19:00,BRONX,10475,40.877476,-73.83661,1.0,0.0,0,0,0,0,1,0,Failure to Yield Right-of-Way,Unspecified,Unspecified,Unspecified,,Station Wagon/Sport Utility Vehicle,Station Wagon/Sport Utility Vehicle
2021,2021-11-30,17:39,BROOKLYN,11217,40.67271,-73.97089,0.0,0.0,0,0,0,0,0,0,Unsafe Lane Changing,Unspecified,,,,Sedan,
2021,2021-12-02,23:15,,,40.692482,-73.9203,1.0,0.0,0,0,0,0,0,0,Passing or Lane Usage Improper,Unspecified,,,,Station Wagon/Sport Utility Vehicle,E-Scooter
2021,2021-12-03,7:51,BRONX,10466,40.893642,-73.85065,0.0,0.0,0,0,0,0,0,0,Failure to Yield Right-of-Way,,,,,Sedan,
2021,2021-12-04,19:23,MANHATTAN,10001,40.75229,-73.99167,1.0,0.0,0,0,1,0,0,0,Passenger Distraction,Passenger Distraction,,,,Sedan,Bike
2021,2021-12-06,13:45,QUEENS,11364,40.74431,-73.77415,0.0,0.0,0,0,0,0,0,0,Driver Inattention/Distraction,Unspecified,,,,Sedan,
2021,2021-12-07,18:37,,,40.65117,-73.9419,1.0,0.0,0,0,0,0,1,0,Unspecified,Unspecified,,,,Station Wagon/Sport Utility Vehicle,Sedan
2021,2021-12-10,19:17,BRONX,10453,40.848606,-73.91397,1.0,0.0,1,0,0,0,0,0,Driver Inattention/Distraction,,,,,Sedan,
2021,2021-12-10,14:20,,,40.749348,-73.82585,1.0,0.0,1,0,0,0,0,0,Failure to Yield Right-of-Way,,,,,Station Wagon/Sport Utility Vehicle,
2021,2021-12-17,18:00,QUEENS,11435,40.694042,-73.80131,1.0,0.0,1,0,0,0,0,0,Failure to Yield Right-of-Way,,,,,Sedan,
2021,2021-12-21,19:08,QUEENS,11413,40.67484,-73.7529,1.0,0.0,0,0,0,0,1,0,Traffic Control Disregarded,Unspecified,,,,Station Wagon/Sport Utility Vehicle,Sedan
2021,2021-12-24,19:15,BROOKLYN,11228,40.616184,-74.011734,0.0,0.0,0,0,0,0,0,0,Passing or Lane Usage Improper,Unspecified,,,,Sedan,Sedan
2021,2021-12-25,13:15,,,40.69889,-73.91753,0.0,0.0,0,0,0,0,0,0,Other Vehicular,Passing Too Closely,,,,Sedan,Sedan
2021,2021-12-27,15:36,BROOKLYN,11229,40.59603,-73.93994,0.0,0.0,0,0,0,0,0,0,Unspecified,Unspecified,Unspecified,,,Sedan,Sedan
2021,2021-12-30,5:44,,,,,0.0,0.0,0,0,0,0,0,0,Following Too Closely,Passing Too Closely,,,,Sedan,Sedan
2021,2021-12-31,11:15,QUEENS,11103,40.755394,-73.911964,0.0,0.0,0,0,0,0,0,0,Unspecified,,,,,Sedan,
2021,2021-12-31,18:25,QUEENS,11379,40.721485,-73.86658,0.0,0.0,0,0,0,0,0,0,Passing or Lane Usage Improper,Unspecified,,,,Station Wagon/Sport Utility Vehicle,
2022,2022-01-03,21:00,STATEN ISLAND,10310,40.626392,-74.130356,0.0,0.0,0,0,0,0,0,0,Unspecified,,,,,Sedan,
2022,2022-01-03,19:15,,,40.66188,-73.94557,0.0,0.0,0,0,0,0,0,0,Alcohol Involvement,Unspecified,,,,Station Wagon/Sport Utility Vehicle,Station Wagon/Sport Utility Vehicle
2022,2022-01-04,18:15,BROOKLYN,11229,40.6104,-73.9586,0.0,0.0,0,0,0,0,0,0,Unsafe Lane Changing,Unspecified,,,,Station Wagon/Sport Utility Vehicle,Sedan
2022,2022-01-05,7:07,BRONX,10475,40.86505,-73.83001,1.0,0.0,0,0,0,0,1,0,Unspecified,,,,,Sedan,
2022,2022-01-07,14:17,BROOKLYN,11234,40.624165,-73.917755,0.0,0.0,0,0,0,0,0,0,Driver Inexperience,Unspecified,,,,Sedan,Sedan
2022,2022-01-11,15:40,QUEENS,11691,40.6048,-73.74975,0.0,0.0,0,0,0,0,0,0,Backing Unsafely,Unspecified,,,,Sedan,Station Wagon/Sport Utility Vehicle
2022,2022-01-11,15:30,BRONX,10457,40.851566,-73.88772,0.0,0.0,0,0,0,0,0,0,Backing Unsafely,Unspecified,,,,Sedan,Station Wagon/Sport Utility Vehicle
2022,2022-01-13,7:48,BROOKLYN,11211,40.713177,-73.954895,1.0,0.0,0,0,0,0,1,0,Following Too Closely,Unspecified,,,,Sedan,Flat Bed
2022,2022-01-13,18:00,BROOKLYN,11234,40.61791,-73.91905,0.0,0.0,0,0,0,0,0,0,Unspecified,Unspecified,,,,Sedan,Sedan
2022,2022-01-19,11:50,BRONX,10474,40.812305,-73.89637,0.0,0.0,0,0,0,0,0,0,Unspecified,,,,,Van,Tractor Truck Diesel
2022,2022-01-21,10:30,,,40.711384,-73.8366,0.0,0.0,0,0,0,0,0,0,Driver Inexperience,,,,,Tractor Truck Diesel,
2022,2022-01-21,13:36,QUEENS,11361,40.755623,-73.778275,1.0,0.0,0,0,0,0,1,0,Failure to Yield Right-of-Way,Unspecified,,,,Station Wagon/Sport Utility Vehicle,Station Wagon/Sport Utility Vehicle
2022,2022-01-26,13:45,,,,,0.0,0.0,0,0,0,0,0,0,Following Too Closely,Unspecified,,,,Bus,Sedan
2022,2022-01-29,3:25,BROOKLYN,11208,40.66682,-73.88166,0.0,0.0,0,0,0,0,0,0,Driver Inattention/Distraction,Unspecified,,,,Station Wagon/Sport Utility Vehicle,Sedan
2022,2022-01-30,9:45,,,40.756176,-73.80173,0.0,0.0,0,0,0,0,0,0,Unspecified,,,,,Sedan,
2022,2022-02-04,19:26,BRONX,10470,40.901318,-73.86274,0.0,0.0,0,0,0,0,0,0,Driver Inattention/Distraction,,,,,Station Wagon/Sport Utility Vehicle,
2022,2022-02-04,10:19,BRONX,10475,40.86505,-73.83001,0.0,0.0,0,0,0,0,0,0,Driver Inattention/Distraction,,,,,Station Wagon/Sport Utility Vehicle,
2022,2022-02-10,13:30,BROOKLYN,11224,40.58202,-73.97114,0.0,0.0,0,0,0,0,0,0,Backing Unsafely,Unspecified,,,,Sedan,Station Wagon/Sport Utility Vehicle
2022,2022-02-10,9:06,,,0.0,0.0,0.0,0.0,0,0,0,0,0,0,Driver Inattention/Distraction,Driver Inattention/Distraction,,,,Sedan,Sedan
2022,2022-02-12,23:45,MANHATTAN,10036,0.0,0.0,0.0,0.0,0,0,0,0,0,0,Unspecified,,,,,Sedan,Sedan
2022,2022-02-13,23:44,,,40.838383,-73.91902,0.0,0.0,0,0,0,0,0,0,Passing or Lane Usage Improper,Unspecified,,,,Sedan,Sedan
2022,2022-02-15,9:14,QUEENS,11422,40.678417,-73.729225,2.0,0.0,0,0,0,0,2,0,Unspecified,Unspecified,,,,Sedan,Sedan
2022,2022-02-15,10:13,BRONX,10466,40.89016,-73.84261,0.0,0.0,0,0,0,0,0,0,Unsafe Speed,Unspecified,,,,Station Wagon/Sport Utility Vehicle,Station Wagon/Sport Utility Vehicle
2022,2022-02-15,19:30,BROOKLYN,11211,40.70745,-73.9551,0.0,0.0,0,0,0,0,0,0,Unspecified,Unspecified,,,,Sedan,Sedan
2022,2022-02-16,7:10,BROOKLYN,11206,40.704018,-73.93966,0.0,0.0,0,0,0,0,0,0,Driver Inattention/Distraction,,,,,Sedan,
2022,2022-02-22,19:58,MANHATTAN,10002,40.720707,-73.981316,2.0,0.0,0,0,0,0,2,0,Driver Inattention/Distraction,Unspecified,,,,Sedan,Sedan
2022,2022-02-24,13:48,QUEENS,11413,40.680115,-73.75324,0.0,0.0,0,0,0,0,0,0,Unspecified,Unspecified,Unspecified,,,Sedan,Sedan
2022,2022-02-28,17:15,QUEENS,11420,40.68259,-73.80614,0.0,0.0,0,0,0,0,0,0,Passing Too Closely,,,,,Taxi,
2022,2022-03-01,14:05,BROOKLYN,11228,40.604977,-74.01745,0.0,0.0,0,0,0,0,0,0,Driver Inattention/Distraction,Unspecified,,,,Station Wagon/Sport Utility Vehicle,Sedan
2022,2022-03-02,8:00,MANHATTAN,10029,40.788757,-73.95304,0.0,0.0,0,0,0,0,0,0,Other Vehicular,Passing or Lane Usage Improper,,,,Bus,Lunch Wagon
2022,2022-03-02,18:35,QUEENS,11354,40.77045,-73.83421,0.0,0.0,0,0,0,0,0,0,Failure to Yield Right-of-Way,Unspecified,,,,Station Wagon/Sport Utility Vehicle,Station Wagon/Sport Utility Vehicle
2022,2022-03-02,16:00,,,40.693172,-73.94878,0.0,0.0,0,0,0,0,0,0,Steering Failure,Unspecified,Unspecified,,,PK,Sedan
2022,2022-03-03,16:55,STATEN ISLAND,10308,40.54387,-74.14445,0.0,0.0,0,0,0,0,0,0,Driver Inattention/Distraction,Unspecified,,,,Station Wagon/Sport Utility Vehicle,Sedan
2022,2022-03-11,21:20,,,,,0.0,0.0,0,0,0,0,0,0,Failure to Yield Right-of-Way,Failure to Yield Right-of-Way,,,,Sedan,Station Wagon/Sport Utility Vehicle
2022,2022-03-15,5:33,BROOKLYN,11204,40.620914,-73.9753,1.0,0.0,0,0,0,0,1,0,Unspecified,Unspecified,Unspecified,,,Sedan,Sedan
2022,2022-03-16,21:17,,,40.827595,-73.85004,0.0,0.0,0,0,0,0,0,0,Unspecified,,,,,Sedan,
2022,2022-03-17,15:10,MANHATTAN,10019,40.762234,-73.98987,0.0,0.0,0,0,0,0,0,0,Driver Inattention/Distraction,Unspecified,,,,Sedan,
2022,2022-03-20,10:58,,,40.85005,-73.91606,0.0,0.0,0,0,0,0,0,0,Other Vehicular,Unspecified,,,,Sedan,Sedan
2022,2022-03-25,9:31,QUEENS,11432,40.704224,-73.797966,2.0,0.0,0,0,0,0,2,0,Failure to Yield Right-of-Way,Unspecified,,,,Sedan,Sedan
2022,2022-03-30,8:15,QUEENS,11411,40.698086,-73.7396,0.0,0.0,0,0,0,0,0,0,Following Too Closely,Unspecified,,,,Sedan,Bus
2022,2022-03-31,17:00,,,40.61139,-74.03648,0.0,0.0,0,0,0,0,0,0,Driver Inexperience,Unspecified,,,,Station Wagon/Sport Utility Vehicle,Sedan
2022,2022-04-01,17:02,,,40.757286,-73.97812,0.0,0.0,0,0,0,0,0,0,Unspecified,Unspecified,,,,Sedan,
2022,2022-04-03,6:20,BRONX,10468,40.862812,-73.907555,2.0,0.0,0,0,0,0,2,0,Traffic Control Disregarded,Unspecified,,,,Sedan,Station Wagon/Sport Utility Vehicle
2022,2022-04-06,16:10,QUEENS,11434,40.68378,-73.789734,0.0,0.0,0,0,0,0,0,0,Driver Inattention/Distraction,Unspecified,,,,Pick-up Truck,Station Wagon/Sport Utility Vehicle
2022,2022-04-07,11:00,STATEN ISLAND,10314,40.612785,-74.12681,0.0,0.0,0,0,0,0,0,0,Driver Inattention/Distraction,Unspecified,,,,Sedan,Sedan
2022,2022-04-10,0:25,BRONX,10458,40.855045,-73.89045,0.0,0.0,0,0,0,0,0,0,Alcohol Involvement,Unspecified,,,,Station Wagon/Sport Utility Vehicle,Sedan
2022,2022-04-11,18:30,MANHATTAN,10002,,,0.0,0.0,0,0,0,0,0,0,Driver Inattention/Distraction,Unspecified,,,,Station Wagon/Sport Utility Vehicle,Sedan
2022,2022-04-12,14:45,,,40.674934,-73.80186,1.0,0.0,0,0,0,0,1,0,Driver Inattention/Distraction,Unspecified,,,,Sedan,Sedan
2022,2022-04-12,17:59,BROOKLYN,11233,40.678978,-73.9237,0.0,0.0,0,0,0,0,0,0,Passing or Lane Usage Improper,Driver Inattention/Distraction,,,,Bus,Sedan
2022,2022-04-14,11:45,MANHATTAN,10019,40.761135,-73.98339,0.0,0.0,0,0,0,0,0,0,Unspecified,,,,,Bus,
2022,2022-04-15,1:49,,,40.844734,-73.89935,0.0,0.0,0,0,0,0,0,0,Driver Inattention/Distraction,Unspecified,,,,Station Wagon/Sport Utility Vehicle,Station Wagon/Sport Utility Vehicle
2022,2022-04-20,14:00,BROOKLYN,11231,40.67628,-74.01279,0.0,0.0,0,0,0,0,0,0,Passing Too Closely,Unspecified,,,,Bus,Sedan
2022,2022-04-21,3:30,BROOKLYN,11219,40.633083,-74.00558,0.0,0.0,0,0,0,0,0,0,Unspecified,Unspecified,,,,Station Wagon/Sport Utility Vehicle,Sedan
2022,2022-04-28,17:20,,,,,0.0,0.0,0,0,0,0,0,0,Passing or Lane Usage Improper,Unspecified,,,,Station Wagon/Sport Utility Vehicle,Station Wagon/Sport Utility Vehicle
2022,2022-04-29,20:50,BRONX,10462,40.837673,-73.85349,0.0,0.0,0,0,0,0,0,0,Failure to Yield Right-of-Way,Unspecified,,,,Sedan,Pick-up Truck
2022,2022-04-29,14:00,BRONX,10461,40.853943,-73.858665,0.0,0.0,0,0,0,0,0,0,Passing or Lane Usage Improper,Unspecified,,,,Station Wagon/Sport Utility Vehicle,Tow Truck / Wrecker
2022,2022-05-01,12:00,BRONX,10475,40.876686,-73.82838,0.0,0.0,0,0,0,0,0,0,Unspecified,,,,,Station Wagon/Sport Utility Vehicle,Station Wagon/Sport Utility Vehicle
2022,2022-05-02,14:32,,,40.818798,-73.89213,0.0,0.0,0,0,0,0,0,0,Unspecified,Unspecified,,,,Station Wagon/Sport Utility Vehicle,Sedan
2022,2022-05-03,14:25,BRONX,10457,40.850273,-73.89433,0.0,0.0,0,0,0,0,0,0,Following Too Closely,Unspecified,,,,Bus,Sedan
2022,2022-05-03,11:50,BRONX,10454,,,0.0,0.0,0,0,0,0,0,0,Unspecified,,,,,Station Wagon/Sport Utility Vehicle,
2022,2022-05-04,11:00,,,,,0.0,0.0,0,0,0,0,0,0,Unspecified,Unspecified,,,,Sedan,Sedan
2022,2022-05-05,10:05,,,40.713375,-73.76298,0.0,0.0,0,0,0,0,0,0,Traffic Control Disregarded,Unspecified,,,,Station Wagon/Sport Utility Vehicle,Sedan
2022,2022-05-05,21:32,BROOKLYN,11236,40.63083,-73.90736,1.0,0.0,1,0,0,0,0,0,Unspecified,,,,,Sedan,
2022,2022-05-11,10:48,,,40.82967,-73.931076,0.0,0.0,0,0,0,0,0,0,Unsafe Lane Changing,Unspecified,,,,Sedan,Garbage or Refuse
2022,2022-05-12,14:56,QUEENS,11369,40.765648,-73.87678,1.0,0.0,0,0,0,0,1,0,Driver Inattention/Distraction,Failure to Yield Right-of-Way,,,,Station Wagon/Sport Utility Vehicle,Sedan
2022,2022-05-14,20:35,BRONX,10451,40.817787,-73.92429,0.0,0.0,0,0,0,0,0,0,Driver Inattention/Distraction,Unspecified,,,,Station Wagon/Sport Utility Vehicle,Station Wagon/Sport Utility Vehicle
2022,2022-05-15,16:41,BROOKLYN,11208,,,1.0,0.0,1,0,0,0,0,0,Failure to Yield Right-of-Way,,,,,E-Scooter,
2022,2022-05-15,16:50,BRONX,10467,,,0.0,0.0,0,0,0,0,0,0,Passing or Lane Usage Improper,Unspecified,Unspecified,,,Pick-up Truck,Sedan
2022,2022-05-17,18:39,BRONX,10468,40.87016,-73.89099,1.0,0.0,0,0,0,0,0,0,Driver Inattention/Distraction,Unspecified,,,,Station Wagon/Sport Utility Vehicle,E-Scooter
2022,2022-05-17,14:00,,,40.81401,-73.94466,0.0,0.0,0,0,0,0,0,0,Passing or Lane Usage Improper,Other Vehicular,,,,Bike,Sedan
2022,2022-05-17,19:20,,,40.636505,-73.94416,0.0,0.0,0,0,0,0,0,0,Obstruction/Debris,Unspecified,,,,Station Wagon/Sport Utility Vehicle,Station Wagon/Sport Utility Vehicle
2022,2022-05-17,10:07,BROOKLYN,11231,40.67885,-74.00164,0.0,0.0,0,0,0,0,0,0,Unspecified,,,,,Sedan,
2022,2022-05-18,14:30,BRONX,10451,40.8167,-73.92016,1.0,0.0,0,0,0,0,1,0,Aggressive Driving/Road Rage,Unspecified,,,,Station Wagon/Sport Utility Vehicle,Station Wagon/Sport Utility Vehicle
2022,2022-05-22,18:40,,,40.68005,-73.94327,0.0,0.0,0,0,0,0,0,0,Passing or Lane Usage Improper,Unspecified,,,,Sedan,PASS
2022,2022-05-24,23:00,QUEENS,11370,40.757977,-73.88297,0.0,0.0,0,0,0,0,0,0,Other Vehicular,Unspecified,,,,Station Wagon/Sport Utility Vehicle,
2022,2022-05-25,10:58,BROOKLYN,11210,40.613506,-73.954094,0.0,0.0,0,0,0,0,0,0,Failure to Yield Right-of-Way,Unspecified,,,,Sedan,Sedan
2022,2022-05-25,14:50,,,40.744183,-73.7329,0.0,0.0,0,0,0,0,0,0,Passing or Lane Usage Improper,Unspecified,,,,Sedan,Station Wagon/Sport Utility Vehicle
2022,2022-05-26,9:59,,,,,0.0,0.0,0,0,0,0,0,0,Following Too Closely,Unspecified,Unspecified,,,Sedan,Station Wagon/Sport Utility Vehicle
2022,2022-05-26,17:05,BROOKLYN,11207,40.65892,-73.889824,0.0,0.0,0,0,0,0,0,0,Other Vehicular,Other Vehicular,Other Vehicular,,,Sedan,Sedan
2022,2022-05-29,0:05,,,,,0.0,0.0,0,0,0,0,0,0,Passing or Lane Usage Improper,Passing or Lane Usage Improper,,,,Sedan,Tractor Truck Diesel
2022,2022-06-02,14:15,MANHATTAN,10032,40.839767,-73.94073,0.0,0.0,0,0,0,0,0,0,Passing Too Closely,Unspecified,,,,Sedan,AMBULANCE
2022,2022-06-03,14:25,,,40.66322,-73.893654,1.0,0.0,1,0,0,0,0,0,Unspecified,,,,,Sedan,
2022,2022-06-04,10:00,,,40.677414,-73.93033,1.0,0.0,0,0,0,0,1,0,Following Too Closely,Unspecified,,,,Station Wagon/Sport Utility Vehicle,Station Wagon/Sport Utility Vehicle
2022,2022-06-04,14:56,MANHATTAN,10029,40.789204,-73.95483,0.0,0.0,0,0,0,0,0,0,Unsafe Lane Changing,Unspecified,,,,Bus,Station Wagon/Sport Utility Vehicle
2022,2022-06-05,23:50,QUEENS,11436,40.685356,-73.79723,5.0,0.0,0,0,0,0,5,0,Reaction to Uninvolved Vehicle,Unspecified,Unspecified,,,Sedan,Sedan
2022,2022-06-09,13:00,QUEENS,11423,40.717648,-73.76665,2.0,0.0,0,0,0,0,2,0,Failure to Yield Right-of-Way,Unspecified,Unspecified,,,Sedan,Sedan
2022,2022-06-10,16:00,,,40.68285,-73.79902,0.0,0.0,0,0,0,0,0,0,Unspecified,,,,,Station Wagon/Sport Utility Vehicle,
2022,2022-06-12,16:30,BROOKLYN,11229,40.59598,-73.9313,1.0,0.0,0,0,1,0,0,0,Unsafe Speed,Unspecified,,,,Sedan,Bike
2022,2022-06-15,7:30,,,40.723835,-73.97357,0.0,0.0,0,0,0,0,0,0,Unsafe Lane Changing,Unspecified,,,,Station Wagon/Sport Utility Vehicle,Sedan
2022,2022-06-16,2:00,QUEENS,11377,40.74578,-73.911255,0.0,0.0,0,0,0,0,0,0,Driver Inattention/Distraction,Unspecified,Unspecified,,,Box Truck,Station Wagon/Sport Utility Vehicle
2022,2022-06-18,11:33,,,40.621307,-74.13518,1.0,0.0,0,0,0,0,1,0,Driver Inattention/Distraction,Unspecified,,,,Sedan,Sedan
2022,2022-06-19,5:20,QUEENS,11434,40.68794,-73.789635,1.0,0.0,0,0,0,0,1,0,Failure to Yield Right-of-Way,Unspecified,,,,Sedan,Sedan
2022,2022-06-21,15:10,BROOKLYN,11203,40.6578,-73.93928,0.0,0.0,0,0,0,0,0,0,Driver Inattention/Distraction,Unspecified,,,,Station Wagon/Sport Utility Vehicle,Station Wagon/Sport Utility Vehicle
2022,2022-06-24,15:33,,,40.70909,-73.81244,0.0,0.0,0,0,0,0,0,0,Driver Inattention/Distraction,Unspecified,,,,Station Wagon/Sport Utility Vehicle,
2022,2022-06-25,12:20,BRONX,10457,40.84299,-73.91099,0.0,0.0,0,0,0,0,0,0,Following Too Closely,Unspecified,,,,Sedan,Sedan
2022,2022-06-25,10:00,BROOKLYN,11220,40.642864,-74.01266,1.0,0.0,0,0,1,0,0,0,Driver Inattention/Distraction,Unspecified,,,,Sedan,E-Bike
2022,2022-06-27,23:10,,,40.687668,-73.951035,0.0,0.0,0,0,0,0,0,0,Driver Inattention/Distraction,Unspecified,,,,Taxi,Station Wagon/Sport Utility Vehicle
2022,2022-06-28,9:23,BROOKLYN,11222,40.7281,-73.938194,0.0,0.0,0,0,0,0,0,0,Backing Unsafely,Unspecified,,,,Station Wagon/Sport Utility Vehicle,Box Truck
2022,2022-06-30,20:57,,,,,2.0,0.0,0,0,0,0,2,0,Unspecified,Unspecified,Unspecified,,,Station Wagon/Sport Utility Vehicle,Station Wagon/Sport Utility Vehicle
2022,2022-07-02,16:10,BROOKLYN,11217,,,0.0,0.0,0,0,0,0,0,0,Driver Inattention/Distraction,Unspecified,,,,Taxi,Sedan
2022,2022-07-04,16:06,QUEENS,11419,40.681923,-73.831924,0.0,0.0,0,0,0,0,0,0,Unsafe Speed,Unspecified,Unspecified,Unspecified,Unspecified,Sedan,Sedan
2022,2022-07-05,7:00,STATEN ISLAND,10305,40.592083,-74.067955,0.0,0.0,0,0,0,0,0,0,Unspecified,,,,,Sedan,
2022,2022-07-07,13:30,,,40.75829,-73.83431,0.0,0.0,0,0,0,0,0,0,Backing Unsafely,Unspecified,,,,Station Wagon/Sport Utility Vehicle,Station Wagon/Sport Utility Vehicle
2022,2022-07-08,13:50,,,40.694115,-73.79214,2.0,0.0,0,0,0,0,2,0,Failure to Yield Right-of-Way,Unspecified,,,,Station Wagon/Sport Utility Vehicle,Station Wagon/Sport Utility Vehicle
2022,2022-07-08,22:56,,,40.839767,-73.905396,1.0,0.0,0,0,0,0,1,0,Driver Inexperience,Unspecified,,,,Sedan,Motorcycle
2022,2022-07-08,6:30,BRONX,10455,40.812897,-73.90145,0.0,0.0,0,0,0,0,0,0,Passing Too Closely,Unspecified,,,,Station Wagon/Sport Utility Vehicle,
2022,2022-07-11,8:44,BRONX,10456,40.829697,-73.91313,0.0,0.0,0,0,0,0,0,0,Driver Inattention/Distraction,Unspecified,,,,Station Wagon/Sport Utility Vehicle,
2022,2022-07-13,14:30,BROOKLYN,11201,40.685417,-73.993355,0.0,0.0,0,0,0,0,0,0,Other Vehicular,Other Vehicular,,,,Sedan,Station Wagon/Sport Utility Vehicle
2022,2022-07-13,7:00,QUEENS,11103,40.76958,-73.9156,0.0,0.0,0,0,0,0,0,0,Driver Inattention/Distraction,,,,,Station Wagon/Sport Utility Vehicle,
2022,2022-07-15,8:44,,,40.72857,-73.85809,0.0,0.0,0,0,0,0,0,0,Driver Inattention/Distraction,Unspecified,,,,NYC TRANSI,Sedan
2022,2022-07-16,23:11,QUEENS,11420,40.677654,-73.82866,2.0,0.0,0,0,0,0,2,0,Failure to Yield Right-of-Way,Failure to Yield Right-of-Way,Unspecified,,,Sedan,Sedan
2022,2022-07-17,17:49,BRONX,10473,40.822346,-73.879616,1.0,0.0,1,0,0,0,0,0,,,,,,,
2022,2022-07-18,13:12,,,40.700245,-73.92089,0.0,0.0,0,0,0,0,0,0,Driver Inattention/Distraction,Unspecified,,,,Sedan,Box Truck
2022,2022-07-18,1:10,QUEENS,11374,40.711845,-73.859764,0.0,0.0,0,0,0,0,0,0,Unspecified,Unspecified,,,,Sedan,Motorcycle
2022,2022-07-19,16:12,MANHATTAN,10018,,,0.0,0.0,0,0,0,0,0,0,Unsafe Lane Changing,Driver Inattention/Distraction,,,,Motorcycle,Bike
2022,2022-07-20,19:55,MANHATTAN,10019,40.763348,-73.981606,1.0,0.0,0,0,1,0,0,0,Driver Inattention/Distraction,Unspecified,,,,Station Wagon/Sport Utility Vehicle,Bike
2022,2022-07-21,13:47,BROOKLYN,11233,40.67619,-73.9081,0.0,0.0,0,0,0,0,0,0,Unspecified,Unspecified,,,,Bike,Bike
2022,2022-07-25,11:29,,,40.710377,-73.81944,3.0,0.0,0,0,0,0,3,0,Following Too Closely,Unspecified,,,,Station Wagon/Sport Utility Vehicle,Tk
2022,2022-07-27,22:19,QUEENS,11415,40.704903,-73.83244,0.0,0.0,0,0,0,0,0,0,Following Too Closely,Unspecified,,,,Station Wagon/Sport Utility Vehicle,Sedan
2022,2022-07-28,9:18,BROOKLYN,11203,40.66319,-73.93727,1.0,0.0,1,0,0,0,0,0,Failure to Yield Right-of-Way,,,,,Station Wagon/Sport Utility Vehicle,
2022,2022-07-28,5:40,BRONX,10474,40.810192,-73.88632,0.0,0.0,0,0,0,0,0,0,Unspecified,,,,,Sedan,
2022,2022-07-29,16:55,,,40.692062,-73.95191,0.0,0.0,0,0,0,0,0,0,Following Too Closely,Unspecified,,,,Sedan,Sedan
2022,2022-07-29,18:00,MANHATTAN,10013,40.72275,-74.00944,0.0,0.0,0,0,0,0,0,0,Unspecified,,,,,Sedan,
2022,2022-07-31,4:30,QUEENS,11368,40.750854,-73.85828,0.0,0.0,0,0,0,0,0,0,Driver Inattention/Distraction,Unspecified,,,,Sedan,Sedan
2022,2022-07-31,6:00,BRONX,10469,40.8634,-73.85013,0.0,0.0,0,0,0,0,0,0,Unspecified,Unspecified,Unspecified,,,Sedan,Sedan
2022,2022-08-02,14:20,,,40.79031,-73.811905,1.0,0.0,0,0,0,0,1,0,Backing Unsafely,Unspecified,,,,Convertible,Station Wagon/Sport Utility Vehicle
2022,2022-08-05,21:41,BRONX,10451,40.824806,-73.91352,1.0,0.0,0,0,1,0,0,0,Driver Inattention/Distraction,Unspecified,,,,Station Wagon/Sport Utility Vehicle,Bike
2022,2022-08-06,10:12,MANHATTAN,10029,40.789684,-73.94815,0.0,0.0,0,0,0,0,0,0,Driver Inattention/Distraction,Failure to Yield Right-of-Way,,,,Station Wagon/Sport Utility Vehicle,E-Scooter
2022,2022-08-06,19:35,,,40.760956,-73.807686,1.0,0.0,1,0,0,0,0,0,Failure to Yield Right-of-Way,,,,,Station Wagon/Sport Utility Vehicle,
2022,2022-08-07,1:10,BROOKLYN,11208,40.67949,-73.87927,0.0,0.0,0,0,0,0,0,0,Unspecified,Unspecified,,,,Sedan,Sedan
2022,2022-08-11,17:10,BROOKLYN,11201,40.691193,-73.99777,0.0,0.0,0,0,0,0,0,0,Driver Inattention/Distraction,Unspecified,,,,Station Wagon/Sport Utility Vehicle,Station Wagon/Sport Utility Vehicle
2022,2022-08-11,22:20,,,,,0.0,0.0,0,0,0,0,0,0,Following Too Closely,Unspecified,,,,Sedan,Sedan
2022,2022-08-11,14:54,BROOKLYN,11225,40.66169,-73.96143,1.0,0.0,1,0,0,0,0,0,Driver Inattention/Distraction,,,,,Sedan,
2022,2022-08-15,19:52,,,40.63312,-74.14301,1.0,0.0,0,0,0,0,1,0,Driver Inattention/Distraction,Unspecified,,,,Station Wagon/Sport Utility Vehicle,Station Wagon/Sport Utility Vehicle
2022,2022-08-15,1:15,MANHATTAN,10038,40.707317,-74.00428,1.0,0.0,0,0,1,0,0,0,Unspecified,Unspecified,,,,Station Wagon/Sport Utility Vehicle,Bike
2022,2022-08-17,0:00,MANHATTAN,10003,40.73392,-73.9928,0.0,0.0,0,0,0,0,0,0,Passing Too Closely,,,,,Tractor Truck Diesel,
2022,2022-08-28,16:05,MANHATTAN,10002,40.718792,-73.98902,0.0,0.0,0,0,0,0,0,0,Passing or Lane Usage Improper,Unspecified,,,,Sedan,Sedan
2022,2022-09-02,14:15,BRONX,10459,40.823166,-73.88983,1.0,0.0,0,0,0,0,1,0,Failure to Yield Right-of-Way,Unspecified,,,,Station Wagon/Sport Utility Vehicle,Station Wagon/Sport Utility Vehicle
2022,2022-09-04,14:59,QUEENS,11101,40.754898,-73.91789,0.0,0.0,0,0,0,0,0,0,Passing Too Closely,Unspecified,,,,Pick-up Truck,Moped
2022,2022-09-04,20:30,BROOKLYN,11203,40.6577,-73.94058,0.0,0.0,0,0,0,0,0,0,Driver Inattention/Distraction,Unspecified,,,,Station Wagon/Sport Utility Vehicle,Sedan
2022,2022-09-06,21:20,BROOKLYN,11230,40.617004,-73.96912,1.0,0.0,0,0,0,0,1,0,Unspecified,Unspecified,,,,Sedan,Sedan
2022,2022-09-09,15:00,BROOKLYN,11226,40.65618,-73.95159,0.0,0.0,0,0,0,0,0,0,Driver Inattention/Distraction,Unspecified,,,,Station Wagon/Sport Utility Vehicle,
2022,2022-09-12,10:30,,,40.62539,-74.135376,0.0,0.0,0,0,0,0,0,0,Driver Inattention/Distraction,Unspecified,,,,Station Wagon/Sport Utility Vehicle,
2022,2022-09-14,10:15,BROOKLYN,11218,40.63936,-73.97194,0.0,0.0,0,0,0,0,0,0,Unspecified,Unspecified,,,,Station Wagon/Sport Utility Vehicle,
2022,2022-09-15,13:35,QUEENS,11368,40.75043,-73.86301,0.0,0.0,0,0,0,0,0,0,Unspecified,Unspecified,,,,Sedan,
2022,2022-09-18,23:00,QUEENS,11367,40.7337,-73.82533,0.0,0.0,0,0,0,0,0,0,Unspecified,,,,,Pick-up Truck,
2022,2022-09-23,19:40,BROOKLYN,11237,40.709316,-73.93301,1.0,0.0,0,0,0,0,1,0,Driver Inattention/Distraction,Unspecified,,,,Station Wagon/Sport Utility Vehicle,Station Wagon/Sport Utility Vehicle
2022,2022-09-29,21:25,MANHATTAN,10010,40.73935,-73.982346,0.0,0.0,0,0,0,0,0,0,Unspecified,Unspecified,,,,Sedan,E-Scooter
2022,2022-09-30,16:50,BRONX,10453,40.850018,-73.9107,1.0,0.0,0,0,1,0,0,0,Traffic Control Disregarded,Unspecified,,,,Bike,
2022,2022-10-02,13:00,,,40.68892,-73.99915,1.0,0.0,0,0,0,0,1,0,Passing or Lane Usage Improper,Pavement Slippery,Pavement Slippery,Pavement Slippery,Other Vehicular,Sedan,Sedan
2022,2022-10-03,6:45,,,40.768234,-73.88365,0.0,0.0,0,0,0,0,0,0,Other Vehicular,Driver Inattention/Distraction,,,,Station Wagon/Sport Utility Vehicle,Sedan
2022,2022-10-05,11:35,MANHATTAN,10027,40.818172,-73.95649,0.0,0.0,0,0,0,0,0,0,Turning Improperly,Unspecified,,,,Station Wagon/Sport Utility Vehicle,Station Wagon/Sport Utility Vehicle
2022,2022-10-07,20:15,,,40.828407,-73.93125,0.0,0.0,0,0,0,0,0,0,Following Too Closely,Unspecified,,,,Station Wagon/Sport Utility Vehicle,Station Wagon/Sport Utility Vehicle
2022,2022-10-08,15:00,STATEN ISLAND,10304,40.60172,-74.09143,0.0,0.0,0,0,0,0,0,0,Traffic Control Disregarded,Unspecified,,,,Sedan,Sedan
2022,2022-10-10,1:15,BRONX,10451,40.817387,-73.92277,1.0,0.0,0,0,0,0,0,0,Traffic Control Disregarded,Unspecified,,,,Station Wagon/Sport Utility Vehicle,E-Bike
2022,2022-10-14,13:35,MANHATTAN,10001,40.755116,-74.00248,1.0,0.0,0,0,0,0,1,0,Passing Too Closely,Passing Too Closely,,,,Box Truck,Taxi
2022,2022-10-15,22:41,BRONX,10465,40.822445,-73.83717,0.0,0.0,0,0,0,0,0,0,Unspecified,Unspecified,,,,Sedan,Sedan
2022,2022-10-17,7:30,BROOKLYN,11231,40.685062,-74.00269,1.0,0.0,1,0,0,0,0,0,Turning Improperly,,,,,,
2022,2022-10-19,9:26,BROOKLYN,11217,40.686928,-73.98484,0.0,0.0,0,0,0,0,0,0,Driver Inattention/Distraction,Unspecified,,,,Sedan,Tractor Truck Diesel
2022,2022-10-20,13:40,,,40.760284,-73.769356,0.0,0.0,0,0,0,0,0,0,Unspecified,,,,,Sedan,
2022,2022-10-21,3:20,,,40.70324,-73.92615,0.0,0.0,0,0,0,0,0,0,Driver Inattention/Distraction,Unspecified,Unspecified,,,Sedan,Sedan
2022,2022-10-22,22:45,QUEENS,11104,40.751637,-73.90985,1.0,0.0,0,0,1,0,0,0,Driver Inattention/Distraction,Unspecified,,,,Bike,
2022,2022-10-23,2:23,QUEENS,11361,40.763443,-73.77265,0.0,0.0,0,0,0,0,0,0,Unspecified,,,,,Station Wagon/Sport Utility Vehicle,Sedan
2022,2022-10-24,5:30,,,40.824455,-73.89786,0.0,0.0,0,0,0,0,0,0,Traffic Control Disregarded,Unspecified,,,,Sedan,Station Wagon/Sport Utility Vehicle
2022,2022-10-25,9:37,,,40.756367,-73.96012,0.0,0.0,0,0,0,0,0,0,Driver Inattention/Distraction,Unspecified,,,,Station Wagon/Sport Utility Vehicle,Station Wagon/Sport Utility Vehicle
2022,2022-10-25,16:36,BROOKLYN,11221,40.701332,-73.92684,0.0,0.0,0,0,0,0,0,0,Unspecified,Unspecified,,,,Station Wagon/Sport Utility Vehicle,Bus
2022,2022-10-27,8:00,BROOKLYN,11203,40.653324,-73.93829,0.0,0.0,0,0,0,0,0,0,Passing or Lane Usage Improper,Unspecified,,,,Bus,Box Truck
2022,2022-10-27,19:45,BROOKLYN,11234,40.617065,-73.9157,1.0,0.0,1,0,0,0,0,0,Unsafe Speed,,,,,Station Wagon/Sport Utility Vehicle,
2022,2022-10-27,12:34,QUEENS,11355,40.75537,-73.81277,1.0,0.0,0,0,0,0,1,0,Turning Improperly,Unspecified,,,,Station Wagon/Sport Utility Vehicle,Station Wagon/Sport Utility Vehicle
2022,2022-10-28,20:55,MANHATTAN,10038,40.711678,-74.00586,0.0,0.0,0,0,0,0,0,0,Aggressive Driving/Road Rage,Unspecified,,,,,
2022,2022-10-29,23:24,MANHATTAN,10014,40.729652,-74.00221,0.0,0.0,0,0,0,0,0,0,Unspecified,,,,,Sedan,
2022,2022-10-29,19:25,BRONX,10463,40.882362,-73.9068,0.0,0.0,0,0,0,0,0,0,Driver Inattention/Distraction,Unspecified,,,,Sedan,Station Wagon/Sport Utility Vehicle
2022,2022-10-29,10:05,MANHATTAN,10035,40.805737,-73.94065,0.0,0.0,0,0,0,0,0,0,Driver Inattention/Distraction,Unspecified,,,,Sedan,
2022,2022-10-31,17:22,MANHATTAN,10019,40.769764,-73.99008,0.0,0.0,0,0,0,0,0,0,Unspecified,Unspecified,,,,Sedan,Tow Truck / Wrecker
2022,2022-11-01,11:00,,,40.741344,-73.95459,0.0,0.0,0,0,0,0,0,0,Failure to Yield Right-of-Way,Unspecified,,,,4 dr sedan,
2022,2022-11-01,17:20,,,40.58588,-73.912704,0.0,0.0,0,0,0,0,0,0,Following Too Closely,Unspecified,,,,Station Wagon/Sport Utility Vehicle,Station Wagon/Sport Utility Vehicle
2022,2022-11-03,6:45,,,40.725918,-73.89535,1.0,0.0,1,0,0,0,0,0,Failure to Yield Right-of-Way,,,,,Pick-up Truck,
2022,2022-11-03,0:00,QUEENS,11412,40.69041,-73.75557,0.0,0.0,0,0,0,0,0,0,Failure to Yield Right-of-Way,Unspecified,,,,Sedan,Station Wagon/Sport Utility Vehicle
2022,2022-11-04,20:33,BROOKLYN,11207,40.677357,-73.88687,0.0,0.0,0,0,0,0,0,0,Driver Inattention/Distraction,Unspecified,,,,Sedan,Sedan
2022,2022-11-05,6:39,,,40.63667,-74.02567,3.0,0.0,0,0,1,0,2,0,Driver Inattention/Distraction,Unspecified,,,,Sedan,Bike
2022,2022-11-06,18:41,BRONX,10462,40.85241,-73.867775,4.0,0.0,0,0,0,0,4,0,Driver Inattention/Distraction,Unspecified,,,,Sedan,Station Wagon/Sport Utility Vehicle
2022,2022-11-08,17:15,,,40.74631,-73.86827,0.0,0.0,0,0,0,0,0,0,Backing Unsafely,Unspecified,,,,Station Wagon/Sport Utility Vehicle,Station Wagon/Sport Utility Vehicle
2022,2022-11-09,21:52,,,40.668507,-73.92561,0.0,0.0,0,0,0,0,0,0,Driver Inexperience,Unspecified,,,,Sedan,Sedan
2022,2022-11-10,19:10,QUEENS,11103,40.76464,-73.916595,1.0,0.0,0,0,0,0,1,0,Following Too Closely,Unspecified,,,,Motorcycle,Sedan
2022,2022-11-12,16:25,BRONX,10468,40.857418,-73.89996,1.0,0.0,1,0,0,0,0,0,Failure to Yield Right-of-Way,,,,,Motorscooter,
2022,2022-11-15,5:45,BROOKLYN,11207,40.67274,-73.899,0.0,0.0,0,0,0,0,0,0,Driver Inattention/Distraction,Unspecified,,,,Bus,Station Wagon/Sport Utility Vehicle
2022,2022-11-24,16:30,,,40.635014,-74.13263,1.0,0.0,0,0,1,0,0,0,Driver Inattention/Distraction,Unspecified,,,,Station Wagon/Sport Utility Vehicle,Bike
2022,2022-11-25,1:50,QUEENS,11420,40.683453,-73.816765,0.0,0.0,0,0,0,0,0,0,Following Too Closely,Unspecified,,,,Garbage or Refuse,Station Wagon/Sport Utility Vehicle
2022,2022-11-26,22:29,BROOKLYN,11208,40.6769,-73.87959,0.0,0.0,0,0,0,0,0,0,Following Too Closely,Unspecified,,,,Station Wagon/Sport Utility Vehicle,
2022,2022-11-27,0:30,QUEENS,11377,40.740894,-73.89961,0.0,0.0,0,0,0,0,0,0,Driver Inattention/Distraction,Unspecified,,,,Sedan,Station Wagon/Sport Utility Vehicle
2022,2022-11-30,6:50,QUEENS,11385,40.703537,-73.90339,0.0,0.0,0,0,0,0,0,0,Driver Inattention/Distraction,Unspecified,,,,Sedan,Sedan
2022,2022-12-01,14:28,BROOKLYN,11220,40.643776,-74.008125,1.0,0.0,1,0,0,0,0,0,Driver Inattention/Distraction,,,,,Sedan,
2022,2022-12-03,0:43,,,40.678318,-73.94693,2.0,0.0,0,0,0,0,2,0,Unsafe Speed,,,,,Station Wagon/Sport Utility Vehicle,
2022,2022-12-03,13:18,BRONX,10459,40.82198,-73.89787,0.0,0.0,0,0,0,0,0,0,Unspecified,Unspecified,,,,Sedan,Box Truck
2022,2022-12-04,0:55,,,,,0.0,0.0,0,0,0,0,0,0,Driver Inattention/Distraction,Unspecified,,,,Sedan,Sedan
2022,2022-12-05,16:43,BRONX,10474,40.818016,-73.885506,0.0,0.0,0,0,0,0,0,0,Unspecified,,,,,Sedan,
2022,2022-12-05,18:26,QUEENS,11102,40.775585,-73.92278,0.0,0.0,0,0,0,0,0,0,Other Vehicular,Unspecified,,,,Dump,Sedan
2022,2022-12-06,9:30,,,40.835808,-73.949455,3.0,0.0,0,0,0,0,3,0,Following Too Closely,Unspecified,,,,Sedan,Station Wagon/Sport Utility Vehicle
2022,2022-12-12,8:45,BROOKLYN,11225,40.660297,-73.947685,1.0,0.0,0,0,0,0,1,0,Other Vehicular,,,,,Sedan,
2022,2022-12-12,12:19,,,40.661385,-73.8841,1.0,0.0,0,0,0,0,1,0,Turning Improperly,,,,,Sedan,
2022,2022-12-14,18:00,BRONX,10457,40.83822,-73.90114,0.0,0.0,0,0,0,0,0,0,Driver Inattention/Distraction,Unspecified,,,,Sedan,Moped
2022,2022-12-14,16:00,,,40.667038,-73.7682,0.0,0.0,0,0,0,0,0,0,Following Too Closely,Unspecified,,,,Station Wagon/Sport Utility Vehicle,Station Wagon/Sport Utility Vehicle
2022,2022-12-16,4:50,QUEENS,11377,40.754158,-73.898636,1.0,0.0,0,0,0,0,1,0,Pavement Slippery,,,,,Box Truck,
2022,2022-12-16,22:25,QUEENS,11375,40.732277,-73.84927,0.0,0.0,0,0,0,0,0,0,Backing Unsafely,Unspecified,,,,Sedan,Station Wagon/Sport Utility Vehicle
2022,2022-12-16,1:14,,,40.66454,-73.82276,0.0,0.0,0,0,0,0,0,0,Unsafe Speed,,,,,Sedan,
2022,2022-12-18,3:50,,,40.823635,-73.93095,2.0,0.0,0,0,0,0,2,0,Following Too Closely,Unspecified,Unspecified,,,Taxi,Taxi
2022,2022-12-19,8:00,MANHATTAN,10025,40.79611,-73.96145,0.0,0.0,0,0,0,0,0,0,Driver Inattention/Distraction,Oversized Vehicle,,,,Bus,Taxi
2022,2022-12-22,20:00,BROOKLYN,11206,40.70317,-73.941376,0.0,0.0,0,0,0,0,0,0,Unsafe Speed,Unspecified,Unspecified,,,Station Wagon/Sport Utility Vehicle,Station Wagon/Sport Utility Vehicle
2022,2022-12-24,5:30,,,,,0.0,0.0,0,0,0,0,0,0,Alcohol Involvement,,,,,Station Wagon/Sport Utility Vehicle,
2022,2022-12-25,5:50,MANHATTAN,10019,40.767387,-73.994354,1.0,0.0,0,0,0,0,1,0,Pavement Slippery,Unspecified,,,,Sedan,Refrigerated Van
2022,2022-12-25,20:50,,,40.7672,-73.887825,3.0,0.0,0,0,0,0,3,0,Driver Inattention/Distraction,Unspecified,,,,Pick-up Truck,Station Wagon/Sport Utility Vehicle
2022,2022-12-26,19:55,,,40.65344,-73.97748,0.0,0.0,0,0,0,0,0,0,Driver Inexperience,Unspecified,,,,Sedan,
2022,2022-12-29,6:15,BRONX,10474,40.81666,-73.888,1.0,0.0,0,0,0,0,1,0,Unsafe Speed,Unspecified,,,,Station Wagon/Sport Utility Vehicle,Motorcycle
2023,2023-01-01,0:00,BROOKLYN,11212,40.66312,-73.92371,0.0,0.0,0,0,0,0,0,0,Unspecified,,,,,Sedan,
2023,2023-01-02,15:58,BROOKLYN,11207,40.66228,-73.90003,0.0,0.0,0,0,0,0,0,0,Unspecified,Unspecified,,,,Sedan,Sedan
2023,2023-01-04,3:12,,,40.67944,-73.89714,1.0,0.0,0,0,0,0,1,0,Unsafe Speed,,,,,Sedan,
2023,2023-01-08,5:05,QUEENS,11419,40.693092,-73.82753,0.0,0.0,0,0,0,0,0,0,Unspecified,,,,,Sedan,
2023,2023-01-09,18:19,BROOKLYN,11206,40.701077,-73.94043,1.0,0.0,0,0,1,0,0,0,Following Too Closely,Unspecified,,,,Station Wagon/Sport Utility Vehicle,Bike
2023,2023-01-13,23:20,,,40.557568,-74.207,0.0,0.0,0,0,0,0,0,0,Traffic Control Disregarded,Unspecified,,,,Station Wagon/Sport Utility Vehicle,Station Wagon/Sport Utility Vehicle
2023,2023-01-16,17:18,BRONX,10471,40.894875,-73.88219,0.0,0.0,0,0,0,0,0,0,Unspecified,Unspecified,,,,Sedan,Sedan
2023,2023-01-17,20:00,BROOKLYN,11205,40.697353,-73.96482,0.0,0.0,0,0,0,0,0,0,Unspecified,Unspecified,,,,Sedan,
2023,2023-01-17,18:30,MANHATTAN,10027,40.814793,-73.95629,0.0,0.0,0,0,0,0,0,0,Driver Inattention/Distraction,Unspecified,,,,Convertible,Station Wagon/Sport Utility Vehicle
2023,2023-01-20,0:30,QUEENS,11423,40.713196,-73.77329,0.0,0.0,0,0,0,0,0,0,Unsafe Speed,Unspecified,Unspecified,,,Sedan,Sedan
2023,2023-01-25,9:30,QUEENS,11385,40.702972,-73.888054,0.0,0.0,0,0,0,0,0,0,Backing Unsafely,Unspecified,,,,Sedan,Station Wagon/Sport Utility Vehicle
2023,2023-01-27,21:50,BROOKLYN,11207,40.66447,-73.89593,0.0,0.0,0,0,0,0,0,0,Unsafe Speed,Unspecified,,,,Station Wagon/Sport Utility Vehicle,Station Wagon/Sport Utility Vehicle
2023,2023-01-29,22:20,,,40.722584,-73.8509,0.0,0.0,0,0,0,0,0,0,Driver Inattention/Distraction,Unspecified,,,,Sedan,Sedan
2023,2023-01-31,17:40,,,,,1.0,0.0,0,0,0,0,1,0,Following Too Closely,Unspecified,,,,Sedan,Station Wagon/Sport Utility Vehicle
2023,2023-02-03,8:55,,,40.823826,-73.86163,1.0,0.0,0,0,0,0,1,0,Traffic Control Disregarded,Driver Inattention/Distraction,,,,E MOTORCYC,Station Wagon/Sport Utility Vehicle
2023,2023-02-08,8:32,BROOKLYN,11234,40.62835,-73.924965,1.0,0.0,1,0,0,0,0,0,Failure to Yield Right-of-Way,,,,,,
2023,2023-02-09,13:15,,,40.668507,-73.92561,1.0,0.0,0,0,0,0,1,0,Driver Inattention/Distraction,Unspecified,,,,Sedan,Sedan
2023,2023-02-10,23:50,BRONX,10461,40.854893,-73.850525,0.0,0.0,0,0,0,0,0,0,Driver Inattention/Distraction,Unspecified,,,,Sedan,
2023,2023-02-16,15:39,QUEENS,11430,40.664925,-73.811,0.0,0.0,0,0,0,0,0,0,Failure to Yield Right-of-Way,Failure to Yield Right-of-Way,Unspecified,,,Taxi,Sedan
2023,2023-02-23,23:45,MANHATTAN,10019,40.76525,-73.9794,1.0,0.0,0,0,0,0,1,0,Driver Inattention/Distraction,Unspecified,,,,Sedan,Sedan
2023,2023-02-24,10:14,,,40.547806,-74.15965,0.0,1.0,0,0,0,1,0,0,Driver Inattention/Distraction,Unspecified,Unspecified,,,Station Wagon/Sport Utility Vehicle,Sedan
2023,2023-02-25,20:20,BRONX,10471,40.9102,-73.896614,0.0,0.0,0,0,0,0,0,0,Driver Inattention/Distraction,Unsafe Speed,,,,Sedan,Sedan
2023,2023-02-25,14:20,BRONX,10461,40.853138,-73.85358,0.0,0.0,0,0,0,0,0,0,Unspecified,,,,,Station Wagon/Sport Utility Vehicle,
2023,2023-03-02,6:13,,,40.610844,-74.1811,1.0,0.0,0,0,0,0,1,0,Driver Inattention/Distraction,Driver Inattention/Distraction,,,,Station Wagon/Sport Utility Vehicle,Station Wagon/Sport Utility Vehicle
2023,2023-03-03,10:45,QUEENS,11101,40.753178,-73.91184,0.0,0.0,0,0,0,0,0,0,Driver Inattention/Distraction,Unspecified,,,,Sedan,Bus
2023,2023-03-03,6:08,BRONX,10466,40.89466,-73.86137,0.0,0.0,0,0,0,0,0,0,Passing Too Closely,Unspecified,,,,Station Wagon/Sport Utility Vehicle,Station Wagon/Sport Utility Vehicle
2023,2023-03-03,7:03,BROOKLYN,11207,40.68016,-73.893196,7.0,0.0,0,0,0,0,7,0,Driver Inattention/Distraction,Unspecified,Unspecified,Unspecified,Unspecified,Bus,Station Wagon/Sport Utility Vehicle
2023,2023-03-06,4:00,BRONX,10467,40.874714,-73.88042,0.0,0.0,0,0,0,0,0,0,Driver Inattention/Distraction,Unspecified,,,,Station Wagon/Sport Utility Vehicle,Pick-up Truck
2023,2023-03-10,7:15,,,,,0.0,0.0,0,0,0,0,0,0,Following Too Closely,Unspecified,,,,Station Wagon/Sport Utility Vehicle,Station Wagon/Sport Utility Vehicle
2023,2023-03-13,4:45,QUEENS,11412,40.691666,-73.76239,0.0,0.0,0,0,0,0,0,0,Traffic Control Disregarded,Unspecified,,,,Station Wagon/Sport Utility Vehicle,
2023,2023-03-20,17:00,BRONX,10474,40.817726,-73.884476,0.0,0.0,0,0,0,0,0,0,Unspecified,,,,,Sedan,
2023,2023-03-20,5:40,,,40.72707,-73.75457,1.0,0.0,0,0,0,0,1,0,Following Too Closely,Following Too Closely,,,,Station Wagon/Sport Utility Vehicle,Station Wagon/Sport Utility Vehicle
2023,2023-03-27,11:48,BROOKLYN,11207,,,0.0,0.0,0,0,0,0,0,0,Unspecified,,,,,Station Wagon/Sport Utility Vehicle,
2023,2023-03-28,14:02,STATEN ISLAND,10305,40.61604,-74.07374,0.0,0.0,0,0,0,0,0,0,Driver Inattention/Distraction,Unspecified,Unspecified,,,Sedan,Sedan
2023,2023-03-30,15:50,,,40.804585,-73.91213,0.0,0.0,0,0,0,0,0,0,Outside Car Distraction,Unsafe Lane Changing,,,,Station Wagon/Sport Utility Vehicle,Sedan
2023,2023-03-31,12:40,QUEENS,11423,40.71212,-73.76927,1.0,0.0,0,0,0,0,1,0,Driver Inattention/Distraction,,,,,Station Wagon/Sport Utility Vehicle,
2023,2023-04-01,19:54,,,,,1.0,0.0,0,0,0,0,1,0,Brakes Defective,Other Vehicular,Other Vehicular,,,Sedan,Station Wagon/Sport Utility Vehicle
2023,2023-04-03,14:10,BROOKLYN,11208,40.672897,-73.87111,0.0,0.0,0,0,0,0,0,0,Unspecified,Unspecified,,,,Sedan,Bus
2023,2023-04-06,14:35,,,40.63552,-74.0167,1.0,0.0,0,0,0,0,1,0,Unspecified,Unspecified,,,,Station Wagon/Sport Utility Vehicle,Box Truck
2023,2023-04-08,1:30,,,40.686512,-73.730484,0.0,0.0,0,0,0,0,0,0,Driver Inattention/Distraction,Unspecified,Unspecified,Unspecified,,Station Wagon/Sport Utility Vehicle,Sedan
2023,2023-04-09,11:27,,,40.583626,-74.15815,0.0,0.0,0,0,0,0,0,0,Driver Inattention/Distraction,Unspecified,,,,Sedan,
2023,2023-04-10,14:20,BRONX,10465,40.81987,-73.81987,0.0,0.0,0,0,0,0,0,0,Driver Inattention/Distraction,Unspecified,,,,Station Wagon/Sport Utility Vehicle,Sedan
2023,2023-04-10,18:00,BRONX,10466,40.890877,-73.85711,0.0,0.0,0,0,0,0,0,0,Following Too Closely,Unspecified,,,,Sedan,Pick-up Truck
2023,2023-04-13,20:53,MANHATTAN,10027,40.81569,-73.958305,1.0,0.0,0,0,1,0,0,0,Driver Inattention/Distraction,,,,,Bike,
2023,2023-04-13,17:45,MANHATTAN,10031,40.82289,-73.95574,0.0,0.0,0,0,0,0,0,0,Unspecified,,,,,Sedan,
2023,2023-04-14,11:33,,,40.698677,-73.95886,1.0,0.0,0,0,0,0,1,0,Driver Inattention/Distraction,Unspecified,,,,Station Wagon/Sport Utility Vehicle,Sedan
2023,2023-04-18,18:50,BROOKLYN,11233,40.669476,-73.919975,1.0,0.0,0,0,0,0,1,0,Traffic Control Disregarded,Unspecified,,,,Sedan,Sedan
2023,2023-04-20,16:56,BRONX,10472,40.827656,-73.8861,0.0,0.0,0,0,0,0,0,0,Passing or Lane Usage Improper,Unspecified,,,,Sedan,Sedan
2023,2023-04-26,11:00,,,40.673107,-73.99959,1.0,0.0,0,0,0,0,1,0,Unsafe Lane Changing,Unspecified,,,,Sedan,Dump
2023,2023-04-26,10:50,QUEENS,11358,40.75787,-73.78829,0.0,0.0,0,0,0,0,0,0,Lane Marking Improper/Inadequate,Unspecified,,,,Station Wagon/Sport Utility Vehicle,Sedan
2023,2023-04-26,15:50,,,40.82942,-73.91226,0.0,0.0,0,0,0,0,0,0,Passing Too Closely,Unspecified,,,,Ambulance,Sedan
2023,2023-04-26,19:59,BRONX,10454,40.810387,-73.91521,1.0,0.0,0,0,0,0,1,0,Unspecified,Unspecified,,,,Sedan,Moped
2023,2023-04-27,19:00,BROOKLYN,11210,40.628162,-73.94137,0.0,0.0,0,0,0,0,0,0,Unspecified,Unspecified,,,,Sedan,Station Wagon/Sport Utility Vehicle
2023,2023-04-30,9:37,BROOKLYN,11201,40.696033,-73.984535,1.0,0.0,0,0,0,0,1,0,Other Vehicular,Other Vehicular,,,,Sedan,Sedan
2023,2023-05-01,17:54,BROOKLYN,11232,40.651424,-74.00742,1.0,0.0,0,0,1,0,0,0,Pedestrian/Bicyclist/Other Pedestrian Error/Confusion,Pedestrian/Bicyclist/Other Pedestrian Error/Confusion,,,,Sedan,Bike
2023,2023-05-05,15:41,BROOKLYN,11212,40.668438,-73.906555,0.0,0.0,0,0,0,0,0,0,Unspecified,Unspecified,,,,Station Wagon/Sport Utility Vehicle,Bike
2023,2023-05-05,11:45,QUEENS,11411,40.699947,-73.736626,0.0,0.0,0,0,0,0,0,0,Unspecified,Unspecified,,,,Station Wagon/Sport Utility Vehicle,Sedan
2023,2023-05-06,19:58,QUEENS,11101,40.73675,-73.92821,1.0,0.0,0,0,0,0,1,0,Driver Inattention/Distraction,Unspecified,Unspecified,,,Station Wagon/Sport Utility Vehicle,Sedan
2023,2023-05-06,19:21,BROOKLYN,11212,40.65621,-73.914665,2.0,0.0,0,0,0,0,2,0,Alcohol Involvement,Unspecified,Unspecified,Unspecified,Unspecified,Sedan,Sedan
2023,2023-05-08,16:00,,,40.685368,-73.9109,0.0,0.0,0,0,0,0,0,0,Passing Too Closely,Unspecified,,,,Sedan,
2023,2023-05-10,6:50,STATEN ISLAND,10301,40.61212,-74.09913,0.0,0.0,0,0,0,0,0,0,Unspecified,Unspecified,,,,Station Wagon/Sport Utility Vehicle,Bus
2023,2023-05-10,20:26,BROOKLYN,11225,40.661568,-73.95073,1.0,0.0,0,0,0,0,0,0,Driver Inattention/Distraction,Driver Inattention/Distraction,,,,Station Wagon/Sport Utility Vehicle,E-Bike
2023,2023-05-11,18:05,MANHATTAN,10002,40.71997,-73.992905,1.0,0.0,0,0,1,0,0,0,Driver Inattention/Distraction,Unspecified,,,,Sedan,Bike
2023,2023-05-12,11:00,QUEENS,11385,40.704407,-73.863945,0.0,0.0,0,0,0,0,0,0,Passing Too Closely,Unspecified,,,,Sedan,Station Wagon/Sport Utility Vehicle
2023,2023-05-12,16:50,,,40.574894,-73.98662,0.0,0.0,0,0,0,0,0,0,Unspecified,Unspecified,,,,Sedan,Bus
2023,2023-05-13,17:30,,,40.67642,-73.94154,1.0,0.0,0,0,0,0,1,0,Driver Inattention/Distraction,Driver Inattention/Distraction,,,,Station Wagon/Sport Utility Vehicle,Moped
2023,2023-05-14,13:00,BROOKLYN,11226,40.647915,-73.94926,0.0,0.0,0,0,0,0,0,0,Driver Inattention/Distraction,Unspecified,Unspecified,,,Station Wagon/Sport Utility Vehicle,Station Wagon/Sport Utility Vehicle
2023,2023-05-14,6:27,,,,,1.0,0.0,0,0,0,0,1,0,Reaction to Uninvolved Vehicle,Driver Inattention/Distraction,,,,Sedan,Sedan
2023,2023-05-17,2:49,BRONX,10453,40.848263,-73.92049,0.0,0.0,0,0,0,0,0,0,Unspecified,Unspecified,,,,Sedan,AMBULANCE
2023,2023-05-17,6:15,MANHATTAN,10001,40.747276,-73.989624,0.0,0.0,0,0,0,0,0,0,Driver Inattention/Distraction,Unspecified,,,,Taxi,
2023,2023-05-19,23:07,BROOKLYN,11237,40.700356,-73.912575,0.0,0.0,0,0,0,0,0,0,Passing Too Closely,Unspecified,Unspecified,Unspecified,,Station Wagon/Sport Utility Vehicle,Station Wagon/Sport Utility Vehicle
2023,2023-05-21,0:57,BROOKLYN,11228,40.615448,-74.0146,0.0,0.0,0,0,0,0,0,0,Driver Inattention/Distraction,Unspecified,,,,Sedan,
2023,2023-05-23,7:00,BROOKLYN,11234,40.637577,-73.92593,0.0,0.0,0,0,0,0,0,0,Unspecified,Unspecified,,,,Station Wagon/Sport Utility Vehicle,Box Truck
2023,2023-05-25,1:35,BROOKLYN,11206,,,1.0,0.0,0,0,0,0,1,0,Traffic Control Disregarded,Unspecified,,,,Station Wagon/Sport Utility Vehicle,Sedan
2023,2023-05-25,16:00,BRONX,10451,40.826397,-73.92116,0.0,0.0,0,0,0,0,0,0,Passing Too Closely,Passing Too Closely,,,,Station Wagon/Sport Utility Vehicle,Sedan
2023,2023-05-26,9:30,QUEENS,11436,40.677273,-73.80216,0.0,0.0,0,0,0,0,0,0,Unspecified,Unspecified,,,,Sedan,
2023,2023-05-27,16:30,BRONX,10459,40.82458,-73.89296,0.0,0.0,0,0,0,0,0,0,Unspecified,Unspecified,Unspecified,Unspecified,Unspecified,Sedan,Station Wagon/Sport Utility Vehicle
2023,2023-05-28,23:24,BROOKLYN,11234,40.639053,-73.9213,1.0,0.0,0,0,0,0,1,0,Driver Inattention/Distraction,Driver Inattention/Distraction,Unspecified,,,Station Wagon/Sport Utility Vehicle,Sedan
2023,2023-06-01,9:45,MANHATTAN,10019,40.767242,-73.986206,1.0,0.0,0,0,1,0,0,0,Driver Inattention/Distraction,Driver Inexperience,,,,Sedan,Bike
2023,2023-06-02,9:58,MANHATTAN,10027,40.80897,-73.94833,1.0,0.0,0,0,1,0,0,0,Driver Inattention/Distraction,Unspecified,,,,Taxi,E-Bike
2023,2023-06-02,12:40,BROOKLYN,11223,40.593323,-73.964645,0.0,0.0,0,0,0,0,0,0,Unspecified,Unspecified,,,,Sedan,Pick-up Truck
2023,2023-06-09,12:34,MANHATTAN,10003,40.737328,-73.99266,0.0,0.0,0,0,0,0,0,0,Unsafe Speed,Unspecified,,,,Van,Bike
2023,2023-06-09,8:41,,,40.826275,-73.85971,0.0,0.0,0,0,0,0,0,0,Unspecified,Unspecified,,,,Station Wagon/Sport Utility Vehicle,Tractor Truck Gasoline
2023,2023-06-10,15:32,,,,,0.0,0.0,0,0,0,0,0,0,Unsafe Lane Changing,Unspecified,,,,Sedan,Sedan
2023,2023-06-12,20:32,MANHATTAN,10029,40.788616,-73.95525,1.0,0.0,1,0,0,0,0,0,Unspecified,,,,,Station Wagon/Sport Utility Vehicle,
2023,2023-06-12,18:00,,,40.716316,-73.90164,1.0,0.0,0,0,0,0,1,0,Failure to Yield Right-of-Way,Unspecified,,,,Moped,Station Wagon/Sport Utility Vehicle
2023,2023-06-13,18:15,MANHATTAN,10024,40.78452,-73.97948,1.0,0.0,1,0,0,0,0,0,Failure to Yield Right-of-Way,,,,,Sedan,
2023,2023-06-15,12:47,QUEENS,11365,40.73924,-73.786194,1.0,0.0,0,0,1,0,0,0,Driver Inattention/Distraction,Unspecified,,,,Sedan,Bike
2023,2023-06-15,6:21,,,,,1.0,0.0,0,0,0,0,1,0,Unspecified,Unspecified,Unspecified,,,Station Wagon/Sport Utility Vehicle,Station Wagon/Sport Utility Vehicle
2023,2023-06-16,0:00,QUEENS,11368,40.753147,-73.86339,1.0,0.0,0,0,0,0,1,0,Following Too Closely,Unspecified,,,,FLYWING MO,Station Wagon/Sport Utility Vehicle
2023,2023-06-22,11:00,MANHATTAN,10038,40.709694,-74.00864,0.0,0.0,0,0,0,0,0,0,Other Vehicular,Backing Unsafely,,,,Sedan,
2023,2023-06-22,18:32,,,40.696983,-73.935234,1.0,0.0,0,0,0,0,1,0,Driver Inattention/Distraction,Driver Inattention/Distraction,,,,Sedan,Station Wagon/Sport Utility Vehicle
2023,2023-06-22,18:20,,,40.846622,-73.93732,1.0,0.0,0,0,1,0,0,0,Turning Improperly,Unspecified,,,,Station Wagon/Sport Utility Vehicle,E-Bike
2023,2023-06-24,20:45,QUEENS,11423,40.70962,-73.76203,0.0,0.0,0,0,0,0,0,0,Alcohol Involvement,Unspecified,,,,Station Wagon/Sport Utility Vehicle,Station Wagon/Sport Utility Vehicle
2023,2023-06-24,11:00,BRONX,10461,40.84299,-73.82625,1.0,0.0,0,0,0,0,1,0,Driver Inattention/Distraction,Unspecified,,,,Sedan,Sedan
2023,2023-07-01,1:38,QUEENS,11101,40.754494,-73.94431,0.0,0.0,0,0,0,0,0,0,,,,,,Sedan,
2023,2023-07-05,9:36,QUEENS,11385,40.691433,-73.89063,0.0,0.0,0,0,0,0,0,0,Other Vehicular,Unspecified,Unspecified,Unspecified,Unspecified,Sedan,Sedan
2023,2023-07-05,19:50,MANHATTAN,10018,40.753513,-73.98879,0.0,0.0,0,0,0,0,0,0,Following Too Closely,Unspecified,,,,Taxi,Taxi
2023,2023-07-07,12:30,,,40.776016,-73.78441,0.0,0.0,0,0,0,0,0,0,Driver Inattention/Distraction,Unspecified,,,,Box Truck,Pick-up Truck
2023,2023-07-07,15:33,BRONX,10463,40.88949,-73.90965,0.0,0.0,0,0,0,0,0,0,Unspecified,,,,,Station Wagon/Sport Utility Vehicle,
2023,2023-07-09,8:50,QUEENS,11421,40.695595,-73.85716,1.0,0.0,0,0,0,0,0,0,Unsafe Speed,Unspecified,,,,E-Bike,Sedan
2023,2023-07-10,16:16,STATEN ISLAND,10312,40.552124,-74.17258,1.0,0.0,0,0,0,0,1,0,Failure to Yield Right-of-Way,Unspecified,,,,Station Wagon/Sport Utility Vehicle,Station Wagon/Sport Utility Vehicle
2023,2023-07-11,20:47,,,40.865543,-73.8368,1.0,0.0,0,0,0,0,1,0,Following Too Closely,Unspecified,,,,Station Wagon/Sport Utility Vehicle,Moped
2023,2023-07-12,19:54,BRONX,10466,40.897312,-73.84224,0.0,0.0,0,0,0,0,0,0,Driver Inattention/Distraction,Unspecified,,,,Sedan,Van
2023,2023-07-13,19:00,QUEENS,11372,40.755554,-73.885376,1.0,0.0,1,0,0,0,0,0,Driver Inattention/Distraction,,,,,Sedan,
2023,2023-07-16,20:00,,,40.832764,-73.94583,0.0,0.0,0,0,0,0,0,0,Unspecified,Unspecified,,,,Station Wagon/Sport Utility Vehicle,Box Truck
2023,2023-07-16,14:04,,,40.646175,-73.91055,0.0,0.0,0,0,0,0,0,0,View Obstructed/Limited,Unspecified,,,,Sedan,Station Wagon/Sport Utility Vehicle
2023,2023-07-17,10:25,BRONX,10472,40.824287,-73.87721,0.0,0.0,0,0,0,0,0,0,Unspecified,,,,,Station Wagon/Sport Utility Vehicle,
2023,2023-07-25,16:40,MANHATTAN,10014,40.732384,-74.01036,3.0,0.0,0,0,0,0,3,0,Following Too Closely,Unspecified,Unspecified,,,Station Wagon/Sport Utility Vehicle,Taxi
2023,2023-07-25,10:45,BROOKLYN,11236,40.64305,-73.89722,1.0,0.0,0,0,0,0,1,0,Failure to Yield Right-of-Way,Unspecified,,,,Sedan,Sedan
2023,2023-07-27,3:30,MANHATTAN,10027,40.80995,-73.94468,0.0,0.0,0,0,0,0,0,0,Unspecified,,,,,Sedan,
2023,2023-07-29,3:00,BROOKLYN,11232,40.651833,-74.003334,0.0,0.0,0,0,0,0,0,0,Unspecified,Unspecified,,,,Station Wagon/Sport Utility Vehicle,Station Wagon/Sport Utility Vehicle
2023,2023-08-02,12:00,,,40.629444,-74.16183,0.0,0.0,0,0,0,0,0,0,Driver Inexperience,Unspecified,,,,Station Wagon/Sport Utility Vehicle,Station Wagon/Sport Utility Vehicle
2023,2023-08-04,17:00,MANHATTAN,10013,40.720078,-74.00284,0.0,0.0,0,0,0,0,0,0,Passing Too Closely,Unspecified,,,,Station Wagon/Sport Utility Vehicle,Station Wagon/Sport Utility Vehicle
2023,2023-08-07,21:27,,,40.72857,-73.85809,0.0,0.0,0,0,0,0,0,0,Other Vehicular,,,,,Sedan,
2023,2023-08-12,14:27,BROOKLYN,11232,40.656548,-74.0021,1.0,0.0,0,0,0,0,0,0,Failure to Yield Right-of-Way,Unsafe Speed,,,,Pick-up Truck,E-Bike
2023,2023-08-14,16:00,BROOKLYN,11249,40.717022,-73.96527,0.0,0.0,0,0,0,0,0,0,Passing or Lane Usage Improper,Unspecified,,,,Station Wagon/Sport Utility Vehicle,Box Truck
2023,2023-08-19,0:10,QUEENS,11416,40.68815,-73.84884,0.0,0.0,0,0,0,0,0,0,Unsafe Speed,Unspecified,,,,Sedan,Sedan
2023,2023-08-21,13:42,BROOKLYN,11211,40.711594,-73.94435,1.0,0.0,0,0,0,0,0,0,Driver Inattention/Distraction,Unspecified,,,,E-Scooter,Station Wagon/Sport Utility Vehicle
2023,2023-08-23,5:36,,,40.732243,-73.87013,0.0,0.0,0,0,0,0,0,0,Following Too Closely,Unspecified,,,,Taxi,Sedan
2023,2023-08-24,12:40,MANHATTAN,10040,40.861816,-73.924904,2.0,0.0,0,0,0,0,2,0,View Obstructed/Limited,Driver Inexperience,,,,Station Wagon/Sport Utility Vehicle,SCOOTER
2023,2023-08-26,21:16,,,40.817513,-73.91712,1.0,0.0,0,0,1,0,0,0,Unsafe Speed,Unsafe Speed,,,,Bike,Sedan
2023,2023-08-26,5:57,STATEN ISLAND,10304,40.613976,-74.08629,0.0,0.0,0,0,0,0,0,0,Driver Inattention/Distraction,Unspecified,Unspecified,,,Pick-up Truck,Sedan
2023,2023-08-26,15:51,BROOKLYN,11208,40.670067,-73.86869,4.0,0.0,0,0,0,0,4,0,Unspecified,Unspecified,,,,Sedan,Station Wagon/Sport Utility Vehicle
2023,2023-08-27,2:43,,,40.807037,-73.949745,1.0,0.0,0,0,0,0,1,0,Driver Inattention/Distraction,Unspecified,,,,Sedan,Sedan
2023,2023-08-31,16:00,STATEN ISLAND,10309,40.52128,-74.23946,0.0,0.0,0,0,0,0,0,0,Driver Inattention/Distraction,Unspecified,,,,Station Wagon/Sport Utility Vehicle,Pick-up Truck
2023,2023-09-02,4:04,BROOKLYN,11220,40.644863,-74.01748,1.0,0.0,0,0,0,0,1,0,Driver Inattention/Distraction,Unspecified,,,,Station Wagon/Sport Utility Vehicle,Moped
2023,2023-09-04,2:33,BROOKLYN,11206,40.695107,-73.93748,0.0,0.0,0,0,0,0,0,0,Driver Inattention/Distraction,Unspecified,Unspecified,Unspecified,Unspecified,Box Truck,Station Wagon/Sport Utility Vehicle
2023,2023-09-05,16:50,,,40.774612,-73.92399,0.0,0.0,0,0,0,0,0,0,Unsafe Lane Changing,Unspecified,,,,Bus,Station Wagon/Sport Utility Vehicle
2023,2023-09-06,9:00,,,,,0.0,0.0,0,0,0,0,0,0,Fell Asleep,Unspecified,,,,Station Wagon/Sport Utility Vehicle,Box Truck
2023,2023-09-07,9:30,,,40.67983,-73.9583,0.0,0.0,0,0,0,0,0,0,Unspecified,,,,,Sedan,
2023,2023-09-08,19:18,,,40.69821,-73.92406,3.0,0.0,0,0,0,0,3,0,Reaction to Uninvolved Vehicle,Unspecified,,,,Station Wagon/Sport Utility Vehicle,Sedan
2023,2023-09-08,15:20,MANHATTAN,10013,40.72085,-74.00394,0.0,0.0,0,0,0,0,0,0,Turning Improperly,Unspecified,,,,Box Truck,Sedan
2023,2023-09-11,15:46,MANHATTAN,10025,40.7974,-73.96423,1.0,0.0,0,0,0,0,0,0,Passing Too Closely,Unspecified,,,,E-Scooter,E-Bike
2023,2023-09-13,7:25,,,40.837223,-73.82529,1.0,0.0,0,0,0,0,1,0,Unspecified,,,,,Sedan,
2023,2023-09-17,15:20,QUEENS,11101,40.752937,-73.92204,2.0,0.0,0,0,0,0,2,0,Failure to Yield Right-of-Way,Unspecified,,,,Station Wagon/Sport Utility Vehicle,Motorcycle
2023,2023-09-17,0:30,MANHATTAN,10012,40.72264,-73.99317,0.0,0.0,0,0,0,0,0,0,Brakes Defective,,,,,Station Wagon/Sport Utility Vehicle,
2023,2023-09-18,5:55,MANHATTAN,10025,40.80417,-73.966705,0.0,0.0,0,0,0,0,0,0,Pavement Slippery,Unspecified,,,,Van,School Bus
2023,2023-09-20,13:40,BRONX,10451,,,2.0,0.0,0,0,0,0,2,0,Unspecified,Unspecified,,,,Sedan,Station Wagon/Sport Utility Vehicle
2023,2023-09-20,11:45,MANHATTAN,10035,40.804447,-73.94166,0.0,0.0,0,0,0,0,0,0,Driver Inattention/Distraction,Driver Inattention/Distraction,,,,Station Wagon/Sport Utility Vehicle,Station Wagon/Sport Utility Vehicle
2023,2023-09-22,8:42,BROOKLYN,11220,40.647675,-74.014595,2.0,0.0,0,0,0,0,2,0,Other Vehicular,Other Vehicular,,,,Station Wagon/Sport Utility Vehicle,Sedan
2023,2023-09-23,20:30,MANHATTAN,10039,40.821636,-73.93909,1.0,0.0,0,0,1,0,0,0,Driver Inattention/Distraction,Unspecified,,,,Station Wagon/Sport Utility Vehicle,E-Bike
2023,2023-09-24,8:00,BRONX,10467,40.874462,-73.86607,0.0,0.0,0,0,0,0,0,0,Unspecified,,,,,Sedan,
2023,2023-09-27,7:00,,,,,0.0,0.0,0,0,0,0,0,0,Unspecified,Unspecified,,,,Carry All,Ambulance
2023,2023-09-27,10:20,,,40.585228,-73.94155,2.0,0.0,0,0,0,0,2,0,Driver Inattention/Distraction,Unspecified,,,,Sedan,Station Wagon/Sport Utility Vehicle
2023,2023-09-29,18:00,QUEENS,11101,40.75267,-73.93641,0.0,0.0,0,0,0,0,0,0,Unspecified,,,,,Station Wagon/Sport Utility Vehicle,
2023,2023-09-30,1:53,,,40.765846,-73.88961,0.0,0.0,0,0,0,0,0,0,Unsafe Speed,Unspecified,,,,Sedan,Sedan
2023,2023-10-03,15:15,,,40.719864,-73.94486,0.0,0.0,0,0,0,0,0,0,Driver Inexperience,Unspecified,,,,Box Truck,Sedan
2023,2023-10-07,13:00,BRONX,10460,40.836384,-73.88483,1.0,0.0,0,0,0,0,0,0,Unspecified,Unspecified,,,,Station Wagon/Sport Utility Vehicle,E-Scooter
2023,2023-10-12,17:46,BROOKLYN,11210,40.624596,-73.9445,0.0,0.0,0,0,0,0,0,0,Turning Improperly,Unspecified,,,,Station Wagon/Sport Utility Vehicle,Bus
2023,2023-10-13,17:15,BROOKLYN,11210,40.62731,-73.941826,0.0,0.0,0,0,0,0,0,0,Driver Inattention/Distraction,Unspecified,,,,Station Wagon/Sport Utility Vehicle,Station Wagon/Sport Utility Vehicle
2023,2023-10-20,12:57,BROOKLYN,11201,40.689064,-74.00076,1.0,0.0,0,0,0,0,1,0,Failure to Yield Right-of-Way,Unspecified,Unspecified,Unspecified,,Sedan,Sedan
2023,2023-10-23,17:21,BROOKLYN,11212,40.661766,-73.91416,1.0,0.0,1,0,0,0,0,0,Unspecified,,,,,Sedan,
2023,2023-10-24,21:02,QUEENS,11104,40.74743,-73.925476,0.0,0.0,0,0,0,0,0,0,Turning Improperly,Unspecified,,,,Sedan,E-Bike
2023,2023-10-24,12:20,BROOKLYN,11214,40.589043,-73.98381,1.0,0.0,0,0,0,0,1,0,Other Vehicular,Unspecified,,,,Sedan,SCOOTER
2023,2023-10-29,21:35,BROOKLYN,11222,40.728134,-73.95328,1.0,0.0,0,0,1,0,0,0,Passing or Lane Usage Improper,Unspecified,,,,Sedan,Bike
2023,2023-10-29,23:40,QUEENS,11417,40.681988,-73.83698,0.0,0.0,0,0,0,0,0,0,Passing or Lane Usage Improper,Driver Inattention/Distraction,Unspecified,,,Sedan,Sedan
2023,2023-11-09,9:01,MANHATTAN,10007,40.714188,-74.00801,0.0,0.0,0,0,0,0,0,0,Failure to Yield Right-of-Way,Unspecified,,,,Station Wagon/Sport Utility Vehicle,Sedan
2023,2023-11-10,12:20,BRONX,10467,40.86536,-73.87043,0.0,0.0,0,0,0,0,0,0,Driver Inexperience,Unspecified,,,,Sedan,Sedan
2023,2023-11-14,19:42,BRONX,10457,40.85773,-73.899765,0.0,0.0,0,0,0,0,0,0,Following Too Closely,Unspecified,,,,Sedan,Moped
2023,2023-11-14,16:57,QUEENS,11367,40.726723,-73.824356,1.0,0.0,0,0,0,0,1,0,Unspecified,Unspecified,,,,Station Wagon/Sport Utility Vehicle,Sedan
2023,2023-11-18,1:15,,,40.733685,-73.92396,0.0,0.0,0,0,0,0,0,0,Following Too Closely,Unspecified,,,,Sedan,Station Wagon/Sport Utility Vehicle
2023,2023-11-19,18:36,,,40.67461,-73.80428,0.0,0.0,0,0,0,0,0,0,Driver Inattention/Distraction,Unspecified,,,,Sedan,Station Wagon/Sport Utility Vehicle
2023,2023-11-24,17:35,QUEENS,11420,40.666332,-73.81056,0.0,0.0,0,0,0,0,0,0,Unsafe Speed,,,,,Station Wagon/Sport Utility Vehicle,
2023,2023-11-25,23:22,BROOKLYN,11219,40.629215,-73.99458,0.0,0.0,0,0,0,0,0,0,Driver Inattention/Distraction,Unspecified,,,,Station Wagon/Sport Utility Vehicle,Station Wagon/Sport Utility Vehicle
2023,2023-11-26,17:11,,,40.624958,-74.145775,1.0,0.0,1,0,0,0,0,0,View Obstructed/Limited,,,,,Station Wagon/Sport Utility Vehicle,
2023,2023-11-26,9:03,QUEENS,11106,40.762074,-73.91869,0.0,0.0,0,0,0,0,0,0,Unspecified,,,,,Station Wagon/Sport Utility Vehicle,
2023,2023-11-27,3:20,MANHATTAN,10022,40.760616,-73.962395,0.0,0.0,0,0,0,0,0,0,Driver Inattention/Distraction,Unspecified,,,,Taxi,Sedan
2023,2023-11-28,9:30,,,0.0,0.0,1.0,0.0,0,0,0,0,1,0,Unspecified,Unspecified,,,,Pick-up Truck,Sedan
2023,2023-12-01,10:55,,,40.879578,-73.875374,1.0,0.0,0,0,0,0,1,0,Unspecified,Unspecified,,,,Sedan,Sedan
2023,2023-12-03,14:30,BRONX,10465,40.837177,-73.82298,1.0,0.0,0,0,0,0,1,0,Illnes,,,,,Station Wagon/Sport Utility Vehicle,
2023,2023-12-04,19:30,BROOKLYN,11234,40.609947,-73.92227,0.0,0.0,0,0,0,0,0,0,Unspecified,Unspecified,,,,Station Wagon/Sport Utility Vehicle,Sedan
2023,2023-12-07,21:00,MANHATTAN,10026,40.805386,-73.95468,0.0,0.0,0,0,0,0,0,0,Driver Inattention/Distraction,Unspecified,,,,Sedan,
2023,2023-12-09,12:45,QUEENS,11377,40.74539,-73.90662,2.0,0.0,0,0,0,0,2,0,Unspecified,Unspecified,,,,Station Wagon/Sport Utility Vehicle,
2023,2023-12-09,12:58,MANHATTAN,10014,40.729446,-74.00518,0.0,0.0,0,0,0,0,0,0,Unspecified,Unspecified,,,,Taxi,Sedan
2023,2023-12-09,22:04,QUEENS,11428,40.72019,-73.74791,0.0,0.0,0,0,0,0,0,0,Driver Inattention/Distraction,Unspecified,,,,Station Wagon/Sport Utility Vehicle,Sedan
2023,2023-12-13,10:26,MANHATTAN,10007,40.714485,-74.013596,0.0,0.0,0,0,0,0,0,0,Unspecified,Unspecified,,,,Sedan,
2023,2023-12-14,8:20,,,0.0,0.0,0.0,0.0,0,0,0,0,0,0,Driver Inattention/Distraction,Driver Inattention/Distraction,,,,Station Wagon/Sport Utility Vehicle,Sedan
2023,2023-12-15,11:22,BRONX,10461,40.842735,-73.8361,1.0,0.0,1,0,0,0,0,0,,,,,,,
2023,2023-12-15,11:30,BROOKLYN,11208,40.664566,-73.868286,0.0,0.0,0,0,0,0,0,0,Unspecified,Unspecified,,,,Sedan,Pick-up Truck
2023,2023-12-16,19:00,QUEENS,11375,40.71745,-73.85183,0.0,0.0,0,0,0,0,0,0,Driver Inattention/Distraction,Driver Inattention/Distraction,Unspecified,Unspecified,,Station Wagon/Sport Utility Vehicle,Station Wagon/Sport Utility Vehicle
2023,2023-12-20,13:55,,,40.703373,-73.93764,1.0,0.0,0,0,0,0,0,0,Pedestrian/Bicyclist/Other Pedestrian Error/Confusion,Unspecified,,,,Station Wagon/Sport Utility Vehicle,E-Bike
2023,2023-12-20,10:15,,,40.749283,-73.756645,3.0,0.0,0,0,0,0,3,0,Following Too Closely,Unsafe Lane Changing,Unspecified,Unspecified,,Station Wagon/Sport Utility Vehicle,Station Wagon/Sport Utility Vehicle
2023,2023-12-25,12:04,QUEENS,11377,40.748993,-73.89687,1.0,0.0,0,0,0,0,1,0,Passing or Lane Usage Improper,Unspecified,,,,Station Wagon/Sport Utility Vehicle,
2023,2023-12-25,9:00,QUEENS,11428,40.717308,-73.73985,0.0,0.0,0,0,0,0,0,0,Alcohol Involvement,,,,,Sedan,
2023,2023-12-28,15:06,,,40.696213,-73.97528,1.0,0.0,0,0,0,0,1,0,Driver Inattention/Distraction,Unspecified,,,,Taxi,Sedan
2024,2024-01-08,10:42,QUEENS,11372,40.74763,-73.88394,1.0,0.0,0,0,0,0,1,0,Traffic Control Disregarded,Unspecified,,,,Bus,Station Wagon/Sport Utility Vehicle
2024,2024-01-12,15:15,BROOKLYN,11221,40.68584,-73.93439,1.0,0.0,0,0,0,0,1,0,Driver Inattention/Distraction,Unspecified,,,,Sedan,Sedan
2024,2024-01-12,1:44,QUEENS,11360,40.782436,-73.77654,1.0,0.0,0,0,0,0,1,0,Fatigued/Drowsy,,,,,Station Wagon/Sport Utility Vehicle,
2024,2024-01-13,13:30,QUEENS,11414,40.670822,-73.8564,0.0,0.0,0,0,0,0,0,0,Passing or Lane Usage Improper,Unspecified,,,,Sedan,
2024,2024-01-17,23:45,,,40.600506,-73.90174,0.0,0.0,0,0,0,0,0,0,Turning Improperly,Unspecified,,,,Sedan,
2024,2024-01-17,21:10,,,40.700737,-73.99499,0.0,0.0,0,0,0,0,0,0,Following Too Closely,Unspecified,,,,Taxi,Sedan
2024,2024-01-19,9:30,BROOKLYN,11220,40.64546,-74.00638,1.0,0.0,1,0,0,0,0,0,Backing Unsafely,,,,,Sedan,
2024,2024-01-26,12:09,BROOKLYN,11206,40.707706,-73.94705,0.0,0.0,0,0,0,0,0,0,Other Vehicular,,,,,Sedan,
2024,2024-01-27,14:15,MANHATTAN,10039,40.82195,-73.93579,0.0,0.0,0,0,0,0,0,0,Driver Inattention/Distraction,Unspecified,,,,Station Wagon/Sport Utility Vehicle,Sedan
2024,2024-01-29,6:10,,,40.516335,-74.23283,1.0,0.0,1,0,0,0,0,0,Driver Inattention/Distraction,,,,,Station Wagon/Sport Utility Vehicle,
2024,2024-01-31,19:10,QUEENS,11374,40.72857,-73.85809,0.0,0.0,0,0,0,0,0,0,Driver Inattention/Distraction,Driver Inattention/Distraction,Driver Inattention/Distraction,,,Sedan,Sedan
2024,2024-02-04,18:38,,,,,0.0,0.0,0,0,0,0,0,0,Unspecified,Unspecified,Unspecified,,,Station Wagon/Sport Utility Vehicle,Station Wagon/Sport Utility Vehicle
2024,2024-02-04,11:30,BRONX,10471,40.904503,-73.896416,0.0,0.0,0,0,0,0,0,0,Unspecified,,,,,Sedan,
2024,2024-02-06,12:28,BROOKLYN,11212,40.65908,-73.90218,1.0,0.0,0,0,0,0,1,0,Unspecified,Unspecified,,,,Sedan,Sedan
2024,2024-02-08,22:47,,,,,1.0,0.0,0,0,0,0,1,0,Driver Inattention/Distraction,Unspecified,,,,Sedan,Sedan
2024,2024-02-12,20:40,BRONX,10454,40.809658,-73.91331,0.0,0.0,0,0,0,0,0,0,Unspecified,,,,,Bike,
2024,2024-02-14,17:50,BRONX,10463,40.88027,-73.90613,0.0,0.0,0,0,0,0,0,0,Unspecified,Unspecified,,,,Sedan,Station Wagon/Sport Utility Vehicle
2024,2024-02-16,8:35,,,,,0.0,0.0,0,0,0,0,0,0,Following Too Closely,Unspecified,,,,Sedan,Sedan
2024,2024-02-16,8:30,QUEENS,11432,40.708447,-73.800224,1.0,0.0,1,0,0,0,0,0,Unspecified,,,,,Station Wagon/Sport Utility Vehicle,
2024,2024-02-18,11:20,BROOKLYN,11220,40.638878,-74.00605,1.0,0.0,1,0,0,0,0,0,,,,,,,
2024,2024-02-20,10:48,,,40.66323,-73.93161,1.0,0.0,0,0,0,0,1,0,Driver Inattention/Distraction,Passing or Lane Usage Improper,,,,Dump,Sedan
2024,2024-02-21,15:35,BROOKLYN,11229,40.600536,-73.9409,1.0,0.0,1,0,0,0,0,0,,,,,,,
2024,2024-02-22,5:02,BRONX,10455,40.80679,-73.902534,0.0,0.0,0,0,0,0,0,0,Unspecified,Unspecified,,,,Station Wagon/Sport Utility Vehicle,Tractor Truck Gasoline
2024,2024-02-23,12:27,BRONX,10460,40.839897,-73.88584,0.0,0.0,0,0,0,0,0,0,Pedestrian/Bicyclist/Other Pedestrian Error/Confusion,,,,,Sedan,
2024,2024-02-26,7:50,QUEENS,11385,40.705647,-73.87677,1.0,0.0,1,0,0,0,0,0,Failure to Yield Right-of-Way,,,,,Sedan,
2024,2024-02-26,14:33,MANHATTAN,10018,40.75619,-73.99057,1.0,0.0,0,0,0,0,1,0,Following Too Closely,Unspecified,,,,Taxi,Sedan
2024,2024-02-27,23:36,BROOKLYN,11201,40.69354,-73.99943,0.0,0.0,0,0,0,0,0,0,Fell Asleep,Unspecified,,,,Station Wagon/Sport Utility Vehicle,Sedan
2024,2024-02-27,20:00,,,40.745815,-73.945656,1.0,0.0,1,0,0,0,0,0,Failure to Yield Right-of-Way,,,,,Sedan,
2024,2024-02-28,13:30,BROOKLYN,11211,40.712456,-73.95065,0.0,0.0,0,0,0,0,0,0,Oversized Vehicle,Unspecified,,,,Station Wagon/Sport Utility Vehicle,
2024,2024-02-29,19:20,BROOKLYN,11236,40.6373,-73.89745,0.0,0.0,0,0,0,0,0,0,Unspecified,,,,,Station Wagon/Sport Utility Vehicle,
2024,2024-03-01,19:00,,,40.666233,-73.761,1.0,0.0,0,0,0,0,1,0,Following Too Closely,Unspecified,Unspecified,Unspecified,,Sedan,Sedan
2024,2024-03-02,12:50,STATEN ISLAND,10305,40.5842,-74.09472,1.0,0.0,0,0,0,0,1,0,Following Too Closely,Unspecified,,,,Sedan,Sedan
2024,2024-03-03,5:56,BROOKLYN,11232,40.652626,-74.00617,1.0,0.0,0,0,0,0,1,0,Unspecified,Unspecified,,,,Sedan,Pick-up Truck
2024,2024-03-06,22:15,,,40.655037,-73.935585,1.0,0.0,0,0,0,0,1,0,Unsafe Speed,Unspecified,Unspecified,Unspecified,Unspecified,Sedan,Sedan
2024,2024-03-12,20:30,,,,,3.0,0.0,0,0,0,0,3,0,Lane Marking Improper/Inadequate,,,,,Station Wagon/Sport Utility Vehicle,Sedan
2024,2024-03-12,21:45,BROOKLYN,11219,40.633053,-73.9952,1.0,0.0,0,0,0,0,1,0,Alcohol Involvement,Unspecified,,,,Sedan,Sedan
2024,2024-03-16,8:15,MANHATTAN,10039,40.829163,-73.93727,0.0,0.0,0,0,0,0,0,0,Passing or Lane Usage Improper,Unspecified,,,,Sedan,Sedan
2024,2024-03-16,8:30,BRONX,10457,40.846733,-73.90649,0.0,0.0,0,0,0,0,0,0,Passing Too Closely,Unspecified,,,,Sedan,
2024,2024-03-16,23:42,BROOKLYN,11232,40.65807,-74.00763,1.0,0.0,0,0,0,0,1,0,Animals Action,,,,,Station Wagon/Sport Utility Vehicle,
2024,2024-03-16,23:22,,,40.74457,-73.731575,1.0,0.0,0,0,0,0,1,0,Unsafe Speed,Unspecified,,,,Sedan,
2024,2024-03-17,14:47,BRONX,10454,40.805088,-73.91561,1.0,0.0,0,0,0,0,1,0,View Obstructed/Limited,Unspecified,,,,Sedan,Sedan
2024,2024-03-18,15:20,BROOKLYN,11221,40.68716,-73.93588,1.0,0.0,1,0,0,0,0,0,,,,,,,
2024,2024-03-20,10:30,QUEENS,11412,40.691666,-73.76239,1.0,0.0,0,0,0,0,1,0,Unsafe Lane Changing,Driver Inattention/Distraction,,,,Sedan,Dump Truck
2024,2024-03-20,12:58,BROOKLYN,11208,40.672546,-73.86261,2.0,0.0,0,0,0,0,2,0,Driver Inattention/Distraction,Unspecified,,,,Sedan,Sedan
2024,2024-03-25,17:40,QUEENS,11354,40.77289,-73.840904,1.0,0.0,0,0,0,0,1,0,Lost Consciousness,,,,,Station Wagon/Sport Utility Vehicle,
2024,2024-03-25,9:15,QUEENS,11417,40.677616,-73.83332,0.0,0.0,0,0,0,0,0,0,Passing or Lane Usage Improper,Unspecified,,,,Sedan,
2024,2024-03-27,17:00,BRONX,10467,40.887444,-73.878006,0.0,0.0,0,0,0,0,0,0,Following Too Closely,Unspecified,,,,Station Wagon/Sport Utility Vehicle,Sedan
2024,2024-03-29,21:20,QUEENS,11373,40.734737,-73.87227,3.0,0.0,0,0,0,0,3,0,Traffic Control Disregarded,Unspecified,,,,Sedan,Sedan
2024,2024-03-30,16:15,,,40.671787,-73.95311,0.0,0.0,0,0,0,0,0,0,Passing or Lane Usage Improper,Unspecified,,,,Sedan,
2024,2024-04-01,22:10,BROOKLYN,11236,40.629936,-73.90448,0.0,0.0,0,0,0,0,0,0,Turning Improperly,Unspecified,,,,Station Wagon/Sport Utility Vehicle,Sedan
2024,2024-04-01,22:12,MANHATTAN,10028,40.77592,-73.95317,1.0,0.0,1,0,0,0,0,0,Driver Inattention/Distraction,,,,,Sedan,
2024,2024-04-02,14:15,MANHATTAN,10036,40.756035,-73.98695,2.0,0.0,2,0,0,0,0,0,Failure to Yield Right-of-Way,,,,,Taxi,
2024,2024-04-03,10:00,QUEENS,11103,40.762108,-73.90652,0.0,0.0,0,0,0,0,0,0,Passing Too Closely,Unspecified,,,,Sedan,Station Wagon/Sport Utility Vehicle
2024,2024-04-04,8:50,BRONX,10457,40.83648,-73.897736,1.0,0.0,0,0,0,0,1,0,Unspecified,,,,,Sedan,
2024,2024-04-06,15:30,BRONX,10451,40.809883,-73.930305,0.0,0.0,0,0,0,0,0,0,Driver Inattention/Distraction,Unspecified,,,,Sedan,Sedan
2024,2024-04-07,7:20,QUEENS,11432,40.715965,-73.77934,0.0,0.0,0,0,0,0,0,0,Unspecified,,,,,Sedan,
2024,2024-04-10,21:05,,,40.695152,-73.817406,1.0,0.0,0,0,0,0,0,0,Passing or Lane Usage Improper,Unspecified,,,,Station Wagon/Sport Utility Vehicle,E-Bike
2024,2024-04-14,15:20,BROOKLYN,11238,40.6753,-73.96662,0.0,0.0,0,0,0,0,0,0,View Obstructed/Limited,Passing or Lane Usage Improper,,,,Sedan,Box Truck
2024,2024-04-16,7:00,QUEENS,11420,40.680496,-73.821365,0.0,0.0,0,0,0,0,0,0,Passing or Lane Usage Improper,Unspecified,,,,Station Wagon/Sport Utility Vehicle,Station Wagon/Sport Utility Vehicle
2024,2024-04-17,0:00,BRONX,10460,40.853344,-73.881676,0.0,0.0,0,0,0,0,0,0,View Obstructed/Limited,Unsafe Lane Changing,,,,Bus,Station Wagon/Sport Utility Vehicle
2024,2024-04-18,9:15,,,40.826546,-73.855515,1.0,0.0,0,0,0,0,1,0,Driver Inattention/Distraction,Unspecified,,,,Sedan,Pick-up Truck
2024,2024-04-25,21:11,BROOKLYN,11201,40.69112,-73.99755,0.0,0.0,0,0,0,0,0,0,Oversized Vehicle,Unspecified,,,,Sedan,Carry All
2024,2024-04-27,8:53,STATEN ISLAND,10312,40.55903,-74.175156,0.0,0.0,0,0,0,0,0,0,Unspecified,Unspecified,,,,Station Wagon/Sport Utility Vehicle,Sedan
2024,2024-04-28,14:42,MANHATTAN,10035,40.788982,-73.93039,1.0,0.0,0,0,1,0,0,0,Driver Inattention/Distraction,Driver Inattention/Distraction,,,,Station Wagon/Sport Utility Vehicle,Bike
2024,2024-05-01,16:19,,,40.669098,-73.93666,1.0,0.0,0,0,0,0,1,0,Unspecified,Unspecified,,,,Sedan,Sedan
2024,2024-05-01,15:35,BROOKLYN,11236,40.642868,-73.917656,0.0,0.0,0,0,0,0,0,0,Backing Unsafely,Unspecified,,,,Sedan,Sedan
2024,2024-05-02,21:39,MANHATTAN,10040,40.85692,-73.93494,0.0,0.0,0,0,0,0,0,0,Unspecified,Unspecified,,,,Sedan,Station Wagon/Sport Utility Vehicle
2024,2024-05-03,8:00,QUEENS,11373,40.731277,-73.871574,1.0,0.0,0,0,0,0,1,0,Driver Inexperience,Driver Inattention/Distraction,,,,Sedan,Van
2024,2024-05-03,10:00,QUEENS,11418,40.698692,-73.834076,0.0,0.0,0,0,0,0,0,0,Aggressive Driving/Road Rage,Unspecified,,,,Station Wagon/Sport Utility Vehicle,Station Wagon/Sport Utility Vehicle
2024,2024-05-08,9:40,,,40.8451,-73.91878,0.0,0.0,0,0,0,0,0,0,Unspecified,,,,,Tractor Truck Diesel,
2024,2024-05-08,23:50,,,40.666306,-73.79171,1.0,0.0,0,0,0,0,1,0,Following Too Closely,Unspecified,,,,Sedan,
2024,2024-05-09,8:36,,,40.65744,-73.98333,3.0,0.0,0,0,0,0,3,0,Unspecified,Unspecified,,,,Station Wagon/Sport Utility Vehicle,
2024,2024-05-11,12:39,BROOKLYN,11234,40.632065,-73.91861,0.0,0.0,0,0,0,0,0,0,Following Too Closely,Unspecified,,,,Station Wagon/Sport Utility Vehicle,Station Wagon/Sport Utility Vehicle
2024,2024-05-11,13:30,,,40.878742,-73.87255,1.0,0.0,0,0,0,0,1,0,Traffic Control Disregarded,Following Too Closely,Unspecified,,,Station Wagon/Sport Utility Vehicle,Sedan
2024,2024-05-13,12:16,MANHATTAN,10027,40.814648,-73.96037,0.0,0.0,0,0,0,0,0,0,Unspecified,,,,,Tractor Truck Diesel,
2024,2024-05-14,18:16,QUEENS,11373,40.746346,-73.87239,1.0,0.0,1,0,0,0,0,0,Driver Inattention/Distraction,,,,,Sedan,
2024,2024-05-15,14:21,BRONX,10457,40.839497,-73.90456,1.0,0.0,0,0,0,0,1,0,Passing or Lane Usage Improper,Unspecified,,,,Sedan,Motorscooter
2024,2024-05-18,15:58,BROOKLYN,11229,40.59918,-73.95031,0.0,0.0,0,0,0,0,0,0,Unspecified,,,,,Sedan,
2024,2024-05-19,20:25,BRONX,10461,40.844486,-73.846245,1.0,0.0,1,0,0,0,0,0,Failure to Yield Right-of-Way,,,,,Van,
2024,2024-05-21,17:40,MANHATTAN,10002,40.717648,-73.98868,0.0,0.0,0,0,0,0,0,0,Driver Inattention/Distraction,Driver Inattention/Distraction,,,,Sedan,Sedan
2024,2024-05-31,19:20,,,,,0.0,0.0,0,0,0,0,0,0,Driver Inattention/Distraction,Unspecified,,,,Pick-up Truck,Tow Truck / Wrecker
2024,2024-06-03,15:43,QUEENS,11693,40.590786,-73.806625,3.0,0.0,0,0,0,0,3,0,Following Too Closely,Driver Inattention/Distraction,Unspecified,,,Sedan,Sedan
2024,2024-06-03,12:15,QUEENS,11419,40.684746,-73.83112,1.0,0.0,1,0,0,0,0,0,Failure to Yield Right-of-Way,,,,,Station Wagon/Sport Utility Vehicle,
2024,2024-06-03,17:40,BROOKLYN,11221,40.68971,-73.92679,0.0,0.0,0,0,0,0,0,0,Passing Too Closely,,,,,Station Wagon/Sport Utility Vehicle,
2024,2024-06-03,6:57,MANHATTAN,10022,40.75439,-73.96887,0.0,0.0,0,0,0,0,0,0,Driver Inattention/Distraction,Driver Inattention/Distraction,,,,Box Truck,Sedan
2024,2024-06-03,20:15,BRONX,10472,40.826385,-73.859,1.0,0.0,0,0,0,0,1,0,Unsafe Lane Changing,Unspecified,,,,Sedan,
2024,2024-06-07,8:20,BROOKLYN,11207,40.675625,-73.89879,1.0,0.0,0,0,0,0,1,0,Unspecified,Unspecified,,,,Station Wagon/Sport Utility Vehicle,Sedan
2024,2024-06-07,16:53,MANHATTAN,10003,40.735096,-73.98738,2.0,0.0,0,0,0,0,2,0,Unspecified,Unspecified,,,,Sedan,Station Wagon/Sport Utility Vehicle
2024,2024-06-12,13:33,,,40.715954,-73.986725,0.0,0.0,0,0,0,0,0,0,View Obstructed/Limited,Unspecified,,,,Sedan,Sedan
2024,2024-06-13,11:15,BROOKLYN,11205,40.690594,-73.95162,0.0,0.0,0,0,0,0,0,0,Driver Inattention/Distraction,Driver Inattention/Distraction,,,,Station Wagon/Sport Utility Vehicle,Sedan
2024,2024-06-15,16:35,MANHATTAN,10013,40.72135,-74.00465,1.0,0.0,0,0,1,0,0,0,Driver Inattention/Distraction,,,,,Box Truck,Bike
2024,2024-06-16,11:28,,,40.61823,-74.16329,0.0,0.0,0,0,0,0,0,0,Driver Inattention/Distraction,Passing or Lane Usage Improper,,,,Sedan,Sedan
2024,2024-06-17,8:25,MANHATTAN,10021,40.76912,-73.95505,1.0,0.0,1,0,0,0,0,0,Traffic Control Disregarded,,,,,Pick-up Truck,
2024,2024-06-19,22:50,BROOKLYN,11226,40.64495,-73.95186,0.0,0.0,0,0,0,0,0,0,Unspecified,Unspecified,,,,Station Wagon/Sport Utility Vehicle,Sedan
2024,2024-06-20,19:40,BRONX,10455,40.81625,-73.9007,0.0,0.0,0,0,0,0,0,0,Driver Inattention/Distraction,Unspecified,,,,Sedan,Sedan
2024,2024-06-22,23:13,,,40.68626,-73.8013,0.0,0.0,0,0,0,0,0,0,Failure to Yield Right-of-Way,Failure to Yield Right-of-Way,Unspecified,,,Station Wagon/Sport Utility Vehicle,Sedan
2024,2024-06-23,9:45,BROOKLYN,11211,40.708633,-73.95488,0.0,0.0,0,0,0,0,0,0,Turning Improperly,Unspecified,,,,Station Wagon/Sport Utility Vehicle,
2024,2024-06-24,9:50,,,40.63043,-73.88593,3.0,0.0,0,0,0,0,3,0,Unsafe Lane Changing,Unspecified,,,,Sedan,Sedan
2024,2024-06-24,20:17,,,40.60701,-73.75102,0.0,0.0,0,0,0,0,0,0,Turning Improperly,Unspecified,,,,Tractor Truck Gasoline,Sedan
2024,2024-06-24,20:29,BROOKLYN,11215,40.669006,-73.99641,1.0,0.0,0,0,0,0,1,0,Driver Inattention/Distraction,Unspecified,,,,Sedan,Sedan
2024,2024-06-26,11:30,BROOKLYN,11221,40.692356,-73.94282,0.0,0.0,0,0,0,0,0,0,Passing Too Closely,Unspecified,,,,3-Door,Sedan
2024,2024-06-27,16:40,BROOKLYN,11215,40.675777,-73.980896,1.0,0.0,1,0,0,0,0,0,Driver Inattention/Distraction,,,,,,
2024,2024-06-30,16:50,,,40.792362,-73.96418,1.0,0.0,0,0,0,0,1,0,Driver Inattention/Distraction,Driver Inattention/Distraction,,,,Taxi,Station Wagon/Sport Utility Vehicle
2024,2024-06-30,12:20,MANHATTAN,10013,40.726437,-74.00566,0.0,0.0,0,0,0,0,0,0,Driver Inattention/Distraction,Unspecified,,,,Sedan,Sedan
2024,2024-07-02,14:46,BRONX,10457,40.8477,-73.90097,1.0,0.0,1,0,0,0,0,0,Unspecified,,,,,Station Wagon/Sport Utility Vehicle,
2024,2024-07-02,13:51,QUEENS,11436,40.680477,-73.7921,1.0,0.0,0,0,1,0,0,0,Driver Inattention/Distraction,Unspecified,,,,Sedan,Bike
2024,2024-07-03,10:13,BROOKLYN,11221,40.6905,-73.919914,1.0,0.0,0,0,0,0,1,0,Driver Inattention/Distraction,Unspecified,,,,Sedan,PASSENGER
2024,2024-07-04,18:57,,,40.697853,-73.93325,0.0,0.0,0,0,0,0,0,0,Driver Inattention/Distraction,Unspecified,,,,Sedan,Sedan
2024,2024-07-08,17:08,QUEENS,11434,40.66723,-73.785034,0.0,0.0,0,0,0,0,0,0,Unsafe Speed,Turning Improperly,,,,Pick-up Truck,Station Wagon/Sport Utility Vehicle
2024,2024-07-08,8:00,BRONX,10465,40.82806,-73.82859,0.0,0.0,0,0,0,0,0,0,Other Vehicular,Passing Too Closely,,,,Station Wagon/Sport Utility Vehicle,Station Wagon/Sport Utility Vehicle
2024,2024-07-08,19:37,BROOKLYN,11208,40.68365,-73.87219,2.0,0.0,0,0,0,0,2,0,Driver Inattention/Distraction,Unspecified,Unspecified,,,Station Wagon/Sport Utility Vehicle,Station Wagon/Sport Utility Vehicle
2024,2024-07-10,11:43,,,40.69245,-73.811005,1.0,0.0,0,0,0,0,1,0,Passing or Lane Usage Improper,Driver Inattention/Distraction,,,,Sedan,Tractor Truck Diesel
2024,2024-07-11,0:00,,,,,0.0,0.0,0,0,0,0,0,0,Following Too Closely,Following Too Closely,Unspecified,,,Sedan,Sedan
2024,2024-07-12,8:50,,,40.872143,-73.818695,3.0,0.0,0,0,0,0,3,0,Following Too Closely,Unspecified,,,,Station Wagon/Sport Utility Vehicle,Station Wagon/Sport Utility Vehicle
2024,2024-07-12,0:13,,,40.63368,-74.15256,1.0,0.0,0,0,0,0,1,0,Fell Asleep,Unspecified,Unspecified,,,Station Wagon/Sport Utility Vehicle,Sedan
2024,2024-07-14,16:28,,,40.69939,-73.91938,0.0,0.0,0,0,0,0,0,0,Alcohol Involvement,Unspecified,,,,Station Wagon/Sport Utility Vehicle,Station Wagon/Sport Utility Vehicle
2024,2024-07-15,13:17,,,40.62307,-74.149315,0.0,0.0,0,0,0,0,0,0,Unspecified,,,,,Tractor Truck Diesel,
2024,2024-07-16,11:38,,,40.578556,-74.1696,0.0,0.0,0,0,0,0,0,0,Driver Inattention/Distraction,Unspecified,,,,Station Wagon/Sport Utility Vehicle,
2024,2024-07-18,6:10,,,,,0.0,0.0,0,0,0,0,0,0,Driver Inattention/Distraction,Unspecified,,,,Taxi,Sedan
2024,2024-07-20,12:35,BROOKLYN,11236,40.637413,-73.89371,0.0,0.0,0,0,0,0,0,0,Driver Inattention/Distraction,,,,,Station Wagon/Sport Utility Vehicle,
2024,2024-07-21,8:00,QUEENS,11435,40.697857,-73.80417,1.0,0.0,0,0,1,0,0,0,Failure to Yield Right-of-Way,Failure to Yield Right-of-Way,,,,Station Wagon/Sport Utility Vehicle,Bike
2024,2024-07-22,9:40,QUEENS,11420,40.677498,-73.82369,0.0,0.0,0,0,0,0,0,0,Passing or Lane Usage Improper,Unspecified,,,,Sedan,
2024,2024-07-22,23:30,,,40.69985,-73.80974,0.0,0.0,0,0,0,0,0,0,Driver Inexperience,Unspecified,,,,Sedan,Sedan
2024,2024-07-24,18:26,BROOKLYN,11201,40.697617,-73.984985,0.0,0.0,0,0,0,0,0,0,Backing Unsafely,Unspecified,,,,Sedan,Sedan
2024,2024-07-24,8:44,,,,,1.0,0.0,0,0,0,0,1,0,Unspecified,,,,,Sedan,
2024,2024-07-25,19:40,,,,,0.0,0.0,0,0,0,0,0,0,Other Vehicular,Driver Inattention/Distraction,,,,Station Wagon/Sport Utility Vehicle,Station Wagon/Sport Utility Vehicle
2024,2024-07-27,18:48,,,,,2.0,0.0,0,0,0,0,2,0,Turning Improperly,Unspecified,,,,Sedan,Sedan
2024,2024-07-27,22:30,BROOKLYN,11236,40.641727,-73.907646,0.0,0.0,0,0,0,0,0,0,Following Too Closely,Unspecified,Unspecified,,,Station Wagon/Sport Utility Vehicle,Sedan
2024,2024-07-29,0:00,BROOKLYN,11233,40.677975,-73.91913,0.0,0.0,0,0,0,0,0,0,Driver Inattention/Distraction,Unspecified,,,,Sedan,Sedan
2024,2024-07-30,15:21,,,40.735794,-73.85807,0.0,0.0,0,0,0,0,0,0,Driver Inattention/Distraction,Unspecified,,,,Sedan,Box Truck
2024,2024-08-02,16:30,,,40.832897,-73.862274,0.0,0.0,0,0,0,0,0,0,Other Vehicular,Aggressive Driving/Road Rage,,,,Sedan,Sedan
2024,2024-08-02,18:43,BRONX,10462,40.834312,-73.85792,0.0,0.0,0,0,0,0,0,0,Unspecified,,,,,Sedan,
2024,2024-08-12,13:00,QUEENS,11374,40.711727,-73.859085,0.0,0.0,0,0,0,0,0,0,Driver Inattention/Distraction,Unspecified,,,,Station Wagon/Sport Utility Vehicle,Sedan
2024,2024-08-14,13:10,BROOKLYN,11221,40.69535,-73.91632,3.0,0.0,0,0,0,0,3,0,Following Too Closely,Unspecified,,,,Station Wagon/Sport Utility Vehicle,Station Wagon/Sport Utility Vehicle
2024,2024-08-15,20:15,,,,,1.0,0.0,0,0,0,0,1,0,Unspecified,Unspecified,Unspecified,,,subn,Sedan
2024,2024-08-15,17:30,QUEENS,11432,40.7136,-73.791756,0.0,0.0,0,0,0,0,0,0,Driver Inattention/Distraction,Unspecified,,,,Sedan,Sedan
2024,2024-08-18,17:40,,,,,1.0,0.0,0,0,0,0,0,0,Failure to Yield Right-of-Way,Unspecified,,,,Sedan,E-Bike
2024,2024-08-19,1:47,BROOKLYN,11207,40.67579,-73.90269,1.0,0.0,0,0,0,0,1,0,Unspecified,,,,,Sedan,
2024,2024-08-19,16:45,QUEENS,11432,40.703342,-73.80021,0.0,0.0,0,0,0,0,0,0,Driver Inattention/Distraction,Unspecified,,,,Sedan,
2024,2024-08-23,13:45,MANHATTAN,10030,40.819054,-73.940865,0.0,0.0,0,0,0,0,0,0,Passing Too Closely,Unspecified,Unspecified,,,Station Wagon/Sport Utility Vehicle,Sedan
2024,2024-08-24,14:10,,,,,0.0,0.0,0,0,0,0,0,0,Driver Inattention/Distraction,Unspecified,Unspecified,,,Station Wagon/Sport Utility Vehicle,Van
2024,2024-08-25,1:30,BROOKLYN,11221,40.691612,-73.93976,0.0,0.0,0,0,0,0,0,0,Unspecified,,,,,Sedan,
2024,2024-08-29,7:57,,,,,0.0,0.0,0,0,0,0,0,0,Unspecified,,,,,Station Wagon/Sport Utility Vehicle,
2024,2024-08-30,17:52,MANHATTAN,10036,40.759052,-73.98622,0.0,0.0,0,0,0,0,0,0,Driver Inattention/Distraction,Unspecified,,,,Station Wagon/Sport Utility Vehicle,Station Wagon/Sport Utility Vehicle
2024,2024-09-03,15:59,BRONX,10455,40.81626,-73.91421,1.0,0.0,1,0,0,0,0,0,Unspecified,,,,,Sedan,
2024,2024-09-05,14:37,BRONX,10465,40.827972,-73.83896,0.0,0.0,0,0,0,0,0,0,Unspecified,,,,,Sedan,
2024,2024-09-07,12:10,,,,,4.0,0.0,0,0,0,0,4,0,Unsafe Speed,Unspecified,,,,Sedan,Station Wagon/Sport Utility Vehicle
2024,2024-09-09,0:30,MANHATTAN,10040,40.863243,-73.92582,0.0,0.0,0,0,0,0,0,0,Aggressive Driving/Road Rage,Unspecified,,,,Moped,Station Wagon/Sport Utility Vehicle
2024,2024-09-11,13:38,BROOKLYN,11220,40.642696,-74.01284,1.0,0.0,0,0,1,0,0,0,Driver Inattention/Distraction,Unspecified,,,,Sedan,Bike
2024,2024-09-13,23:24,STATEN ISLAND,10308,40.558315,-74.149826,0.0,0.0,0,0,0,0,0,0,Animals Action,Unspecified,,,,Station Wagon/Sport Utility Vehicle,Station Wagon/Sport Utility Vehicle
2024,2024-09-13,16:00,,,40.617676,-73.9432,1.0,0.0,0,0,0,0,0,0,Failure to Yield Right-of-Way,Unspecified,,,,E-Scooter,
2024,2024-09-14,10:15,QUEENS,11432,40.70802,-73.78263,1.0,0.0,1,0,0,0,0,0,Driver Inattention/Distraction,Unspecified,,,,Station Wagon/Sport Utility Vehicle,Motorcycle
2024,2024-09-15,17:00,BROOKLYN,11229,40.6032,-73.959885,0.0,0.0,0,0,0,0,0,0,Unspecified,,,,,Station Wagon/Sport Utility Vehicle,
2024,2024-09-19,21:00,QUEENS,11368,40.757534,-73.86658,0.0,0.0,0,0,0,0,0,0,Unspecified,,,,,Station Wagon/Sport Utility Vehicle,
2024,2024-09-19,10:30,BROOKLYN,11232,40.661823,-73.99425,0.0,0.0,0,0,0,0,0,0,Backing Unsafely,Unspecified,,,,Station Wagon/Sport Utility Vehicle,Dump
2024,2024-09-20,8:00,MANHATTAN,10012,40.724136,-73.992615,0.0,0.0,0,0,0,0,0,0,Oversized Vehicle,Driver Inattention/Distraction,,,,Flat Bed,Station Wagon/Sport Utility Vehicle
2024,2024-09-20,3:10,QUEENS,11385,40.70935,-73.89425,0.0,0.0,0,0,0,0,0,0,Traffic Control Disregarded,Unspecified,,,,Station Wagon/Sport Utility Vehicle,Station Wagon/Sport Utility Vehicle
2024,2024-09-22,16:27,,,40.69078,-73.72728,0.0,0.0,0,0,0,0,0,0,Passing or Lane Usage Improper,Passing or Lane Usage Improper,,,,Station Wagon/Sport Utility Vehicle,Sedan
2024,2024-09-24,19:10,BROOKLYN,11207,40.69212,-73.90661,0.0,0.0,0,0,0,0,0,0,Pedestrian/Bicyclist/Other Pedestrian Error/Confusion,Unspecified,,,,Bike,
2024,2024-09-25,15:48,BROOKLYN,11215,,,0.0,0.0,0,0,0,0,0,0,Failure to Yield Right-of-Way,Unspecified,,,,Sedan,Station Wagon/Sport Utility Vehicle
2024,2024-09-29,13:06,,,40.600624,-74.163,1.0,0.0,0,0,0,0,1,0,Driver Inattention/Distraction,Unspecified,Unspecified,,,Station Wagon/Sport Utility Vehicle,Station Wagon/Sport Utility Vehicle
2024,2024-09-29,16:34,BROOKLYN,11216,40.686203,-73.950745,1.0,0.0,0,0,0,0,1,0,Turning Improperly,Unspecified,,,,Sedan,Sedan
2024,2024-10-01,13:13,BROOKLYN,11233,40.676342,-73.910934,0.0,0.0,0,0,0,0,0,0,Unspecified,,,,,Pick-up Truck,
2024,2024-10-03,19:26,BROOKLYN,11236,40.65141,-73.913414,1.0,0.0,1,0,0,0,0,0,Unspecified,,,,,Sedan,
2024,2024-10-07,16:45,,,40.610214,-74.1202,2.0,0.0,0,0,0,0,2,0,Following Too Closely,Unspecified,Unspecified,,,Box Truck,Station Wagon/Sport Utility Vehicle
2024,2024-10-10,4:49,,,40.743187,-73.97207,0.0,0.0,0,0,0,0,0,0,Unspecified,,,,,Station Wagon/Sport Utility Vehicle,
2024,2024-10-11,14:47,,,,,0.0,0.0,0,0,0,0,0,0,Following Too Closely,Unspecified,,,,Station Wagon/Sport Utility Vehicle,Station Wagon/Sport Utility Vehicle
2024,2024-10-11,14:12,BROOKLYN,11207,40.65698,-73.88943,1.0,0.0,1,0,0,0,0,0,Failure to Yield Right-of-Way,,,,,,
2024,2024-10-15,11:00,QUEENS,11436,40.678696,-73.7978,0.0,0.0,0,0,0,0,0,0,Unspecified,,,,,Sedan,
2024,2024-10-15,7:30,QUEENS,11423,40.715607,-73.76316,0.0,0.0,0,0,0,0,0,0,Following Too Closely,Unspecified,Unspecified,,,Station Wagon/Sport Utility Vehicle,Station Wagon/Sport Utility Vehicle
2024,2024-10-16,17:55,QUEENS,11356,40.788048,-73.84608,0.0,0.0,0,0,0,0,0,0,Aggressive Driving/Road Rage,Unspecified,,,,Sedan,Sedan
2024,2024-10-16,5:39,,,40.859444,-73.915985,0.0,0.0,0,0,0,0,0,0,Driver Inattention/Distraction,Driver Inattention/Distraction,,,,Sedan,Tractor Truck Diesel
2024,2024-10-18,22:05,MANHATTAN,10009,40.72027,-73.97854,0.0,0.0,0,0,0,0,0,0,Aggressive Driving/Road Rage,Unspecified,,,,Taxi,Station Wagon/Sport Utility Vehicle
2024,2024-10-18,14:07,QUEENS,11368,40.756462,-73.8673,0.0,0.0,0,0,0,0,0,0,Unspecified,Unspecified,Unspecified,,,Station Wagon/Sport Utility Vehicle,Sedan
2024,2024-10-18,13:40,,,40.788055,-73.94433,1.0,0.0,1,0,0,0,0,0,Failure to Yield Right-of-Way,,,,,Station Wagon/Sport Utility Vehicle,
2024,2024-10-18,19:50,MANHATTAN,10001,40.751446,-74.001434,0.0,0.0,0,0,0,0,0,0,Passing Too Closely,Unspecified,,,,Bus,
2024,2024-10-18,23:05,,,40.666477,-73.808136,2.0,0.0,0,0,0,0,2,0,Unsafe Speed,Unspecified,Unspecified,,,Taxi,Sedan
2024,2024-10-18,23:52,,,40.528446,-74.21653,2.0,0.0,0,0,0,0,2,0,Animals Action,,,,,Taxi,
2024,2024-10-19,12:25,QUEENS,11369,40.757328,-73.88192,0.0,0.0,0,0,0,0,0,0,Backing Unsafely,Unspecified,,,,Station Wagon/Sport Utility Vehicle,
2024,2024-10-23,18:50,STATEN ISLAND,10308,40.559933,-74.1518,1.0,0.0,0,0,0,0,1,0,Failure to Yield Right-of-Way,Unspecified,,,,Sedan,
2024,2024-10-23,15:50,MANHATTAN,10002,40.7162,-73.99191,1.0,0.0,1,0,0,0,0,0,Unspecified,,,,,Station Wagon/Sport Utility Vehicle,
2024,2024-10-25,8:50,BROOKLYN,11233,40.67725,-73.92754,1.0,0.0,1,0,0,0,0,0,Driver Inattention/Distraction,,,,,Sedan,
2024,2024-11-01,15:10,BRONX,10466,40.881268,-73.838745,1.0,0.0,0,0,0,0,1,0,Failure to Yield Right-of-Way,Unspecified,,,,Bus,Sedan
2024,2024-11-02,16:00,BRONX,10462,40.85428,-73.8618,0.0,0.0,0,0,0,0,0,0,Passing Too Closely,Unspecified,,,,Station Wagon/Sport Utility Vehicle,
2024,2024-11-04,12:35,BRONX,10451,40.81341,-73.92336,0.0,0.0,0,0,0,0,0,0,Driver Inattention/Distraction,Unspecified,,,,Van,Sedan
2024,2024-11-05,19:30,MANHATTAN,10009,40.730656,-73.98307,1.0,0.0,0,0,1,0,0,0,Pedestrian/Bicyclist/Other Pedestrian Error/Confusion,Unspecified,,,,Taxi,Bike
2024,2024-11-05,19:27,BROOKLYN,11236,40.648567,-73.9178,1.0,0.0,0,0,0,0,1,0,Failure to Yield Right-of-Way,Unspecified,Unspecified,,,Sedan,Sedan
2024,2024-11-06,19:17,QUEENS,11385,40.70063,-73.90459,1.0,0.0,1,0,0,0,0,0,Other Vehicular,,,,,Station Wagon/Sport Utility Vehicle,
2024,2024-11-07,20:00,BROOKLYN,11221,40.693832,-73.90961,0.0,0.0,0,0,0,0,0,0,Aggressive Driving/Road Rage,Unspecified,,,,Station Wagon/Sport Utility Vehicle,Station Wagon/Sport Utility Vehicle
2024,2024-11-13,18:30,QUEENS,11375,40.734978,-73.85325,1.0,0.0,0,0,0,0,0,0,Driver Inattention/Distraction,Driver Inattention/Distraction,,,,E-Scooter,
2024,2024-11-19,18:20,MANHATTAN,10005,40.70812,-74.00983,0.0,0.0,0,0,0,0,0,0,Unspecified,Unspecified,,,,Box Truck,Box Truck
2024,2024-11-20,11:30,BRONX,10460,40.840206,-73.890526,0.0,0.0,0,0,0,0,0,0,Other Vehicular,,,,,Station Wagon/Sport Utility Vehicle,
2024,2024-11-20,16:45,BROOKLYN,11205,40.694973,-73.970375,0.0,0.0,0,0,0,0,0,0,Unspecified,Unspecified,,,,Van,Sedan
2024,2024-11-24,21:45,QUEENS,11413,40.664158,-73.75344,0.0,0.0,0,0,0,0,0,0,Driver Inattention/Distraction,Unspecified,,,,Taxi,Station Wagon/Sport Utility Vehicle
2024,2024-11-25,12:28,BRONX,10459,40.817795,-73.89318,0.0,0.0,0,0,0,0,0,0,Passing or Lane Usage Improper,Unspecified,,,,Station Wagon/Sport Utility Vehicle,Sedan
2024,2024-11-26,21:18,QUEENS,11102,40.769794,-73.916824,1.0,0.0,0,0,0,0,1,0,Passing or Lane Usage Improper,Unspecified,,,,Station Wagon/Sport Utility Vehicle,Bus
2024,2024-11-28,18:00,QUEENS,11413,40.664337,-73.75256,0.0,0.0,0,0,0,0,0,0,Driver Inattention/Distraction,Unspecified,,,,Station Wagon/Sport Utility Vehicle,Sedan
2024,2024-11-28,16:40,BROOKLYN,11233,40.680767,-73.90672,1.0,0.0,1,0,0,0,0,0,Pedestrian/Bicyclist/Other Pedestrian Error/Confusion,,,,,E-Bike,
2024,2024-12-02,15:30,STATEN ISLAND,10307,40.51103,-74.232704,0.0,0.0,0,0,0,0,0,0,Driver Inattention/Distraction,Unspecified,,,,Sedan,Sedan
2024,2024-12-07,14:57,BRONX,10468,40.86788,-73.893,1.0,0.0,1,0,0,0,0,0,Driver Inattention/Distraction,,,,,Sedan,
2024,2024-12-11,20:21,,,40.825005,-73.93238,0.0,0.0,0,0,0,0,0,0,Unspecified,,,,,Station Wagon/Sport Utility Vehicle,
2024,2024-12-13,9:52,BRONX,10474,40.809917,-73.888145,3.0,0.0,0,0,0,0,3,0,Aggressive Driving/Road Rage,Unspecified,,,,Pick-up Truck,
2024,2024-12-15,11:27,BROOKLYN,11235,40.579094,-73.95992,0.0,0.0,0,0,0,0,0,0,Unspecified,Unspecified,,,,Sedan,Station Wagon/Sport Utility Vehicle
2024,2024-12-16,6:52,,,40.70403,-73.8171,1.0,0.0,0,0,0,0,1,0,Aggressive Driving/Road Rage,Aggressive Driving/Road Rage,,,,Taxi,Station Wagon/Sport Utility Vehicle
2024,2024-12-27,15:54,MANHATTAN,10034,40.86177,-73.91847,1.0,0.0,0,0,0,0,1,0,Driver Inattention/Distraction,Unspecified,,,,Sedan,Carry All
2025,2025-01-01,14:29,BROOKLYN,11213,40.67187,-73.93098,0.0,0.0,0,0,0,0,0,0,Unspecified,,,,,Sedan,
2025,2025-01-02,13:00,QUEENS,11358,40.758896,-73.80607,0.0,0.0,0,0,0,0,0,0,Other Vehicular,,,,,Station Wagon/Sport Utility Vehicle,
2025,2025-01-06,19:06,BRONX,10467,40.87739,-73.86649,1.0,0.0,1,0,0,0,0,0,Unspecified,,,,,Sedan,
2025,2025-01-06,7:40,,,40.799126,-73.92935,1.0,0.0,0,0,0,0,1,0,Following Too Closely,Unspecified,,,,Station Wagon/Sport Utility Vehicle,Sedan
2025,2025-01-07,18:30,BROOKLYN,11230,40.61255,-73.96286,1.0,0.0,0,0,0,0,1,0,Unspecified,Unspecified,,,,Station Wagon/Sport Utility Vehicle,Station Wagon/Sport Utility Vehicle
2025,2025-01-08,9:30,BRONX,10451,40.82298,-73.90914,0.0,0.0,0,0,0,0,0,0,Passing or Lane Usage Improper,Unspecified,,,,Station Wagon/Sport Utility Vehicle,Sedan
2025,2025-01-11,9:05,QUEENS,11368,40.74631,-73.86826,1.0,0.0,0,0,1,0,0,0,Pedestrian/Bicyclist/Other Pedestrian Error/Confusion,Pedestrian/Bicyclist/Other Pedestrian Error/Confusion,,,,Sedan,Bike
2025,2025-01-14,15:38,QUEENS,11370,40.75884,-73.88975,1.0,0.0,0,0,0,0,1,0,Unsafe Speed,Failure to Yield Right-of-Way,,,,Moped,Sedan
2025,2025-01-16,15:24,BROOKLYN,11218,40.64304,-73.97354,1.0,0.0,1,0,0,0,0,0,Unspecified,,,,,Station Wagon/Sport Utility Vehicle,
2025,2025-01-19,0:45,MANHATTAN,10029,40.78363,-73.94352,0.0,0.0,0,0,0,0,0,0,Passing or Lane Usage Improper,Unspecified,Unspecified,,,Sedan,Station Wagon/Sport Utility Vehicle
2025,2025-01-19,20:32,BROOKLYN,11215,40.671803,-73.98724,2.0,0.0,0,0,0,0,2,0,Driver Inattention/Distraction,Unspecified,,,,Chassis Cab,Sedan
2025,2025-01-20,12:20,QUEENS,11412,40.69961,-73.763,1.0,0.0,1,0,0,0,0,0,Driver Inattention/Distraction,,,,,Station Wagon/Sport Utility Vehicle,
2025,2025-01-24,13:00,,,40.678505,-73.74325,1.0,0.0,0,0,0,0,1,0,Driver Inattention/Distraction,Unspecified,,,,Sedan,Sedan
2025,2025-01-25,15:29,BROOKLYN,11220,40.645107,-74.01032,0.0,0.0,0,0,0,0,0,0,Unspecified,Unspecified,,,,Sedan,Bus
2025,2025-01-28,14:05,STATEN ISLAND,10304,40.591022,-74.10091,0.0,0.0,0,0,0,0,0,0,Driver Inattention/Distraction,Unspecified,,,,Station Wagon/Sport Utility Vehicle,Sedan
2025,2025-02-07,6:56,BROOKLYN,11206,40.708466,-73.946754,1.0,0.0,0,0,0,0,1,0,Other Vehicular,Fatigued/Drowsy,,,,Bus,Sedan
2025,2025-02-08,22:12,BROOKLYN,11222,40.727383,-73.95182,0.0,0.0,0,0,0,0,0,0,Driver Inattention/Distraction,Unspecified,,,,Sedan,Sedan
2025,2025-02-08,21:50,QUEENS,11692,40.594807,-73.80048,0.0,0.0,0,0,0,0,0,0,Pavement Slippery,Unspecified,,,,Sedan,Sedan
2025,2025-02-12,15:00,BROOKLYN,11238,40.686066,-73.971436,0.0,0.0,0,0,0,0,0,0,Unspecified,Unspecified,,,,Sedan,Bus
2025,2025-02-13,10:00,MANHATTAN,10022,40.759167,-73.976746,1.0,0.0,1,0,0,0,0,0,Failure to Yield Right-of-Way,,,,,Taxi,
2025,2025-02-14,18:00,BROOKLYN,11210,40.6182,-73.950424,1.0,0.0,0,0,1,0,0,0,Unspecified,Unspecified,,,,Bike,
2025,2025-02-15,10:58,QUEENS,11105,40.777306,-73.91736,0.0,0.0,0,0,0,0,0,0,Passing or Lane Usage Improper,Unspecified,,,,Sedan,
2025,2025-02-16,13:15,QUEENS,11355,40.74321,-73.82261,0.0,0.0,0,0,0,0,0,0,Unspecified,Unspecified,,,,Sedan,Sedan
2025,2025-02-17,12:00,STATEN ISLAND,10304,40.610725,-74.08634,0.0,0.0,0,0,0,0,0,0,Passing or Lane Usage Improper,Unspecified,,,,Sedan,Sedan
2025,2025-02-17,16:04,BRONX,10465,40.827843,-73.82486,0.0,0.0,0,0,0,0,0,0,Unspecified,,,,,Sedan,
2025,2025-02-19,19:50,QUEENS,11369,40.762657,-73.87325,1.0,0.0,0,0,0,0,1,0,Driver Inattention/Distraction,Unspecified,,,,Sedan,Station Wagon/Sport Utility Vehicle
2025,2025-02-21,1:36,MANHATTAN,10012,40.725433,-73.99677,0.0,0.0,0,0,0,0,0,0,Unspecified,Unspecified,,,,Station Wagon/Sport Utility Vehicle,Station Wagon/Sport Utility Vehicle
2025,2025-02-23,5:15,BROOKLYN,11218,40.64243,-73.97461,0.0,0.0,0,0,0,0,0,0,Driver Inattention/Distraction,Unspecified,Unspecified,Unspecified,Unspecified,PK,Pick-up Truck
2025,2025-02-23,23:30,BROOKLYN,11204,40.62982,-73.98073,0.0,0.0,0,0,0,0,0,0,Unspecified,Unspecified,,,,Station Wagon/Sport Utility Vehicle,
2025,2025-02-24,11:17,BRONX,10460,40.8433,-73.88684,1.0,0.0,0,0,1,0,0,0,Pedestrian/Bicyclist/Other Pedestrian Error/Confusion,Pedestrian/Bicyclist/Other Pedestrian Error/Confusion,,,,Van,Bike
2025,2025-02-26,14:54,BROOKLYN,11207,40.67376,-73.90225,0.0,0.0,0,0,0,0,0,0,Turning Improperly,Unspecified,,,,Sedan,Bus
2025,2025-03-04,10:05,QUEENS,11423,40.71673,-73.76719,0.0,0.0,0,0,0,0,0,0,Unspecified,Unspecified,Unspecified,,,Sedan,Sedan
2025,2025-03-05,14:00,BROOKLYN,11213,40.668293,-73.939514,0.0,0.0,0,0,0,0,0,0,Other Vehicular,Unspecified,Unspecified,,,Sedan,Sedan
2025,2025-03-05,9:00,BRONX,10456,40.830006,-73.91811,2.0,0.0,0,0,0,0,2,0,Following Too Closely,Unspecified,,,,Station Wagon/Sport Utility Vehicle,Sedan
2025,2025-03-06,15:17,,,40.62535,-74.13516,1.0,0.0,1,0,0,0,0,0,Unspecified,,,,,Pick-up Truck,
2025,2025-03-07,15:40,QUEENS,11435,40.714127,-73.81433,0.0,0.0,0,0,0,0,0,0,Unsafe Speed,Driver Inattention/Distraction,Unspecified,Unspecified,Unspecified,Sedan,Convertible
2025,2025-03-07,13:03,BROOKLYN,11205,40.697803,-73.96973,0.0,0.0,0,0,0,0,0,0,Driver Inattention/Distraction,Unspecified,,,,Sedan,SKATEBOARD
2025,2025-03-13,12:30,BROOKLYN,11220,40.644558,-74.013725,0.0,0.0,0,0,0,0,0,0,Following Too Closely,Unspecified,,,,Station Wagon/Sport Utility Vehicle,Station Wagon/Sport Utility Vehicle
2025,2025-03-13,10:08,QUEENS,11101,40.75655,-73.946785,0.0,0.0,0,0,0,0,0,0,Driver Inattention/Distraction,Unspecified,,,,Sedan,
2025,2025-03-13,7:15,,,40.609364,-74.12127,1.0,0.0,0,0,0,0,1,0,Passing or Lane Usage Improper,Unspecified,,,,Sedan,Sedan
2025,2025-03-14,21:30,BROOKLYN,11222,40.719646,-73.935974,0.0,0.0,0,0,0,0,0,0,Driver Inattention/Distraction,Unspecified,,,,Tractor Truck Diesel,
2025,2025-03-14,15:10,MANHATTAN,10035,40.798584,-73.933525,0.0,0.0,0,0,0,0,0,0,Unspecified,,,,,Sedan,
2025,2025-03-15,22:30,,,40.796738,-73.92925,0.0,0.0,0,0,0,0,0,0,Following Too Closely,Following Too Closely,Following Too Closely,Unspecified,Unspecified,Station Wagon/Sport Utility Vehicle,Sedan
2025,2025-03-15,11:00,QUEENS,11436,40.67247,-73.799866,0.0,0.0,0,0,0,0,0,0,Traffic Control Disregarded,Unspecified,Unspecified,Unspecified,Unspecified,Sedan,Sedan
2025,2025-03-20,15:40,QUEENS,11361,40.767467,-73.78514,0.0,0.0,0,0,0,0,0,0,Unspecified,,,,,Station Wagon/Sport Utility Vehicle,Station Wagon/Sport Utility Vehicle
2025,2025-03-21,1:30,QUEENS,11355,40.751305,-73.82545,1.0,0.0,0,0,0,0,1,0,Turning Improperly,Unspecified,,,,Station Wagon/Sport Utility Vehicle,Sedan
2025,2025-03-27,14:00,QUEENS,11419,40.692936,-73.82582,0.0,0.0,0,0,0,0,0,0,Unspecified,,,,,Sedan,
2025,2025-03-31,20:35,BRONX,10453,40.853813,-73.91385,1.0,0.0,1,0,0,0,0,0,Unspecified,,,,,Sedan,
2025,2025-04-02,17:26,QUEENS,11430,40.661594,-73.77872,2.0,0.0,0,0,0,0,2,0,Driver Inattention/Distraction,Unspecified,,,,Sedan,Tow Truck / Wrecker
2025,2025-04-04,20:15,,,40.700836,-73.99495,0.0,0.0,0,0,0,0,0,0,Unspecified,Unspecified,,,,Station Wagon/Sport Utility Vehicle,Station Wagon/Sport Utility Vehicle
2025,2025-04-05,8:11,QUEENS,11418,40.697926,-73.84066,0.0,0.0,0,0,0,0,0,0,Passing Too Closely,Unspecified,Unspecified,,,Station Wagon/Sport Utility Vehicle,Sedan
2025,2025-04-07,2:00,BROOKLYN,11207,40.664047,-73.88811,0.0,0.0,0,0,0,0,0,0,Unsafe Speed,Unspecified,,,,Station Wagon/Sport Utility Vehicle,
2025,2025-04-07,7:20,MANHATTAN,10009,40.722965,-73.978294,0.0,0.0,0,0,0,0,0,0,Unspecified,,,,,Bus,
2025,2025-04-08,13:25,QUEENS,11101,40.75661,-73.937325,0.0,0.0,0,0,0,0,0,0,Driver Inattention/Distraction,Unspecified,,,,Station Wagon/Sport Utility Vehicle,Sedan
2025,2025-04-09,8:30,BROOKLYN,11234,40.633102,-73.92772,0.0,0.0,0,0,0,0,0,0,Failure to Yield Right-of-Way,Unspecified,,,,Sedan,Station Wagon/Sport Utility Vehicle
2025,2025-04-10,14:20,BROOKLYN,11210,40.6169,-73.947914,2.0,0.0,0,0,0,0,2,0,Failure to Yield Right-of-Way,Unspecified,,,,Station Wagon/Sport Utility Vehicle,Station Wagon/Sport Utility Vehicle
2025,2025-04-11,15:00,,,40.632793,-74.13404,1.0,0.0,0,0,0,0,1,0,Failure to Yield Right-of-Way,Unspecified,,,,Sedan,Sedan
2025,2025-04-14,16:50,BRONX,10457,40.843643,-73.90675,1.0,0.0,1,0,0,0,0,0,Driver Inattention/Distraction,,,,,Station Wagon/Sport Utility Vehicle,
2025,2025-04-14,0:26,QUEENS,11435,40.696465,-73.80843,0.0,0.0,0,0,0,0,0,0,Unsafe Speed,Unspecified,Unspecified,,,Sedan,Station Wagon/Sport Utility Vehicle
2025,2025-04-14,15:15,,,40.664997,-73.84406,0.0,0.0,0,0,0,0,0,0,Following Too Closely,Unspecified,Unspecified,Unspecified,Unspecified,Sedan,Station Wagon/Sport Utility Vehicle
2025,2025-04-18,15:45,QUEENS,11417,40.682545,-73.84034,1.0,0.0,0,0,0,0,1,0,Other Vehicular,Backing Unsafely,,,,Sedan,Station Wagon/Sport Utility Vehicle
2025,2025-04-23,19:01,BROOKLYN,11225,40.65973,-73.9568,1.0,0.0,0,0,1,0,0,0,Passing or Lane Usage Improper,Unspecified,,,,Station Wagon/Sport Utility Vehicle,Bike
2025,2025-04-24,10:15,MANHATTAN,10020,40.757812,-73.97936,0.0,0.0,0,0,0,0,0,0,Driver Inattention/Distraction,Unspecified,,,,Station Wagon/Sport Utility Vehicle,Box Truck
2025,2025-04-26,19:35,QUEENS,11368,40.757183,-73.85502,0.0,0.0,0,0,0,0,0,0,Backing Unsafely,Unspecified,,,,Sedan,Station Wagon/Sport Utility Vehicle
2025,2025-04-29,18:00,BRONX,10457,40.850014,-73.88908,0.0,0.0,0,0,0,0,0,0,Unsafe Speed,Unspecified,Unspecified,,,Sedan,Sedan
2025,2025-05-04,12:00,BROOKLYN,11210,40.636765,-73.94243,0.0,0.0,0,0,0,0,0,0,Unspecified,,,,,Sedan,
2025,2025-05-05,0:00,,,40.583374,-74.15766,0.0,0.0,0,0,0,0,0,0,Driver Inattention/Distraction,Unspecified,,,,Station Wagon/Sport Utility Vehicle,Station Wagon/Sport Utility Vehicle
2025,2025-05-07,13:55,QUEENS,11420,40.66386,-73.82296,1.0,0.0,0,0,0,0,1,0,Driver Inattention/Distraction,Unspecified,,,,Sedan,Sedan
2025,2025-05-07,12:50,BROOKLYN,11229,40.606007,-73.955826,0.0,0.0,0,0,0,0,0,0,Unspecified,Unspecified,,,,Station Wagon/Sport Utility Vehicle,Station Wagon/Sport Utility Vehicle
2025,2025-05-13,21:00,BROOKLYN,11215,40.67216,-73.98721,2.0,0.0,0,0,0,0,2,0,Passing or Lane Usage Improper,Passing or Lane Usage Improper,,,,Sedan,Box Truck
2025,2025-05-13,11:00,STATEN ISLAND,10305,40.58847,-74.090385,0.0,0.0,0,0,0,0,0,0,Aggressive Driving/Road Rage,Unspecified,,,,Bus,Sedan
2025,2025-05-13,16:18,BROOKLYN,11233,40.67796,-73.91658,0.0,0.0,0,0,0,0,0,0,Lost Consciousness,Unspecified,,,,Sedan,Sedan
2025,2025-05-14,8:52,QUEENS,11419,40.68297,-73.82823,1.0,0.0,0,0,0,0,1,0,Failure to Yield Right-of-Way,Unspecified,,,,Sedan,Sedan
2025,2025-05-14,13:49,QUEENS,11428,40.720463,-73.7387,0.0,0.0,0,0,0,0,0,0,Unspecified,Unspecified,,,,Ambulance,Station Wagon/Sport Utility Vehicle
2025,2025-05-19,12:00,QUEENS,11354,40.764084,-73.83335,0.0,0.0,0,0,0,0,0,0,Driver Inattention/Distraction,Passing or Lane Usage Improper,,,,Station Wagon/Sport Utility Vehicle,
2025,2025-05-20,7:35,MANHATTAN,10031,40.827343,-73.94278,0.0,0.0,0,0,0,0,0,0,Glare,Unspecified,,,,Station Wagon/Sport Utility Vehicle,Bus
2025,2025-05-23,0:02,BROOKLYN,11234,40.603558,-73.915306,1.0,0.0,0,0,0,0,1,0,Reaction to Uninvolved Vehicle,Unspecified,,,,Station Wagon/Sport Utility Vehicle,Sedan
2025,2025-05-27,9:10,BROOKLYN,11219,40.623432,-74.00021,1.0,0.0,0,0,0,0,1,0,Failure to Yield Right-of-Way,Unspecified,,,,Sedan,Station Wagon/Sport Utility Vehicle
2025,2025-05-31,0:29,,,40.680477,-73.95116,1.0,0.0,0,0,0,0,1,0,Driver Inexperience,Unspecified,,,,Moped,Station Wagon/Sport Utility Vehicle
2025,2025-05-31,13:16,,,40.69255,-73.879875,1.0,0.0,0,0,0,0,1,0,Unsafe Lane Changing,Following Too Closely,,,,Station Wagon/Sport Utility Vehicle,Sedan
2025,2025-05-31,9:30,BROOKLYN,11237,40.70543,-73.91809,0.0,0.0,0,0,0,0,0,0,Driver Inattention/Distraction,Unspecified,Unspecified,,,Sedan,Station Wagon/Sport Utility Vehicle
2025,2025-06-01,20:18,QUEENS,11412,40.695793,-73.75928,0.0,0.0,0,0,0,0,0,0,Tire Failure/Inadequate,Unspecified,Unspecified,,,Sedan,Sedan
2025,2025-06-01,0:31,,,40.69798,-73.72697,0.0,0.0,0,0,0,0,0,0,Unspecified,Unspecified,,,,Station Wagon/Sport Utility Vehicle,Sedan
2025,2025-06-03,9:30,BRONX,10460,40.838844,-73.87816,1.0,0.0,0,0,0,0,1,0,Traffic Control Disregarded,Unspecified,,,,Station Wagon/Sport Utility Vehicle,
2025,2025-06-04,12:05,,,40.769897,-73.91343,2.0,0.0,0,0,0,0,2,0,Brakes Defective,Unspecified,Unspecified,,,Beverage Truck,Sedan
2025,2025-06-05,19:55,,,40.608364,-74.038666,0.0,0.0,0,0,0,0,0,0,Following Too Closely,Unspecified,,,,Station Wagon/Sport Utility Vehicle,Station Wagon/Sport Utility Vehicle
2025,2025-06-10,7:31,MANHATTAN,10033,40.848392,-73.93767,0.0,0.0,0,0,0,0,0,0,Unspecified,Unspecified,,,,Sedan,Truck
2025,2025-06-10,9:30,BRONX,10473,40.820362,-73.84834,0.0,0.0,0,0,0,0,0,0,Backing Unsafely,Unspecified,,,,Station Wagon/Sport Utility Vehicle,Station Wagon/Sport Utility Vehicle
2025,2025-06-10,17:40,BROOKLYN,11201,40.68752,-73.990074,1.0,0.0,1,0,0,0,0,0,Failure to Yield Right-of-Way,,,,,Station Wagon/Sport Utility Vehicle,
2025,2025-06-12,7:40,,,40.687565,-73.834404,0.0,0.0,0,0,0,0,0,0,Unspecified,,,,,Sedan,
2025,2025-06-23,23:25,,,40.702568,-73.79056,2.0,0.0,0,0,0,0,2,0,Driver Inattention/Distraction,Driver Inattention/Distraction,Driver Inattention/Distraction,,,Sedan,Sedan
2025,2025-06-24,7:55,MANHATTAN,10032,40.83514,-73.9387,1.0,0.0,0,0,1,0,0,0,Following Too Closely,Unspecified,,,,E-Bike,Moped
2025,2025-06-27,20:49,BROOKLYN,11216,,,2.0,0.0,1,0,0,0,1,0,Driver Inattention/Distraction,Unspecified,,,,Sedan,Motorcycle
2025,2025-06-28,9:44,BRONX,10460,40.839798,-73.8736,1.0,0.0,1,0,0,0,0,0,Pedestrian/Bicyclist/Other Pedestrian Error/Confusion,,,,,Station Wagon/Sport Utility Vehicle,
2025,2025-06-29,4:27,,,40.78542,-73.98399,0.0,0.0,0,0,0,0,0,0,Unspecified,,,,,Station Wagon/Sport Utility Vehicle,
2025,2025-07-01,11:40,MANHATTAN,10029,40.791557,-73.93865,0.0,0.0,0,0,0,0,0,0,Turning Improperly,Unspecified,,,,Flat Bed,Sedan
2025,2025-07-03,21:50,MANHATTAN,10012,40.726906,-73.99535,0.0,0.0,0,0,0,0,0,0,Other Vehicular,Other Vehicular,,,,Taxi,
2025,2025-07-04,17:54,BRONX,10468,40.873264,-73.88821,0.0,0.0,0,0,0,0,0,0,Driver Inexperience,Driver Inattention/Distraction,,,,Sedan,Station Wagon/Sport Utility Vehicle
2025,2025-07-05,19:20,QUEENS,11432,40.71678,-73.79328,0.0,0.0,0,0,0,0,0,0,Unspecified,Unspecified,,,,Sedan,Sedan
2025,2025-07-07,19:40,BROOKLYN,11228,40.618946,-73.99903,0.0,0.0,0,0,0,0,0,0,Driver Inattention/Distraction,,,,,Moped,
2025,2025-07-11,11:40,,,40.665504,-73.756935,1.0,0.0,0,0,0,0,1,0,Reaction to Uninvolved Vehicle,Unspecified,,,,Station Wagon/Sport Utility Vehicle,
2025,2025-07-14,21:06,BRONX,10472,40.828625,-73.88066,1.0,0.0,0,0,0,0,1,0,Other Vehicular,Driver Inattention/Distraction,,,,Station Wagon/Sport Utility Vehicle,Station Wagon/Sport Utility Vehicle
2025,2025-07-17,7:20,MANHATTAN,10035,40.805058,-73.93903,1.0,0.0,0,0,0,0,0,0,Driver Inattention/Distraction,Following Too Closely,,,,Standing S,Station Wagon/Sport Utility Vehicle
2025,2025-07-17,6:15,MANHATTAN,10029,40.788296,-73.94259,1.0,0.0,0,0,1,0,0,0,Driver Inattention/Distraction,Driver Inattention/Distraction,,,,Sedan,E-Bike
2025,2025-07-19,9:48,BROOKLYN,11216,40.678318,-73.94692,4.0,0.0,0,0,0,0,4,0,Unspecified,Unspecified,,,,Station Wagon/Sport Utility Vehicle,Station Wagon/Sport Utility Vehicle
2025,2025-07-20,15:05,BRONX,10457,40.85192,-73.896935,0.0,0.0,0,0,0,0,0,0,Driver Inattention/Distraction,Unspecified,,,,Station Wagon/Sport Utility Vehicle,Sedan
2025,2025-07-20,14:27,MANHATTAN,10022,40.76285,-73.96773,1.0,0.0,1,0,0,0,0,0,Backing Unsafely,,,,,Taxi,
2025,2025-07-25,2:15,QUEENS,11694,40.57336,-73.85496,0.0,0.0,0,0,0,0,0,0,Driver Inattention/Distraction,,,,,Sedan,
2025,2025-07-26,11:00,QUEENS,11433,40.69297,-73.780235,0.0,0.0,0,0,0,0,0,0,Following Too Closely,Unspecified,,,,Sedan,Sedan
2025,2025-07-26,10:16,BROOKLYN,11207,40.652767,-73.88629,2.0,0.0,0,0,0,0,2,0,Unspecified,Unspecified,,,,Station Wagon/Sport Utility Vehicle,Sedan
2025,2025-07-27,21:14,BROOKLYN,11220,40.641773,-74.02457,0.0,0.0,0,0,0,0,0,0,Passing Too Closely,Unspecified,,,,Sedan,
2025,2025-08-01,7:30,BRONX,10459,40.82019,-73.89068,0.0,0.0,0,0,0,0,0,0,Driver Inattention/Distraction,Unspecified,,,,Pick-up Truck,Sedan
2025,2025-08-02,7:20,,,40.6656,-73.74648,0.0,0.0,0,0,0,0,0,0,Driver Inexperience,,,,,Station Wagon/Sport Utility Vehicle,
2025,2025-08-02,19:02,BROOKLYN,11233,,,1.0,0.0,0,0,0,0,1,0,Unspecified,Unspecified,,,,Station Wagon/Sport Utility Vehicle,Moped
2025,2025-08-08,23:32,MANHATTAN,10011,40.74521,-74.002266,1.0,0.0,1,0,0,0,0,0,Driver Inattention/Distraction,,,,,Taxi,
2025,2025-08-10,5:50,,,40.670097,-73.759026,0.0,0.0,0,0,0,0,0,0,Driver Inattention/Distraction,Unspecified,,,,Sedan,
2025,2025-08-14,15:36,BROOKLYN,11207,40.67736,-73.88686,1.0,0.0,0,0,0,0,1,0,Driver Inattention/Distraction,Unspecified,,,,Sedan,Motorcycle
2025,2025-08-16,21:42,QUEENS,11426,40.736988,-73.71902,0.0,0.0,0,0,0,0,0,0,Unspecified,Unspecified,,,,Station Wagon/Sport Utility Vehicle,Station Wagon/Sport Utility Vehicle
2025,2025-08-17,1:00,QUEENS,11368,40.739796,-73.860275,1.0,0.0,0,0,0,0,1,0,Unspecified,Unspecified,Unspecified,Unspecified,,Station Wagon/Sport Utility Vehicle,Sedan
2025,2025-08-18,20:18,BRONX,10455,40.812126,-73.90418,1.0,0.0,0,0,0,0,1,0,Driver Inexperience,Driver Inexperience,,,,Moped,Moped
2025,2025-08-24,17:00,BROOKLYN,11210,40.638966,-73.942505,0.0,0.0,0,0,0,0,0,0,Turning Improperly,Unspecified,,,,Station Wagon/Sport Utility Vehicle,Station Wagon/Sport Utility Vehicle
2025,2025-08-25,19:15,,,40.737606,-73.74073,3.0,0.0,0,0,0,0,3,0,Unsafe Lane Changing,Unspecified,,,,Station Wagon/Sport Utility Vehicle,Station Wagon/Sport Utility Vehicle
2025,2025-08-28,9:00,QUEENS,11417,40.6807,-73.84464,0.0,0.0,0,0,0,0,0,0,Driver Inattention/Distraction,Driver Inexperience,,,,Sedan,Sedan
2025,2025-08-31,17:30,MANHATTAN,10037,40.808853,-73.93626,3.0,0.0,0,0,0,0,3,0,Driver Inattention/Distraction,Driver Inattention/Distraction,,,,Station Wagon/Sport Utility Vehicle,Sedan
2025,2025-08-31,20:55,MANHATTAN,10034,40.8658,-73.92,1.0,0.0,0,0,0,0,1,0,Passing or Lane Usage Improper,Other Vehicular,,,,Station Wagon/Sport Utility Vehicle,Station Wagon/Sport Utility Vehicle
2025,2025-09-01,13:18,BRONX,10455,40.814407,-73.908966,0.0,0.0,0,0,0,0,0,0,Driver Inexperience,,,,,Delivery t,
2025,2025-09-03,15:00,QUEENS,11367,40.737103,-73.81333,0.0,0.0,0,0,0,0,0,0,Unspecified,,,,,Sedan,
2025,2025-09-05,8:35,BROOKLYN,11221,40.68601,-73.92757,0.0,0.0,0,0,0,0,0,0,Driver Inattention/Distraction,Unspecified,,,,Bus,Sedan
2025,2025-09-08,8:26,,,40.813305,-73.9304,1.0,0.0,0,0,0,0,1,0,Unspecified,Unspecified,,,,Bus,Sedan
2025,2025-09-09,11:44,BRONX,10454,40.805557,-73.91452,0.0,0.0,0,0,0,0,0,0,Unspecified,,,,,Beverage Truck,
2025,2025-09-15,21:30,,,40.794476,-73.848045,0.0,0.0,0,0,0,0,0,0,Driver Inattention/Distraction,Unspecified,,,,Sedan,Sedan
2025,2025-09-16,16:57,BRONX,10461,40.84069,-73.83542,1.0,0.0,0,0,0,0,0,0,Unsafe Speed,Unspecified,,,,Standing S,Sedan
2025,2025-09-17,10:31,MANHATTAN,10002,40.715954,-73.986725,1.0,0.0,0,0,1,0,0,0,Unspecified,Unspecified,,,,Sedan,Bike
2025,2025-09-23,14:20,BROOKLYN,11204,40.611217,-73.98416,0.0,0.0,0,0,0,0,0,0,Unsafe Lane Changing,Unspecified,,,,Sedan,Sedan
2025,2025-09-29,21:00,,,40.587147,-74.1539,1.0,0.0,0,0,0,0,0,0,Unspecified,Unspecified,,,,Sedan,Standing S
2025,2025-09-29,22:40,QUEENS,11356,40.785664,-73.85509,0.0,0.0,0,0,0,0,0,0,Driver Inattention/Distraction,Unspecified,Unspecified,,,Sedan,Sedan
2025,2025-09-29,2:30,QUEENS,11429,40.70708,-73.73077,0.0,0.0,0,0,0,0,0,0,Driver Inattention/Distraction,Unspecified,Unspecified,,,Station Wagon/Sport Utility Vehicle,Sedan
2025,2025-09-30,15:40,MANHATTAN,10007,40.715237,-74.01338,0.0,0.0,0,0,0,0,0,0,Driver Inattention/Distraction,Unspecified,,,,Station Wagon/Sport Utility Vehicle,Pick-up Truck
2025,2025-10-01,16:30,BRONX,10462,40.84659,-73.86685,0.0,0.0,0,0,0,0,0,0,Driver Inattention/Distraction,Unspecified,Unspecified,,,Sedan,Sedan
2025,2025-10-01,18:00,BRONX,10455,40.812954,-73.91371,0.0,0.0,0,0,0,0,0,0,Alcohol Involvement,Unspecified,,,,Station Wagon/Sport Utility Vehicle,Sedan
2025,2025-10-02,9:30,MANHATTAN,10029,40.79852,-73.94094,1.0,0.0,0,0,1,0,0,0,Driver Inattention/Distraction,Failure to Yield Right-of-Way,,,,Station Wagon/Sport Utility Vehicle,Bike
2025,2025-10-04,0:11,MANHATTAN,10028,40.77593,-73.94712,1.0,0.0,0,0,1,0,0,0,Failure to Yield Right-of-Way,Failure to Yield Right-of-Way,,,,Sedan,Bike
2025,2025-10-06,7:51,QUEENS,11354,40.760994,-73.824425,1.0,0.0,1,0,0,0,0,0,Driver Inattention/Distraction,,,,,Station Wagon/Sport Utility Vehicle,
2025,2025-10-11,10:45,,,40.85694,-73.856094,1.0,0.0,0,0,0,0,1,0,Failure to Yield Right-of-Way,Unspecified,,,,Station Wagon/Sport Utility Vehicle,Station Wagon/Sport Utility Vehicle
2025,2025-10-12,18:30,BROOKLYN,11214,40.584595,-73.984924,0.0,0.0,0,0,0,0,0,0,Unspecified,,,,,Sedan,
2025,2025-10-15,19:30,,,40.66441,-73.77543,0.0,0.0,0,0,0,0,0,0,Alcohol Involvement,Unspecified,,,,Sedan,Station Wagon/Sport Utility Vehicle
2025,2025-10-15,18:49,QUEENS,11412,40.692352,-73.76243,1.0,0.0,0,0,0,0,1,0,Unspecified,Unspecified,,,,Sedan,Sedan
2025,2025-10-20,2:26,,,40.691124,-73.81025,0.0,0.0,0,0,0,0,0,0,Passing or Lane Usage Improper,Unspecified,,,,Sedan,
2025,2025-10-22,5:00,,,40.83609,-73.87039,0.0,0.0,0,0,0,0,0,0,Driver Inattention/Distraction,Unspecified,,,,Station Wagon/Sport Utility Vehicle,Tractor Truck Diesel
2025,2025-10-26,19:45,MANHATTAN,10065,40.763496,-73.95978,0.0,0.0,0,0,0,0,0,0,Driver Inexperience,Unspecified,,,,Sedan,
2025,2025-10-28,11:25,BRONX,10453,40.84908,-73.909454,2.0,0.0,0,0,0,0,2,0,Passing Too Closely,Unspecified,Unspecified,,,Station Wagon/Sport Utility Vehicle,Station Wagon/Sport Utility Vehicle
2025,2025-10-29,8:30,MANHATTAN,10025,40.8018,-73.961075,0.0,0.0,0,0,0,0,0,0,Following Too Closely,Unspecified,,,,Sedan,USPS truck
2025,2025-10-30,14:43,BRONX,10462,40.83544,-73.86294,1.0,0.0,0,0,1,0,0,0,Failure to Yield Right-of-Way,,,,,E-Bike,
2025,2025-10-31,0:20,,,40.73635,-73.97502,0.0,0.0,0,0,0,0,0,0,,,,,,,
2025,2025-10-31,13:20,BRONX,10457,40.8514,-73.89892,0.0,0.0,0,0,0,0,0,0,Backing Unsafely,Unspecified,,,,Sedan,
2025,2025-10-31,0:09,BROOKLYN,11218,40.636387,-73.979065,1.0,0.0,0,0,0,0,1,0,Driver Inattention/Distraction,Unspecified,,,,Moped,
2025,2025-11-01,18:00,BROOKLYN,11233,40.68279,-73.93618,0.0,0.0,0,0,0,0,0,0,Unspecified,,,,,Station Wagon/Sport Utility Vehicle,
2025,2025-11-02,3:51,,,40.675507,-74.00075,0.0,0.0,0,0,0,0,0,0,Unspecified,,,,,Station Wagon/Sport Utility Vehicle,
2025,2025-11-02,19:20,BRONX,10469,40.865807,-73.85554,1.0,0.0,0,0,0,0,1,0,Driver Inattention/Distraction,Unspecified,,,,Motorcycle,Sedan
2025,2025-11-03,20:25,,,40.719124,-73.791405,0.0,0.0,0,0,0,0,0,0,Other Vehicular,Unspecified,,,,Station Wagon/Sport Utility Vehicle,
2025,2025-11-03,13:00,MANHATTAN,10029,40.790195,-73.94875,0.0,0.0,0,0,0,0,0,0,Passenger Distraction,Unspecified,,,,FDNY FERRA,Station Wagon/Sport Utility Vehicle
2025,2025-11-07,16:16,QUEENS,11385,40.708553,-73.83901,0.0,0.0,0,0,0,0,0,0,Driver Inattention/Distraction,Unspecified,,,,Station Wagon/Sport Utility Vehicle,Sedan
2025,2025-11-08,18:25,BROOKLYN,11203,40.65777,-73.93961,1.0,0.0,1,0,0,0,0,0,Failure to Yield Right-of-Way,Unspecified,,,,Sedan,
2025,2025-11-08,13:34,MANHATTAN,10000,0.0,0.0,1.0,0.0,0,0,1,0,0,0,Pedestrian/Bicyclist/Other Pedestrian Error/Confusion,,,,,Bike,
2025,2025-11-14,6:00,,,40.728947,-73.92793,1.0,0.0,0,0,0,0,1,0,Driver Inattention/Distraction,Unspecified,Unspecified,,,Station Wagon/Sport Utility Vehicle,Station Wagon/Sport Utility Vehicle
2025,2025-11-16,5:20,QUEENS,11373,40.733418,-73.877716,1.0,0.0,0,0,0,0,1,0,Driver Inattention/Distraction,Unspecified,,,,Sedan,Sedan
2025,2025-11-16,17:17,,,40.678185,-73.9091,0.0,0.0,0,0,0,0,0,0,Unspecified,Unspecified,,,,Sedan,Sedan
2025,2025-11-19,0:45,QUEENS,11377,40.756405,-73.89791,2.0,0.0,0,0,0,0,2,0,Unspecified,Unspecified,,,,Garbage or Refuse,Sedan
2025,2025-11-21,7:42,QUEENS,11434,40.680416,-73.771545,0.0,0.0,0,0,0,0,0,0,Driver Inattention/Distraction,Unspecified,,,,Station Wagon/Sport Utility Vehicle,
2025,2025-11-22,18:40,,,40.604153,-74.05198,0.0,0.0,0,0,0,0,0,0,Following Too Closely,Unspecified,,,,Station Wagon/Sport Utility Vehicle,Sedan
2025,2025-11-25,15:50,QUEENS,11368,40.749123,-73.86866,0.0,0.0,0,0,0,0,0,0,Unspecified,Unspecified,,,,Box Truck,Station Wagon/Sport Utility Vehicle
2025,2025-11-27,1:58,BRONX,10454,40.807186,-73.92428,0.0,0.0,0,0,0,0,0,0,Traffic Control Disregarded,Unspecified,,,,Station Wagon/Sport Utility Vehicle,Sedan
2025,2025-11-28,16:48,BROOKLYN,11213,40.667976,-73.93398,1.0,0.0,0,0,0,0,1,0,Driver Inattention/Distraction,Unspecified,,,,Station Wagon/Sport Utility Vehicle,Sedan
2025,2025-11-28,0:50,BRONX,10453,40.849194,-73.90929,0.0,0.0,0,0,0,0,0,0,Unspecified,Unspecified,,,,Sedan,Standing S
2025,2025-12-03,8:00,,,40.5592,-74.17172,0.0,0.0,0,0,0,0,0,0,Pavement Slippery,,,,,Sedan,
2025,2025-12-04,15:00,BROOKLYN,11207,40.665035,-73.892136,1.0,0.0,1,0,0,0,0,0,Unspecified,,,,,Station Wagon/Sport Utility Vehicle,
2025,2025-12-08,9:02,MANHATTAN,10036,40.756763,-73.98824,1.0,0.0,0,0,1,0,0,0,Following Too Closely,Driver Inattention/Distraction,,,,E-Bike,Bus
2025,2025-12-11,11:01,,,40.66691,-73.839066,1.0,0.0,0,0,0,0,1,0,Other Vehicular,Driver Inattention/Distraction,Other Vehicular,,,Station Wagon/Sport Utility Vehicle,Station Wagon/Sport Utility Vehicle
2025,2025-12-16,20:02,QUEENS,11372,40.754974,-73.890945,0.0,0.0,0,0,0,0,0,0,Unsafe Speed,Unspecified,,,,Station Wagon/Sport Utility Vehicle,Station Wagon/Sport Utility Vehicle
2025,2025-12-19,17:30,,,40.608215,-74.16284,0.0,0.0,0,0,0,0,0,0,Unspecified,,,,,Station Wagon/Sport Utility Vehicle,
2025,2025-12-21,0:06,BROOKLYN,11205,40.69632,-73.96062,0.0,0.0,0,0,0,0,0,0,Driverless/Runaway Vehicle,Unspecified,,,,Sedan,
2025,2025-12-22,22:05,BROOKLYN,11206,40.70128,-73.939514,1.0,0.0,0,0,0,0,1,0,Other Vehicular,Unspecified,,,,Taxi,Dump
2025,2025-12-24,23:48,QUEENS,11417,40.68533,-73.83426,1.0,0.0,0,0,0,0,1,0,Driver Inattention/Distraction,Unspecified,Unspecified,,,Sedan,Station Wagon/Sport Utility Vehicle
2026,2026-01-01,22:12,BROOKLYN,11236,40.64452,-73.91206,0.0,0.0,0,0,0,0,0,0,Animals Action,,,,,Sedan,
2026,2026-01-01,0:50,BRONX,10455,40.81656,-73.91676,1.0,0.0,1,0,0,0,0,0,,,,,,,
2026,2026-01-03,1:04,MANHATTAN,10034,40.866314,-73.918594,0.0,0.0,0,0,0,0,0,0,Backing Unsafely,Unspecified,Unspecified,Unspecified,,Sedan,Sedan
2026,2026-01-06,18:56,BROOKLYN,11220,40.64591,-74.01316,1.0,0.0,0,0,0,0,1,0,Unsafe Speed,Unspecified,,,,Station Wagon/Sport Utility Vehicle,E bike
2026,2026-01-07,6:00,BROOKLYN,11218,40.650967,-73.976974,0.0,0.0,0,0,0,0,0,0,Obstruction/Debris,Unspecified,,,,Pick-up Truck,Sedan
2026,2026-01-09,0:00,BROOKLYN,11232,40.6495,-74.003784,0.0,0.0,0,0,0,0,0,0,Unspecified,Unspecified,,,,Sedan,Bus
2026,2026-01-10,10:55,BROOKLYN,11216,40.680225,-73.94861,1.0,0.0,0,0,0,0,1,0,Unsafe Speed,Turning Improperly,,,,Moped,Sedan
2026,2026-01-12,15:35,,,40.75087,-73.74939,0.0,0.0,0,0,0,0,0,0,Driver Inattention/Distraction,Unspecified,,,,Station Wagon/Sport Utility Vehicle,Sedan
2026,2026-01-13,21:00,BROOKLYN,11236,40.655685,-73.89941,2.0,0.0,0,0,0,0,2,0,Passing or Lane Usage Improper,Unspecified,,,,Sedan,Box Truck
2026,2026-01-16,1:02,MANHATTAN,10011,40.73832,-74.000084,0.0,0.0,0,0,0,0,0,0,Unspecified,Unspecified,,,,Station Wagon/Sport Utility Vehicle,Taxi
2026,2026-01-16,10:55,MANHATTAN,10002,40.710472,-73.986565,0.0,0.0,0,0,0,0,0,0,Unspecified,Unspecified,,,,Station Wagon/Sport Utility Vehicle,Sedan
2026,2026-01-17,11:30,MANHATTAN,10001,40.750904,-73.99812,1.0,0.0,0,0,1,0,0,0,Driver Inattention/Distraction,Unspecified,,,,Bike,Sedan
2026,2026-01-18,1:45,,,40.82731,-73.84681,1.0,0.0,0,0,0,0,1,0,Driver Inattention/Distraction,,,,,Station Wagon/Sport Utility Vehicle,
2026,2026-01-19,19:25,BROOKLYN,11221,40.698456,-73.92175,0.0,0.0,0,0,0,0,0,0,Other Vehicular,Unspecified,,,,Sedan,E-Bike
2026,2026-01-22,15:40,BROOKLYN,11238,40.671124,-73.95826,0.0,0.0,0,0,0,0,0,0,Driver Inattention/Distraction,Driver Inattention/Distraction,Unspecified,Unspecified,,Sedan,Station Wagon/Sport Utility Vehicle
2026,2026-01-22,16:21,BROOKLYN,11235,40.580082,-73.9598,0.0,0.0,0,0,0,0,0,0,Unspecified,Unspecified,,,,Sedan,Sedan
2026,2026-01-28,22:05,QUEENS,11103,40.769432,-73.91523,0.0,0.0,0,0,0,0,0,0,Passing Too Closely,Unspecified,,,,Station Wagon/Sport Utility Vehicle,
2026,2026-01-31,23:35,BRONX,10455,40.81193,-73.91024,2.0,0.0,0,0,0,0,2,0,Unspecified,Unspecified,,,,Station Wagon/Sport Utility Vehicle,Garbage or Refuse
2026,2026-01-31,8:56,BROOKLYN,11233,40.670406,-73.922264,0.0,0.0,0,0,0,0,0,0,Driver Inattention/Distraction,Unspecified,,,,Station Wagon/Sport Utility Vehicle,
2026,2026-02-01,5:30,MANHATTAN,10029,40.790886,-73.95169,1.0,0.0,1,0,0,0,0,0,Backing Unsafely,,,,,Station Wagon/Sport Utility Vehicle,
2026,2026-02-02,15:28,MANHATTAN,10013,40.719402,-74.006386,0.0,0.0,0,0,0,0,0,0,Passing Too Closely,Unspecified,,,,Sedan,Van
2026,2026-02-02,16:30,BROOKLYN,11206,40.70158,-73.95027,0.0,0.0,0,0,0,0,0,0,Backing Unsafely,Unspecified,,,,Station Wagon/Sport Utility Vehicle,
2026,2026-02-03,7:42,MANHATTAN,10009,0.0,0.0,0.0,0.0,0,0,0,0,0,0,Driver Inattention/Distraction,Unspecified,,,,Sedan,Bus
2026,2026-02-03,8:34,,,40.621124,-74.168785,0.0,0.0,0,0,0,0,0,0,Following Too Closely,Unspecified,,,,Station Wagon/Sport Utility Vehicle,Station Wagon/Sport Utility Vehicle
2026,2026-02-05,7:30,,,40.73873,-73.81428,4.0,0.0,0,0,0,0,4,0,Unsafe Lane Changing,Unspecified,,,,Station Wagon/Sport Utility Vehicle,Tractor Truck Diesel
2026,2026-02-05,7:54,MANHATTAN,10029,40.794464,-73.93963,0.0,0.0,0,0,0,0,0,0,Following Too Closely,Unspecified,,,,Station Wagon/Sport Utility Vehicle,Sedan
2026,2026-02-08,3:19,QUEENS,11432,40.689735,-73.89032,0.0,0.0,0,0,0,0,0,0,Alcohol Involvement,Unspecified,,,,Station Wagon/Sport Utility Vehicle,Station Wagon/Sport Utility Vehicle
2026,2026-02-08,17:14,BROOKLYN,11208,40.688072,-73.87343,0.0,0.0,0,0,0,0,0,0,Unspecified,,,,,Station Wagon/Sport Utility Vehicle,
2026,2026-02-09,16:00,QUEENS,11385,40.70719,-73.9151,0.0,0.0,0,0,0,0,0,0,Passing Too Closely,Unspecified,,,,Station Wagon/Sport Utility Vehicle,
2026,2026-02-11,17:50,BRONX,10459,40.82015,-73.90123,1.0,0.0,0,0,1,0,0,0,View Obstructed/Limited,Unspecified,,,,Sedan,E-Bike
2026,2026-02-12,0:13,,,40.745308,-73.907524,0.0,0.0,0,0,0,0,0,0,Alcohol Involvement,Unspecified,,,,Sedan,Station Wagon/Sport Utility Vehicle
2026,2026-02-15,12:41,,,40.78503,-73.94058,4.0,0.0,0,0,0,0,4,0,Unspecified,Unspecified,,,,Taxi,Sedan
2026,2026-02-24,15:55,BROOKLYN,11208,40.680264,-73.87033,0.0,0.0,0,0,0,0,0,0,Pavement Slippery,Unspecified,,,,SCHOOL BUS,Station Wagon/Sport Utility Vehicle
2026,2026-02-26,15:46,,,40.588955,-74.16759,1.0,0.0,0,0,0,0,1,0,Turning Improperly,Unspecified,,,,Station Wagon/Sport Utility Vehicle,Pick-up Truck
2026,2026-02-26,12:45,MANHATTAN,10006,40.711033,-74.014534,0.0,0.0,0,0,0,0,0,0,View Obstructed/Limited,,,,,Sedan,
2026,2026-02-27,8:05,BRONX,10459,40.824657,-73.89193,1.0,0.0,0,0,0,0,1,0,Unsafe Lane Changing,Unspecified,,,,Sedan,Station Wagon/Sport Utility Vehicle
2026,2026-02-27,15:00,QUEENS,11416,40.68815,-73.84883,0.0,0.0,0,0,0,0,0,0,Unspecified,Unspecified,,,,Station Wagon/Sport Utility Vehicle,Sedan
2026,2026-03-02,1:08,BRONX,10462,40.830296,-73.85065,1.0,0.0,0,0,0,0,1,0,Unspecified,Unspecified,,,,Sedan,Sedan
2026,2026-03-03,19:27,BROOKLYN,11206,40.696987,-73.93523,0.0,0.0,0,0,0,0,0,0,Driver Inattention/Distraction,Unspecified,,,,Standing S,Moped
2026,2026-03-05,20:31,QUEENS,11368,40.756,-73.863396,1.0,0.0,1,0,0,0,0,0,,,,,,,
2026,2026-03-06,21:00,BRONX,10471,40.890526,-73.90754,0.0,0.0,0,0,0,0,0,0,Unspecified,,,,,Sedan,
2026,2026-03-06,22:30,QUEENS,11691,40.597363,-73.78239,0.0,0.0,0,0,0,0,0,0,Passing Too Closely,Unspecified,,,,Station Wagon/Sport Utility Vehicle,
2026,2026-03-06,9:41,BROOKLYN,11238,40.683483,-73.96689,8.0,0.0,0,0,0,0,8,0,Driver Inattention/Distraction,Driver Inattention/Distraction,,,,Taxi,Station Wagon/Sport Utility Vehicle
2026,2026-03-07,21:40,BROOKLYN,11207,40.686226,-73.91239,1.0,0.0,1,0,0,0,0,0,Pedestrian/Bicyclist/Other Pedestrian Error/Confusion,,,,,Sedan,
2026,2026-03-08,5:30,QUEENS,11355,40.75451,-73.82715,0.0,0.0,0,0,0,0,0,0,Fell Asleep,Unspecified,Unspecified,,,Station Wagon/Sport Utility Vehicle,Station Wagon/Sport Utility Vehicle
2026,2026-03-08,23:05,BRONX,10456,40.82581,-73.90703,2.0,0.0,0,0,2,0,0,0,Other Vehicular,Unsafe Speed,,,,Station Wagon/Sport Utility Vehicle,Bike
2026,2026-03-10,15:11,,,40.67765,-73.94977,1.0,0.0,1,0,0,0,0,0,Driver Inattention/Distraction,,,,,Station Wagon/Sport Utility Vehicle,
2026,2026-03-13,0:30,BROOKLYN,11212,40.667923,-73.90996,0.0,0.0,0,0,0,0,0,0,Other Vehicular,Other Vehicular,,,,Sedan,
2026,2026-03-18,7:40,QUEENS,11434,40.675842,-73.78304,1.0,0.0,0,0,0,0,1,0,Driver Inattention/Distraction,Unspecified,,,,Sedan,Sedan
2026,2026-03-19,13:15,BROOKLYN,11224,40.578358,-73.9905,2.0,0.0,0,0,0,0,2,0,Unspecified,Unspecified,,,,Sedan,Tractor Truck Diesel
2026,2026-03-19,13:00,,,40.765884,-73.78029,0.0,0.0,0,0,0,0,0,0,Driver Inattention/Distraction,Unspecified,,,,Sedan,
2026,2026-03-19,13:15,MANHATTAN,10038,40.709988,-74.00706,0.0,0.0,0,0,0,0,0,0,Passing Too Closely,Unspecified,,,,Sedan,Bike
2026,2026-03-19,18:50,MANHATTAN,10035,40.79993,-73.94233,0.0,0.0,0,0,0,0,0,0,Unspecified,,,,,Sedan,
2026,2026-03-20,0:00,BROOKLYN,11237,40.703667,-73.926895,1.0,0.0,0,0,1,0,0,0,Driver Inattention/Distraction,Traffic Control Disregarded,,,,Sedan,Bike
2026,2026-03-20,11:00,MANHATTAN,10039,40.823154,-73.94083,0.0,0.0,0,0,0,0,0,0,Driver Inattention/Distraction,Unspecified,,,,Station Wagon/Sport Utility Vehicle,
2026,2026-03-22,12:20,BROOKLYN,11226,40.639442,-73.954796,0.0,0.0,0,0,0,0,0,0,Driver Inattention/Distraction,Unspecified,,,,Moped,Sedan
