country,year,tons
Albania,1990,3900
Albania,1991,3000
Albania,1992,4600
Albania,1993,5200
Albania,1994,5900
Albania,1995,5800
Albania,1996,4800
Albania,1997,6000
Albania,1998,6000
Albania,1999,5900
Albania,2000,6200
Albania,2001,6500
Albania,2002,6700
Albania,2003,7000
Albania,2004,7200
Albania,2005,7500
Albania,2006,5374
Albania,2007,7000
Albania,2008,5470
Albania,2009,6482
Albania,2010,9726
Albania,2011,9400
Albania,2012,8900
Albania,2013,9480
Albania,2014,11520
Albania,2015,12006.16
Albania,2016,16345
Albania,2017,13867.85
Albania,2018,18483
Albania,2019,18923
Albania,2020,22315
Albania,2021,30911.6
Algeria,1969,2000
Algeria,1970,4000
Algeria,1971,6000
Algeria,1972,8000
Algeria,1973,10000
Algeria,1974,13000
Algeria,1975,16000
Algeria,1976,18000
Algeria,1977,20000
Algeria,1978,23000
Algeria,1979,25000
Algeria,1980,26900
Algeria,1981,27370
Algeria,1982,35444
Algeria,1983,36754
Algeria,1984,32850
Algeria,1985,47041
Algeria,1986,53855
Algeria,1987,54254
Algeria,1988,45530
Algeria,1989,67310
Algeria,1990,68273
Algeria,1991,70104
Algeria,1992,88075
Algeria,1993,77405
Algeria,1994,100445
Algeria,1995,87261
Algeria,1996,87300
Algeria,1997,82082
Algeria,1998,86912
Algeria,1999,92064
Algeria,2000,94882
Algeria,2001,87541
Algeria,2002,101112
Algeria,2003,121684
Algeria,2004,158180
Algeria,2005,188500
Algeria,2006,157505
Algeria,2007,161603
Algeria,2008,151202
Algeria,2009,189887
Algeria,2010,222669
Algeria,2011,213699
Algeria,2012,227789
Algeria,2013,260913
Algeria,2014,285292.7
Algeria,2015,302449
Algeria,2016,271054
Algeria,2017,307861
Algeria,2018,388875.13
Algeria,2019,420135
Algeria,2020,435326.5
Algeria,2021,404851
Antigua and Barbuda,1961,12
Antigua and Barbuda,1962,15
Antigua and Barbuda,1963,20
Antigua and Barbuda,1964,25
Antigua and Barbuda,1965,28
Antigua and Barbuda,1966,30
Antigua and Barbuda,1967,35
Antigua and Barbuda,1968,40
Antigua and Barbuda,1969,47
Antigua and Barbuda,1970,55
Antigua and Barbuda,1971,70
Antigua and Barbuda,1972,78
Antigua and Barbuda,1973,93
Antigua and Barbuda,1974,61
Antigua and Barbuda,1975,89
Antigua and Barbuda,1976,111
Antigua and Barbuda,1977,72
Antigua and Barbuda,1978,91
Antigua and Barbuda,1979,112
Antigua and Barbuda,1980,149
Antigua and Barbuda,1981,195
Antigua and Barbuda,1982,244
Antigua and Barbuda,1983,201
Antigua and Barbuda,1984,88
Antigua and Barbuda,1985,168
Antigua and Barbuda,1986,180
Antigua and Barbuda,1987,194
Antigua and Barbuda,1988,233
Antigua and Barbuda,1989,200
Antigua and Barbuda,1990,230
Antigua and Barbuda,1991,250
Antigua and Barbuda,1992,270
Antigua and Barbuda,1993,265.28
Antigua and Barbuda,1994,264.09
Antigua and Barbuda,1995,260
Antigua and Barbuda,1996,266.61
Antigua and Barbuda,1997,265
Antigua and Barbuda,1998,270
Antigua and Barbuda,1999,282.94
Antigua and Barbuda,2000,290
Antigua and Barbuda,2001,307.21
Antigua and Barbuda,2002,330
Antigua and Barbuda,2003,370
Antigua and Barbuda,2004,400
Antigua and Barbuda,2005,376.81
Antigua and Barbuda,2006,371.95
Antigua and Barbuda,2007,367
Antigua and Barbuda,2008,361.63
Antigua and Barbuda,2009,356.54
Antigua and Barbuda,2010,351.44
Antigua and Barbuda,2011,346.33
Antigua and Barbuda,2012,330
Antigua and Barbuda,2013,370.71
Antigua and Barbuda,2014,376.17
Antigua and Barbuda,2015,350.46
Antigua and Barbuda,2016,332.66
Antigua and Barbuda,2017,317.74
Antigua and Barbuda,2018,301.55
Antigua and Barbuda,2019,279.71
Antigua and Barbuda,2020,253.1
Antigua and Barbuda,2021,195.42
Argentina,1961,345700
Argentina,1962,370900
Argentina,1963,305200
Argentina,1964,268700
Argentina,1965,309800
Argentina,1966,313150
Argentina,1967,374800
Argentina,1968,324100
Argentina,1969,325500
Argentina,1970,382300
Argentina,1971,350000
Argentina,1972,276000
Argentina,1973,320100
Argentina,1974,300000
Argentina,1975,410000
Argentina,1976,364000
Argentina,1977,213000
Argentina,1978,260000
Argentina,1979,315000
Argentina,1980,364000
Argentina,1981,274000
Argentina,1982,366200
Argentina,1983,332700
Argentina,1984,335000
Argentina,1985,384000
Argentina,1986,397000
Argentina,1987,372500
Argentina,1988,370300
Argentina,1989,365500
Argentina,1990,358300
Argentina,1991,362000
Argentina,1992,366000
Argentina,1993,314000
Argentina,1994,420000
Argentina,1995,415000
Argentina,1996,400000
Argentina,1997,275700
Argentina,1998,289092
Argentina,1999,326584
Argentina,2000,321088
Argentina,2001,290587
Argentina,2002,291000
Argentina,2003,294000
Argentina,2004,296000
Argentina,2005,294293.84
Argentina,2006,290000
Argentina,2007,300000
Argentina,2008,290311.69
Argentina,2009,285031.63
Argentina,2010,285900.65
Argentina,2011,283183.16
Argentina,2012,280465.68
Argentina,2013,277748.2
Argentina,2014,272229.41
Argentina,2015,271768.77
Argentina,2016,266553.9
Argentina,2017,263224.75
Argentina,2018,264194.16
Argentina,2019,264775.22
Argentina,2020,262916.82
Argentina,2021,261058.41
Australia,1961,44000
Australia,1962,46000
Australia,1963,50000
Australia,1964,47000
Australia,1965,50000
Australia,1966,59500
Australia,1967,66000
Australia,1968,66782
Australia,1969,60563
Australia,1970,67254
Australia,1971,83518
Australia,1972,76346
Australia,1973,64161
Australia,1974,70316
Australia,1975,63014
Australia,1976,72158
Australia,1977,65633
Australia,1978,67157
Australia,1979,60023
Australia,1980,75300
Australia,1981,64264
Australia,1982,80711
Australia,1983,79066
Australia,1984,79858
Australia,1985,71852
Australia,1986,77790
Australia,1987,80360
Australia,1988,82545
Australia,1989,82973
Australia,1990,83507
Australia,1991,78659
Australia,1992,80364
Australia,1993,83000
Australia,1994,87000
Australia,1995,90131
Australia,1996,110419
Australia,1997,100528
Australia,1998,103570
Australia,1999,107471
Australia,2000,123577
Australia,2001,111672
Australia,2002,98779
Australia,2003,93226
Australia,2004,94644
Australia,2005,89949
Australia,2006,110906
Australia,2007,102505
Australia,2008,114418
Australia,2009,103729
Australia,2010,104021.1
Australia,2011,102934
Australia,2012,107296.05
Australia,2013,109186.12
Australia,2014,118495
Australia,2015,105547.98
Australia,2016,94482
Australia,2017,101503.73
Australia,2018,92707
Australia,2019,87012
Australia,2020,90939.75
Australia,2021,91709.81
Austria,1991,0
Austria,1992,0
Austria,1993,0
Austria,1994,0
Austria,1995,1490
Austria,1996,2039
Austria,1997,2416
Austria,1998,5250.57
Austria,1999,7681.17
Austria,2000,11815.42
Austria,2001,15036.5
Austria,2002,21462.5
Austria,2003,19581
Austria,2004,20166
Austria,2005,14680.42
Austria,2006,14140.5
Austria,2007,15641
Austria,2008,15340
Austria,2009,16017
Austria,2010,15419
Austria,2011,19671
Austria,2012,17923
Austria,2013,16875
Austria,2014,18850.38
Austria,2015,20091.3
Austria,2016,23700.68
Austria,2017,25065
Austria,2018,26960
Austria,2019,27130
Austria,2020,26850
Austria,2021,27820
Azerbaijan,1992,237
Azerbaijan,1993,183
Azerbaijan,1994,54
Azerbaijan,1995,51
Azerbaijan,1996,68
Azerbaijan,1997,2983
Azerbaijan,1998,210
Azerbaijan,1999,457
Azerbaijan,2000,3833
Azerbaijan,2001,2512
Azerbaijan,2002,5434
Azerbaijan,2003,5265
Azerbaijan,2004,2361
Azerbaijan,2005,3421
Azerbaijan,2006,3940
Azerbaijan,2007,4766
Azerbaijan,2008,9925
Azerbaijan,2009,27755
Azerbaijan,2010,31641
Azerbaijan,2011,24515
Azerbaijan,2012,25027
Azerbaijan,2013,25016
Azerbaijan,2014,26853
Azerbaijan,2015,28342
Azerbaijan,2016,26651.5
Azerbaijan,2017,28672.7
Azerbaijan,2018,27929.9
Azerbaijan,2019,28645.7
Azerbaijan,2020,32427
Azerbaijan,2021,29533.9
Bahamas,1991,0
Bahamas,1992,0
Bahamas,1993,0
Bahamas,1994,0
Bahamas,1995,0
Bahamas,1996,0
Bahamas,1997,0
Bahamas,1998,0
Bahamas,1999,0
Bahamas,2000,0
Bahamas,2001,0
Bahamas,2002,0
Bahamas,2003,0
Bahamas,2004,0
Bahamas,2005,0
Bahamas,2006,0
Bahamas,2007,0
Bahamas,2008,0
Bahamas,2009,0
Bahamas,2010,2066
Bahamas,2011,2079
Bahamas,2012,2081
Bahamas,2013,2084.45
Bahamas,2014,2084.48
Bahamas,2015,2094.09
Bahamas,2016,2096.49
Bahamas,2017,2099.97
Bahamas,2018,2104.94
Bahamas,2019,2107.69
Bahamas,2020,2111.4
Bahamas,2021,2115.1
Bahrain,1974,311
Bahrain,1975,803
Bahrain,1976,862
Bahrain,1977,875
Bahrain,1978,1000
Bahrain,1979,1000
Bahrain,1980,1000
Bahrain,1981,273
Bahrain,1982,285
Bahrain,1983,573
Bahrain,1984,789
Bahrain,1985,754
Bahrain,1986,930
Bahrain,1987,830
Bahrain,1988,829
Bahrain,1989,553
Bahrain,1990,355
Bahrain,1991,496
Bahrain,1992,678
Bahrain,1993,776
Bahrain,1994,825
Bahrain,1995,783
Bahrain,1996,785
Bahrain,1997,788
Bahrain,1998,790
Bahrain,1999,792
Bahrain,2000,544.17
Bahrain,2001,200
Bahrain,2002,208
Bahrain,2003,125
Bahrain,2004,175
Bahrain,2005,192
Bahrain,2006,1378
Bahrain,2007,951
Bahrain,2008,798
Bahrain,2009,573
Bahrain,2010,479.47
Bahrain,2011,609.05
Bahrain,2012,638.98
Bahrain,2013,638.92
Bahrain,2014,855.92
Bahrain,2015,1485.1
Bahrain,2016,1974.31
Bahrain,2017,2500
Bahrain,2018,2800
Bahrain,2019,3004
Bahrain,2020,3300
Bahrain,2021,3350
Bangladesh,1961,83838
Bangladesh,1962,80179
Bangladesh,1963,82368
Bangladesh,1964,87639
Bangladesh,1965,94666
Bangladesh,1966,97301
Bangladesh,1967,101390
Bangladesh,1968,115287
Bangladesh,1969,125061
Bangladesh,1970,130461
Bangladesh,1971,129506
Bangladesh,1972,107960
Bangladesh,1973,103012
Bangladesh,1974,92775
Bangladesh,1975,95656
Bangladesh,1976,92918
Bangladesh,1977,89235
Bangladesh,1978,95504
Bangladesh,1979,95488
Bangladesh,1980,95542
Bangladesh,1981,98318
Bangladesh,1982,104923
Bangladesh,1983,109184
Bangladesh,1984,111200
Bangladesh,1985,109490
Bangladesh,1986,113370
Bangladesh,1987,117115
Bangladesh,1988,126315
Bangladesh,1989,131625
Bangladesh,1990,138070
Bangladesh,1991,142770
Bangladesh,1992,149245
Bangladesh,1993,156440
Bangladesh,1994,161905
Bangladesh,1995,171620
Bangladesh,1996,178355
Bangladesh,1997,185000
Bangladesh,1998,187000
Bangladesh,1999,187000
Bangladesh,2000,198000
Bangladesh,2001,206000
Bangladesh,2002,200000
Bangladesh,2003,213000
Bangladesh,2004,226000
Bangladesh,2005,239585
Bangladesh,2006,270650
Bangladesh,2007,274635
Bangladesh,2008,315683
Bangladesh,2009,340249
Bangladesh,2010,351739
Bangladesh,2011,354000
Bangladesh,2012,347000
Bangladesh,2013,375000
Bangladesh,2014,424000
Bangladesh,2015,548000
Bangladesh,2016,581000
Bangladesh,2017,594682
Bangladesh,2018,600141
Bangladesh,2019,634951
Bangladesh,2020,671256
Bangladesh,2021,696000
Barbados,1981,527
Barbados,1982,493
Barbados,1983,576
Barbados,1984,208
Barbados,1985,362
Barbados,1986,335
Barbados,1987,556
Barbados,1988,395
Barbados,1989,161
Barbados,1990,174
Barbados,1991,101
Barbados,1992,141
Barbados,1993,458
Barbados,1994,596
Barbados,1995,1080
Barbados,1996,800
Barbados,1997,750
Barbados,1998,700
Barbados,1999,350
Barbados,2000,400
Barbados,2001,450
Barbados,2002,265
Barbados,2003,446
Barbados,2004,291
Barbados,2005,204
Barbados,2006,121
Barbados,2007,160
Barbados,2008,249
Barbados,2009,191
Barbados,2010,180
Barbados,2011,166
Barbados,2012,188
Barbados,2013,533
Barbados,2014,508
Barbados,2015,308.2
Barbados,2016,500.72
Barbados,2017,418
Barbados,2018,791.72
Barbados,2019,702.7
Barbados,2020,620.32
Barbados,2021,453.57
Belgium,2000,17300
Belgium,2001,19300
Belgium,2002,20300
Belgium,2003,29800
Belgium,2004,31000
Belgium,2005,34300
Belgium,2006,31100
Belgium,2007,33300
Belgium,2008,34500
Belgium,2009,37000
Belgium,2010,44993
Belgium,2011,47527.57
Belgium,2012,28044.73
Belgium,2013,8710.72
Belgium,2014,7746.59
Belgium,2015,10000
Belgium,2016,10100
Belgium,2017,10200
Belgium,2018,54110
Belgium,2019,53190
Belgium,2020,50900
Belgium,2021,50580
Belize,1991,0
Belize,1992,0
Belize,1993,0
Belize,1994,0
Belize,1995,0
Belize,1996,0
Belize,1997,0
Belize,1998,0
Belize,1999,504
Belize,2000,419
Belize,2001,488
Belize,2002,423
Belize,2003,316
Belize,2004,217
Belize,2005,204
Belize,2006,271
Belize,2007,107
Belize,2008,249
Belize,2009,234
Belize,2010,279.73
Belize,2011,312
Belize,2012,63
Belize,2013,299
Belize,2014,323.99
Belize,2015,323.77
Belize,2016,102
Belize,2017,751
Belize,2018,134
Belize,2019,117
Belize,2020,101
Belize,2021,100
Bhutan,1991,0
Bhutan,1992,0
Bhutan,1993,0
Bhutan,1994,0
Bhutan,1995,0
Bhutan,1996,0
Bhutan,1997,0
Bhutan,1998,0
Bhutan,1999,0
Bhutan,2000,0
Bhutan,2001,0
Bhutan,2002,0
Bhutan,2003,4000
Bhutan,2004,4190
Bhutan,2005,9383
Bhutan,2006,9600
Bhutan,2007,6972
Bhutan,2008,3978
Bhutan,2009,8010
Bhutan,2010,6008
Bhutan,2011,7354
Bhutan,2012,6890
Bhutan,2013,7058
Bhutan,2014,5832
Bhutan,2015,4596
Bhutan,2016,6422
Bhutan,2017,5204
Bhutan,2018,3870.15
Bhutan,2019,6043.3
Bhutan,2020,7917.54
Bhutan,2021,5694.81
Bolivia (Plurinational State of),1980,70400
Bolivia (Plurinational State of),1981,63730
Bolivia (Plurinational State of),1982,57270
Bolivia (Plurinational State of),1983,41945
Bolivia (Plurinational State of),1984,64780
Bolivia (Plurinational State of),1985,56955
Bolivia (Plurinational State of),1986,60500
Bolivia (Plurinational State of),1987,65200
Bolivia (Plurinational State of),1988,76400
Bolivia (Plurinational State of),1989,70600
Bolivia (Plurinational State of),1990,74320
Bolivia (Plurinational State of),1991,80290
Bolivia (Plurinational State of),1992,80048
Bolivia (Plurinational State of),1993,80735
Bolivia (Plurinational State of),1994,80350
Bolivia (Plurinational State of),1995,100010
Bolivia (Plurinational State of),1996,103000
Bolivia (Plurinational State of),1997,105215
Bolivia (Plurinational State of),1998,104298
Bolivia (Plurinational State of),1999,106608
Bolivia (Plurinational State of),2000,108970
Bolivia (Plurinational State of),2001,106219.09
Bolivia (Plurinational State of),2002,101662.69
Bolivia (Plurinational State of),2003,65259.44
Bolivia (Plurinational State of),2004,31019.07
Bolivia (Plurinational State of),2005,24647.33
Bolivia (Plurinational State of),2006,19660
Bolivia (Plurinational State of),2007,20029
Bolivia (Plurinational State of),2008,20455
Bolivia (Plurinational State of),2009,19858
Bolivia (Plurinational State of),2010,18155.25
Bolivia (Plurinational State of),2011,18554.09
Bolivia (Plurinational State of),2012,19156.49
Bolivia (Plurinational State of),2013,19540.06
Bolivia (Plurinational State of),2014,27565
Bolivia (Plurinational State of),2015,25672
Bolivia (Plurinational State of),2016,23934
Bolivia (Plurinational State of),2017,24596
Bolivia (Plurinational State of),2018,24628.61
Bolivia (Plurinational State of),2019,23740
Bolivia (Plurinational State of),2020,24574
Bolivia (Plurinational State of),2021,24683.03
Brunei Darussalam,1990,124
Brunei Darussalam,1991,179
Brunei Darussalam,1992,142
Brunei Darussalam,1993,261
Brunei Darussalam,1994,280
Brunei Darussalam,1995,347
Brunei Darussalam,1996,390
Brunei Darussalam,1997,386
Brunei Darussalam,1998,367
Brunei Darussalam,1999,407
Brunei Darussalam,2000,514
Brunei Darussalam,2001,517
Brunei Darussalam,2002,556
Brunei Darussalam,2003,601
Brunei Darussalam,2004,656
Brunei Darussalam,2005,928
Brunei Darussalam,2006,755.25
Brunei Darussalam,2007,568
Brunei Darussalam,2008,560
Brunei Darussalam,2009,654.28
Brunei Darussalam,2010,674.5
Brunei Darussalam,2011,694.88
Brunei Darussalam,2012,592.56
Brunei Darussalam,2013,799.16
Brunei Darussalam,2014,912.26
Brunei Darussalam,2015,1064
Brunei Darussalam,2016,1343
Brunei Darussalam,2017,1235
Brunei Darussalam,2018,679.05
Brunei Darussalam,2019,1232.9
Brunei Darussalam,2020,702.5
Brunei Darussalam,2021,617
Bulgaria,1961,188773
Bulgaria,1962,162689
Bulgaria,1963,160903
Bulgaria,1964,173720
Bulgaria,1965,73281
Bulgaria,1966,158224
Bulgaria,1967,132469
Bulgaria,1968,60011
Bulgaria,1969,105546
Bulgaria,1970,111658
Bulgaria,1971,144736
Bulgaria,1972,133573
Bulgaria,1973,107909
Bulgaria,1974,77122
Bulgaria,1975,60000
Bulgaria,1976,40000
Bulgaria,1977,25966
Bulgaria,1978,25998
Bulgaria,1979,33023
Bulgaria,1980,36773
Bulgaria,1981,34757
Bulgaria,1982,47168
Bulgaria,1983,51560
Bulgaria,1984,58590
Bulgaria,1985,47550
Bulgaria,1986,61540
Bulgaria,1987,66283
Bulgaria,1988,69268
Bulgaria,1989,60494
Bulgaria,1990,55981
Bulgaria,1991,65111
Bulgaria,1992,33026
Bulgaria,1993,34883
Bulgaria,1994,25542
Bulgaria,1995,45575
Bulgaria,1996,43634
Bulgaria,1997,33500
Bulgaria,1998,47046
Bulgaria,1999,35000
Bulgaria,2000,30000
Bulgaria,2001,13086
Bulgaria,2002,23485
Bulgaria,2003,15752
Bulgaria,2004,16023
Bulgaria,2005,3712
Bulgaria,2006,3135
Bulgaria,2007,4411
Bulgaria,2008,4273
Bulgaria,2009,4250
Bulgaria,2010,14754
Bulgaria,2011,817
Bulgaria,2012,8664
Bulgaria,2013,19446
Bulgaria,2014,17363
Bulgaria,2015,25199
Bulgaria,2016,132937
Bulgaria,2017,22367
Bulgaria,2018,26320
Bulgaria,2019,12460
Bulgaria,2020,18070
Bulgaria,2021,16900
Cabo Verde,1987,800
Cabo Verde,1988,1050
Cabo Verde,1989,1050
Cabo Verde,1990,600
Cabo Verde,1991,705
Cabo Verde,1992,750
Cabo Verde,1993,855
Cabo Verde,1994,855
Cabo Verde,1995,855
Cabo Verde,1996,900
Cabo Verde,1997,844.71
Cabo Verde,1998,787.85
Cabo Verde,1999,743.5
Cabo Verde,2000,710
Cabo Verde,2001,720
Cabo Verde,2002,730
Cabo Verde,2003,735
Cabo Verde,2004,705
Cabo Verde,2005,700
Cabo Verde,2006,700
Cabo Verde,2007,745
Cabo Verde,2008,750
Cabo Verde,2009,800
Cabo Verde,2010,850
Cabo Verde,2011,866
Cabo Verde,2012,1170
Cabo Verde,2013,926
Cabo Verde,2014,1520
Cabo Verde,2015,800
Cabo Verde,2016,549
Cabo Verde,2017,791
Cabo Verde,2018,1102.37
Cabo Verde,2019,669
Cabo Verde,2020,1519.06
Cabo Verde,2021,1525.06
Cameroon,1990,10000
Cameroon,1991,20000
Cameroon,1992,30000
Cameroon,1993,40000
Cameroon,1994,50000
Cameroon,1995,60000
Cameroon,1996,70000
Cameroon,1997,80000
Cameroon,1998,100000
Cameroon,1999,121123
Cameroon,2000,122011
Cameroon,2001,122000
Cameroon,2002,127429
Cameroon,2003,122306
Cameroon,2004,124997
Cameroon,2005,127747
Cameroon,2006,130000
Cameroon,2007,132356.38
Cameroon,2008,149052.21
Cameroon,2009,153661.96
Cameroon,2010,158590.74
Cameroon,2011,163519.53
Cameroon,2012,168448.31
Cameroon,2013,173377.09
Cameroon,2014,178436.75
Cameroon,2015,185282.65
Cameroon,2016,179032.16
Cameroon,2017,178413.5
Cameroon,2018,180909.44
Cameroon,2019,179451.7
Cameroon,2020,179591.55
Cameroon,2021,179984.23
Canada,1991,0
Canada,1992,0
Canada,1993,12290
Canada,1994,38630
Canada,1995,43690
Canada,1996,42130
Canada,1997,36310
Canada,1998,34401
Canada,1999,46069
Canada,2000,36376
Canada,2001,43561
Canada,2002,47444
Canada,2003,58877
Canada,2004,59647
Canada,2005,63290
Canada,2006,71548
Canada,2007,65175
Canada,2008,69307
Canada,2009,80804
Canada,2010,77998
Canada,2011,97117
Canada,2012,110711
Canada,2013,97709
Canada,2014,127874
Canada,2015,126765
Canada,2016,137418
Canada,2017,133163
Canada,2018,132106
Canada,2019,129802
Canada,2020,146434
Canada,2021,129493
Central African Republic,1961,3500
Central African Republic,1962,3500
Central African Republic,1963,3500
Central African Republic,1964,3500
Central African Republic,1965,4000
Central African Republic,1966,4000
Central African Republic,1967,4500
Central African Republic,1968,5200
Central African Republic,1969,5500
Central African Republic,1970,6000
Central African Republic,1971,6500
Central African Republic,1972,7000
Central African Republic,1973,7500
Central African Republic,1974,8000
Central African Republic,1975,8500
Central African Republic,1976,9000
Central African Republic,1977,9500
Central African Republic,1978,10000
Central African Republic,1979,10500
Central African Republic,1980,11000
Central African Republic,1981,11500
Central African Republic,1982,12000
Central African Republic,1983,12500
Central African Republic,1984,13000
Central African Republic,1985,13500
Central African Republic,1986,14000
Central African Republic,1987,14500
Central African Republic,1988,15000
Central African Republic,1989,15500
Central African Republic,1990,16000
Central African Republic,1991,16500
Central African Republic,1992,17000
Central African Republic,1993,17500
Central African Republic,1994,18000
Central African Republic,1995,19000
Central African Republic,1996,20000
Central African Republic,1997,21000
Central African Republic,1998,22000
Central African Republic,1999,23000
Central African Republic,2000,24000
Central African Republic,2001,25000
Central African Republic,2002,26000
Central African Republic,2003,27000
Central African Republic,2004,28000
Central African Republic,2005,29000
Central African Republic,2006,30000
Central African Republic,2007,31628
Central African Republic,2008,32261
Central African Republic,2009,32906
Central African Republic,2010,20700
Central African Republic,2011,21102
Central African Republic,2012,20047
Central African Republic,2013,21464.98
Central African Republic,2014,23000
Central African Republic,2015,21824.77
Central African Republic,2016,21202.57
Central African Republic,2017,22161.38
Central African Republic,2018,22869.96
Central African Republic,2019,23705
Central African Republic,2020,24653
Central African Republic,2021,25072.45
Chile,1961,120500
Chile,1962,121000
Chile,1963,121500
Chile,1964,122000
Chile,1965,122522
Chile,1966,123000
Chile,1967,123500
Chile,1968,124000
Chile,1969,124500
Chile,1970,125000
Chile,1971,125000
Chile,1972,124000
Chile,1973,124000
Chile,1974,123000
Chile,1975,122100
Chile,1976,125000
Chile,1977,125000
Chile,1978,130000
Chile,1979,171250
Chile,1980,167500
Chile,1981,173500
Chile,1982,168750
Chile,1983,170000
Chile,1984,175000
Chile,1985,139530
Chile,1986,135000
Chile,1987,131855
Chile,1988,153422
Chile,1989,141752
Chile,1990,114794
Chile,1991,195704
Chile,1992,131816
Chile,1993,128822
Chile,1994,152364
Chile,1995,152000
Chile,1996,155000
Chile,1997,160000
Chile,1998,110600
Chile,1999,100000
Chile,2000,99000
Chile,2001,100000
Chile,2002,101000
Chile,2003,102000
Chile,2004,100000
Chile,2005,102500
Chile,2006,105000
Chile,2007,110000
Chile,2008,108000
Chile,2009,128208
Chile,2010,137000
Chile,2011,132000
Chile,2012,106000
Chile,2013,95000
Chile,2014,92851.87
Chile,2015,85447.66
Chile,2016,94716.82
Chile,2017,85808.5
Chile,2018,92401.15
Chile,2019,84077.07
Chile,2020,95740.9
Chile,2021,99901.74
China,1961,457048
China,1962,462731
China,1963,468590
China,1964,478488
China,1965,479912
China,1966,483061
China,1967,496283
China,1968,501509
China,1969,510523
China,1970,521043
China,1971,529450
China,1972,548776
China,1973,569892
China,1974,591509
China,1975,616273
China,1976,641822
China,1977,647798
China,1978,685829
China,1979,710557
China,1980,739546
China,1981,784067
China,1982,828402
China,1983,871203
China,1984,913551
China,1985,956921
China,1986,1024066
China,1987,1063366
China,1988,1131608
China,1989,1162782
China,1990,1273270
China,1991,1401952
China,1992,1475034
China,1993,1961971
China,1994,2252698
China,1995,2468141
China,1996,2971217
China,1997,3075251.12
China,1998,3231507.24
China,1999,3351247.04
China,2000,3595143.86
China,2001,3795852.43
China,2002,5106498.57
China,2003,5574739.24
China,2004,5667427.83
China,2005,5756775.11
China,2006,6073725
China,2007,6309615.21
China,2008,6359752.22
China,2009,6506968.17
China,2010,6731986.1
China,2011,6965200
China,2012,7050523
China,2013,7160662
China,2014,7282088.33
China,2015,7733859.21
China,2016,7391414.76
China,2017,7353565.64
China,2018,7492181.05
China,2019,7409696.59
China,2020,7415322.33
China,2021,7439924.26
"China, Hong Kong SAR",1961,2500
"China, Hong Kong SAR",1962,2800
"China, Hong Kong SAR",1963,3000
"China, Hong Kong SAR",1964,3200
"China, Hong Kong SAR",1965,3631
"China, Hong Kong SAR",1966,3375
"China, Hong Kong SAR",1967,5977
"China, Hong Kong SAR",1968,4858
"China, Hong Kong SAR",1969,6500
"China, Hong Kong SAR",1970,6000
"China, Hong Kong SAR",1971,6500
"China, Hong Kong SAR",1972,5000
"China, Hong Kong SAR",1973,4800
"China, Hong Kong SAR",1974,5720
"China, Hong Kong SAR",1975,4770
"China, Hong Kong SAR",1976,7650
"China, Hong Kong SAR",1977,7630
"China, Hong Kong SAR",1978,5240
"China, Hong Kong SAR",1979,5850
"China, Hong Kong SAR",1980,10890
"China, Hong Kong SAR",1981,5720
"China, Hong Kong SAR",1982,8230
"China, Hong Kong SAR",1983,8000
"China, Hong Kong SAR",1984,7000
"China, Hong Kong SAR",1985,5940
"China, Hong Kong SAR",1986,6190
"China, Hong Kong SAR",1987,5570
"China, Hong Kong SAR",1988,5230
"China, Hong Kong SAR",1989,430
"China, Hong Kong SAR",1990,300
"China, Hong Kong SAR",1991,370
"China, Hong Kong SAR",1992,280
"China, Hong Kong SAR",1993,210
"China, Hong Kong SAR",1994,141
"China, Hong Kong SAR",1995,279
"China, Hong Kong SAR",1996,200
"China, Hong Kong SAR",1997,219.12
"China, Hong Kong SAR",1998,199.24
"China, Hong Kong SAR",1999,225.04
"China, Hong Kong SAR",2000,226.86
"China, Hong Kong SAR",2001,214.43
"China, Hong Kong SAR",2002,219.57
"China, Hong Kong SAR",2003,232.24
"China, Hong Kong SAR",2004,229.83
"China, Hong Kong SAR",2005,234.11
"China, Hong Kong SAR",2006,250
"China, Hong Kong SAR",2007,242.21
"China, Hong Kong SAR",2008,244.22
"China, Hong Kong SAR",2009,246.17
"China, Hong Kong SAR",2010,248.1
"China, Hong Kong SAR",2011,250
"China, Hong Kong SAR",2012,260
"China, Hong Kong SAR",2013,250
"China, Hong Kong SAR",2014,242.46
"China, Hong Kong SAR",2015,241.64
"China, Hong Kong SAR",2016,240.28
"China, Hong Kong SAR",2017,240.06
"China, Hong Kong SAR",2018,240.84
"China, Hong Kong SAR",2019,240.16
"China, Hong Kong SAR",2020,240.26
"China, Hong Kong SAR",2021,240.35
"China, mainland",1961,440000
"China, mainland",1962,445000
"China, mainland",1963,450000
"China, mainland",1964,460000
"China, mainland",1965,460000
"China, mainland",1966,465000
"China, mainland",1967,475000
"China, mainland",1968,480000
"China, mainland",1969,485000
"China, mainland",1970,495000
"China, mainland",1971,500000
"China, mainland",1972,521000
"China, mainland",1973,542000
"China, mainland",1974,570000
"China, mainland",1975,595000
"China, mainland",1976,622000
"China, mainland",1977,627000
"China, mainland",1978,660000
"China, mainland",1979,680000
"China, mainland",1980,700000
"China, mainland",1981,760000
"China, mainland",1982,800000
"China, mainland",1983,840000
"China, mainland",1984,860000
"China, mainland",1985,900000
"China, mainland",1986,960000
"China, mainland",1987,1000000
"China, mainland",1988,1060000
"China, mainland",1989,1120000
"China, mainland",1990,1230000
"China, mainland",1991,1350000
"China, mainland",1992,1420000
"China, mainland",1993,1900000
"China, mainland",1994,2200000
"China, mainland",1995,2400000
"China, mainland",1996,2900000
"China, mainland",1997,3000000
"China, mainland",1998,3150000
"China, mainland",1999,3250000
"China, mainland",2000,3500000
"China, mainland",2001,3700000
"China, mainland",2002,5000000
"China, mainland",2003,5500000
"China, mainland",2004,5600000
"China, mainland",2005,5700000
"China, mainland",2006,6000000
"China, mainland",2007,6250000
"China, mainland",2008,6300000
"China, mainland",2009,6450000
"China, mainland",2010,6665000
"China, mainland",2011,6905000
"China, mainland",2012,7000000
"China, mainland",2013,7100000
"China, mainland",2014,7225947.87
"China, mainland",2015,7681768.57
"China, mainland",2016,7335905.48
"China, mainland",2017,7299542.59
"China, mainland",2018,7439072.21
"China, mainland",2019,7358173.43
"China, mainland",2020,7365596.08
"China, mainland",2021,7387613.91
"China, Taiwan Province of",1961,14548
"China, Taiwan Province of",1962,14931
"China, Taiwan Province of",1963,15590
"China, Taiwan Province of",1964,15288
"China, Taiwan Province of",1965,16281
"China, Taiwan Province of",1966,14686
"China, Taiwan Province of",1967,15306
"China, Taiwan Province of",1968,16651
"China, Taiwan Province of",1969,19023
"China, Taiwan Province of",1970,20043
"China, Taiwan Province of",1971,22950
"China, Taiwan Province of",1972,22776
"China, Taiwan Province of",1973,23092
"China, Taiwan Province of",1974,15789
"China, Taiwan Province of",1975,16503
"China, Taiwan Province of",1976,12172
"China, Taiwan Province of",1977,13168
"China, Taiwan Province of",1978,20589
"China, Taiwan Province of",1979,24707
"China, Taiwan Province of",1980,28656
"China, Taiwan Province of",1981,18347
"China, Taiwan Province of",1982,20172
"China, Taiwan Province of",1983,23203
"China, Taiwan Province of",1984,46551
"China, Taiwan Province of",1985,50981
"China, Taiwan Province of",1986,57876
"China, Taiwan Province of",1987,57796
"China, Taiwan Province of",1988,66378
"China, Taiwan Province of",1989,42352
"China, Taiwan Province of",1990,42970
"China, Taiwan Province of",1991,51582
"China, Taiwan Province of",1992,54754
"China, Taiwan Province of",1993,61761
"China, Taiwan Province of",1994,52557
"China, Taiwan Province of",1995,67862
"China, Taiwan Province of",1996,71017
"China, Taiwan Province of",1997,75032
"China, Taiwan Province of",1998,81308
"China, Taiwan Province of",1999,101022
"China, Taiwan Province of",2000,94917
"China, Taiwan Province of",2001,95638
"China, Taiwan Province of",2002,106279
"China, Taiwan Province of",2003,74507
"China, Taiwan Province of",2004,67198
"China, Taiwan Province of",2005,56541
"China, Taiwan Province of",2006,73475
"China, Taiwan Province of",2007,59373
"China, Taiwan Province of",2008,59508
"China, Taiwan Province of",2009,56722
"China, Taiwan Province of",2010,66738
"China, Taiwan Province of",2011,59950
"China, Taiwan Province of",2012,50263
"China, Taiwan Province of",2013,60412
"China, Taiwan Province of",2014,55898
"China, Taiwan Province of",2015,51849
"China, Taiwan Province of",2016,55269
"China, Taiwan Province of",2017,53783
"China, Taiwan Province of",2018,52868
"China, Taiwan Province of",2019,51283
"China, Taiwan Province of",2020,49486
"China, Taiwan Province of",2021,52070
Colombia,1961,26500
Colombia,1962,27000
Colombia,1963,27400
Colombia,1964,27600
Colombia,1965,28000
Colombia,1966,28400
Colombia,1967,28800
Colombia,1968,29200
Colombia,1969,29600
Colombia,1970,30000
Colombia,1971,30200
Colombia,1972,30600
Colombia,1973,31000
Colombia,1974,31380
Colombia,1975,31500
Colombia,1976,29400
Colombia,1977,32100
Colombia,1978,29860
Colombia,1979,30180
Colombia,1980,31000
Colombia,1981,31500
Colombia,1982,32000
Colombia,1983,33000
Colombia,1984,33000
Colombia,1985,33000
Colombia,1986,33000
Colombia,1987,33000
Colombia,1988,33000
Colombia,1989,33000
Colombia,1990,34000
Colombia,1991,30983.93
Colombia,1992,31478.3
Colombia,1993,32011.51
Colombia,1994,32595.25
Colombia,1995,31814.75
Colombia,1996,33223.74
Colombia,1997,34403.61
Colombia,1998,32000
Colombia,1999,35000
Colombia,2000,35500
Colombia,2001,36000
Colombia,2002,36500
Colombia,2003,67736
Colombia,2004,61642
Colombia,2005,58470
Colombia,2006,59000
Colombia,2007,60000
Colombia,2008,57412.74
Colombia,2009,51482
Colombia,2010,54693
Colombia,2011,61137
Colombia,2012,82248
Colombia,2013,78179.29
Colombia,2014,86095.93
Colombia,2015,98915.81
Colombia,2016,110370.55
Colombia,2017,128378
Colombia,2018,110141
Colombia,2019,139998
Colombia,2020,192349.82
Colombia,2021,151508.75
Côte d'Ivoire,1990,18000
Côte d'Ivoire,1991,18840.78
Côte d'Ivoire,1992,19109.72
Côte d'Ivoire,1993,19367.52
Côte d'Ivoire,1994,20000
Côte d'Ivoire,1995,19830.89
Côte d'Ivoire,1996,21000
Côte d'Ivoire,1997,20149.87
Côte d'Ivoire,1998,20000
Côte d'Ivoire,1999,15694
Côte d'Ivoire,2000,16030
Côte d'Ivoire,2001,24139
Côte d'Ivoire,2002,24646
Côte d'Ivoire,2003,17111
Côte d'Ivoire,2004,17678
Côte d'Ivoire,2005,18264
Côte d'Ivoire,2006,17976
Côte d'Ivoire,2007,18540
Côte d'Ivoire,2008,19096
Côte d'Ivoire,2009,19500
Côte d'Ivoire,2010,19635.03
Côte d'Ivoire,2011,20287
Côte d'Ivoire,2012,19178.82
Côte d'Ivoire,2013,19220.22
Côte d'Ivoire,2014,19311.29
Côte d'Ivoire,2015,19286.18
Côte d'Ivoire,2016,19266.85
Côte d'Ivoire,2017,19256.65
Côte d'Ivoire,2018,19277.32
Côte d'Ivoire,2019,19306.62
Côte d'Ivoire,2020,19304.65
Côte d'Ivoire,2021,19302.68
Croatia,2018,5390
Croatia,2019,4800
Croatia,2020,8640
Croatia,2021,5200
Cuba,1961,40000
Cuba,1962,40615
Cuba,1963,46240
Cuba,1964,71993
Cuba,1965,53156
Cuba,1966,40001
Cuba,1967,44959
Cuba,1968,27156
Cuba,1969,14051
Cuba,1970,20655
Cuba,1971,37445
Cuba,1972,30851
Cuba,1973,47994
Cuba,1974,51900
Cuba,1975,73500
Cuba,1976,36600
Cuba,1977,25250
Cuba,1978,30982
Cuba,1979,24804
Cuba,1980,48645
Cuba,1981,50811
Cuba,1982,61572
Cuba,1983,72998
Cuba,1984,62253
Cuba,1985,62000
Cuba,1986,68792
Cuba,1987,78792
Cuba,1988,53585
Cuba,1989,54000
Cuba,1990,56000
Cuba,1991,56000
Cuba,1992,36000
Cuba,1993,27000
Cuba,1994,33500
Cuba,1995,43428
Cuba,1996,56569
Cuba,1997,76100
Cuba,1998,123012
Cuba,1999,179852
Cuba,2000,291203
Cuba,2001,351848
Cuba,2002,416555
Cuba,2003,481784
Cuba,2004,517151
Cuba,2005,550111
Cuba,2006,446506
Cuba,2007,455500
Cuba,2008,422480
Cuba,2009,413191
Cuba,2010,347082
Cuba,2011,340328
Cuba,2012,361428
Cuba,2013,453915
Cuba,2014,499820
Cuba,2015,482480.9
Cuba,2016,518862.4
Cuba,2017,491894
Cuba,2018,452264
Cuba,2019,393100
Cuba,2020,285461.8
Cuba,2021,323650
Cyprus,1961,2413
Cyprus,1962,3810
Cyprus,1963,4064
Cyprus,1964,3048
Cyprus,1965,2743
Cyprus,1966,3556
Cyprus,1967,4267
Cyprus,1968,4572
Cyprus,1969,4064
Cyprus,1970,3861
Cyprus,1971,4369
Cyprus,1972,4369
Cyprus,1973,4521
Cyprus,1974,4064
Cyprus,1975,3048
Cyprus,1976,3251
Cyprus,1977,3861
Cyprus,1978,3658
Cyprus,1979,2896
Cyprus,1980,3150
Cyprus,1981,3251
Cyprus,1982,3048
Cyprus,1983,3300
Cyprus,1984,3200
Cyprus,1985,4000
Cyprus,1986,4500
Cyprus,1987,3600
Cyprus,1988,3000
Cyprus,1989,3500
Cyprus,1990,3300
Cyprus,1991,3400
Cyprus,1992,3100
Cyprus,1993,3000
Cyprus,1994,3200
Cyprus,1995,3800
Cyprus,1996,4000
Cyprus,1997,3900
Cyprus,1998,4500
Cyprus,1999,4600
Cyprus,2000,4100
Cyprus,2001,4200
Cyprus,2002,4100
Cyprus,2003,4000
Cyprus,2004,3918
Cyprus,2005,3940
Cyprus,2006,3836
Cyprus,2007,3927
Cyprus,2008,3786
Cyprus,2009,3598
Cyprus,2010,3683
Cyprus,2011,3908
Cyprus,2012,4016
Cyprus,2013,3227
Cyprus,2014,3158
Cyprus,2015,3824
Cyprus,2016,2581
Cyprus,2017,2537
Cyprus,2018,2310
Cyprus,2019,2380
Cyprus,2020,2530
Cyprus,2021,3010
Democratic People's Republic of Korea,1961,29000
Democratic People's Republic of Korea,1962,30000
Democratic People's Republic of Korea,1963,30000
Democratic People's Republic of Korea,1964,30000
Democratic People's Republic of Korea,1965,32000
Democratic People's Republic of Korea,1966,33000
Democratic People's Republic of Korea,1967,35000
Democratic People's Republic of Korea,1968,38000
Democratic People's Republic of Korea,1969,39000
Democratic People's Republic of Korea,1970,40000
Democratic People's Republic of Korea,1971,41000
Democratic People's Republic of Korea,1972,43000
Democratic People's Republic of Korea,1973,45000
Democratic People's Republic of Korea,1974,47000
Democratic People's Republic of Korea,1975,49000
Democratic People's Republic of Korea,1976,50000
Democratic People's Republic of Korea,1977,50000
Democratic People's Republic of Korea,1978,50000
Democratic People's Republic of Korea,1979,52000
Democratic People's Republic of Korea,1980,54000
Democratic People's Republic of Korea,1981,55000
Democratic People's Republic of Korea,1982,58000
Democratic People's Republic of Korea,1983,63000
Democratic People's Republic of Korea,1984,65000
Democratic People's Republic of Korea,1985,68000
Democratic People's Republic of Korea,1986,73000
Democratic People's Republic of Korea,1987,78000
Democratic People's Republic of Korea,1988,80000
Democratic People's Republic of Korea,1989,82000
Democratic People's Republic of Korea,1990,85000
Democratic People's Republic of Korea,1991,87000
Democratic People's Republic of Korea,1992,83957.49
Democratic People's Republic of Korea,1993,80000
Democratic People's Republic of Korea,1994,85000
Democratic People's Republic of Korea,1995,80000
Democratic People's Republic of Korea,1996,82227.45
Democratic People's Republic of Korea,1997,82616.62
Democratic People's Republic of Korea,1998,83000
Democratic People's Republic of Korea,1999,84018.82
Democratic People's Republic of Korea,2000,85000
Democratic People's Republic of Korea,2001,88000
Democratic People's Republic of Korea,2002,86712.57
Democratic People's Republic of Korea,2003,89000
Democratic People's Republic of Korea,2004,87145.66
Democratic People's Republic of Korea,2005,90000
Democratic People's Republic of Korea,2006,85000
Democratic People's Republic of Korea,2007,80000
Democratic People's Republic of Korea,2008,78354.16
Democratic People's Republic of Korea,2009,78596.03
Democratic People's Republic of Korea,2010,76821.72
Democratic People's Republic of Korea,2011,74800
Democratic People's Republic of Korea,2012,76000
Democratic People's Republic of Korea,2013,76000
Democratic People's Republic of Korea,2014,75434.57
Democratic People's Republic of Korea,2015,72587.38
Democratic People's Republic of Korea,2016,72163.91
Democratic People's Republic of Korea,2017,72185.94
Democratic People's Republic of Korea,2018,72904.43
Democratic People's Republic of Korea,2019,72512.57
Democratic People's Republic of Korea,2020,72238.55
Democratic People's Republic of Korea,2021,71964.53
Democratic Republic of the Congo,1961,17438
Democratic Republic of the Congo,1962,24727
Democratic Republic of the Congo,1963,18616
Democratic Republic of the Congo,1964,16416
Democratic Republic of the Congo,1965,26842
Democratic Republic of the Congo,1966,24739
Democratic Republic of the Congo,1967,28862
Democratic Republic of the Congo,1968,13548
Democratic Republic of the Congo,1969,15000
Democratic Republic of the Congo,1970,31900
Democratic Republic of the Congo,1971,30000
Democratic Republic of the Congo,1972,29458
Democratic Republic of the Congo,1973,33936
Democratic Republic of the Congo,1974,41884
Democratic Republic of the Congo,1975,42000
Democratic Republic of the Congo,1976,42500
Democratic Republic of the Congo,1977,43000
Democratic Republic of the Congo,1978,43300
Democratic Republic of the Congo,1979,40000
Democratic Republic of the Congo,1980,35000
Democratic Republic of the Congo,1981,30900
Democratic Republic of the Congo,1982,31800
Democratic Republic of the Congo,1983,32700
Democratic Republic of the Congo,1984,35000
Democratic Republic of the Congo,1985,37000
Democratic Republic of the Congo,1986,38000
Democratic Republic of the Congo,1987,38000
Democratic Republic of the Congo,1988,40000
Democratic Republic of the Congo,1989,40000
Democratic Republic of the Congo,1990,40258
Democratic Republic of the Congo,1991,35566
Democratic Republic of the Congo,1992,38546
Democratic Republic of the Congo,1993,41775
Democratic Republic of the Congo,1994,45275
Democratic Republic of the Congo,1995,30444
Democratic Republic of the Congo,1996,29329
Democratic Republic of the Congo,1997,30252
Democratic Republic of the Congo,1998,31204
Democratic Republic of the Congo,1999,29970
Democratic Republic of the Congo,2000,31040
Democratic Republic of the Congo,2001,29940
Democratic Republic of the Congo,2002,28880
Democratic Republic of the Congo,2003,29220
Democratic Republic of the Congo,2004,29560
Democratic Republic of the Congo,2005,29910
Democratic Republic of the Congo,2006,30260
Democratic Republic of the Congo,2007,30620
Democratic Republic of the Congo,2008,30980
Democratic Republic of the Congo,2009,30000
Democratic Republic of the Congo,2010,32778.94
Democratic Republic of the Congo,2011,31908.91
Democratic Republic of the Congo,2012,32617.79
Democratic Republic of the Congo,2013,33621.78
Democratic Republic of the Congo,2014,32665.45
Democratic Republic of the Congo,2015,29974.98
Democratic Republic of the Congo,2016,32087.41
Democratic Republic of the Congo,2017,31936.2
Democratic Republic of the Congo,2018,30331.29
Democratic Republic of the Congo,2019,30281.06
Democratic Republic of the Congo,2020,30171.79
Democratic Republic of the Congo,2021,30085.01
Denmark,1961,200
Denmark,1962,200
Denmark,1963,200
Denmark,1964,200
Denmark,1965,262
Denmark,1966,304
Denmark,1967,191
Denmark,1968,111
Denmark,1969,368
Denmark,1970,516
Denmark,1971,379
Denmark,1972,582
Denmark,1973,823
Denmark,1974,325
Denmark,1975,276
Denmark,1976,537
Denmark,1977,692
Denmark,1978,413
Denmark,1979,598
Denmark,1980,414
Denmark,1981,415
Denmark,1982,0
Denmark,1983,0
Denmark,1984,0
Denmark,1991,0
Denmark,1992,0
Denmark,1993,0
Denmark,1994,0
Denmark,1995,0
Denmark,1996,0
Denmark,1997,0
Denmark,1998,0
Denmark,1999,0
Denmark,2000,0
Denmark,2001,0
Denmark,2002,0
Denmark,2003,0
Denmark,2004,322
Denmark,2005,322
Denmark,2006,322
Denmark,2007,1600
Denmark,2008,2000
Denmark,2009,2777
Denmark,2010,2770
Denmark,2011,3275
Denmark,2012,1482
Denmark,2013,768
Denmark,2014,682
Denmark,2015,977.33
Denmark,2016,0
Denmark,2017,0
Denmark,2018,1050
Denmark,2019,1070
Denmark,2020,1640
Denmark,2021,1810
Djibouti,1990,10
Djibouti,1991,11.05
Djibouti,1992,11.61
Djibouti,1993,12
Djibouti,1994,12.79
Djibouti,1995,14
Djibouti,1996,13.51
Djibouti,1997,13.67
Djibouti,1998,13.82
Djibouti,1999,13.95
Djibouti,2000,14
Djibouti,2001,15
Djibouti,2002,14.44
Djibouti,2003,14.43
Djibouti,2004,14.41
Djibouti,2005,14.39
Djibouti,2006,14
Djibouti,2007,14.49
Djibouti,2008,15.18
Djibouti,2009,15.17
Djibouti,2010,15.33
Djibouti,2011,15.48
Djibouti,2012,15.64
Djibouti,2013,15.8
Djibouti,2014,15.93
Djibouti,2015,16.12
Djibouti,2016,16.3
Djibouti,2017,16.4
Djibouti,2018,16.57
Djibouti,2019,16.65
Djibouti,2020,16.76
Djibouti,2021,16.86
Dominica,1979,427
Dominica,1980,493
Dominica,1981,517
Dominica,1982,538
Dominica,1983,479
Dominica,1984,463
Dominica,1985,672
Dominica,1986,903
Dominica,1987,685
Dominica,1988,747
Dominica,1989,597
Dominica,1990,552
Dominica,1991,742
Dominica,1992,732
Dominica,1993,824
Dominica,1994,800
Dominica,1995,788.53
Dominica,1996,782.2
Dominica,1997,796.68
Dominica,1998,802.41
Dominica,1999,808.57
Dominica,2000,810
Dominica,2001,823.99
Dominica,2002,833.06
Dominica,2003,850
Dominica,2004,851.36
Dominica,2005,860.18
Dominica,2006,866.46
Dominica,2007,900
Dominica,2008,877.01
Dominica,2009,876.34
Dominica,2010,850
Dominica,2011,883.08
Dominica,2012,900
Dominica,2013,899.23
Dominica,2014,906.75
Dominica,2015,913.32
Dominica,2016,917.15
Dominica,2017,923.3
Dominica,2018,931.63
Dominica,2019,934.45
Dominica,2020,939.39
Dominica,2021,944.35
Dominican Republic,1961,5803
Dominican Republic,1962,6061
Dominican Republic,1963,6130
Dominican Republic,1964,6656
Dominican Republic,1965,6617
Dominican Republic,1966,7080
Dominican Republic,1967,7463
Dominican Republic,1968,7666
Dominican Republic,1969,9533
Dominican Republic,1970,11099
Dominican Republic,1971,11092
Dominican Republic,1972,10077
Dominican Republic,1973,10187
Dominican Republic,1974,11247
Dominican Republic,1975,13242
Dominican Republic,1976,11927
Dominican Republic,1977,8571
Dominican Republic,1978,10839
Dominican Republic,1979,12426
Dominican Republic,1980,17142
Dominican Republic,1981,7710
Dominican Republic,1982,9796
Dominican Republic,1983,10113
Dominican Republic,1984,11337
Dominican Republic,1985,15755
Dominican Republic,1986,19586
Dominican Republic,1987,16770
Dominican Republic,1988,14187
Dominican Republic,1989,23717
Dominican Republic,1990,15965
Dominican Republic,1991,13251.43
Dominican Republic,1992,11520
Dominican Republic,1993,16794
Dominican Republic,1994,19078
Dominican Republic,1995,16984.62
Dominican Republic,1996,19359.2
Dominican Republic,1997,20660.75
Dominican Republic,1998,16408
Dominican Republic,1999,21380.43
Dominican Republic,2000,23976.55
Dominican Republic,2001,32636.62
Dominican Republic,2002,31797
Dominican Republic,2003,32931
Dominican Republic,2004,32696
Dominican Republic,2005,38101.15
Dominican Republic,2006,36201
Dominican Republic,2007,36534
Dominican Republic,2008,40971
Dominican Republic,2009,42067.59
Dominican Republic,2010,38246.48
Dominican Republic,2011,38294
Dominican Republic,2012,41895
Dominican Republic,2013,43267.39
Dominican Republic,2014,38739.18
Dominican Republic,2015,34570.4
Dominican Republic,2016,35787.17
Dominican Republic,2017,36226
Dominican Republic,2018,40232.3
Dominican Republic,2019,41243.88
Dominican Republic,2020,40637.53
Dominican Republic,2021,42533.43
Ecuador,1961,68000
Ecuador,1962,71600
Ecuador,1963,76294
Ecuador,1964,58238
Ecuador,1965,98108
Ecuador,1966,53654
Ecuador,1967,54365
Ecuador,1968,55000
Ecuador,1969,55000
Ecuador,1970,56000
Ecuador,1971,56000
Ecuador,1972,57000
Ecuador,1973,57000
Ecuador,1974,58000
Ecuador,1975,58000
Ecuador,1976,59000
Ecuador,1977,59000
Ecuador,1978,60000
Ecuador,1979,60000
Ecuador,1980,61000
Ecuador,1981,61000
Ecuador,1982,61000
Ecuador,1983,61300
Ecuador,1984,54700
Ecuador,1985,47500
Ecuador,1986,54400
Ecuador,1987,44000
Ecuador,1988,43900
Ecuador,1989,48300
Ecuador,1990,66000
Ecuador,1991,60000
Ecuador,1992,50000
Ecuador,1993,47500
Ecuador,1994,45000
Ecuador,1995,40000
Ecuador,1996,37500
Ecuador,1997,45000
Ecuador,1998,43000
Ecuador,1999,27000
Ecuador,2000,18000
Ecuador,2001,10000
Ecuador,2002,6000
Ecuador,2003,4200
Ecuador,2004,4311
Ecuador,2005,4825
Ecuador,2006,4850
Ecuador,2007,5000
Ecuador,2008,5100
Ecuador,2009,5200
Ecuador,2010,5000
Ecuador,2011,5169.24
Ecuador,2012,5000
Ecuador,2013,4535.72
Ecuador,2014,4074.27
Ecuador,2015,4190.29
Ecuador,2016,4288.73
Ecuador,2017,4333.36
Ecuador,2018,4270.79
Ecuador,2019,4297.63
Ecuador,2020,4300.6
Ecuador,2021,4289.67
Egypt,1961,208000
Egypt,1962,207000
Egypt,1963,230000
Egypt,1964,227000
Egypt,1965,228139
Egypt,1966,269610
Egypt,1967,282756
Egypt,1968,340000
Egypt,1969,346000
Egypt,1970,331000
Egypt,1971,361000
Egypt,1972,322000
Egypt,1973,298000
Egypt,1974,319000
Egypt,1975,349550
Egypt,1976,377657
Egypt,1977,394914
Egypt,1978,427673
Egypt,1979,454987
Egypt,1980,438884
Egypt,1981,444259
Egypt,1982,455974
Egypt,1983,464000
Egypt,1984,481000
Egypt,1985,468000
Egypt,1986,503000
Egypt,1987,436000
Egypt,1988,419000
Egypt,1989,368000
Egypt,1990,392000
Egypt,1991,395585
Egypt,1992,342051
Egypt,1993,354000
Egypt,1994,375000
Egypt,1995,438500
Egypt,1996,498322
Egypt,1997,568035
Egypt,1998,616323
Egypt,1999,648845
Egypt,2000,719090
Egypt,2001,706829
Egypt,2002,672940
Egypt,2003,802235
Egypt,2004,678254
Egypt,2005,690000
Egypt,2006,698606
Egypt,2007,724579
Egypt,2008,651859
Egypt,2009,624893
Egypt,2010,658234
Egypt,2011,633557
Egypt,2012,559606
Egypt,2013,494664
Egypt,2014,444653
Egypt,2015,458218
Egypt,2016,438169
Egypt,2017,466073
Egypt,2018,430503
Egypt,2019,389430
Egypt,2020,415200
Egypt,2021,417109.39
El Salvador,1991,0
El Salvador,1992,0
El Salvador,1993,0
El Salvador,1994,0
El Salvador,1995,0
El Salvador,1996,0
El Salvador,1997,0
El Salvador,1998,0
El Salvador,1999,6800
El Salvador,2000,6499.33
El Salvador,2001,6470.55
El Salvador,2002,6442.2
El Salvador,2003,6411.46
El Salvador,2004,5773
El Salvador,2005,6853
El Salvador,2006,6900
El Salvador,2007,7200
El Salvador,2008,7327.04
El Salvador,2009,8000
El Salvador,2010,7643.22
El Salvador,2011,7690.23
El Salvador,2012,8000
El Salvador,2013,7789.04
El Salvador,2014,7888.36
El Salvador,2015,8123.08
El Salvador,2016,8158.53
El Salvador,2017,8193.28
El Salvador,2018,8347.71
El Salvador,2019,8357.97
El Salvador,2020,8422.25
El Salvador,2021,8375.98
Estonia,2018,0
Estonia,2019,0
Estonia,2020,0
Estonia,2021,0
Fiji,1989,1056
Fiji,1990,392
Fiji,1991,710
Fiji,1992,258
Fiji,1993,527
Fiji,1994,870
Fiji,1995,1000
Fiji,1996,990.2
Fiji,1997,1100
Fiji,1998,1040.25
Fiji,1999,1200
Fiji,2000,1100
Fiji,2001,1174.82
Fiji,2002,1200
Fiji,2003,1053.22
Fiji,2004,1085.07
Fiji,2005,1392.7
Fiji,2006,2000
Fiji,2007,1631.05
Fiji,2008,1658.67
Fiji,2009,1686.6
Fiji,2010,1714.2
Fiji,2011,1741.42
Fiji,2012,1700
Fiji,2013,1828.74
Fiji,2014,1940.19
Fiji,2015,2007.82
Fiji,2016,1925.58
Fiji,2017,2002.17
Fiji,2018,1978.52
Fiji,2019,1968.76
Fiji,2020,1983.15
Fiji,2021,1976.81
Finland,1991,0
Finland,1992,0
Finland,1993,0
Finland,1994,1609
Finland,1995,1640
Finland,1996,998
Finland,1997,1686
Finland,1998,844
Finland,1999,1737
Finland,2000,1008
Finland,2001,1536
Finland,2002,1651
Finland,2003,2734
Finland,2004,2426
Finland,2005,2192
Finland,2006,2610
Finland,2007,954
Finland,2008,913
Finland,2009,1023
Finland,2010,1239
Finland,2011,1798
Finland,2012,1350
Finland,2013,1812
Finland,2014,1828
Finland,2015,2001
Finland,2016,1972
Finland,2017,1686
Finland,2018,2350
Finland,2019,2300
Finland,2020,2200
Finland,2021,2500
France,1961,171060
France,1962,126140
France,1963,127500
France,1964,104880
France,1965,104610
France,1966,101030
France,1967,94830
France,1968,89650
France,1969,99080
France,1970,93230
France,1971,86400
France,1972,65700
France,1973,69000
France,1974,66950
France,1975,67768
France,1976,62821
France,1977,65360
France,1978,66300
France,1979,80090
France,1980,69379
France,1981,71500
France,1982,75500
France,1983,84600
France,1984,94100
France,1985,103700
France,1986,122100
France,1987,123000
France,1988,118600
France,1989,117400
France,1990,120125
France,1991,16034.5
France,1992,25901.7
France,1993,27312.1
France,1994,28995.7
France,1995,33009
France,1996,32322.3
France,1997,37795
France,1998,45109
France,1999,56340.2
France,2000,62131.3
France,2001,65569.8
France,2002,66027.9
France,2003,61952.8
France,2004,49818.2
France,2005,46035.8
France,2006,50211.8
France,2007,55963.1
France,2008,59024.1
France,2009,68839.1
France,2010,104126
France,2011,123498
France,2012,108282.6
France,2013,95080
France,2014,99537
France,2015,95564
France,2016,92777.2
France,2017,95973.6
France,2018,206390
France,2019,248110
France,2020,255360
France,2021,410360
French Polynesia,1961,10
French Polynesia,1962,10
French Polynesia,1963,11
French Polynesia,1964,12
French Polynesia,1965,13
French Polynesia,1966,14
French Polynesia,1967,15
French Polynesia,1968,16
French Polynesia,1969,17
French Polynesia,1970,18
French Polynesia,1971,19
French Polynesia,1972,20
French Polynesia,1973,21
French Polynesia,1974,22
French Polynesia,1975,23
French Polynesia,1976,30
French Polynesia,1977,40
French Polynesia,1978,71
French Polynesia,1979,50
French Polynesia,1980,50
French Polynesia,1981,80
French Polynesia,1982,89
French Polynesia,1983,72
French Polynesia,1984,76
French Polynesia,1985,103
French Polynesia,1986,103
French Polynesia,1987,21
French Polynesia,1988,103
French Polynesia,1989,89
French Polynesia,1990,95
French Polynesia,1991,71
French Polynesia,1992,100
French Polynesia,1993,80
French Polynesia,1994,95
French Polynesia,1995,100
French Polynesia,1996,120
French Polynesia,1997,136
French Polynesia,1998,109
French Polynesia,1999,130
French Polynesia,2000,150
French Polynesia,2001,133.71
French Polynesia,2002,132.53
French Polynesia,2003,139.73
French Polynesia,2004,135.4
French Polynesia,2005,131.63
French Polynesia,2006,154.22
French Polynesia,2007,130
French Polynesia,2008,110
French Polynesia,2009,100
French Polynesia,2010,100
French Polynesia,2011,100
French Polynesia,2012,135.73
French Polynesia,2013,124.31
French Polynesia,2014,116.6
French Polynesia,2015,116.94
French Polynesia,2016,119.28
French Polynesia,2017,118.23
French Polynesia,2018,111.82
French Polynesia,2019,116.44
French Polynesia,2020,115.5
French Polynesia,2021,114.59
Georgia,2019,3300
Georgia,2020,3300
Georgia,2021,3900
Germany,1991,0
Germany,1992,0
Germany,1993,0
Germany,1994,0
Germany,1995,0
Germany,1996,0
Germany,1997,0
Germany,1998,0
Germany,1999,0
Germany,2000,25453.61
Germany,2001,31658.64
Germany,2002,28069.64
Germany,2003,27238.37
Germany,2004,30849.77
Germany,2005,80381.53
Germany,2006,78050
Germany,2007,75422
Germany,2008,74822
Germany,2009,82092
Germany,2010,78161
Germany,2011,88156
Germany,2012,110114
Germany,2013,97007
Germany,2014,106969
Germany,2015,109196.1
Germany,2016,130053
Germany,2017,133561
Germany,2018,122250
Germany,2019,135560
Germany,2020,133420
Germany,2021,141600
Greece,1961,43396
Greece,1962,43950
Greece,1963,45985
Greece,1964,49849
Greece,1965,50484
Greece,1966,57823
Greece,1967,55934
Greece,1968,83787
Greece,1969,65690
Greece,1970,74457
Greece,1971,71603
Greece,1972,76764
Greece,1973,73402
Greece,1974,80782
Greece,1975,74759
Greece,1976,92053
Greece,1977,79374
Greece,1978,75837
Greece,1979,78177
Greece,1980,82007
Greece,1981,77049
Greece,1982,80651
Greece,1983,84379
Greece,1984,89508
Greece,1985,83133
Greece,1986,87316
Greece,1987,96935
Greece,1988,94277
Greece,1989,103000
Greece,1990,94202
Greece,1991,103100
Greece,1992,93994
Greece,1993,883.11
Greece,1994,774.81
Greece,1995,648.11
Greece,1996,563.63
Greece,1997,733.35
Greece,1998,1068.34
Greece,1999,715
Greece,2000,664.7
Greece,2001,577.05
Greece,2002,564.9
Greece,2003,838.34
Greece,2004,430.39
Greece,2005,305.08
Greece,2006,228.6
Greece,2007,265.28
Greece,2008,301.35
Greece,2009,384.55
Greece,2010,596.34
Greece,2011,672.98
Greece,2012,745.48
Greece,2013,839.12
Greece,2014,942.08
Greece,2015,842
Greece,2016,900
Greece,2017,8551.31
Greece,2018,75700
Greece,2019,66440
Greece,2020,64350
Greece,2021,61120
Grenada,1961,330
Grenada,1962,340
Grenada,1963,340
Grenada,1964,345
Grenada,1965,345
Grenada,1966,350
Grenada,1967,355
Grenada,1968,360
Grenada,1969,365
Grenada,1970,370
Grenada,1971,375
Grenada,1972,380
Grenada,1973,381
Grenada,1974,372
Grenada,1975,385
Grenada,1976,372
Grenada,1977,340
Grenada,1978,335
Grenada,1979,347
Grenada,1980,300
Grenada,1981,205
Grenada,1982,246
Grenada,1983,218
Grenada,1984,218
Grenada,1985,210
Grenada,1986,209
Grenada,1987,222
Grenada,1988,221
Grenada,1989,226
Grenada,1990,226
Grenada,1991,227
Grenada,1992,228
Grenada,1993,230
Grenada,1994,231
Grenada,1995,227
Grenada,1996,240
Grenada,1997,250
Grenada,1998,254.55
Grenada,1999,260
Grenada,2000,265.38
Grenada,2001,270.21
Grenada,2002,274
Grenada,2003,278.46
Grenada,2004,283.08
Grenada,2005,288.04
Grenada,2006,293.95
Grenada,2007,280
Grenada,2008,308.87
Grenada,2009,317.39
Grenada,2010,326.32
Grenada,2011,335.54
Grenada,2012,370
Grenada,2013,353.64
Grenada,2014,354.93
Grenada,2015,364.46
Grenada,2016,372.69
Grenada,2017,380.27
Grenada,2018,372.47
Grenada,2019,375.14
Grenada,2020,375.96
Grenada,2021,374.53
Guadeloupe,1961,80
Guadeloupe,1962,80
Guadeloupe,1963,90
Guadeloupe,1964,90
Guadeloupe,1965,90
Guadeloupe,1966,90
Guadeloupe,1967,100
Guadeloupe,1968,100
Guadeloupe,1969,100
Guadeloupe,1970,100
Guadeloupe,1971,100
Guadeloupe,1972,100
Guadeloupe,1973,100
Guadeloupe,1974,100
Guadeloupe,1975,120
Guadeloupe,1976,120
Guadeloupe,1977,100
Guadeloupe,1978,120
Guadeloupe,1979,120
Guadeloupe,1980,90
Guadeloupe,1981,135
Guadeloupe,1982,135
Guadeloupe,1983,128
Guadeloupe,1984,255
Guadeloupe,1985,187
Guadeloupe,1986,196
Guadeloupe,1987,196
Guadeloupe,1988,204
Guadeloupe,1989,210
Guadeloupe,1990,210
Guadeloupe,1991,215
Guadeloupe,1992,220
Guadeloupe,1993,225
Guadeloupe,1994,230
Guadeloupe,1995,234
Guadeloupe,1996,239
Guadeloupe,1997,244
Guadeloupe,1998,249
Guadeloupe,1999,254
Guadeloupe,2000,258
Guadeloupe,2001,263
Guadeloupe,2002,268
Guadeloupe,2003,273
Guadeloupe,2004,277
Guadeloupe,2005,282
Guadeloupe,2006,287
Guatemala,2019,85032
Guatemala,2020,88617
Guatemala,2021,90075.58
Guyana,1991,0
Guyana,1992,0
Guyana,1993,0
Guyana,1994,0
Guyana,1995,0
Guyana,1996,0
Guyana,1997,14000
Guyana,1998,13375.03
Guyana,1999,14370.78
Guyana,2000,18388
Guyana,2001,9579
Guyana,2002,10000
Guyana,2003,10000
Guyana,2004,11000
Guyana,2005,11000
Guyana,2006,12000
Guyana,2007,12000
Guyana,2008,13000
Guyana,2009,14000
Guyana,2010,18009
Guyana,2011,5691
Guyana,2012,16470
Guyana,2013,12794
Guyana,2014,16442
Guyana,2015,36094.02
Guyana,2016,39398.75
Guyana,2017,47093
Guyana,2018,59429
Guyana,2019,61566
Guyana,2020,62310.6
Guyana,2021,67734.02
Haiti,1990,200
Haiti,1991,220.66
Haiti,1992,240.45
Haiti,1993,259.1
Haiti,1994,277
Haiti,1995,294.57
Haiti,1996,312.02
Haiti,1997,329.43
Haiti,1998,346.82
Haiti,1999,364.2
Haiti,2000,381.58
Haiti,2001,398.95
Haiti,2002,416.32
Haiti,2003,433.67
Haiti,2004,451.02
Haiti,2005,468.36
Haiti,2006,485.68
Haiti,2007,502.99
Haiti,2008,520.29
Haiti,2009,537.57
Haiti,2010,554.84
Haiti,2011,572.08
Haiti,2012,600
Haiti,2013,600
Haiti,2014,623.93
Haiti,2015,642.69
Haiti,2016,622.21
Haiti,2017,652.66
Haiti,2018,639.19
Haiti,2019,638.02
Haiti,2020,643.29
Haiti,2021,640.16
Honduras,1990,1100
Honduras,1991,1179
Honduras,1992,1216
Honduras,1993,2551
Honduras,1994,2500
Honduras,1995,2294.02
Honduras,1996,2338.06
Honduras,1997,2384.11
Honduras,1998,2400
Honduras,1999,2509.61
Honduras,2000,2500
Honduras,2001,2800
Honduras,2002,3159
Honduras,2003,3208
Honduras,2004,3257
Honduras,2005,3306
Honduras,2006,3350
Honduras,2007,3600
Honduras,2008,3677.15
Honduras,2009,3760.6
Honduras,2010,3849.78
Honduras,2011,3937.31
Honduras,2012,4000
Honduras,2013,10500
Honduras,2014,10600
Honduras,2015,13000
Honduras,2016,14100
Honduras,2017,16000
Honduras,2018,20000
Honduras,2019,22456.92
Honduras,2020,20867.79
Honduras,2021,22852.3
Hungary,1961,37071
Hungary,1962,42127
Hungary,1963,48920
Hungary,1964,30305
Hungary,1965,31200
Hungary,1966,33873
Hungary,1967,29047
Hungary,1968,27337
Hungary,1969,32697
Hungary,1970,30732
Hungary,1971,26167
Hungary,1972,28062
Hungary,1973,21223
Hungary,1974,30314
Hungary,1975,32588
Hungary,1976,28815
Hungary,1977,32037
Hungary,1978,24279
Hungary,1979,32275
Hungary,1980,24867
Hungary,1981,25577
Hungary,1982,19993
Hungary,1983,19771
Hungary,1984,21195
Hungary,1985,24854
Hungary,1986,16633
Hungary,1987,17386
Hungary,1988,18487
Hungary,1989,15949
Hungary,1990,14324
Hungary,1991,17622
Hungary,1992,12404
Hungary,1993,14109
Hungary,1994,15178
Hungary,1995,15683
Hungary,1996,15065
Hungary,1997,16406
Hungary,1998,16902
Hungary,1999,16471
Hungary,2000,12449
Hungary,2001,14119
Hungary,2002,13200
Hungary,2003,11867
Hungary,2004,12669
Hungary,2005,14017
Hungary,2006,12556
Hungary,2007,11612
Hungary,2008,15152
Hungary,2009,26635
Hungary,2010,18053
Hungary,2011,20192
Hungary,2012,16950
Hungary,2013,10520
Hungary,2014,14600
Hungary,2015,11966
Hungary,2016,16650
Hungary,2017,17555
Hungary,2018,33120
Hungary,2019,33420
Hungary,2020,33280
Hungary,2021,32310
India,1961,815000
India,1962,870000
India,1963,940000
India,1964,985000
India,1965,1000000
India,1966,1120000
India,1967,1180000
India,1968,1220000
India,1969,1250000
India,1970,1330000
India,1971,1380000
India,1972,1440000
India,1973,1475000
India,1974,1550000
India,1975,1600000
India,1976,1650000
India,1977,1690000
India,1978,1800000
India,1979,1900000
India,1980,1960000
India,1981,2100000
India,1982,2180000
India,1983,2250000
India,1984,2400000
India,1985,2550000
India,1986,2630000
India,1987,2685000
India,1988,2800000
India,1989,2850000
India,1990,2860000
India,1991,2933000
India,1992,2950000
India,1993,3100000
India,1994,3074013.92
India,1995,3150000
India,1996,3200000
India,1997,3300000
India,1998,3350000
India,1999,3400000
India,2000,3450000
India,2001,3500000
India,2002,3605715.51
India,2003,3702215.28
India,2004,3800848.19
India,2005,3900938.31
India,2006,4136382.31
India,2007,4259627.32
India,2008,4388123.37
India,2009,4515817.82
India,2010,4637530.92
India,2011,4752830.35
India,2012,4900000
India,2013,4900000
India,2014,5021477.44
India,2015,5243814.49
India,2016,5055097.31
India,2017,5203113.51
India,2018,0
India,2019,0
India,2020,0
India,2021,0
Indonesia,1982,30192
Indonesia,1983,49250
Indonesia,1984,64000
Indonesia,1985,100000
Indonesia,1986,159000
Indonesia,1987,190847
Indonesia,1988,168000
Indonesia,1989,117273
Indonesia,1990,128270
Indonesia,1991,117890
Indonesia,1992,197960
Indonesia,1993,142020
Indonesia,1994,145999
Indonesia,1995,46569
Indonesia,1996,44689
Indonesia,1997,41007
Indonesia,1998,84873
Indonesia,1999,121233
Indonesia,2000,158654
Indonesia,2001,134676
Indonesia,2002,172125
Indonesia,2003,103451
Indonesia,2004,179845
Indonesia,2005,180029
Indonesia,2006,212697
Indonesia,2007,254056
Indonesia,2008,394386
Indonesia,2009,321023
Indonesia,2010,369846
Indonesia,2011,428197
Indonesia,2012,428061
Indonesia,2013,387617
Indonesia,2014,357561
Indonesia,2015,431203
Indonesia,2016,603325
Indonesia,2017,566857
Indonesia,2018,454001
Indonesia,2019,458741.23
Indonesia,2020,554757.89
Indonesia,2021,542753.71
Iran (Islamic Republic of),1961,100000
Iran (Islamic Republic of),1962,110000
Iran (Islamic Republic of),1963,122000
Iran (Islamic Republic of),1964,133000
Iran (Islamic Republic of),1965,143000
Iran (Islamic Republic of),1966,155000
Iran (Islamic Republic of),1967,167000
Iran (Islamic Republic of),1968,177000
Iran (Islamic Republic of),1969,188000
Iran (Islamic Republic of),1970,200000
Iran (Islamic Republic of),1971,217000
Iran (Islamic Republic of),1972,233000
Iran (Islamic Republic of),1973,250000
Iran (Islamic Republic of),1974,267000
Iran (Islamic Republic of),1975,283000
Iran (Islamic Republic of),1976,300000
Iran (Islamic Republic of),1977,317000
Iran (Islamic Republic of),1978,333000
Iran (Islamic Republic of),1979,300000
Iran (Islamic Republic of),1980,320000
Iran (Islamic Republic of),1981,370000
Iran (Islamic Republic of),1982,287000
Iran (Islamic Republic of),1983,448000
Iran (Islamic Republic of),1984,520000
Iran (Islamic Republic of),1985,612500
Iran (Islamic Republic of),1986,666500
Iran (Islamic Republic of),1987,807500
Iran (Islamic Republic of),1988,164500
Iran (Islamic Republic of),1989,272500
Iran (Islamic Republic of),1990,450000
Iran (Islamic Republic of),1991,53174.4
Iran (Islamic Republic of),1992,151854.5
Iran (Islamic Republic of),1993,127148.8
Iran (Islamic Republic of),1994,71709.4
Iran (Islamic Republic of),1995,110227.8
Iran (Islamic Republic of),1996,98642.2
Iran (Islamic Republic of),1997,107273.9
Iran (Islamic Republic of),1998,172430.9
Iran (Islamic Republic of),1999,186246.7
Iran (Islamic Republic of),2000,85802.5
Iran (Islamic Republic of),2001,83425.2
Iran (Islamic Republic of),2002,118846
Iran (Islamic Republic of),2003,110617.4
Iran (Islamic Republic of),2004,120336.4
Iran (Islamic Republic of),2005,166365.9
Iran (Islamic Republic of),2006,132734.9
Iran (Islamic Republic of),2007,151865.8
Iran (Islamic Republic of),2008,137707.5
Iran (Islamic Republic of),2009,97666.6
Iran (Islamic Republic of),2010,95531.5
Iran (Islamic Republic of),2011,188062
Iran (Islamic Republic of),2012,167734.3
Iran (Islamic Republic of),2013,198324.1
Iran (Islamic Republic of),2014,200912.5
Iran (Islamic Republic of),2015,177443.15
Iran (Islamic Republic of),2016,192226.58
Iran (Islamic Republic of),2017,185492.01
Iran (Islamic Republic of),2018,189582.71
Iran (Islamic Republic of),2019,193363.36
Iran (Islamic Republic of),2020,196879.02
Iran (Islamic Republic of),2021,193275.03
Iraq,1961,48806
Iraq,1962,42560
Iraq,1963,46053
Iraq,1964,59223
Iraq,1965,64834
Iraq,1966,65281
Iraq,1967,84218
Iraq,1968,68902
Iraq,1969,65337
Iraq,1970,67356
Iraq,1971,72268
Iraq,1972,53662
Iraq,1973,44363
Iraq,1974,44547
Iraq,1975,41494
Iraq,1976,51901
Iraq,1977,39415
Iraq,1978,51200
Iraq,1979,25300
Iraq,1980,34600
Iraq,1981,33400
Iraq,1982,49700
Iraq,1983,45900
Iraq,1984,68600
Iraq,1985,49400
Iraq,1986,54200
Iraq,1987,48400
Iraq,1988,52200
Iraq,1989,49100
Iraq,1990,71500
Iraq,1991,58970
Iraq,1992,60000
Iraq,1993,62000
Iraq,1994,61000
Iraq,1995,62000
Iraq,1996,61000
Iraq,1997,60000
Iraq,1998,61500
Iraq,1999,46000
Iraq,2000,35000
Iraq,2001,40000
Iraq,2002,47000
Iraq,2003,62000
Iraq,2004,82000
Iraq,2005,100000
Iraq,2006,110000
Iraq,2007,142800
Iraq,2008,116100
Iraq,2009,131836
Iraq,2010,144514
Iraq,2011,165239
Iraq,2012,167576
Iraq,2013,164465
Iraq,2014,137123
Iraq,2015,30589
Iraq,2016,16925
Iraq,2017,19864
Iraq,2018,21629
Iraq,2019,22361
Iraq,2020,38737
Iraq,2021,35579
Ireland,2018,410
Ireland,2019,930
Ireland,2020,1010
Ireland,2021,1040
Israel,1961,10650
Israel,1962,12100
Israel,1963,12200
Israel,1964,12500
Israel,1965,13500
Israel,1966,13600
Israel,1967,14350
Israel,1968,13500
Israel,1969,15050
Israel,1970,15800
Israel,1971,15900
Israel,1972,15950
Israel,1973,16650
Israel,1974,15350
Israel,1975,16400
Israel,1976,18700
Israel,1977,17800
Israel,1978,18417
Israel,1979,17060
Israel,1980,17250
Israel,1981,20100
Israel,1982,21200
Israel,1983,17200
Israel,1984,18600
Israel,1985,19200
Israel,1986,22400
Israel,1987,20900
Israel,1988,26780
Israel,1989,25410
Israel,1990,22892
Israel,1991,30375
Israel,1992,30809
Israel,1993,32600
Israel,1994,23500
Israel,1995,30700
Israel,1996,30500
Israel,1997,27900
Israel,1998,35300
Israel,1999,28700
Israel,2000,27300
Israel,2001,27900
Israel,2002,29800
Israel,2003,33900
Israel,2004,33200
Israel,2005,10973
Israel,2006,10737
Israel,2007,10386
Israel,2008,10409
Israel,2009,11369
Israel,2010,11441
Israel,2011,13078
Israel,2012,19004
Israel,2013,15414
Israel,2014,13390
Israel,2015,8506
Israel,2016,9031
Israel,2017,9983
Israel,2018,8873
Israel,2019,6575
Israel,2020,8110
Israel,2021,6354
Italy,1961,287000
Italy,1962,258600
Italy,1963,291300
Italy,1964,287700
Italy,1965,273400
Italy,1966,295800
Italy,1967,293600
Italy,1968,300900
Italy,1969,297500
Italy,1970,304600
Italy,1971,320500
Italy,1972,307400
Italy,1973,314200
Italy,1974,318180
Italy,1975,330650
Italy,1976,321720
Italy,1977,313790
Italy,1978,320790
Italy,1979,334600
Italy,1980,339800
Italy,1981,341180
Italy,1982,339980
Italy,1983,347360
Italy,1984,342380
Italy,1985,340770
Italy,1986,344780
Italy,1987,342950
Italy,1988,327920
Italy,1989,332160
Italy,1990,338770
Italy,1991,360019
Italy,1992,331187
Italy,1993,340350
Italy,1994,334412
Italy,1995,355982
Italy,1996,413847
Italy,1997,465117
Italy,1998,465007
Italy,1999,363127
Italy,2000,412779
Italy,2001,429846
Italy,2002,418401
Italy,2003,469466
Italy,2004,490545
Italy,2005,488054
Italy,2006,512199
Italy,2007,531904
Italy,2008,518964
Italy,2009,509491
Italy,2010,508075
Italy,2011,538533.7
Italy,2012,557684.84
Italy,2013,562258.27
Italy,2014,570097.52
Italy,2015,580710.88
Italy,2016,582018.3
Italy,2017,589207.58
Italy,2018,560170
Italy,2019,569120
Italy,2020,600430
Italy,2021,601660
Jamaica,1961,11177
Jamaica,1962,8128
Jamaica,1963,9072
Jamaica,1964,4227
Jamaica,1965,7027
Jamaica,1966,15444
Jamaica,1967,9680
Jamaica,1968,8678
Jamaica,1969,8934
Jamaica,1970,13519
Jamaica,1971,20112
Jamaica,1972,18062
Jamaica,1973,18580
Jamaica,1974,19595
Jamaica,1975,26363
Jamaica,1976,21310
Jamaica,1977,27089
Jamaica,1978,29300
Jamaica,1979,22875
Jamaica,1980,25201
Jamaica,1981,27619
Jamaica,1982,23316
Jamaica,1983,32473
Jamaica,1984,39006
Jamaica,1985,30353
Jamaica,1986,25659
Jamaica,1987,26947
Jamaica,1988,21762
Jamaica,1989,23695
Jamaica,1990,26249
Jamaica,1991,26237
Jamaica,1992,34187
Jamaica,1993,34708
Jamaica,1994,40531
Jamaica,1995,42178
Jamaica,1996,42150
Jamaica,1997,36707
Jamaica,1998,34699
Jamaica,1999,33757
Jamaica,2000,34707
Jamaica,2001,36313
Jamaica,2002,30947
Jamaica,2003,39102
Jamaica,2004,29694
Jamaica,2005,31311
Jamaica,2006,36484
Jamaica,2007,34635
Jamaica,2008,34119.4
Jamaica,2009,40801
Jamaica,2010,40830
Jamaica,2011,51063
Jamaica,2012,53691
Jamaica,2013,53772
Jamaica,2014,48433
Jamaica,2015,44653
Jamaica,2016,53496.6
Jamaica,2017,50494
Jamaica,2018,55847
Jamaica,2019,58916
Jamaica,2020,60630
Jamaica,2021,59226
Japan,1961,437900
Japan,1962,412000
Japan,1963,406600
Japan,1964,372000
Japan,1965,351600
Japan,1966,340600
Japan,1967,351300
Japan,1968,330400
Japan,1969,292900
Japan,1970,306500
Japan,1971,303100
Japan,1972,271000
Japan,1973,261600
Japan,1974,254000
Japan,1975,247700
Japan,1976,231800
Japan,1977,264600
Japan,1978,263700
Japan,1979,233600
Japan,1980,252000
Japan,1981,269600
Japan,1982,279100
Japan,1983,252600
Japan,1984,296700
Japan,1985,273400
Japan,1986,277700
Japan,1987,276800
Japan,1988,283600
Japan,1989,296500
Japan,1990,286400
Japan,1991,269400
Japan,1992,278000
Japan,1993,256700
Japan,1994,264900
Japan,1995,241800
Japan,1996,234400
Japan,1997,247000
Japan,1998,257800
Japan,1999,265600
Japan,2000,253600
Japan,2001,227500
Japan,2002,219500
Japan,2003,233400
Japan,2004,225500
Japan,2005,234100
Japan,2006,220400
Japan,2007,228000
Japan,2008,242800
Japan,2009,214100
Japan,2010,220500
Japan,2011,209200
Japan,2012,227100
Japan,2013,211800
Japan,2014,200000
Japan,2015,202400
Japan,2016,185300
Japan,2017,201300
Japan,2018,159300
Japan,2019,185600
Japan,2020,186600
Japan,2021,182069.67
Jordan,1961,18111
Jordan,1962,19970
Jordan,1963,19842
Jordan,1964,23219
Jordan,1965,23052
Jordan,1966,22000
Jordan,1967,21949
Jordan,1968,11387
Jordan,1969,3182
Jordan,1970,11970
Jordan,1971,7144
Jordan,1972,8474
Jordan,1973,11540
Jordan,1974,8916
Jordan,1975,1566
Jordan,1976,16810
Jordan,1977,29027
Jordan,1978,45529
Jordan,1979,39128
Jordan,1980,44130
Jordan,1981,46312
Jordan,1982,41304
Jordan,1983,48000
Jordan,1984,42702
Jordan,1985,49525
Jordan,1986,36850
Jordan,1987,34302
Jordan,1988,31348
Jordan,1989,21048
Jordan,1990,34701
Jordan,1991,26114
Jordan,1992,31845
Jordan,1993,15528
Jordan,1994,28414
Jordan,1995,48100
Jordan,1996,28301
Jordan,1997,36404
Jordan,1998,37306
Jordan,1999,35727
Jordan,2000,49484
Jordan,2001,57462
Jordan,2002,47671
Jordan,2003,60014
Jordan,2004,55537
Jordan,2005,72324
Jordan,2006,61849
Jordan,2007,54519
Jordan,2008,48803
Jordan,2009,59256
Jordan,2010,69655
Jordan,2011,93118
Jordan,2012,68967
Jordan,2013,78653
Jordan,2014,60002
Jordan,2015,64777
Jordan,2016,76722
Jordan,2017,72411
Jordan,2018,57237
Jordan,2019,53043
Jordan,2020,85514
Jordan,2021,81971.38
Kuwait,1975,24
Kuwait,1976,39
Kuwait,1977,37
Kuwait,1978,30
Kuwait,1979,110
Kuwait,1980,417
Kuwait,1981,424
Kuwait,1982,300
Kuwait,1983,300
Kuwait,1984,299
Kuwait,1985,456
Kuwait,1986,617
Kuwait,1987,1000
Kuwait,1988,1229
Kuwait,1989,2312
Kuwait,1990,1820
Kuwait,1991,1060
Kuwait,1992,838
Kuwait,1993,1862
Kuwait,1994,1610
Kuwait,1995,1930
Kuwait,1996,3025
Kuwait,1997,3358
Kuwait,1998,4893
Kuwait,1999,3548
Kuwait,2000,6422
Kuwait,2001,5782
Kuwait,2002,7368
Kuwait,2003,7920
Kuwait,2004,8345
Kuwait,2005,9884
Kuwait,2006,13216
Kuwait,2007,12189
Kuwait,2008,14172
Kuwait,2009,15730
Kuwait,2010,16978
Kuwait,2011,17327
Kuwait,2012,16930
Kuwait,2013,22620
Kuwait,2014,16134
Kuwait,2015,17887
Kuwait,2016,23659
Kuwait,2017,23504
Kuwait,2018,18401
Kuwait,2019,19241
Kuwait,2020,21170.57
Kuwait,2021,22993.54
Kyrgyzstan,1992,1300
Kyrgyzstan,1993,1200
Kyrgyzstan,1994,1200
Kyrgyzstan,1995,1200
Kyrgyzstan,1996,1300
Kyrgyzstan,1997,1400
Kyrgyzstan,1998,1400
Kyrgyzstan,1999,1700
Kyrgyzstan,2000,2800
Kyrgyzstan,2001,2000
Kyrgyzstan,2002,3900
Kyrgyzstan,2003,1156
Kyrgyzstan,2004,2676
Kyrgyzstan,2005,2700
Kyrgyzstan,2006,2800
Kyrgyzstan,2007,2700
Kyrgyzstan,2008,2100
Kyrgyzstan,2009,2100
Kyrgyzstan,2010,3000
Kyrgyzstan,2011,3100
Kyrgyzstan,2012,3250
Kyrgyzstan,2013,6000
Kyrgyzstan,2014,2800
Kyrgyzstan,2015,3300
Kyrgyzstan,2016,4033.33
Kyrgyzstan,2017,3377.78
Kyrgyzstan,2018,3570.37
Kyrgyzstan,2019,3660.49
Kyrgyzstan,2020,3536.21
Kyrgyzstan,2021,3589.03
Latvia,1992,0
Latvia,1993,0
Latvia,1994,0
Latvia,1995,0
Latvia,1996,0
Latvia,1997,500
Latvia,1998,1900
Latvia,1999,1600
Latvia,2000,492
Latvia,2001,4500
Latvia,2002,4600
Latvia,2003,6645
Latvia,2004,4578
Latvia,2005,5024
Latvia,2006,5706
Latvia,2007,5057
Latvia,2008,1248
Latvia,2009,2225
Latvia,2010,3150
Latvia,2011,3776
Latvia,2012,2832
Latvia,2013,4945
Latvia,2014,4380
Latvia,2015,5452
Latvia,2016,6418
Latvia,2017,3073
Latvia,2018,1900
Latvia,2019,2500
Latvia,2020,4100
Latvia,2021,2800
Lebanon,1961,17000
Lebanon,1962,18000
Lebanon,1963,14000
Lebanon,1964,15700
Lebanon,1965,13500
Lebanon,1966,7445
Lebanon,1967,8025
Lebanon,1968,9392
Lebanon,1969,9467
Lebanon,1970,9491
Lebanon,1971,6678
Lebanon,1972,7815
Lebanon,1973,7866
Lebanon,1974,14362
Lebanon,1975,9000
Lebanon,1976,9000
Lebanon,1977,9000
Lebanon,1978,9000
Lebanon,1979,9000
Lebanon,1980,9000
Lebanon,1981,9500
Lebanon,1982,12600
Lebanon,1983,13500
Lebanon,1984,15000
Lebanon,1985,16000
Lebanon,1986,18000
Lebanon,1987,20000
Lebanon,1988,22000
Lebanon,1989,23500
Lebanon,1990,25000
Lebanon,1991,27219
Lebanon,1992,26080
Lebanon,1993,28000
Lebanon,1994,30000
Lebanon,1995,34000
Lebanon,1996,38223
Lebanon,1997,33600
Lebanon,1998,47200
Lebanon,1999,41600
Lebanon,2000,24200
Lebanon,2001,16600
Lebanon,2002,23500
Lebanon,2003,21200
Lebanon,2004,24400
Lebanon,2005,23700
Lebanon,2006,24400
Lebanon,2007,28200
Lebanon,2008,28500
Lebanon,2009,35674.64
Lebanon,2010,28002.52
Lebanon,2011,26517.44
Lebanon,2012,30201.68
Lebanon,2013,31238.79
Lebanon,2014,28727.94
Lebanon,2015,27724.69
Lebanon,2016,25135
Lebanon,2017,36631
Lebanon,2018,36999.9
Lebanon,2019,28121.38
Lebanon,2020,28162.95
Lebanon,2021,28156.31
Libya,1961,3000
Libya,1962,3800
Libya,1963,2300
Libya,1964,2600
Libya,1965,3600
Libya,1966,2800
Libya,1967,3000
Libya,1968,3000
Libya,1969,3200
Libya,1970,3200
Libya,1971,6875
Libya,1972,6342
Libya,1973,8985
Libya,1974,9835
Libya,1975,10788
Libya,1976,10873
Libya,1977,10990
Libya,1978,10800
Libya,1979,10860
Libya,1980,12490
Libya,1981,14000
Libya,1982,16500
Libya,1983,19000
Libya,1984,22000
Libya,1985,24000
Libya,1986,26000
Libya,1987,28000
Libya,1988,29500
Libya,1989,30500
Libya,1990,32400
Libya,1991,32500
Libya,1992,31000
Libya,1993,28000
Libya,1994,26500
Libya,1995,26000
Libya,1996,26304.45
Libya,1997,26500
Libya,1998,27000
Libya,1999,28000
Libya,2000,29000
Libya,2001,29478.63
Libya,2002,30000
Libya,2003,30323.19
Libya,2004,30624.12
Libya,2005,30821.24
Libya,2006,31117.82
Libya,2007,31125.2
Libya,2008,31623.57
Libya,2009,32000
Libya,2010,33000
Libya,2011,33454.51
Libya,2012,34000
Libya,2013,34406.18
Libya,2014,34840.56
Libya,2015,34049.28
Libya,2016,33541.17
Libya,2017,33087.14
Libya,2018,34658.72
Libya,2019,34814.33
Libya,2020,35013.57
Libya,2021,35212.81
Lithuania,1992,0
Lithuania,1993,0
Lithuania,1994,0
Lithuania,1995,0
Lithuania,1996,0
Lithuania,1997,0
Lithuania,1998,0
Lithuania,1999,0
Lithuania,2000,0
Lithuania,2001,0
Lithuania,2002,0
Lithuania,2003,767
Lithuania,2004,124
Lithuania,2005,370
Lithuania,2006,132
Lithuania,2007,198
Lithuania,2008,219
Lithuania,2009,220
Lithuania,2010,1192
Lithuania,2011,1394
Lithuania,2012,1317
Lithuania,2013,1010
Lithuania,2014,1373
Lithuania,2015,1251
Lithuania,2016,1727
Lithuania,2017,1782
Lithuania,2018,2480
Lithuania,2019,2110
Lithuania,2020,4530
Lithuania,2021,5970
Luxembourg,2018,180
Luxembourg,2019,260
Luxembourg,2020,230
Luxembourg,2021,300
Malawi,2016,0
Malawi,2017,545769
Malawi,2018,480233
Malawi,2019,368362.55
Malawi,2020,429425.61
Malawi,2021,428754.79
Malaysia,1961,3000
Malaysia,1962,3000
Malaysia,1963,3600
Malaysia,1964,3300
Malaysia,1965,3000
Malaysia,1966,4200
Malaysia,1967,4300
Malaysia,1968,5500
Malaysia,1969,7500
Malaysia,1970,8100
Malaysia,1971,8000
Malaysia,1972,8200
Malaysia,1973,9000
Malaysia,1974,9000
Malaysia,1975,9000
Malaysia,1976,9000
Malaysia,1977,9000
Malaysia,1978,11000
Malaysia,1979,11000
Malaysia,1980,12000
Malaysia,1981,13000
Malaysia,1982,12000
Malaysia,1983,11000
Malaysia,1984,12000
Malaysia,1985,13700
Malaysia,1986,13700
Malaysia,1987,11500
Malaysia,1988,11500
Malaysia,1989,7500
Malaysia,1990,6500
Malaysia,1991,5800
Malaysia,1992,6000
Malaysia,1993,6000
Malaysia,1994,6500
Malaysia,1995,6500
Malaysia,1996,7000
Malaysia,1997,7000
Malaysia,1998,4600
Malaysia,1999,4500
Malaysia,2000,4000
Malaysia,2001,4100
Malaysia,2002,5000
Malaysia,2003,5200
Malaysia,2004,6000
Malaysia,2005,5500
Malaysia,2006,5300
Malaysia,2007,5446
Malaysia,2008,4858
Malaysia,2009,11185
Malaysia,2010,21095
Malaysia,2011,21534
Malaysia,2012,17382
Malaysia,2013,32544.46
Malaysia,2014,44526
Malaysia,2015,25652
Malaysia,2016,16494.4
Malaysia,2017,23858.75
Malaysia,2018,25474.57
Malaysia,2019,25820.26
Malaysia,2020,25691.18
Malaysia,2021,21749.66
Mali,1991,44672.96
Mali,1992,44882.33
Mali,1993,45091.71
Mali,1994,45301.08
Mali,1995,45510.46
Mali,1996,45719.83
Mali,1997,45929.21
Mali,1998,46138.58
Mali,1999,46347.96
Mali,2000,46557.33
Mali,2001,46766.71
Mali,2002,46976.08
Mali,2003,47185.46
Mali,2004,47394.83
Mali,2005,47604.21
Mali,2006,47813.58
Mali,2007,48022.96
Mali,2008,48232.33
Mali,2009,48441.71
Mali,2010,48651.08
Mali,2011,49087.44
Mali,2012,49349.33
Mali,2013,49687
Mali,2014,51579
Mali,2015,44528
Mali,2016,56167
Mali,2017,67921
Mali,2018,67969
Mali,2019,80915
Mali,2020,93056.37
Mali,2021,29970
Malta,1961,1093
Malta,1962,1000
Malta,1963,1666
Malta,1964,1394
Malta,1965,1572
Malta,1966,1295
Malta,1967,1484
Malta,1968,1186
Malta,1969,1329
Malta,1970,1295
Malta,1971,1437
Malta,1972,3102
Malta,1973,2301
Malta,1974,2535
Malta,1975,2547
Malta,1976,2777
Malta,1977,3071
Malta,1978,2526
Malta,1979,2721
Malta,1980,2978
Malta,1981,3288
Malta,1982,3195
Malta,1983,3274
Malta,1984,3200
Malta,1985,3100
Malta,1986,3100
Malta,1987,3200
Malta,1988,3200
Malta,1989,3400
Malta,1990,3300
Malta,1991,2447.66
Malta,1992,2258.45
Malta,1993,2075.74
Malta,1994,1757.43
Malta,1995,1661.98
Malta,1996,1000
Malta,1997,1063
Malta,1998,1149
Malta,1999,1217
Malta,2000,1297
Malta,2001,1800
Malta,2002,2700
Malta,2003,4000
Malta,2004,6546
Malta,2005,1647
Malta,2006,1679
Malta,2007,1628
Malta,2008,1428
Malta,2009,1540
Malta,2010,1638
Malta,2011,1477
Malta,2012,1493
Malta,2013,1453
Malta,2014,1456
Malta,2015,1361.54
Malta,2016,1409.51
Malta,2017,1416
Malta,2018,4210
Malta,2019,3980
Malta,2020,4330
Malta,2021,4050
Martinique,1961,700
Martinique,1962,700
Martinique,1963,800
Martinique,1964,800
Martinique,1965,800
Martinique,1966,1000
Martinique,1967,1000
Martinique,1968,1000
Martinique,1969,1000
Martinique,1970,1200
Martinique,1971,1200
Martinique,1972,1200
Martinique,1973,1200
Martinique,1974,1200
Martinique,1975,1200
Martinique,1976,1200
Martinique,1977,1200
Martinique,1978,1200
Martinique,1979,1300
Martinique,1980,1300
Martinique,1981,1300
Martinique,1990,0
Martinique,1991,0
Martinique,1992,0
Mauritius,1961,2100
Mauritius,1962,2900
Mauritius,1963,2800
Mauritius,1964,2200
Mauritius,1965,2657
Mauritius,1966,2605
Mauritius,1967,3141
Mauritius,1968,2358
Mauritius,1969,1459
Mauritius,1970,1312
Mauritius,1971,949
Mauritius,1972,949
Mauritius,1973,1222
Mauritius,1974,897
Mauritius,1975,1784
Mauritius,1976,1800
Mauritius,1977,2000
Mauritius,1978,1541
Mauritius,1979,1457
Mauritius,1980,2365
Mauritius,1981,1903
Mauritius,1982,2515
Mauritius,1983,2290
Mauritius,1984,2695
Mauritius,1985,3846
Mauritius,1986,2915
Mauritius,1987,2705
Mauritius,1988,3175
Mauritius,1989,4215
Mauritius,1990,4465
Mauritius,1991,7580
Mauritius,1992,8500
Mauritius,1993,9671
Mauritius,1994,13785
Mauritius,1995,17708
Mauritius,1996,15815
Mauritius,1997,16866
Mauritius,1998,14446
Mauritius,1999,6176
Mauritius,2000,7795
Mauritius,2001,7929
Mauritius,2002,6880
Mauritius,2003,16045
Mauritius,2004,17756
Mauritius,2005,14097
Mauritius,2006,17570
Mauritius,2007,14911
Mauritius,2008,13823
Mauritius,2009,17119
Mauritius,2010,18557
Mauritius,2011,19191
Mauritius,2012,19035
Mauritius,2013,19599
Mauritius,2014,18941
Mauritius,2015,16990
Mauritius,2016,18654
Mauritius,2017,20831.05
Mauritius,2018,17414
Mauritius,2019,22835
Mauritius,2020,18591
Mauritius,2021,21251
Mexico,1961,112000
Mexico,1962,113000
Mexico,1963,114000
Mexico,1964,115000
Mexico,1965,116000
Mexico,1966,116000
Mexico,1967,117000
Mexico,1968,118000
Mexico,1969,119000
Mexico,1970,120000
Mexico,1971,122000
Mexico,1972,123000
Mexico,1973,124000
Mexico,1974,125000
Mexico,1975,128357
Mexico,1976,106162
Mexico,1977,127808
Mexico,1978,117865
Mexico,1979,154807
Mexico,1980,191092
Mexico,1981,152865
Mexico,1982,215866
Mexico,1983,224322
Mexico,1984,293158
Mexico,1985,171357
Mexico,1986,232193
Mexico,1987,257310
Mexico,1988,326517
Mexico,1989,368953
Mexico,1990,308183
Mexico,1991,302820
Mexico,1992,308413
Mexico,1993,400430
Mexico,1994,302156
Mexico,1995,348877
Mexico,1996,466232
Mexico,1997,440001
Mexico,1998,470000
Mexico,1999,494145
Mexico,2000,467741
Mexico,2001,700000
Mexico,2002,479460
Mexico,2003,543221
Mexico,2004,532218
Mexico,2005,511305
Mexico,2006,546569
Mexico,2007,516721
Mexico,2008,485625
Mexico,2009,577067
Mexico,2010,522388
Mexico,2011,525445
Mexico,2012,564986
Mexico,2013,544988
Mexico,2014,566960.39
Mexico,2015,589705.24
Mexico,2016,677048.06
Mexico,2017,710632.12
Mexico,2018,776073.32
Mexico,2019,821277.15
Mexico,2020,756780.51
Mexico,2021,738009.25
Morocco,1961,55000
Morocco,1962,50000
Morocco,1963,44000
Morocco,1964,40000
Morocco,1965,50000
Morocco,1966,71802
Morocco,1967,60000
Morocco,1968,65000
Morocco,1969,55000
Morocco,1970,70000
Morocco,1971,70000
Morocco,1972,70000
Morocco,1973,72000
Morocco,1974,73000
Morocco,1975,74000
Morocco,1976,75000
Morocco,1977,76000
Morocco,1978,78000
Morocco,1979,80000
Morocco,1980,81500
Morocco,1981,83000
Morocco,1982,84000
Morocco,1983,85000
Morocco,1984,85000
Morocco,1985,87000
Morocco,1986,90000
Morocco,1987,115600
Morocco,1988,116400
Morocco,1989,95374
Morocco,1990,116813
Morocco,1991,112688
Morocco,1992,120323
Morocco,1993,100000
Morocco,1994,88700
Morocco,1995,85158
Morocco,1996,108000
Morocco,1997,99200
Morocco,1998,122100
Morocco,1999,88645
Morocco,2000,129530
Morocco,2001,112430
Morocco,2002,114050
Morocco,2003,154375
Morocco,2004,183910
Morocco,2005,149535
Morocco,2006,169310
Morocco,2007,170000
Morocco,2008,234205
Morocco,2009,237632
Morocco,2010,207179
Morocco,2011,219608
Morocco,2012,256520
Morocco,2013,224314.85
Morocco,2014,215503.2
Morocco,2015,201226.9
Morocco,2016,189256
Morocco,2017,179518.5
Morocco,2018,180462.94
Morocco,2019,198913.7
Morocco,2020,154013.3
Morocco,2021,329177
Mozambique,1961,196
Mozambique,1962,511
Mozambique,1963,600
Mozambique,1964,600
Mozambique,1965,600
Mozambique,1966,600
Mozambique,1967,600
Mozambique,1968,800
Mozambique,1969,800
Mozambique,1970,800
Mozambique,1971,800
Mozambique,1972,800
Mozambique,1973,850
Mozambique,1974,850
Mozambique,1975,850
Mozambique,1976,850
Mozambique,1977,850
Mozambique,1978,850
Mozambique,1979,850
Mozambique,1980,850
Mozambique,1981,800
Mozambique,1982,800
Mozambique,1983,800
Mozambique,1984,800
Mozambique,1985,800
Mozambique,1986,800
Mozambique,1987,800
Mozambique,1988,800
Mozambique,1989,800
Mozambique,1990,1000
Mozambique,1991,713.95
Mozambique,1992,600
Mozambique,1993,800
Mozambique,1994,700
Mozambique,1995,800
Mozambique,1996,850
Mozambique,1997,900
Mozambique,1998,950
Mozambique,1999,1000
Mozambique,2000,600
Mozambique,2001,803.48
Mozambique,2002,800.41
Mozambique,2003,836.59
Mozambique,2004,852.35
Mozambique,2005,868.15
Mozambique,2006,884.88
Mozambique,2007,793.58
Mozambique,2008,913.41
Mozambique,2009,928.06
Mozambique,2010,900
Mozambique,2011,1000
Mozambique,2012,1200
Mozambique,2013,1000
Mozambique,2014,1002.07
Mozambique,2015,1037.3
Mozambique,2016,1035.39
Mozambique,2017,1043.34
Mozambique,2018,1056.42
Mozambique,2019,1060.79
Mozambique,2020,1070.71
Mozambique,2021,1062.64
Nauru,2017,0.16
Nauru,2018,0.16
Nauru,2019,0.27
Nauru,2020,0.28
Nauru,2021,0.28
Netherlands (Kingdom of the),1987,50
Netherlands (Kingdom of the),1988,250
Netherlands (Kingdom of the),1989,1000
Netherlands (Kingdom of the),1990,7000
Netherlands (Kingdom of the),1991,7000
Netherlands (Kingdom of the),1992,7300
Netherlands (Kingdom of the),1993,7600
Netherlands (Kingdom of the),1994,7900
Netherlands (Kingdom of the),1995,14400
Netherlands (Kingdom of the),1996,10500
Netherlands (Kingdom of the),1997,12700
Netherlands (Kingdom of the),1998,11000
Netherlands (Kingdom of the),1999,12500
Netherlands (Kingdom of the),2000,11000
Netherlands (Kingdom of the),2001,11000
Netherlands (Kingdom of the),2002,11000
Netherlands (Kingdom of the),2003,12000
Netherlands (Kingdom of the),2004,11000
Netherlands (Kingdom of the),2005,12000
Netherlands (Kingdom of the),2006,11500
Netherlands (Kingdom of the),2007,14000
Netherlands (Kingdom of the),2008,16500
Netherlands (Kingdom of the),2009,18500
Netherlands (Kingdom of the),2010,18000
Netherlands (Kingdom of the),2011,18000
Netherlands (Kingdom of the),2012,17000
Netherlands (Kingdom of the),2013,17000
Netherlands (Kingdom of the),2014,17500
Netherlands (Kingdom of the),2015,18400
Netherlands (Kingdom of the),2016,16900
Netherlands (Kingdom of the),2017,26200
Netherlands (Kingdom of the),2018,30700
Netherlands (Kingdom of the),2019,32130
Netherlands (Kingdom of the),2020,32790
Netherlands (Kingdom of the),2021,36110
New Zealand,1961,15300
New Zealand,1962,17300
New Zealand,1963,18800
New Zealand,1964,16000
New Zealand,1965,17300
New Zealand,1966,16100
New Zealand,1967,16400
New Zealand,1968,16400
New Zealand,1969,16000
New Zealand,1970,16000
New Zealand,1971,16000
New Zealand,1972,18900
New Zealand,1973,16100
New Zealand,1974,16300
New Zealand,1975,16300
New Zealand,1976,16300
New Zealand,1977,15700
New Zealand,1978,17763
New Zealand,1979,18372
New Zealand,1980,21483
New Zealand,1981,30562
New Zealand,1982,36761
New Zealand,1983,45000
New Zealand,1984,50000
New Zealand,1985,55000
New Zealand,1986,50000
New Zealand,1987,55000
New Zealand,1988,60000
New Zealand,1989,65000
New Zealand,1990,75000
New Zealand,1991,90000
New Zealand,1992,108100
New Zealand,1993,150800
New Zealand,1994,189500
New Zealand,1995,183200
New Zealand,1996,169900
New Zealand,1997,155000
New Zealand,1998,148000
New Zealand,1999,155000
New Zealand,2000,155000
New Zealand,2001,159237.14
New Zealand,2002,156000
New Zealand,2003,126000
New Zealand,2004,108000
New Zealand,2005,124000
New Zealand,2006,154000
New Zealand,2007,185000
New Zealand,2008,175000
New Zealand,2009,160000
New Zealand,2010,146042.47
New Zealand,2011,136931.49
New Zealand,2012,140296.88
New Zealand,2013,137616.35
New Zealand,2014,154000
New Zealand,2015,159000
New Zealand,2016,160000
New Zealand,2017,141000
New Zealand,2018,137000
New Zealand,2019,130528.15
New Zealand,2020,136825.76
New Zealand,2021,136625.89
Niger,1991,0
Niger,1992,0
Niger,1993,0
Niger,1994,0
Niger,1995,5000
Niger,1996,6000
Niger,1997,7000
Niger,1998,8000
Niger,1999,9000
Niger,2000,10000
Niger,2001,11000
Niger,2002,12000
Niger,2003,13000
Niger,2004,14000
Niger,2005,15000
Niger,2006,16000
Niger,2007,17635
Niger,2008,64097
Niger,2009,45006
Niger,2010,37991
Niger,2011,39815
Niger,2012,30085
Niger,2013,69636
Niger,2014,53345
Niger,2015,133005
Niger,2016,123365.67
Niger,2017,141979.32
Niger,2018,138883.82
Niger,2019,192580.5
Niger,2020,249977.66
Niger,2021,257867.02
Oman,1991,0
Oman,1992,0
Oman,1993,0
Oman,1994,0
Oman,1995,0
Oman,1996,0
Oman,1997,0
Oman,1998,0
Oman,1999,0
Oman,2000,0
Oman,2001,0
Oman,2002,0
Oman,2003,0
Oman,2004,735
Oman,2005,1471
Oman,2006,1348
Oman,2007,1185
Oman,2008,1100
Oman,2009,790
Oman,2010,4097
Oman,2011,2184
Oman,2012,2485.63
Oman,2013,2888
Oman,2014,2093
Oman,2015,2107
Oman,2016,5458
Oman,2017,10734
Oman,2018,10452
Oman,2019,10565
Oman,2020,15695
Oman,2021,15446
Pakistan,1980,66060
Pakistan,1981,76511
Pakistan,1982,104849
Pakistan,1983,110377
Pakistan,1984,104596
Pakistan,1985,103541
Pakistan,1986,132635
Pakistan,1987,120998
Pakistan,1988,122888
Pakistan,1989,133463
Pakistan,1990,149275
Pakistan,1991,159480
Pakistan,1992,173287
Pakistan,1993,186494
Pakistan,1994,203272
Pakistan,1995,214075
Pakistan,1996,234363
Pakistan,1997,244443
Pakistan,1998,259465
Pakistan,1999,268037
Pakistan,2000,243600
Pakistan,2001,240880
Pakistan,2002,244932
Pakistan,2003,241560
Pakistan,2004,244173
Pakistan,2005,247409
Pakistan,2006,255941
Pakistan,2007,252446
Pakistan,2008,259966
Pakistan,2009,264789
Pakistan,2010,251798
Pakistan,2011,252028
Pakistan,2012,261293
Pakistan,2013,257740
Pakistan,2014,251741
Pakistan,2015,260069
Pakistan,2016,267674
Pakistan,2017,270678
Pakistan,2018,266137
Pakistan,2019,267788
Pakistan,2020,386145
Pakistan,2021,466121
Palestine,1991,0
Palestine,1992,0
Palestine,1993,0
Palestine,1994,37657
Palestine,1995,40878
Palestine,1996,44647
Palestine,1997,45444
Palestine,1998,40806
Palestine,1999,40491
Palestine,2000,45417
Palestine,2001,45420
Palestine,2002,49166
Palestine,2003,44944
Palestine,2004,48458
Palestine,2005,44467
Palestine,2006,54571
Palestine,2007,51780
Palestine,2008,50578
Palestine,2009,45077.68
Palestine,2010,32295.74
Palestine,2011,42933.24
Palestine,2012,44120.58
Palestine,2013,46270.55
Palestine,2014,47255
Palestine,2015,47439
Palestine,2016,47623
Palestine,2017,47383.75
Palestine,2018,47150.67
Palestine,2019,47184.66
Palestine,2020,47290.29
Palestine,2021,47395.93
Papua New Guinea,1961,196
Papua New Guinea,1962,211
Papua New Guinea,1963,117
Papua New Guinea,1964,126
Papua New Guinea,1965,75
Papua New Guinea,1966,89
Papua New Guinea,1967,100
Papua New Guinea,1968,103
Papua New Guinea,1969,56
Papua New Guinea,1970,129
Papua New Guinea,1971,97
Papua New Guinea,1972,80
Papua New Guinea,1973,73
Papua New Guinea,1974,40
Papua New Guinea,1975,62
Papua New Guinea,1976,45
Papua New Guinea,1977,13
Papua New Guinea,1978,71
Papua New Guinea,1979,71
Papua New Guinea,1980,35
Papua New Guinea,1981,43
Papua New Guinea,1982,46
Papua New Guinea,1983,48
Papua New Guinea,1984,47
Papua New Guinea,1985,53
Papua New Guinea,1986,30
Papua New Guinea,1987,50
Papua New Guinea,1988,70
Papua New Guinea,1989,75
Papua New Guinea,1990,80
Papua New Guinea,1991,85.19
Papua New Guinea,1992,90
Papua New Guinea,1993,100
Papua New Guinea,1994,110
Papua New Guinea,1995,114
Papua New Guinea,1996,115
Papua New Guinea,1997,120
Papua New Guinea,1998,150
Papua New Guinea,1999,170
Papua New Guinea,2000,150
Papua New Guinea,2001,152
Papua New Guinea,2002,140
Papua New Guinea,2003,145.74
Papua New Guinea,2004,147.68
Papua New Guinea,2005,150
Papua New Guinea,2006,155.75
Papua New Guinea,2007,170
Papua New Guinea,2008,160
Papua New Guinea,2009,157.48
Papua New Guinea,2010,157.59
Papua New Guinea,2011,160
Papua New Guinea,2012,130
Papua New Guinea,2013,139.27
Papua New Guinea,2014,148.8
Papua New Guinea,2015,153.91
Papua New Guinea,2016,147.33
Papua New Guinea,2017,145.88
Papua New Guinea,2018,152.93
Papua New Guinea,2019,152.17
Papua New Guinea,2020,152.4
Papua New Guinea,2021,152.63
Paraguay,1961,3000
Paraguay,1962,3000
Paraguay,1963,3000
Paraguay,1964,3200
Paraguay,1965,3400
Paraguay,1966,3400
Paraguay,1967,3500
Paraguay,1968,3600
Paraguay,1969,3700
Paraguay,1970,3801
Paraguay,1971,3930
Paraguay,1972,4056
Paraguay,1973,4259
Paraguay,1974,4386
Paraguay,1975,4254
Paraguay,1976,4365
Paraguay,1977,4590
Paraguay,1978,5278
Paraguay,1979,5436
Paraguay,1980,5600
Paraguay,1981,5700
Paraguay,1982,5900
Paraguay,1983,6000
Paraguay,1984,5382
Paraguay,1985,3759
Paraguay,1986,5178
Paraguay,1987,6300
Paraguay,1988,6400
Paraguay,1989,6500
Paraguay,1990,5953
Paraguay,1991,6600
Paraguay,1992,6400
Paraguay,1993,6500
Paraguay,1994,6600
Paraguay,1995,6682.88
Paraguay,1996,6700
Paraguay,1997,6830.53
Paraguay,1998,6800
Paraguay,1999,7000
Paraguay,2000,7186.03
Paraguay,2001,7500
Paraguay,2002,7524.33
Paraguay,2003,8000
Paraguay,2004,7660
Paraguay,2005,7720
Paraguay,2006,7818.21
Paraguay,2007,7871.44
Paraguay,2008,7800
Paraguay,2009,8599.39
Paraguay,2010,9000
Paraguay,2011,8396.67
Paraguay,2012,7500
Paraguay,2013,8117.38
Paraguay,2014,8378.34
Paraguay,2015,8407.67
Paraguay,2016,8474.54
Paraguay,2017,8537.9
Paraguay,2018,8634
Paraguay,2019,8614.8
Paraguay,2020,8655.96
Paraguay,2021,8697.12
Peru,1961,55000
Peru,1962,50000
Peru,1963,50000
Peru,1964,60000
Peru,1965,60000
Peru,1966,58717
Peru,1967,61365
Peru,1968,49527
Peru,1969,59037
Peru,1970,85464
Peru,1971,79937
Peru,1972,64667
Peru,1973,61035
Peru,1974,60461
Peru,1975,63727
Peru,1976,62743
Peru,1977,63624
Peru,1978,60940
Peru,1979,65722
Peru,1980,60366
Peru,1981,74025
Peru,1982,72783
Peru,1983,76672
Peru,1984,98765
Peru,1985,81516
Peru,1986,92294
Peru,1987,110696
Peru,1988,93753
Peru,1989,92141
Peru,1990,93433
Peru,1991,76105
Peru,1992,63877
Peru,1993,78407
Peru,1994,87260
Peru,1995,92678
Peru,1996,88436
Peru,1997,108583
Peru,1998,97253
Peru,1999,89728
Peru,2000,95176
Peru,2001,93884
Peru,2002,86902
Peru,2003,101445
Peru,2004,94404
Peru,2005,83166
Peru,2006,132344
Peru,2007,121575
Peru,2008,160315
Peru,2009,190500
Peru,2010,179439
Peru,2011,199019
Peru,2012,221607
Peru,2013,232887.74
Peru,2014,250275
Peru,2015,253075
Peru,2016,220483
Peru,2017,197203
Peru,2018,222444
Peru,2019,227462
Peru,2020,191049.73
Peru,2021,216580.34
Philippines,1961,60000
Philippines,1962,60000
Philippines,1963,60000
Philippines,1964,60000
Philippines,1965,61000
Philippines,1966,61000
Philippines,1967,62000
Philippines,1968,62000
Philippines,1969,63000
Philippines,1970,63000
Philippines,1971,64000
Philippines,1972,64000
Philippines,1973,65000
Philippines,1974,65000
Philippines,1975,66000
Philippines,1976,65845
Philippines,1977,72195
Philippines,1978,78469
Philippines,1979,83683
Philippines,1980,91579
Philippines,1981,83208
Philippines,1982,82000
Philippines,1983,81000
Philippines,1984,80000
Philippines,1985,79231
Philippines,1986,90000
Philippines,1987,110000
Philippines,1988,130000
Philippines,1989,140000
Philippines,1990,161206
Philippines,1991,164740
Philippines,1992,166599
Philippines,1993,153081
Philippines,1994,151051
Philippines,1995,147559
Philippines,1996,156136
Philippines,1997,160815
Philippines,1998,144584
Philippines,1999,148916
Philippines,2000,143136
Philippines,2001,148412
Philippines,2002,151599
Philippines,2003,408485
Philippines,2004,397015
Philippines,2005,392961
Philippines,2006,371126.89
Philippines,2007,365698.17
Philippines,2008,356872
Philippines,2009,350546
Philippines,2010,342299
Philippines,2011,317571
Philippines,2012,315222.38
Philippines,2013,311986.88
Philippines,2014,305424.43
Philippines,2015,300644.92
Philippines,2016,294125.09
Philippines,2017,287425.08
Philippines,2018,281460.14
Philippines,2019,271415.71
Philippines,2020,266888.76
Philippines,2021,267942.66
Poland,1990,25000
Poland,1991,27000
Poland,1992,21500
Poland,1993,27500
Poland,1994,24000
Poland,1995,26500
Poland,1996,24000
Poland,1997,23757.47
Poland,1998,22000
Poland,1999,24500
Poland,2000,26500
Poland,2001,25000
Poland,2002,21000
Poland,2003,22698
Poland,2004,26362
Poland,2005,36247
Poland,2006,39889
Poland,2007,40250
Poland,2008,39596
Poland,2009,53069
Poland,2010,59560
Poland,2011,60687
Poland,2012,61739
Poland,2013,43196
Poland,2014,66536
Poland,2015,63150
Poland,2016,89317
Poland,2017,103000
Poland,2018,92620
Poland,2019,88900
Poland,2020,243700
Poland,2021,316300
Portugal,1961,1500
Portugal,1962,1500
Portugal,1963,1500
Portugal,1964,1500
Portugal,1965,1500
Portugal,1966,1500
Portugal,1967,1500
Portugal,1968,1500
Portugal,1969,1500
Portugal,1970,1500
Portugal,1971,2000
Portugal,1972,2000
Portugal,1973,2000
Portugal,1974,2000
Portugal,1975,2000
Portugal,1976,2000
Portugal,1977,3000
Portugal,1978,2700
Portugal,1979,2700
Portugal,1980,2700
Portugal,1981,2800
Portugal,1982,2800
Portugal,1983,2600
Portugal,1984,3000
Portugal,1985,3000
Portugal,1986,4000
Portugal,1987,4500
Portugal,1988,3800
Portugal,1989,3800
Portugal,1990,4500
Portugal,1991,4300
Portugal,1992,3800
Portugal,1993,4000
Portugal,1994,3800
Portugal,1995,12000
Portugal,1996,13300
Portugal,1997,12500
Portugal,1998,12000
Portugal,1999,11569.79
Portugal,2000,11468.58
Portugal,2001,11395.81
Portugal,2002,12469.66
Portugal,2003,12686.97
Portugal,2004,12824.3
Portugal,2005,13067.38
Portugal,2006,13349.32
Portugal,2007,13500
Portugal,2008,13700
Portugal,2009,14100
Portugal,2010,14432.23
Portugal,2011,14519.84
Portugal,2012,14000
Portugal,2013,15329.28
Portugal,2014,16000
Portugal,2015,24000
Portugal,2016,28000
Portugal,2017,22666.67
Portugal,2018,93000
Portugal,2019,82750
Portugal,2020,155020
Portugal,2021,162820
Puerto Rico,1961,13245
Puerto Rico,1962,13472
Puerto Rico,1963,14152
Puerto Rico,1964,13426
Puerto Rico,1965,15440
Puerto Rico,1966,14515
Puerto Rico,1967,13608
Puerto Rico,1968,13608
Puerto Rico,1969,13744
Puerto Rico,1970,13154
Puerto Rico,1971,13154
Puerto Rico,1972,14288
Puerto Rico,1973,12927
Puerto Rico,1974,16102
Puerto Rico,1975,14515
Puerto Rico,1976,16102
Puerto Rico,1977,16103
Puerto Rico,1978,17690
Puerto Rico,1979,17781
Puerto Rico,1980,17917
Puerto Rico,1981,20775
Puerto Rico,1982,19686
Puerto Rico,1983,20183
Puerto Rico,1984,19595
Puerto Rico,1985,19232
Puerto Rico,1986,19051
Puerto Rico,1987,20026
Puerto Rico,1988,20140
Puerto Rico,1989,22000
Puerto Rico,1990,20412
Puerto Rico,1991,22004
Puerto Rico,1992,21908
Puerto Rico,1993,21319
Puerto Rico,1994,20004
Puerto Rico,1995,17463
Puerto Rico,1996,16329
Puerto Rico,1997,18350
Puerto Rico,1998,18900
Puerto Rico,1999,15479
Puerto Rico,2000,17027
Puerto Rico,2001,15705
Puerto Rico,2002,13824
Puerto Rico,2003,12968
Puerto Rico,2004,13014
Puerto Rico,2005,14254
Puerto Rico,2006,14278.99
Puerto Rico,2007,14300
Puerto Rico,2008,13722.45
Puerto Rico,2009,13176.95
Puerto Rico,2010,12454.63
Puerto Rico,2011,12001.08
Puerto Rico,2012,11636.61
Puerto Rico,2013,11449.64
Puerto Rico,2014,11010.36
Puerto Rico,2015,13636.61
Puerto Rico,2016,12032.2
Puerto Rico,2017,12226.39
Puerto Rico,2018,12631.73
Puerto Rico,2019,12296.78
Puerto Rico,2020,12384.97
Puerto Rico,2021,12437.83
Qatar,1977,2600
Qatar,1978,2600
Qatar,1979,2579
Qatar,1980,1423
Qatar,1981,1407
Qatar,1982,2808
Qatar,1983,1363
Qatar,1984,1864
Qatar,1985,2276
Qatar,1986,2772
Qatar,1987,2850
Qatar,1988,3688
Qatar,1989,4650
Qatar,1990,4577
Qatar,1991,6661
Qatar,1992,7361
Qatar,1993,6474
Qatar,1994,7752
Qatar,1995,8394
Qatar,1996,7752
Qatar,1997,9319
Qatar,1998,8764
Qatar,1999,7780
Qatar,2000,8500
Qatar,2001,6092.31
Qatar,2002,4397.67
Qatar,2003,1853
Qatar,2004,1526
Qatar,2005,1316
Qatar,2006,2768
Qatar,2007,4034
Qatar,2008,2000
Qatar,2009,400
Qatar,2010,9163
Qatar,2011,7939
Qatar,2012,7303
Qatar,2013,6729
Qatar,2014,8614
Qatar,2015,1222.7
Qatar,2016,1111.3
Qatar,2017,4541
Qatar,2018,7872.8
Qatar,2019,10485
Qatar,2020,7217
Qatar,2021,9624
Republic of Korea,1961,29753
Republic of Korea,1962,69335
Republic of Korea,1963,105348
Republic of Korea,1964,111986
Republic of Korea,1965,84645
Republic of Korea,1966,87026
Republic of Korea,1967,83065
Republic of Korea,1968,86710
Republic of Korea,1969,99900
Republic of Korea,1970,106969
Republic of Korea,1971,107276
Republic of Korea,1972,147059
Republic of Korea,1973,134841
Republic of Korea,1974,138696
Republic of Korea,1975,18824
Republic of Korea,1976,24997
Republic of Korea,1977,31576
Republic of Korea,1978,33053
Republic of Korea,1979,46199
Republic of Korea,1980,40076
Republic of Korea,1981,40956
Republic of Korea,1982,35854
Republic of Korea,1983,39863
Republic of Korea,1984,45029
Republic of Korea,1985,44214
Republic of Korea,1986,39919
Republic of Korea,1987,60266
Republic of Korea,1988,64692
Republic of Korea,1989,67777
Republic of Korea,1990,82280
Republic of Korea,1991,111606
Republic of Korea,1992,135740
Republic of Korea,1993,163099
Republic of Korea,1994,152392
Republic of Korea,1995,159185
Republic of Korea,1996,172332
Republic of Korea,1997,180779
Republic of Korea,1998,194598
Republic of Korea,1999,216958
Republic of Korea,2000,240484
Republic of Korea,2001,295592
Republic of Korea,2002,276521
Republic of Korea,2003,271823
Republic of Korea,2004,304337
Republic of Korea,2005,339097
Republic of Korea,2006,322047
Republic of Korea,2007,330040
Republic of Korea,2008,327502
Republic of Korea,2009,341163
Republic of Korea,2010,302868
Republic of Korea,2011,300400
Republic of Korea,2012,325113
Republic of Korea,2013,323364
Republic of Korea,2014,345465
Republic of Korea,2015,364416
Republic of Korea,2016,298206
Republic of Korea,2017,312690
Republic of Korea,2018,310218
Republic of Korea,2019,343511
Republic of Korea,2020,325325
Republic of Korea,2021,329220.62
Republic of Moldova,1992,7000
Republic of Moldova,1993,10000
Republic of Moldova,1994,5000
Republic of Moldova,1995,3000
Republic of Moldova,1996,3000
Republic of Moldova,1997,5500
Republic of Moldova,1998,9640
Republic of Moldova,1999,16400
Republic of Moldova,2000,17900
Republic of Moldova,2001,25200
Republic of Moldova,2002,28000
Republic of Moldova,2003,25300
Republic of Moldova,2004,32837
Republic of Moldova,2005,32625
Republic of Moldova,2006,45194
Republic of Moldova,2007,28829
Republic of Moldova,2008,48557
Republic of Moldova,2009,43708
Republic of Moldova,2010,63412
Republic of Moldova,2011,53952
Republic of Moldova,2012,33228
Republic of Moldova,2013,45522
Republic of Moldova,2014,59222
Republic of Moldova,2015,19099
Republic of Moldova,2016,55032
Republic of Moldova,2017,57524
Republic of Moldova,2018,62454
Republic of Moldova,2019,50412
Republic of Moldova,2020,28558
Republic of Moldova,2021,11500
Réunion,1985,3000
Réunion,1986,3100
Réunion,1987,3200
Réunion,1988,3300
Réunion,1989,2400
Réunion,1990,3800
Réunion,1991,3800
Réunion,1992,3866
Réunion,1993,2604
Réunion,1994,2500
Réunion,1995,2300
Réunion,1996,2200
Réunion,1997,2000
Réunion,1998,1912
Réunion,1999,1800
Réunion,2000,1700
Réunion,2001,1600
Réunion,2002,1400
Réunion,2003,1200
Réunion,2004,1000
Réunion,2005,900
Réunion,2006,800
Romania,1961,1823200
Romania,1962,824100
Romania,1963,900100
Romania,1964,790100
Romania,1965,499100
Romania,1966,781700
Romania,1967,548400
Romania,1968,527800
Romania,1969,470800
Romania,1970,253800
Romania,1971,345300
Romania,1972,378200
Romania,1973,284300
Romania,1974,369500
Romania,1975,496500
Romania,1976,452300
Romania,1977,422300
Romania,1978,331800
Romania,1979,406800
Romania,1980,406300
Romania,1981,449200
Romania,1982,492500
Romania,1983,458100
Romania,1984,551900
Romania,1985,431600
Romania,1986,350000
Romania,1987,340000
Romania,1988,400000
Romania,1989,320000
Romania,1990,154000
Romania,1991,292336
Romania,1992,205925
Romania,1993,518996
Romania,1994,368709
Romania,1995,358458
Romania,1996,512946
Romania,1997,506314
Romania,1998,431235
Romania,1999,463032
Romania,2000,322215
Romania,2001,420272
Romania,2002,458613
Romania,2003,333000
Romania,2004,210942.43
Romania,2005,49215
Romania,2006,82076
Romania,2007,62117
Romania,2008,52409
Romania,2009,96526
Romania,2010,81625
Romania,2011,98847
Romania,2012,69213
Romania,2013,62042
Romania,2014,62562
Romania,2015,38361
Romania,2016,25562
Romania,2017,33007
Romania,2018,22330
Romania,2019,22890
Romania,2020,23550
Romania,2021,19320
Russian Federation,1992,650000
Russian Federation,1993,660000
Russian Federation,1994,685000
Russian Federation,1995,700000
Russian Federation,1996,725000
Russian Federation,1997,750000
Russian Federation,1998,800000
Russian Federation,1999,816013
Russian Federation,2000,849527
Russian Federation,2001,851286
Russian Federation,2002,759780
Russian Federation,2003,846015
Russian Federation,2004,863669
Russian Federation,2005,844799
Russian Federation,2006,856860
Russian Federation,2007,1029720
Russian Federation,2008,953840
Russian Federation,2009,1123357.3
Russian Federation,2010,988584.8
Russian Federation,2011,1175887.4
Russian Federation,2012,1080845
Russian Federation,2013,1128205
Russian Federation,2014,1232162.3
Russian Federation,2015,1370160.6
Russian Federation,2016,1196511
Russian Federation,2017,1165150
Russian Federation,2018,1191537.5
Russian Federation,2019,1195049
Russian Federation,2020,1143127
Russian Federation,2021,1174579.9
Rwanda,1961,42000
Rwanda,1962,42000
Rwanda,1963,42000
Rwanda,1964,45000
Rwanda,1965,45000
Rwanda,1966,45000
Rwanda,1967,45000
Rwanda,1968,48000
Rwanda,1969,48000
Rwanda,1970,50000
Rwanda,1971,50000
Rwanda,1972,53000
Rwanda,1973,55000
Rwanda,1974,55000
Rwanda,1975,60000
Rwanda,1976,60000
Rwanda,1977,63000
Rwanda,1978,65000
Rwanda,1979,67000
Rwanda,1980,69000
Rwanda,1981,71000
Rwanda,1982,73000
Rwanda,1983,75000
Rwanda,1984,77000
Rwanda,1985,78000
Rwanda,1986,78000
Rwanda,1987,79100
Rwanda,1988,79800
Rwanda,1989,80100
Rwanda,1990,81300
Rwanda,1991,82300
Rwanda,1992,83200
Rwanda,1993,84000
Rwanda,1994,70000
Rwanda,1995,76618.21
Rwanda,1996,80000
Rwanda,1997,100000
Rwanda,1998,120000
Rwanda,1999,150000
Rwanda,2000,205675
Rwanda,2001,210000
Rwanda,2002,214312.42
Rwanda,2003,210478.83
Rwanda,2004,211907.39
Rwanda,2005,213342.94
Rwanda,2006,215000
Rwanda,2007,218654.14
Rwanda,2008,222306.8
Rwanda,2009,225934.13
Rwanda,2010,229552.34
Rwanda,2011,233161.79
Rwanda,2012,236000
Rwanda,2013,242813.67
Rwanda,2014,248284.75
Rwanda,2015,251329.88
Rwanda,2016,254538.79
Rwanda,2017,257737.46
Rwanda,2018,262198.44
Rwanda,2019,262857.8
Rwanda,2020,260931.23
Rwanda,2021,261995.82
Saint Lucia,1991,0
Saint Lucia,1992,0
Saint Lucia,1993,0
Saint Lucia,1994,0
Saint Lucia,1995,0
Saint Lucia,1996,0
Saint Lucia,1997,0
Saint Lucia,1998,0
Saint Lucia,1999,0
Saint Lucia,2000,0
Saint Lucia,2001,0
Saint Lucia,2002,0
Saint Lucia,2003,0
Saint Lucia,2004,182
Saint Lucia,2005,198
Saint Lucia,2006,256
Saint Lucia,2007,301
Saint Lucia,2008,317
Saint Lucia,2009,294
Saint Lucia,2010,325.58
Saint Lucia,2011,352.11
Saint Lucia,2012,380
Saint Lucia,2013,410.2
Saint Lucia,2014,434.52
Saint Lucia,2015,457.18
Saint Lucia,2016,467.52
Saint Lucia,2017,501
Saint Lucia,2018,522
Saint Lucia,2019,434
Saint Lucia,2020,467
Saint Lucia,2021,388
Saint Vincent and the Grenadines,1961,50
Saint Vincent and the Grenadines,1962,50
Saint Vincent and the Grenadines,1963,55
Saint Vincent and the Grenadines,1964,55
Saint Vincent and the Grenadines,1965,60
Saint Vincent and the Grenadines,1966,60
Saint Vincent and the Grenadines,1967,65
Saint Vincent and the Grenadines,1968,65
Saint Vincent and the Grenadines,1969,80
Saint Vincent and the Grenadines,1970,60
Saint Vincent and the Grenadines,1971,80
Saint Vincent and the Grenadines,1972,110
Saint Vincent and the Grenadines,1973,80
Saint Vincent and the Grenadines,1974,120
Saint Vincent and the Grenadines,1975,110
Saint Vincent and the Grenadines,1976,192
Saint Vincent and the Grenadines,1977,101
Saint Vincent and the Grenadines,1978,100
Saint Vincent and the Grenadines,1979,100
Saint Vincent and the Grenadines,1980,100
Saint Vincent and the Grenadines,1981,110
Saint Vincent and the Grenadines,1982,110
Saint Vincent and the Grenadines,1983,120
Saint Vincent and the Grenadines,1984,118
Saint Vincent and the Grenadines,1985,146
Saint Vincent and the Grenadines,1986,145
Saint Vincent and the Grenadines,1987,145
Saint Vincent and the Grenadines,1988,303
Saint Vincent and the Grenadines,1989,318
Saint Vincent and the Grenadines,1990,420
Saint Vincent and the Grenadines,1991,330
Saint Vincent and the Grenadines,1992,380
Saint Vincent and the Grenadines,1993,340
Saint Vincent and the Grenadines,1994,450
Saint Vincent and the Grenadines,1995,500
Saint Vincent and the Grenadines,1996,450
Saint Vincent and the Grenadines,1997,530
Saint Vincent and the Grenadines,1998,470
Saint Vincent and the Grenadines,1999,480
Saint Vincent and the Grenadines,2000,550
Saint Vincent and the Grenadines,2001,560
Saint Vincent and the Grenadines,2002,580
Saint Vincent and the Grenadines,2003,670
Saint Vincent and the Grenadines,2004,800
Saint Vincent and the Grenadines,2005,820
Saint Vincent and the Grenadines,2006,700
Saint Vincent and the Grenadines,2007,750
Saint Vincent and the Grenadines,2008,650
Saint Vincent and the Grenadines,2009,494.8
Saint Vincent and the Grenadines,2010,307
Saint Vincent and the Grenadines,2011,327
Saint Vincent and the Grenadines,2012,570
Saint Vincent and the Grenadines,2013,577
Saint Vincent and the Grenadines,2014,510
Saint Vincent and the Grenadines,2015,306
Saint Vincent and the Grenadines,2016,407
Saint Vincent and the Grenadines,2017,495
Saint Vincent and the Grenadines,2018,482
Saint Vincent and the Grenadines,2019,489
Saint Vincent and the Grenadines,2020,453
Saint Vincent and the Grenadines,2021,413.36
Saudi Arabia,1961,9000
Saudi Arabia,1962,10000
Saudi Arabia,1963,10000
Saudi Arabia,1964,11000
Saudi Arabia,1965,12000
Saudi Arabia,1966,12000
Saudi Arabia,1967,13000
Saudi Arabia,1968,14000
Saudi Arabia,1969,15000
Saudi Arabia,1970,16000
Saudi Arabia,1971,17990
Saudi Arabia,1972,9844
Saudi Arabia,1973,13707
Saudi Arabia,1974,30827
Saudi Arabia,1975,7468
Saudi Arabia,1976,15090
Saudi Arabia,1977,50239
Saudi Arabia,1978,33166
Saudi Arabia,1979,50170
Saudi Arabia,1980,35641
Saudi Arabia,1981,47565
Saudi Arabia,1982,41496
Saudi Arabia,1983,39700
Saudi Arabia,1984,43821
Saudi Arabia,1985,42711
Saudi Arabia,1986,45045
Saudi Arabia,1987,61287
Saudi Arabia,1988,59665
Saudi Arabia,1989,52410
Saudi Arabia,1990,57637
Saudi Arabia,1991,64904
Saudi Arabia,1992,62594
Saudi Arabia,1993,67763
Saudi Arabia,1994,69687
Saudi Arabia,1995,77972
Saudi Arabia,1996,79445
Saudi Arabia,1997,78726
Saudi Arabia,1998,75350
Saudi Arabia,1999,79000
Saudi Arabia,2000,78422
Saudi Arabia,2001,104991
Saudi Arabia,2002,98812
Saudi Arabia,2003,101075
Saudi Arabia,2004,126882
Saudi Arabia,2005,134904
Saudi Arabia,2006,124410
Saudi Arabia,2007,116321
Saudi Arabia,2008,120472
Saudi Arabia,2009,116982
Saudi Arabia,2010,126338
Saudi Arabia,2011,127461
Saudi Arabia,2012,120851
Saudi Arabia,2013,119873
Saudi Arabia,2014,63816
Saudi Arabia,2015,64897
Saudi Arabia,2016,56903
Saudi Arabia,2017,50611
Saudi Arabia,2018,56174.3
Saudi Arabia,2019,66402.31
Saudi Arabia,2020,62533
Saudi Arabia,2021,64650
Senegal,1991,0
Senegal,1992,0
Senegal,1993,0
Senegal,1994,0
Senegal,1995,0
Senegal,1996,0
Senegal,1997,0
Senegal,1998,0
Senegal,1999,0
Senegal,2000,35812
Senegal,2001,26100
Senegal,2002,25640
Senegal,2003,20100
Senegal,2004,49396
Senegal,2005,8925
Senegal,2006,25440
Senegal,2007,24980
Senegal,2008,11774
Senegal,2009,3155
Senegal,2010,30882
Senegal,2011,21411
Senegal,2012,18110.96
Senegal,2013,17802.48
Senegal,2014,17144.01
Senegal,2015,17158.42
Senegal,2016,17368.3
Senegal,2017,17223.58
Senegal,2018,17250.1
Senegal,2019,17280.66
Senegal,2020,17251.45
Senegal,2021,17260.74
Slovakia,1993,24000
Slovakia,1994,22000
Slovakia,1995,24000
Slovakia,1996,21000
Slovakia,1997,23000
Slovakia,1998,21000
Slovakia,1999,20000
Slovakia,2000,21000
Slovakia,2001,22000
Slovakia,2002,23000
Slovakia,2003,22000
Slovakia,2004,15447
Slovakia,2005,22758
Slovakia,2006,15148
Slovakia,2007,14449
Slovakia,2008,15266
Slovakia,2009,15301
Slovakia,2010,17953
Slovakia,2011,8260.84
Slovakia,2012,3548
Slovakia,2013,644
Slovakia,2014,1984
Slovakia,2015,3039
Slovakia,2016,6163
Slovakia,2017,2939
Slovakia,2018,1640
Slovakia,2019,3760
Slovakia,2020,2320
Slovakia,2021,2710
Slovenia,2018,3460
Slovenia,2019,6720
Slovenia,2020,7210
Slovenia,2021,5010
South Africa,1961,100000
South Africa,1962,110000
South Africa,1963,120000
South Africa,1964,130000
South Africa,1965,140000
South Africa,1966,145000
South Africa,1967,140000
South Africa,1968,150000
South Africa,1969,160000
South Africa,1970,170000
South Africa,1971,170000
South Africa,1972,175000
South Africa,1973,190000
South Africa,1974,186000
South Africa,1975,188000
South Africa,1976,204000
South Africa,1977,224485
South Africa,1978,215352
South Africa,1979,221638
South Africa,1980,220000
South Africa,1981,230000
South Africa,1982,235000
South Africa,1983,233000
South Africa,1984,240000
South Africa,1985,250000
South Africa,1986,255000
South Africa,1987,262428
South Africa,1988,250777
South Africa,1989,265162
South Africa,1990,260941
South Africa,1991,279137
South Africa,1992,285621
South Africa,1993,300171
South Africa,1994,297927
South Africa,1995,291824
South Africa,1996,313193
South Africa,1997,331372
South Africa,1998,327247
South Africa,1999,336552
South Africa,2000,282000
South Africa,2001,292600
South Africa,2002,294000
South Africa,2003,357055
South Africa,2004,256014
South Africa,2005,253907
South Africa,2006,78293
South Africa,2007,81200
South Africa,2008,166110
South Africa,2009,158335
South Africa,2010,234000
South Africa,2011,237000
South Africa,2012,244000
South Africa,2013,247000
South Africa,2014,423074
South Africa,2015,446900
South Africa,2016,255032
South Africa,2017,259965
South Africa,2018,266746
South Africa,2019,270600
South Africa,2020,269477
South Africa,2021,276449
South Sudan,2012,50000
South Sudan,2013,58000
South Sudan,2014,65000
South Sudan,2015,72273.38
South Sudan,2016,65091.13
South Sudan,2017,68342.3
South Sudan,2018,68568.93
South Sudan,2019,67334.12
South Sudan,2020,68081.78
South Sudan,2021,67994.94
Spain,1961,147000
Spain,1962,131000
Spain,1963,134000
Spain,1964,123000
Spain,1965,117000
Spain,1966,111800
Spain,1967,108400
Spain,1968,105000
Spain,1969,102900
Spain,1970,70800
Spain,1971,61600
Spain,1972,43300
Spain,1973,75400
Spain,1974,79900
Spain,1975,90600
Spain,1976,107600
Spain,1977,126000
Spain,1978,120800
Spain,1979,129900
Spain,1980,130000
Spain,1981,123300
Spain,1982,145700
Spain,1983,137000
Spain,1984,149857
Spain,1985,164282
Spain,1986,180500
Spain,1987,229921
Spain,1988,237300
Spain,1989,241000
Spain,1990,266200
Spain,1991,253000
Spain,1992,258800
Spain,1993,243000
Spain,1994,260797
Spain,1995,264538
Spain,1996,340845
Spain,1997,341309
Spain,1998,354884
Spain,1999,381802
Spain,2000,373310
Spain,2001,296378
Spain,2002,334500
Spain,2003,344497
Spain,2004,337000
Spain,2005,297000
Spain,2006,312000
Spain,2007,373600
Spain,2008,290000
Spain,2009,310000
Spain,2010,366500
Spain,2011,393100
Spain,2012,513964
Spain,2013,533200
Spain,2014,462266
Spain,2015,556752.8
Spain,2016,678652
Spain,2017,702278
Spain,2018,717650
Spain,2019,734640
Spain,2020,775090
Spain,2021,789780
Sri Lanka,1961,29346
Sri Lanka,1962,17898
Sri Lanka,1963,36352
Sri Lanka,1964,51451
Sri Lanka,1965,58169
Sri Lanka,1966,29338
Sri Lanka,1967,20589
Sri Lanka,1968,24849
Sri Lanka,1969,30015
Sri Lanka,1970,23449
Sri Lanka,1971,28297
Sri Lanka,1972,27126
Sri Lanka,1973,26191
Sri Lanka,1974,26707
Sri Lanka,1975,77335
Sri Lanka,1976,70505
Sri Lanka,1977,60257
Sri Lanka,1978,54734
Sri Lanka,1979,89571
Sri Lanka,1980,87984
Sri Lanka,1981,98000
Sri Lanka,1982,78079
Sri Lanka,1983,128945
Sri Lanka,1984,193724
Sri Lanka,1985,147604
Sri Lanka,1986,160753
Sri Lanka,1987,146086
Sri Lanka,1988,224785
Sri Lanka,1989,141508
Sri Lanka,1990,147557
Sri Lanka,1991,140000
Sri Lanka,1992,138000
Sri Lanka,1993,136000
Sri Lanka,1994,132000
Sri Lanka,1995,131000
Sri Lanka,1996,120000
Sri Lanka,1997,115000
Sri Lanka,1998,110000
Sri Lanka,1999,109674.97
Sri Lanka,2000,107948.7
Sri Lanka,2001,105000
Sri Lanka,2002,100000
Sri Lanka,2003,71150
Sri Lanka,2004,73730
Sri Lanka,2005,87400
Sri Lanka,2006,78170
Sri Lanka,2007,96950
Sri Lanka,2008,97090
Sri Lanka,2009,116910
Sri Lanka,2010,119440
Sri Lanka,2011,127890
Sri Lanka,2012,113910
Sri Lanka,2013,124260
Sri Lanka,2014,136476
Sri Lanka,2015,115568.51
Sri Lanka,2016,98303
Sri Lanka,2017,82934
Sri Lanka,2018,123261
Sri Lanka,2019,97473
Sri Lanka,2020,205246.8
Sri Lanka,2021,281182
Sudan,2012,25000
Sudan,2013,28000
Sudan,2014,32000
Sudan,2015,36026.54
Sudan,2016,32008.85
Sudan,2017,33852.08
Sudan,2018,33962.49
Sudan,2019,33274.47
Sudan,2020,33696.35
Sudan,2021,33644.43
Sudan (former),1961,44000
Sudan (former),1962,44000
Sudan (former),1963,45000
Sudan (former),1964,45000
Sudan (former),1965,47000
Sudan (former),1966,48500
Sudan (former),1967,48500
Sudan (former),1968,50000
Sudan (former),1969,50000
Sudan (former),1970,50000
Sudan (former),1971,49000
Sudan (former),1972,48000
Sudan (former),1973,58000
Sudan (former),1974,50000
Sudan (former),1975,55000
Sudan (former),1976,56000
Sudan (former),1977,57000
Sudan (former),1978,58000
Sudan (former),1979,58000
Sudan (former),1980,59000
Sudan (former),1981,60000
Sudan (former),1982,60000
Sudan (former),1983,60000
Sudan (former),1984,55000
Sudan (former),1985,60000
Sudan (former),1986,65000
Sudan (former),1987,68000
Sudan (former),1988,63000
Sudan (former),1989,60000
Sudan (former),1990,55000
Sudan (former),1991,55395
Sudan (former),1992,55982
Sudan (former),1993,56000
Sudan (former),1994,57000
Sudan (former),1995,58000
Sudan (former),1996,65000
Sudan (former),1997,63052
Sudan (former),1998,63340
Sudan (former),1999,62675
Sudan (former),2000,67000
Sudan (former),2001,68000
Sudan (former),2002,67818
Sudan (former),2003,68158
Sudan (former),2004,68595
Sudan (former),2005,69000
Sudan (former),2006,68000
Sudan (former),2007,69530
Sudan (former),2008,71523
Sudan (former),2009,71778
Sudan (former),2010,72451
Sudan (former),2011,73124
Sweden,2018,3980
Sweden,2019,4760
Sweden,2020,7690
Sweden,2021,9380
Switzerland,1991,0
Switzerland,1992,0
Switzerland,1993,0
Switzerland,1994,0
Switzerland,1995,0
Switzerland,1996,0
Switzerland,1997,0
Switzerland,1998,0
Switzerland,1999,0
Switzerland,2000,0
Switzerland,2001,0
Switzerland,2002,0
Switzerland,2003,6308
Switzerland,2004,5284
Switzerland,2005,5583
Switzerland,2006,5391
Switzerland,2007,6197
Switzerland,2008,6022
Switzerland,2009,8385
Switzerland,2010,7850
Switzerland,2011,10140
Switzerland,2012,9492
Switzerland,2013,8921
Switzerland,2014,11633
Switzerland,2015,15428
Switzerland,2016,14419
Switzerland,2017,19931
Switzerland,2018,15905
Switzerland,2019,17271
Switzerland,2020,13099.59
Switzerland,2021,15396.9
Syrian Arab Republic,1961,31000
Syrian Arab Republic,1962,40356
Syrian Arab Republic,1963,35201
Syrian Arab Republic,1964,38314
Syrian Arab Republic,1965,44603
Syrian Arab Republic,1966,36400
Syrian Arab Republic,1967,51138
Syrian Arab Republic,1968,46719
Syrian Arab Republic,1969,48723
Syrian Arab Republic,1970,43327
Syrian Arab Republic,1971,46910
Syrian Arab Republic,1972,65572
Syrian Arab Republic,1973,64453
Syrian Arab Republic,1974,122692
Syrian Arab Republic,1975,161266
Syrian Arab Republic,1976,153577
Syrian Arab Republic,1977,140501
Syrian Arab Republic,1978,153245
Syrian Arab Republic,1979,147353
Syrian Arab Republic,1980,182643
Syrian Arab Republic,1981,166126
Syrian Arab Republic,1982,197803
Syrian Arab Republic,1983,196200
Syrian Arab Republic,1984,165800
Syrian Arab Republic,1985,210800
Syrian Arab Republic,1986,156900
Syrian Arab Republic,1987,171100
Syrian Arab Republic,1988,169500
Syrian Arab Republic,1989,155500
Syrian Arab Republic,1990,104400
Syrian Arab Republic,1991,112900
Syrian Arab Republic,1992,136000
Syrian Arab Republic,1993,118100
Syrian Arab Republic,1994,144400
Syrian Arab Republic,1995,158000
Syrian Arab Republic,1996,158480
Syrian Arab Republic,1997,113300
Syrian Arab Republic,1998,121700
Syrian Arab Republic,1999,100040
Syrian Arab Republic,2000,87437
Syrian Arab Republic,2001,77220
Syrian Arab Republic,2002,110360
Syrian Arab Republic,2003,92453
Syrian Arab Republic,2004,125740
Syrian Arab Republic,2005,140789
Syrian Arab Republic,2006,106739
Syrian Arab Republic,2007,121136
Syrian Arab Republic,2008,135306
Syrian Arab Republic,2009,121857
Syrian Arab Republic,2010,120933
Syrian Arab Republic,2011,122361
Syrian Arab Republic,2012,75949
Syrian Arab Republic,2013,98500
Syrian Arab Republic,2014,92728
Syrian Arab Republic,2015,93777
Syrian Arab Republic,2016,86379
Syrian Arab Republic,2017,111518
Syrian Arab Republic,2018,93776
Syrian Arab Republic,2019,111706.5
Syrian Arab Republic,2020,128250
Syrian Arab Republic,2021,120754.6
Thailand,1961,41000
Thailand,1962,61000
Thailand,1963,96000
Thailand,1964,64000
Thailand,1965,71000
Thailand,1966,80000
Thailand,1967,90000
Thailand,1968,100000
Thailand,1969,110000
Thailand,1970,125000
Thailand,1971,140000
Thailand,1972,155000
Thailand,1973,170000
Thailand,1974,185000
Thailand,1975,200000
Thailand,1976,215000
Thailand,1977,225000
Thailand,1978,240000
Thailand,1979,254000
Thailand,1980,269780
Thailand,1981,272310
Thailand,1982,256909
Thailand,1983,267145
Thailand,1984,229157
Thailand,1985,206820
Thailand,1986,200000
Thailand,1987,200000
Thailand,1988,200000
Thailand,1989,205000
Thailand,1990,204000
Thailand,1991,210000
Thailand,1992,225000
Thailand,1993,220000
Thailand,1994,210000
Thailand,1995,215000
Thailand,1996,216568.92
Thailand,1997,200000
Thailand,1998,205000
Thailand,1999,210000
Thailand,2000,275771
Thailand,2001,263126
Thailand,2002,322877
Thailand,2003,204036
Thailand,2004,298969
Thailand,2005,140985
Thailand,2006,130783
Thailand,2007,176975
Thailand,2008,192305
Thailand,2009,194524
Thailand,2010,207116
Thailand,2011,166065.43
Thailand,2012,149999.25
Thailand,2013,95386
Thailand,2014,120531
Thailand,2015,90113
Thailand,2016,118729.1
Thailand,2017,122409.53
Thailand,2018,114955.39
Thailand,2019,114397.25
Thailand,2020,109841.09
Thailand,2021,105721.26
Tonga,1985,300
Tonga,1986,500
Tonga,1987,1000
Tonga,1988,2000
Tonga,1989,5000
Tonga,1990,10000
Tonga,1991,22322
Tonga,1992,10460
Tonga,1993,20890
Tonga,1994,20000
Tonga,1995,10000
Tonga,1996,14000
Tonga,1997,15551.59
Tonga,1998,10000
Tonga,1999,17000
Tonga,2000,17652.01
Tonga,2001,17791.45
Tonga,2002,20000
Tonga,2003,18119.43
Tonga,2004,18233.7
Tonga,2005,18380.09
Tonga,2006,18524.36
Tonga,2007,21000
Tonga,2008,18881.08
Tonga,2009,18997.8
Tonga,2010,19115.74
Tonga,2011,19234.85
Tonga,2012,20000
Tonga,2013,19534.21
Tonga,2014,19614.69
Tonga,2015,19885.17
Tonga,2016,19911.21
Tonga,2017,19984.92
Tonga,2018,20237.19
Tonga,2019,20177.81
Tonga,2020,20296.06
Tonga,2021,20407.37
Trinidad and Tobago,1961,620
Trinidad and Tobago,1962,650
Trinidad and Tobago,1963,652
Trinidad and Tobago,1964,704
Trinidad and Tobago,1965,828
Trinidad and Tobago,1966,802
Trinidad and Tobago,1967,980
Trinidad and Tobago,1968,831
Trinidad and Tobago,1969,1081
Trinidad and Tobago,1970,963
Trinidad and Tobago,1971,1500
Trinidad and Tobago,1972,2200
Trinidad and Tobago,1973,3431
Trinidad and Tobago,1974,4338
Trinidad and Tobago,1975,5000
Trinidad and Tobago,1976,6000
Trinidad and Tobago,1977,6800
Trinidad and Tobago,1978,4614
Trinidad and Tobago,1979,6000
Trinidad and Tobago,1980,7614
Trinidad and Tobago,1981,7330
Trinidad and Tobago,1982,7046
Trinidad and Tobago,1983,5268
Trinidad and Tobago,1984,3647
Trinidad and Tobago,1985,1829
Trinidad and Tobago,1986,2111
Trinidad and Tobago,1987,1352
Trinidad and Tobago,1988,1030
Trinidad and Tobago,1989,4396
Trinidad and Tobago,1990,2907
Trinidad and Tobago,1991,3024
Trinidad and Tobago,1992,3976
Trinidad and Tobago,1993,4363
Trinidad and Tobago,1994,4915
Trinidad and Tobago,1995,7548
Trinidad and Tobago,1996,6653
Trinidad and Tobago,1997,7550
Trinidad and Tobago,1998,7657
Trinidad and Tobago,1999,2064
Trinidad and Tobago,2000,11449
Trinidad and Tobago,2001,5795
Trinidad and Tobago,2002,5799
Trinidad and Tobago,2003,5742
Trinidad and Tobago,2004,4862
Trinidad and Tobago,2005,2171.4
Trinidad and Tobago,2006,2700
Trinidad and Tobago,2007,2241
Trinidad and Tobago,2008,3349
Trinidad and Tobago,2009,3487
Trinidad and Tobago,2010,1829
Trinidad and Tobago,2011,4818
Trinidad and Tobago,2012,2556
Trinidad and Tobago,2013,2835
Trinidad and Tobago,2014,2130
Trinidad and Tobago,2015,3366
Trinidad and Tobago,2016,3092
Trinidad and Tobago,2017,1907
Trinidad and Tobago,2018,4565
Trinidad and Tobago,2019,2410
Trinidad and Tobago,2020,1792
Trinidad and Tobago,2021,740.5
Tunisia,1961,20000
Tunisia,1962,20000
Tunisia,1963,20000
Tunisia,1964,21350
Tunisia,1965,25450
Tunisia,1966,28400
Tunisia,1967,28550
Tunisia,1968,32100
Tunisia,1969,26450
Tunisia,1970,28400
Tunisia,1971,31100
Tunisia,1972,33400
Tunisia,1973,39400
Tunisia,1974,44500
Tunisia,1975,31500
Tunisia,1976,32000
Tunisia,1977,30100
Tunisia,1978,26700
Tunisia,1979,27000
Tunisia,1980,34100
Tunisia,1981,33900
Tunisia,1982,27900
Tunisia,1983,31700
Tunisia,1984,29500
Tunisia,1985,32500
Tunisia,1986,44000
Tunisia,1987,55000
Tunisia,1988,47800
Tunisia,1989,50000
Tunisia,1990,53000
Tunisia,1991,55000
Tunisia,1992,44500
Tunisia,1993,46000
Tunisia,1994,35000
Tunisia,1995,35000
Tunisia,1996,26000
Tunisia,1997,32000
Tunisia,1998,31500
Tunisia,1999,36000
Tunisia,2000,37000
Tunisia,2001,35400
Tunisia,2002,34600
Tunisia,2003,36300
Tunisia,2004,38100
Tunisia,2005,40000
Tunisia,2006,46000
Tunisia,2007,50100
Tunisia,2008,45400
Tunisia,2009,50500
Tunisia,2010,78450
Tunisia,2011,80000
Tunisia,2012,78300
Tunisia,2013,80300
Tunisia,2014,86400
Tunisia,2015,90718.4
Tunisia,2016,85806.13
Tunisia,2017,84798.55
Tunisia,2018,87107.69
Tunisia,2019,85904.13
Tunisia,2020,85936.79
Tunisia,2021,86316.2
Türkiye,1961,330000
Türkiye,1962,342000
Türkiye,1963,365000
Türkiye,1964,376000
Türkiye,1965,388200
Türkiye,1966,314000
Türkiye,1967,322000
Türkiye,1968,322323
Türkiye,1969,324382
Türkiye,1970,321000
Türkiye,1971,340000
Türkiye,1972,334000
Türkiye,1973,310000
Türkiye,1974,331000
Türkiye,1975,302000
Türkiye,1976,315000
Türkiye,1977,316000
Türkiye,1978,330000
Türkiye,1979,350000
Türkiye,1980,360000
Türkiye,1981,360000
Türkiye,1982,370000
Türkiye,1983,390000
Türkiye,1984,355000
Türkiye,1985,380000
Türkiye,1986,370000
Türkiye,1987,380000
Türkiye,1988,370000
Türkiye,1989,342000
Türkiye,1990,351000
Türkiye,1991,330000
Türkiye,1992,340000
Türkiye,1993,323000
Türkiye,1994,346500
Türkiye,1995,348000
Türkiye,1996,395000
Türkiye,1997,381000
Türkiye,1998,327000
Türkiye,1999,329000
Türkiye,2000,332000
Türkiye,2001,385000
Türkiye,2002,345000
Türkiye,2003,368000
Türkiye,2004,374500
Türkiye,2005,379500
Türkiye,2006,382254
Türkiye,2007,369144
Türkiye,2008,378706
Türkiye,2009,411942
Türkiye,2010,430402
Türkiye,2011,443200
Türkiye,2012,428130
Türkiye,2013,424371
Türkiye,2014,393530
Türkiye,2015,408286
Türkiye,2016,489999
Türkiye,2017,580624
Türkiye,2018,616777
Türkiye,2019,590414
Türkiye,2020,698051
Türkiye,2021,771651
Ukraine,1992,369336
Ukraine,1993,1003000
Ukraine,1994,790000
Ukraine,1995,1081700
Ukraine,1996,908000
Ukraine,1997,1111400
Ukraine,1998,1009300
Ukraine,1999,783000
Ukraine,2000,891100
Ukraine,2001,901500
Ukraine,2002,792400
Ukraine,2003,893700
Ukraine,2004,1023200
Ukraine,2005,585400
Ukraine,2006,553800
Ukraine,2007,524700
Ukraine,2008,533400
Ukraine,2009,559900
Ukraine,2010,516900
Ukraine,2011,626900
Ukraine,2012,587800
Ukraine,2013,1133060
Ukraine,2014,1104550
Ukraine,2015,1061530
Ukraine,2016,1209810
Ukraine,2017,1164660
Ukraine,2018,1338000
Ukraine,2019,1346160
Ukraine,2020,1268270
Ukraine,2021,1314540
United Arab Emirates,1967,3
United Arab Emirates,1968,25
United Arab Emirates,1969,50
United Arab Emirates,1970,60
United Arab Emirates,1971,69
United Arab Emirates,1972,86
United Arab Emirates,1973,251
United Arab Emirates,1974,589
United Arab Emirates,1975,720
United Arab Emirates,1976,850
United Arab Emirates,1977,1187
United Arab Emirates,1978,2137
United Arab Emirates,1979,4664
United Arab Emirates,1980,8691
United Arab Emirates,1981,9015
United Arab Emirates,1982,14832
United Arab Emirates,1983,16628
United Arab Emirates,1984,11783
United Arab Emirates,1985,14215
United Arab Emirates,1986,13000
United Arab Emirates,1987,12146
United Arab Emirates,1988,8842
United Arab Emirates,1989,13191
United Arab Emirates,1990,12955
United Arab Emirates,1991,15800
United Arab Emirates,1992,12835
United Arab Emirates,1993,21541
United Arab Emirates,1994,16787
United Arab Emirates,1995,26208
United Arab Emirates,1996,28925
United Arab Emirates,1997,34731
United Arab Emirates,1998,34764
United Arab Emirates,1999,42626
United Arab Emirates,2000,40162
United Arab Emirates,2001,27399
United Arab Emirates,2002,20502
United Arab Emirates,2003,19810
United Arab Emirates,2004,21000
United Arab Emirates,2005,26408
United Arab Emirates,2006,17148
United Arab Emirates,2007,18565
United Arab Emirates,2008,29019
United Arab Emirates,2009,19934
United Arab Emirates,2010,27419
United Arab Emirates,2011,23117
United Arab Emirates,2012,21355
United Arab Emirates,2013,5770
United Arab Emirates,2014,16426
United Arab Emirates,2015,18455
United Arab Emirates,2016,13103
United Arab Emirates,2017,23762.25
United Arab Emirates,2018,20501
United Arab Emirates,2019,21435.53
United Arab Emirates,2020,21345
United Arab Emirates,2021,19211.07
United States of America,1991,0
United States of America,1992,0
United States of America,1993,0
United States of America,1994,0
United States of America,1995,0
United States of America,1996,0
United States of America,1997,0
United States of America,1998,0
United States of America,1999,0
United States of America,2000,805620
United States of America,2001,721800
United States of America,2002,784760
United States of America,2003,718300
United States of America,2004,786393
United States of America,2005,825311
United States of America,2006,835971
United States of America,2007,803947
United States of America,2008,786980
United States of America,2009,749880
United States of America,2010,792700
United States of America,2011,814335
United States of America,2012,880190
United States of America,2013,787880
United States of America,2014,863460
United States of America,2015,614760
United States of America,2016,779317
United States of America,2017,722100
United States of America,2018,698850
United States of America,2019,931584
United States of America,2020,902517
United States of America,2021,1069290
Uruguay,1961,39721
Uruguay,1962,37000
Uruguay,1963,35000
Uruguay,1964,30000
Uruguay,1965,28000
Uruguay,1966,24166
Uruguay,1967,26000
Uruguay,1968,28000
Uruguay,1969,30000
Uruguay,1970,30505
Uruguay,1971,30000
Uruguay,1972,29000
Uruguay,1973,28000
Uruguay,1974,27000
Uruguay,1975,26000
Uruguay,1976,25000
Uruguay,1977,24000
Uruguay,1978,23000
Uruguay,1979,22000
Uruguay,1980,20000
Uruguay,1981,20000
Uruguay,1982,19000
Uruguay,1983,18000
Uruguay,1984,17000
Uruguay,1985,17000
Uruguay,1986,16000
Uruguay,1987,16000
Uruguay,1988,15000
Uruguay,1989,15000
Uruguay,1990,14946
Uruguay,1991,18000
Uruguay,1992,19000
Uruguay,1993,20053.44
Uruguay,1994,20568.38
Uruguay,1995,20867.2
Uruguay,1996,20361.86
Uruguay,1997,20573
Uruguay,1998,18244.63
Uruguay,1999,19161.04
Uruguay,2000,20095.37
Uruguay,2001,20000
Uruguay,2002,24257
Uruguay,2003,32684
Uruguay,2004,22000
Uruguay,2005,28339
Uruguay,2006,27533
Uruguay,2007,15718
Uruguay,2008,18675
Uruguay,2009,21407
Uruguay,2010,18796
Uruguay,2011,23522.73
Uruguay,2012,28697
Uruguay,2013,21225
Uruguay,2014,28988
Uruguay,2015,25222
Uruguay,2016,24668.97
Uruguay,2017,26292.99
Uruguay,2018,25047.41
Uruguay,2019,25058.59
Uruguay,2020,25182
Uruguay,2021,25305.42
USSR,1989,323000
USSR,1990,294000
USSR,1991,306000
Venezuela (Bolivarian Republic of),1991,0
Venezuela (Bolivarian Republic of),1992,0
Venezuela (Bolivarian Republic of),1993,0
Venezuela (Bolivarian Republic of),1994,0
Venezuela (Bolivarian Republic of),1995,0
Venezuela (Bolivarian Republic of),1996,0
Venezuela (Bolivarian Republic of),1997,0
Venezuela (Bolivarian Republic of),1998,0
Venezuela (Bolivarian Republic of),1999,0
Venezuela (Bolivarian Republic of),2000,0
Venezuela (Bolivarian Republic of),2001,0
Venezuela (Bolivarian Republic of),2002,9562
Venezuela (Bolivarian Republic of),2003,10563
Venezuela (Bolivarian Republic of),2004,14159
Venezuela (Bolivarian Republic of),2005,15902
Venezuela (Bolivarian Republic of),2006,15691
Venezuela (Bolivarian Republic of),2007,14421
Venezuela (Bolivarian Republic of),2008,14000
Venezuela (Bolivarian Republic of),2009,35405.03
Venezuela (Bolivarian Republic of),2010,59562
Venezuela (Bolivarian Republic of),2011,64120
Venezuela (Bolivarian Republic of),2012,82724
Venezuela (Bolivarian Republic of),2013,86904
Venezuela (Bolivarian Republic of),2014,77771
Venezuela (Bolivarian Republic of),2015,102568
Venezuela (Bolivarian Republic of),2016,110946.99
Venezuela (Bolivarian Republic of),2017,107040.9
Venezuela (Bolivarian Republic of),2018,102673.96
Venezuela (Bolivarian Republic of),2019,108888
Venezuela (Bolivarian Republic of),2020,115168.5
Venezuela (Bolivarian Republic of),2021,120194.74
Yemen,1979,2284
Yemen,1980,2441
Yemen,1981,2056
Yemen,1982,2155
Yemen,1983,2299
Yemen,1984,2445
Yemen,1985,2614
Yemen,1986,3050
Yemen,1987,4088
Yemen,1988,4475
Yemen,1989,4575
Yemen,1990,4276
Yemen,1991,4444
Yemen,1992,4502
Yemen,1993,4502
Yemen,1994,4591
Yemen,1995,4963
Yemen,1996,5340
Yemen,1997,5606
Yemen,1998,6581
Yemen,1999,6823
Yemen,2000,7152
Yemen,2001,7067
Yemen,2002,7680
Yemen,2003,7918
Yemen,2004,12488
Yemen,2005,8806
Yemen,2006,9094
Yemen,2007,9100
Yemen,2008,9994.96
Yemen,2009,10870
Yemen,2010,11331
Yemen,2011,9242
Yemen,2012,10899
Yemen,2013,11606
Yemen,2014,11559
Yemen,2015,0
Yemen,2016,0
Yemen,2017,0
Yemen,2018,0
Yemen,2019,0
Yemen,2020,0
Yemen,2021,0